000005 317
000013 124
000021 211
000029 370
000037 112
000045 976
000053 483
000061 470
000069 935
000077 742
000085 439
000093 942
000101 298
000109 488
000117 923
000125 909
000133 857
000141 449
000149 476
000157 410
000165 49
000173 200
000181 226
000189 596
000197 876
000205 811
000213 115
000221 113
000229 559
000237 648
000245 275
000253 830
000002 629
000010 374
000018 970
000026 230
000034 907
000042 679
000050 740
000058 551
000066 436
000074 456
000082 186
000090 554
000098 130
000106 219
000114 96
000122 882
000130 542
000138 542
000146 407
000154 6
000162 15
000170 420
000178 689
000186 362
000194 664
000202 7
000210 277
000218 1
000226 82
000234 322
000242 510
000250 324
000007 437
000015 728
000023 945
000031 793
000039 25
000047 793
000055 916
000063 352
000071 846
000079 331
000087 438
000095 853
000103 13
000111 12
000119 744
000127 931
000135 284
000143 92
000151 192
000159 110
000167 785
000175 681
000183 776
000191 603
000199 976
000207 126
000215 660
000223 39
000231 991
000239 618
000247 821
000255 63
000001 32
000009 450
000017 999
000025 127
000033 256
000041 366
000049 11
000057 281
000065 693
000073 689
000081 808
000089 754
000097 229
000105 779
000113 478
000121 266
000129 782
000137 257
000145 191
000153 940
000161 642
000169 996
000177 983
000185 492
000193 774
000201 550
000209 443
000217 379
000225 886
000233 978
000241 50
000249 481
000006 227
000014 928
000022 648
000030 466
000038 35
000046 816
000054 505
000062 294
000070 238
000078 127
000086 56
000094 45
000102 19
000110 162
000118 921
000126 507
000134 571
000142 883
000150 124
000158 663
000166 353
000174 452
000182 662
000190 167
000198 527
000206 674
000214 244
000222 127
000230 435
000238 830
000246 810
000254 804
000004 721
000012 321
000020 981
000028 172
000036 711
000044 954
000052 722
000060 391
000068 482
000076 329
000084 542
000092 793
000100 656
000108 550
000116 358
000124 620
000132 597
000140 432
000148 137
000156 27
000164 891
000172 458
000180 616
000188 393
000196 468
000204 978
000212 121
000220 246
000228 370
000236 300
000244 907
000252 287
000003 551
000011 149
000019 991
000027 759
000035 961
000043 851
000051 707
000059 976
000067 722
000075 762
000083 693
000091 824
000099 323
000107 106
000115 60
000123 574
000131 76
000139 935
000147 198
000155 367
000163 764
000171 607
000179 112
000187 356
000195 930
000203 683
000211 906
000219 845
000227 708
000235 288
000243 806
000251 62
000261 389
000269 138
000277 65
000285 827
000293 331
000301 366
000309 37
000317 172
000325 245
000333 975
000341 792
000349 308
000357 673
000365 823
000373 35
000381 679
000389 649
000397 831
000405 229
000413 631
000421 913
000429 366
000437 401
000445 161
000453 349
000461 213
000469 666
000477 986
000485 674
000493 445
000501 507
000509 799
000263 829
000271 545
000279 75
000287 643
000295 826
000303 454
000311 262
000319 628
000327 860
000335 60
000343 882
000351 187
000359 694
000367 111
000375 471
000383 6
000391 691
000399 320
000407 161
000415 963
000423 770
000431 392
000439 336
000447 296
000455 906
000463 969
000471 900
000479 381
000487 658
000495 409
000503 744
000511 85
000258 296
000266 499
000274 192
000282 604
000290 245
000298 215
000306 581
000314 633
000322 732
000330 205
000338 256
000346 335
000354 207
000362 238
000370 716
000378 241
000386 701
000394 727
000402 541
000410 636
000418 5
000426 381
000434 124
000442 304
000450 847
000458 626
000466 517
000474 352
000482 194
000490 564
000498 445
000506 142
000257 752
000265 987
000273 505
000281 280
000289 363
000297 406
000305 130
000313 60
000321 168
000329 622
000337 530
000345 313
000353 253
000361 441
000369 777
000377 980
000385 918
000393 584
000401 976
000409 222
000417 718
000425 922
000433 863
000441 514
000449 534
000457 309
000465 145
000473 277
000481 169
000489 512
000497 194
000505 416
000262 83
000270 293
000278 225
000286 124
000294 573
000302 163
000310 977
000318 700
000326 977
000334 211
000342 258
000350 827
000358 798
000366 976
000374 471
000382 978
000390 593
000398 747
000406 31
000414 311
000422 939
000430 316
000438 27
000446 123
000454 540
000462 750
000470 305
000478 432
000486 721
000494 205
000502 834
000510 226
000260 664
000268 934
000276 539
000284 389
000292 573
000300 66
000308 584
000316 741
000324 359
000332 943
000340 986
000348 998
000356 992
000364 459
000372 102
000380 481
000388 610
000396 904
000404 748
000412 321
000420 498
000428 488
000436 368
000444 504
000452 48
000460 460
000468 610
000476 482
000484 143
000492 225
000500 589
000508 994
000259 931
000267 821
000275 49
000283 405
000291 841
000299 161
000307 53
000315 917
000323 909
000331 123
000339 580
000347 95
000355 682
000363 630
000371 781
000379 294
000387 160
000395 635
000403 511
000411 692
000419 740
000427 149
000435 681
000443 535
000451 625
000459 839
000467 8
000475 57
000483 604
000491 663
000499 500
000507 990
000517 756
000525 433
000533 536
000541 207
000549 481
000557 463
000565 26
000573 518
000581 234
000589 540
000597 550
000605 710
000613 268
000621 573
000629 134
000637 934
000645 878
000653 861
000661 747
000669 403
000677 834
000685 928
000693 342
000701 697
000709 145
000717 912
000725 840
000733 581
000741 980
000749 239
000757 874
000765 935
000519 770
000527 588
000535 851
000543 647
000551 286
000559 384
000567 892
000575 682
000583 822
000591 612
000599 893
000607 879
000615 681
000623 233
000631 970
000639 725
000647 503
000655 36
000663 855
000671 511
000679 462
000687 769
000695 528
000703 989
000711 993
000719 334
000727 826
000735 746
000743 504
000751 160
000759 427
000767 235
000514 666
000522 959
000530 318
000538 844
000546 968
000554 501
000562 255
000570 85
000578 629
000586 58
000594 362
000602 47
000610 757
000618 466
000626 488
000634 686
000642 441
000650 656
000658 0
000666 152
000674 816
000682 177
000690 721
000698 891
000706 931
000714 222
000722 401
000730 220
000738 561
000746 335
000754 479
000762 823
000518 456
000526 242
000534 198
000542 975
000550 446
000558 674
000566 908
000574 947
000582 992
000590 175
000598 329
000606 102
000614 377
000622 834
000630 801
000638 490
000646 655
000654 364
000662 829
000670 446
000678 169
000686 290
000694 393
000702 112
000710 731
000718 649
000726 661
000734 800
000742 18
000750 801
000758 815
000766 329
000513 171
000521 141
000529 983
000537 3
000545 7
000553 521
000561 553
000569 344
000577 377
000585 485
000593 636
000601 479
000609 595
000617 772
000625 682
000633 713
000641 588
000649 589
000657 819
000665 810
000673 918
000681 895
000689 10
000697 932
000705 793
000713 411
000721 141
000729 293
000737 420
000745 984
000753 541
000761 174
000516 371
000524 292
000532 72
000540 572
000548 29
000556 204
000564 640
000572 973
000580 846
000588 381
000596 32
000604 811
000612 333
000620 423
000628 266
000636 56
000644 384
000652 901
000660 188
000668 569
000676 431
000684 505
000692 403
000700 988
000708 32
000716 29
000724 815
000732 250
000740 416
000748 132
000756 755
000764 334
000515 314
000523 14
000531 644
000539 80
000547 598
000555 203
000563 327
000571 392
000579 415
000587 975
000595 600
000603 758
000611 994
000619 910
000627 448
000635 199
000643 544
000651 994
000659 880
000667 317
000675 568
000683 898
000691 141
000699 729
000707 55
000715 327
000723 59
000731 178
000739 96
000747 13
000755 216
000763 316
000773 723
000781 210
000789 24
000797 407
000805 912
000813 757
000821 905
000829 779
000837 346
000845 265
000853 927
000861 610
000869 59
000877 290
000885 264
000893 327
000901 712
000909 488
000917 785
000925 907
000933 626
000941 130
000949 328
000957 819
000965 144
000973 263
000981 733
000989 323
000997 996
001005 103
001013 712
001021 356
000770 684
000778 648
000786 89
000794 828
000802 295
000810 97
000818 926
000826 128
000834 872
000842 934
000850 890
000858 253
000866 459
000874 975
000882 524
000890 5
000898 239
000906 439
000914 8
000922 864
000930 348
000938 429
000946 379
000954 803
000962 764
000970 287
000978 762
000986 721
000994 951
001002 648
001010 209
001018 391
000775 532
000783 923
000791 63
000799 722
000807 155
000815 236
000823 448
000831 264
000839 457
000847 387
000855 99
000863 113
000871 549
000879 682
000887 4
000895 497
000903 115
000911 239
000919 76
000927 686
000935 849
000943 304
000951 25
000959 286
000967 694
000975 247
000983 604
000991 173
000999 68
001007 120
001015 337
001023 406
000769 807
000777 585
000785 244
000793 730
000801 331
000809 406
000817 478
000825 681
000833 668
000841 405
000849 588
000857 220
000865 177
000873 639
000881 416
000889 769
000897 612
000905 124
000913 689
000921 570
000929 206
000937 701
000945 620
000953 325
000961 210
000969 895
000977 4
000985 775
000993 159
001001 305
001009 346
001017 488
000774 406
000782 530
000790 145
000798 263
000806 87
000814 528
000822 281
000830 601
000838 456
000846 994
000854 981
000862 303
000870 195
000878 368
000886 299
000894 222
000902 514
000910 831
000918 565
000926 353
000934 139
000942 863
000950 113
000958 83
000966 219
000974 510
000982 502
000990 74
000998 859
001006 667
001014 574
001022 363
000772 426
000780 327
000788 610
000796 860
000804 464
000812 296
000820 703
000828 929
000836 189
000844 468
000852 816
000860 521
000868 398
000876 159
000884 136
000892 326
000900 970
000908 934
000916 936
000924 312
000932 377
000940 638
000948 899
000956 881
000964 241
000972 302
000980 768
000988 273
000996 999
001004 371
001012 79
001020 148
001031 278
001039 855
001047 739
001055 662
001063 921
001071 308
001079 954
001087 229
001095 431
001103 425
001111 915
001119 734
001127 312
001135 38
001143 379
001151 989
001159 857
001167 906
001175 874
001183 855
001191 756
001199 541
001207 435
001215 176
001223 503
001231 195
001239 99
001247 903
001255 353
001263 784
001271 509
001279 43
000771 949
000779 384
000787 267
000795 506
000803 653
000811 321
000819 111
000827 546
000835 775
000843 219
000851 858
000859 534
000867 834
000875 582
000883 716
000891 665
000899 823
000907 524
000915 482
000923 564
000931 33
000939 915
000947 175
000955 695
000963 290
000971 722
000979 648
000987 829
000995 347
001003 334
001011 108
001019 609
001029 801
001037 253
001045 139
001053 613
001061 595
001069 598
001077 895
001085 161
001093 274
001101 181
001109 690
001117 194
001125 618
001133 441
001141 230
001149 898
001157 173
001165 395
001173 621
001181 804
001189 817
001197 736
001205 746
001213 446
001221 251
001229 859
001237 834
001245 116
001253 622
001261 948
001269 364
001277 403
001026 535
001034 988
001042 438
001050 852
001058 232
001066 83
001074 513
001082 542
001090 140
001098 345
001106 800
001114 852
001122 222
001130 297
001138 90
001146 925
001154 528
001162 984
001170 788
001178 826
001186 233
001194 442
001202 888
001210 857
001218 99
001226 57
001234 90
001242 610
001250 893
001258 764
001266 694
001274 540
001030 189
001038 913
001046 391
001054 730
001062 767
001070 308
001078 433
001086 790
001094 7
001102 230
001110 386
001118 872
001126 968
001134 566
001142 758
001150 948
001158 734
001166 548
001174 132
001182 410
001190 250
001198 696
001206 122
001214 753
001222 464
001230 689
001238 951
001246 228
001254 259
001262 631
001270 830
001278 195
001028 172
001036 75
001044 491
001052 717
001060 601
001068 706
001076 9
001084 202
001092 609
001100 724
001108 453
001116 557
001124 502
001132 217
001140 858
001148 815
001156 777
001164 649
001172 108
001180 759
001188 612
001196 298
001204 190
001212 959
001220 84
001228 654
001236 227
001244 474
001252 212
001260 475
001268 13
001276 422
001025 330
001033 392
001041 276
001049 297
001057 604
001065 941
001073 932
001081 567
001089 577
001097 119
001105 682
001113 853
001121 534
001129 971
001137 648
001145 468
001153 475
001161 259
001169 175
001177 20
001185 219
001193 583
001201 226
001209 513
001217 682
001225 71
001233 41
001241 345
001249 563
001257 973
001265 619
001273 16
001287 997
001295 847
001303 466
001311 826
001319 399
001327 920
001335 932
001343 556
001351 120
001359 754
001367 580
001375 966
001383 963
001391 235
001399 345
001407 289
001415 292
001423 422
001431 173
001439 572
001447 540
001455 937
001463 638
001471 17
001479 222
001487 884
001495 476
001503 488
001511 511
001519 942
001527 340
001535 785
001285 626
001293 74
001301 220
001309 659
001317 548
001325 125
001333 766
001341 776
001349 173
001357 13
001365 320
001373 731
001381 887
001389 673
001397 455
001405 652
001413 968
001421 55
001429 702
001437 355
001445 895
001453 46
001461 492
001469 977
001477 616
001485 22
001493 282
001501 541
001509 674
001517 205
001525 287
001533 561
001282 202
001290 783
001298 998
001306 7
001314 280
001322 201
001330 222
001338 373
001346 222
001354 722
001362 577
001370 941
001378 598
001386 541
001394 170
001402 980
001410 72
001418 351
001426 541
001434 984
001442 157
001450 375
001458 337
001466 585
001474 199
001482 765
001490 851
001498 62
001506 648
001514 157
001522 100
001530 582
001027 760
001035 670
001043 52
001051 491
001059 180
001067 759
001075 697
001083 282
001091 997
001099 285
001107 909
001115 903
001123 704
001131 237
001139 416
001147 898
001155 716
001163 635
001171 750
001179 417
001187 574
001195 49
001203 215
001211 534
001219 995
001227 587
001235 369
001243 323
001251 494
001259 515
001267 440
001275 561
001284 920
001292 367
001300 276
001308 206
001316 435
001324 115
001332 323
001340 407
001348 73
001356 548
001364 834
001372 962
001380 334
001388 663
001396 927
001404 504
001412 220
001420 185
001428 708
001436 125
001444 531
001452 799
001460 932
001468 759
001476 788
001484 172
001492 50
001500 391
001508 980
001516 121
001524 331
001532 69
001286 964
001294 505
001302 708
001310 329
001318 922
001326 875
001334 829
001342 585
001350 232
001358 933
001366 386
001374 668
001382 9
001390 679
001398 148
001406 38
001414 980
001422 751
001430 784
001438 676
001446 460
001454 33
001462 709
001470 614
001478 316
001486 47
001494 412
001502 511
001510 432
001518 456
001526 494
001534 512
001281 754
001289 875
001297 566
001305 808
001313 401
001321 979
001329 962
001337 17
001345 837
001353 568
001361 157
001369 429
001377 89
001385 964
001393 140
001401 463
001409 115
001417 701
001425 563
001433 961
001441 729
001449 282
001457 506
001465 417
001473 949
001481 503
001489 631
001497 346
001505 428
001513 829
001521 475
001529 468
001543 530
001551 669
001559 511
001567 246
001575 518
001583 924
001591 505
001599 342
001607 405
001615 541
001623 6
001631 254
001639 725
001647 7
001655 449
001663 454
001671 609
001679 774
001687 927
001695 230
001703 232
001711 679
001719 601
001727 23
001735 467
001743 939
001751 648
001759 711
001767 169
001775 428
001783 87
001791 215
001541 241
001549 978
001557 507
001565 745
001573 114
001581 544
001589 780
001597 129
001605 124
001613 390
001621 723
001629 939
001637 525
001645 711
001653 611
001661 414
001669 223
001677 732
001685 816
001693 492
001701 934
001709 574
001717 782
001725 321
001733 547
001741 412
001749 582
001757 966
001765 965
001773 163
001781 61
001789 198
001538 117
001546 273
001554 544
001562 745
001570 629
001578 227
001586 570
001594 267
001602 37
001610 649
001618 540
001626 593
001634 667
001642 869
001650 346
001658 737
001666 577
001674 422
001682 164
001690 572
001698 764
001706 754
001714 950
001722 653
001730 211
001738 796
001746 475
001754 371
001762 407
001770 376
001778 711
001786 382
001540 826
001548 204
001556 840
001564 886
001572 323
001580 219
001588 568
001596 625
001604 537
001612 772
001620 176
001628 200
001636 888
001644 898
001652 141
001660 869
001668 791
001676 716
001684 88
001692 349
001700 244
001708 683
001716 205
001724 235
001732 39
001740 937
001748 469
001756 908
001764 594
001772 812
001780 916
001788 944
001542 201
001550 501
001558 901
001566 758
001574 289
001582 397
001590 579
001598 961
001606 164
001614 79
001622 634
001630 913
001638 743
001646 505
001654 611
001662 471
001670 480
001678 779
001686 420
001694 964
001702 330
001710 257
001718 132
001726 364
001734 520
001742 879
001750 616
001758 150
001766 734
001774 328
001782 952
001790 87
001537 853
001545 638
001553 612
001561 94
001569 981
001577 350
001585 525
001593 299
001601 981
001609 470
001617 397
001625 500
001633 983
001641 771
001649 137
001657 334
001665 921
001673 759
001681 54
001689 884
001697 706
001705 148
001713 565
001721 324
001729 891
001737 500
001745 168
001753 201
001761 968
001769 621
001777 243
001785 608
001283 827
001291 999
001299 13
001307 153
001315 710
001323 270
001331 641
001339 562
001347 431
001355 850
001363 514
001371 732
001379 624
001387 515
001395 339
001403 329
001411 941
001419 826
001427 197
001435 186
001443 85
001451 13
001459 576
001467 779
001475 910
001483 681
001491 686
001499 33
001507 584
001515 986
001523 427
001531 871
001797 307
001805 909
001813 588
001821 490
001829 78
001837 829
001845 158
001853 363
001861 999
001869 515
001877 321
001885 700
001893 984
001901 730
001909 850
001917 123
001925 381
001933 558
001941 650
001949 872
001957 942
001965 223
001973 723
001981 195
001989 808
001997 697
002005 79
002013 285
002021 748
002029 132
002037 265
002045 761
001799 427
001807 473
001815 318
001823 824
001831 185
001839 708
001847 494
001855 233
001863 431
001871 822
001879 951
001887 408
001895 617
001903 830
001911 66
001919 646
001927 818
001935 808
001943 668
001951 182
001959 869
001967 954
001975 947
001983 255
001991 795
001999 727
002007 162
002015 907
002023 388
002031 829
002039 827
002047 310
001794 776
001802 658
001810 613
001818 872
001826 522
001834 314
001842 232
001850 36
001858 264
001866 0
001874 4
001882 708
001890 280
001898 319
001906 573
001914 82
001922 338
001930 948
001938 996
001946 69
001954 24
001962 505
001970 408
001978 584
001986 844
001994 263
002002 239
002010 727
002018 747
002026 183
002034 743
002042 36
001796 237
001804 543
001812 185
001820 146
001828 321
001836 662
001844 362
001852 98
001860 111
001868 133
001876 785
001884 383
001892 520
001900 612
001908 149
001916 303
001924 301
001932 579
001940 384
001948 755
001956 266
001964 365
001972 646
001980 97
001988 48
001996 658
002004 595
002012 372
002020 922
002028 304
002036 436
002044 638
001798 550
001806 29
001814 28
001822 823
001830 479
001838 473
001846 616
001854 861
001862 615
001870 732
001878 209
001886 961
001894 445
001902 142
001910 437
001918 494
001926 448
001934 648
001942 824
001950 127
001958 411
001966 287
001974 431
001982 916
001990 778
001998 943
002006 766
002014 652
002022 265
002030 673
002038 159
002046 396
001793 837
001801 970
001809 48
001817 759
001825 494
001833 935
001841 772
001849 195
001857 564
001865 250
001873 328
001881 73
001889 385
001897 394
001905 1
001913 229
001921 571
001929 986
001937 756
001945 536
001953 578
001961 420
001969 387
001977 597
001985 694
001993 371
002001 176
002009 627
002017 486
002025 586
002033 782
002041 447
001539 591
001547 529
001555 380
001563 509
001571 626
001579 120
001587 65
001595 665
001603 956
001611 972
001619 554
001627 356
001635 648
001643 644
001651 376
001659 649
001667 951
001675 591
001683 873
001691 875
001699 706
001707 357
001715 407
001723 299
001731 539
001739 224
001747 354
001755 692
001763 361
001771 101
001779 424
001787 9
002053 883
002061 472
002069 868
002077 487
002085 142
002093 781
002101 568
002109 635
002117 390
002125 400
002133 872
002141 195
002149 607
002157 206
002165 525
002173 994
002181 503
002189 808
002197 521
002205 306
002213 628
002221 196
002229 816
002237 593
002245 276
002253 311
002261 501
002269 629
002277 689
002285 366
002293 687
002301 135
002055 24
002063 121
002071 830
002079 236
002087 755
002095 576
002103 988
002111 844
002119 858
002127 860
002135 301
002143 597
002151 253
002159 399
002167 915
002175 360
002183 615
002191 945
002199 723
002207 8
002215 754
002223 288
002231 957
002239 376
002247 545
002255 965
002263 92
002271 229
002279 738
002287 231
002295 941
002303 916
002050 266
002058 618
002066 518
002074 789
002082 882
002090 902
002098 24
002106 463
002114 748
002122 195
002130 293
002138 849
002146 505
002154 363
002162 947
002170 363
002178 455
002186 419
002194 101
002202 569
002210 517
002218 630
002226 705
002234 293
002242 267
002250 257
002258 856
002266 365
002274 338
002282 102
002290 700
002298 239
002052 695
002060 421
002068 799
002076 769
002084 967
002092 202
002100 641
002108 831
002116 736
002124 453
002132 306
002140 227
002148 869
002156 812
002164 38
002172 890
002180 465
002188 955
002196 921
002204 131
002212 159
002220 388
002228 454
002236 773
002244 164
002252 52
002260 838
002268 377
002276 592
002284 225
002292 717
002300 576
002054 471
002062 174
002070 661
002078 281
002086 283
002094 770
002102 229
002110 4
002118 704
002126 816
002134 207
002142 785
002150 386
002158 770
002166 170
002174 309
002182 153
002190 504
002198 901
002206 264
002214 971
002222 770
002230 412
002238 979
002246 125
002254 308
002262 208
002270 730
002278 360
002286 803
002294 250
002302 286
002049 335
002057 475
002065 178
002073 738
002081 691
002089 736
002097 672
002105 782
002113 39
002121 994
002129 725
002137 546
002145 235
002153 984
002161 751
002169 83
002177 286
002185 860
002193 34
002201 95
002209 93
002217 549
002225 783
002233 228
002241 29
002249 825
002257 635
002265 199
002273 969
002281 691
002289 682
002297 468
001795 84
001803 45
001811 300
001819 784
001827 198
001835 739
001843 286
001851 305
001859 859
001867 125
001875 674
001883 874
001891 796
001899 312
001907 321
001915 147
001923 484
001931 692
001939 896
001947 613
001955 199
001963 698
001971 905
001979 41
001987 949
001995 669
002003 990
002011 496
002019 373
002027 941
002035 985
002043 610
002309 887
002317 929
002325 299
002333 26
002341 354
002349 298
002357 419
002365 704
002373 122
002381 31
002389 327
002397 323
002405 520
002413 452
002421 227
002429 758
002437 169
002445 493
002453 704
002461 117
002469 647
002477 763
002485 506
002493 550
002501 944
002509 444
002517 734
002525 249
002533 233
002541 962
002549 838
002557 802
002311 194
002319 322
002327 278
002335 599
002343 743
002351 433
002359 526
002367 514
002375 7
002383 780
002391 371
002399 287
002407 621
002415 362
002423 82
002431 171
002439 774
002447 291
002455 919
002463 463
002471 378
002479 219
002487 310
002495 498
002503 866
002511 999
002519 251
002527 596
002535 835
002543 617
002551 273
002559 783
002306 175
002314 628
002322 940
002330 96
002338 52
002346 596
002354 817
002362 607
002370 423
002378 231
002386 804
002394 568
002402 675
002410 452
002418 800
002426 589
002434 606
002442 390
002450 906
002458 968
002466 700
002474 369
002482 319
002490 743
002498 135
002506 270
002514 338
002522 302
002530 234
002538 594
002546 508
002554 355
002308 343
002316 730
002324 842
002332 5
002340 986
002348 809
002356 606
002364 785
002372 410
002380 48
002388 792
002396 70
002404 967
002412 94
002420 767
002428 988
002436 802
002444 724
002452 113
002460 421
002468 389
002476 792
002484 875
002492 162
002500 999
002508 928
002516 83
002524 103
002532 15
002540 374
002548 760
002556 105
002310 637
002318 690
002326 644
002334 37
002342 782
002350 712
002358 773
002366 240
002374 242
002382 980
002390 499
002398 473
002406 988
002414 268
002422 574
002430 63
002438 523
002446 931
002454 534
002462 755
002470 871
002478 419
002486 549
002494 786
002502 681
002510 239
002518 91
002526 727
002534 841
002542 560
002550 317
002558 229
002305 785
002313 705
002321 158
002329 9
002337 327
002345 608
002353 971
002361 889
002369 609
002377 392
002385 434
002393 291
002401 702
002409 903
002417 203
002425 524
002433 287
002441 373
002449 932
002457 593
002465 396
002473 852
002481 228
002489 664
002497 514
002505 336
002513 771
002521 368
002529 132
002537 292
002545 912
002553 653
002051 140
002059 334
002067 742
002075 20
002083 63
002091 999
002099 491
002107 312
002115 559
002123 84
002131 537
002139 341
002147 977
002155 257
002163 39
002171 352
002179 701
002187 614
002195 220
002203 835
002211 193
002219 6
002227 403
002235 799
002243 795
002251 817
002259 697
002267 284
002275 480
002283 204
002291 160
002299 164
002565 847
002573 28
002581 168
002589 379
002597 593
002605 710
002613 101
002621 87
002629 806
002637 604
002645 956
002653 669
002661 855
002669 686
002677 146
002685 859
002693 549
002701 529
002709 547
002717 939
002725 275
002733 705
002741 398
002749 628
002757 118
002765 596
002773 334
002781 125
002789 766
002797 501
002805 241
002813 730
002567 879
002575 566
002583 6
002591 276
002599 675
002607 74
002615 490
002623 324
002631 410
002639 953
002647 121
002655 21
002663 18
002671 291
002679 729
002687 484
002695 473
002703 679
002711 50
002719 464
002727 143
002735 574
002743 198
002751 582
002759 997
002767 736
002775 113
002783 135
002791 293
002799 642
002807 598
002815 272
002562 258
002570 650
002578 241
002586 589
002594 582
002602 963
002610 829
002618 352
002626 854
002634 54
002642 805
002650 813
002658 478
002666 125
002674 744
002682 227
002690 63
002698 982
002706 401
002714 866
002722 406
002730 899
002738 172
002746 392
002754 845
002762 647
002770 491
002778 954
002786 56
002794 136
002802 800
002810 253
002564 190
002572 954
002580 123
002588 307
002596 352
002604 131
002612 512
002620 883
002628 561
002636 359
002644 255
002652 259
002660 20
002668 454
002676 198
002684 755
002692 785
002700 321
002708 186
002716 508
002724 902
002732 405
002740 297
002748 236
002756 586
002764 725
002772 78
002780 342
002788 357
002796 120
002804 121
002812 973
002566 390
002574 825
002582 16
002590 783
002598 542
002606 932
002614 954
002622 189
002630 512
002638 803
002646 940
002654 367
002662 580
002670 225
002678 734
002686 608
002694 922
002702 385
002710 798
002718 920
002726 596
002734 522
002742 152
002750 844
002758 666
002766 667
002774 650
002782 998
002790 226
002798 980
002806 958
002814 709
002561 179
002569 867
002577 378
002585 326
002593 147
002601 822
002609 794
002617 299
002625 850
002633 136
002641 898
002649 230
002657 641
002665 170
002673 240
002681 372
002689 991
002697 692
002705 304
002713 263
002721 208
002729 514
002737 860
002745 965
002753 930
002761 725
002769 469
002777 913
002785 188
002793 838
002801 873
002809 599
002307 330
002315 76
002323 843
002331 783
002339 747
002347 695
002355 43
002363 588
002371 162
002379 928
002387 428
002395 768
002403 420
002411 385
002419 627
002427 442
002435 722
002443 888
002451 262
002459 846
002467 807
002475 392
002483 166
002491 743
002499 128
002507 139
002515 536
002523 317
002531 687
002539 827
002547 297
002555 399
002821 317
002829 653
002837 945
002845 466
002853 807
002861 590
002869 698
002877 719
002885 923
002893 727
002901 218
002909 389
002917 787
002925 376
002933 329
002941 381
002949 787
002957 628
002965 596
002973 641
002981 890
002989 253
002997 653
003005 843
003013 516
003021 595
003029 303
003037 402
003045 725
003053 867
003061 806
003069 461
002823 96
002831 846
002839 480
002847 805
002855 127
002863 299
002871 19
002879 3
002887 324
002895 811
002903 101
002911 205
002919 68
002927 388
002935 953
002943 634
002951 342
002959 146
002967 780
002975 413
002983 879
002991 332
002999 977
003007 357
003015 781
003023 676
003031 220
003039 35
003047 255
003055 466
003063 263
003071 975
002818 721
002826 214
002834 374
002842 368
002850 78
002858 624
002866 649
002874 964
002882 807
002890 143
002898 650
002906 154
002914 456
002922 765
002930 628
002938 148
002946 715
002954 286
002962 324
002970 959
002978 131
002986 153
002994 573
003002 62
003010 360
003018 896
003026 505
003034 685
003042 102
003050 586
003058 118
003066 64
002820 81
002828 280
002836 752
002844 888
002852 88
002860 894
002868 376
002876 780
002884 627
002892 342
002900 103
002908 882
002916 711
002924 810
002932 940
002940 419
002948 382
002956 56
002964 368
002972 897
002980 962
002988 278
002996 911
003004 481
003012 338
003020 961
003028 580
003036 426
003044 336
003052 262
003060 381
003068 970
002822 550
002830 725
002838 851
002846 679
002854 688
002862 74
002870 265
002878 577
002886 403
002894 293
002902 239
002910 839
002918 606
002926 227
002934 800
002942 235
002950 14
002958 298
002966 295
002974 35
002982 134
002990 351
002998 853
003006 961
003014 118
003022 490
003030 639
003038 241
003046 782
003054 786
003062 20
003070 879
002817 231
002825 761
002833 153
002841 234
002849 690
002857 436
002865 256
002873 695
002881 334
002889 459
002897 986
002905 433
002913 707
002921 868
002929 251
002937 218
002945 303
002953 350
002961 290
002969 281
002977 462
002985 707
002993 162
003001 257
003009 384
003017 87
003025 828
003033 625
003041 878
003049 684
003057 560
003065 416
003077 765
003085 142
003093 408
003101 127
003109 892
003117 628
003125 342
003133 496
003141 834
003149 655
003157 277
003165 860
003173 79
003181 754
003189 119
003197 805
003205 219
003213 740
003221 281
003229 141
003237 318
003245 733
003253 555
003261 671
003269 526
003277 37
003285 744
003293 256
003301 354
003309 22
003317 289
003325 769
003079 939
003087 126
003095 141
003103 524
003111 750
003119 162
003127 116
003135 960
003143 15
003151 334
003159 770
003167 352
003175 261
003183 544
003191 782
003199 24
003207 323
003215 256
003223 823
003231 575
003239 224
003247 364
003255 339
003263 892
003271 473
003279 634
003287 932
003295 697
003303 705
003311 147
003319 696
003327 855
003074 230
003082 146
003090 346
003098 160
003106 732
003114 336
003122 233
003130 584
003138 641
003146 596
003154 11
003162 460
003170 385
003178 285
003186 461
003194 878
003202 979
003210 690
003218 343
003226 466
003234 789
003242 644
003250 736
003258 547
003266 382
003274 798
003282 649
003290 246
003298 413
003306 454
003314 540
003322 52
002563 487
002571 848
002579 967
002587 95
002595 663
002603 7
002611 367
002619 190
002627 55
002635 363
002643 111
002651 987
002659 159
002667 975
002675 533
002683 530
002691 548
002699 121
002707 988
002715 898
002723 592
002731 441
002739 486
002747 511
002755 328
002763 881
002771 546
002779 911
002787 774
002795 842
002803 346
002811 947
003076 381
003084 364
003092 188
003100 431
003108 365
003116 131
003124 828
003132 901
003140 832
003148 577
003156 882
003164 983
003172 346
003180 434
003188 728
003196 313
003204 702
003212 774
003220 905
003228 840
003236 508
003244 857
003252 778
003260 735
003268 737
003276 359
003284 656
003292 920
003300 465
003308 705
003316 28
003324 217
003078 474
003086 353
003094 149
003102 815
003110 735
003118 869
003126 493
003134 215
003142 472
003150 116
003158 196
003166 843
003174 179
003182 782
003190 962
003198 451
003206 454
003214 516
003222 15
003230 130
003238 843
003246 283
003254 776
003262 867
003270 661
003278 609
003286 547
003294 723
003302 111
003310 176
003318 246
003326 942
003073 776
003081 406
003089 458
003097 41
003105 950
003113 864
003121 301
003129 246
003137 666
003145 212
003153 396
003161 837
003169 102
003177 476
003185 531
003193 205
003201 809
003209 459
003217 686
003225 699
003233 146
003241 138
003249 752
003257 98
003265 855
003273 148
003281 549
003289 117
003297 780
003305 737
003313 178
003321 440
003335 849
003343 992
003351 813
003359 249
003367 357
003375 602
003383 509
003391 248
003399 543
003407 192
003415 184
003423 112
003431 436
003439 632
003447 280
003455 399
003463 766
003471 124
003479 128
003487 766
003495 550
003503 484
003511 865
003519 93
003527 239
003535 210
003543 880
003551 372
003559 12
003567 475
003575 240
003583 338
003333 714
003341 476
003349 400
003357 546
003365 924
003373 944
003381 72
003389 164
003397 654
003405 715
003413 920
003421 12
003429 340
003437 38
003445 134
003453 827
003461 161
003469 66
003477 130
003485 216
003493 983
003501 145
003509 256
003517 609
003525 249
003533 911
003541 262
003549 0
003557 408
003565 255
003573 685
003581 873
003330 203
003338 123
003346 608
003354 223
003362 282
003370 541
003378 647
003386 870
003394 370
003402 464
003410 653
003418 168
003426 389
003434 138
003442 553
003450 674
003458 441
003466 119
003474 96
003482 69
003490 487
003498 802
003506 258
003514 60
003522 97
003530 826
003538 575
003546 226
003554 350
003562 161
003570 954
003578 486
002819 541
002827 965
002835 882
002843 962
002851 200
002859 166
002867 976
002875 745
002883 429
002891 628
002899 252
002907 6
002915 388
002923 936
002931 86
002939 477
002947 565
002955 858
002963 940
002971 788
002979 456
002987 93
002995 897
003003 929
003011 280
003019 248
003027 862
003035 965
003043 382
003051 842
003059 435
003067 854
003334 847
003342 773
003350 157
003358 344
003366 900
003374 347
003382 326
003390 187
003398 347
003406 874
003414 455
003422 584
003430 937
003438 782
003446 410
003454 274
003462 877
003470 651
003478 316
003486 739
003494 895
003502 665
003510 505
003518 249
003526 190
003534 835
003542 312
003550 616
003558 531
003566 23
003574 757
003582 257
003332 890
003340 271
003348 673
003356 474
003364 826
003372 648
003380 562
003388 742
003396 252
003404 530
003412 495
003420 510
003428 161
003436 478
003444 489
003452 980
003460 93
003468 25
003476 268
003484 115
003492 140
003500 650
003508 341
003516 552
003524 224
003532 15
003540 370
003548 116
003556 887
003564 376
003572 126
003580 783
003329 508
003337 17
003345 711
003353 13
003361 41
003369 524
003377 122
003385 793
003393 922
003401 811
003409 838
003417 799
003425 182
003433 445
003441 167
003449 61
003457 523
003465 388
003473 158
003481 793
003489 836
003497 319
003505 287
003513 367
003521 35
003529 388
003537 415
003545 442
003553 139
003561 258
003569 293
003577 635
003591 674
003599 604
003607 132
003615 664
003623 125
003631 956
003639 759
003647 260
003655 634
003663 644
003671 595
003679 23
003687 395
003695 889
003703 200
003711 732
003719 375
003727 659
003735 519
003743 514
003751 630
003759 562
003767 403
003775 76
003783 160
003791 562
003799 122
003807 772
003815 966
003823 870
003831 46
003839 887
003589 215
003597 823
003605 793
003613 917
003621 198
003629 976
003637 804
003645 630
003653 247
003661 689
003669 158
003677 211
003685 473
003693 988
003701 537
003709 233
003717 126
003725 885
003733 425
003741 310
003749 809
003757 648
003765 796
003773 678
003781 675
003789 360
003797 564
003805 185
003813 103
003821 266
003829 879
003837 728
003586 781
003594 268
003602 863
003610 939
003618 815
003626 970
003634 713
003642 695
003650 602
003658 608
003666 596
003674 176
003682 537
003690 48
003698 571
003706 300
003714 702
003722 614
003730 538
003738 304
003746 730
003754 273
003762 738
003770 908
003778 988
003786 223
003794 931
003802 695
003810 945
003818 31
003826 673
003834 415
003075 200
003083 498
003091 706
003099 701
003107 363
003115 269
003123 220
003131 697
003139 73
003147 95
003155 436
003163 167
003171 480
003179 322
003187 327
003195 166
003203 753
003211 435
003219 824
003227 647
003235 354
003243 161
003251 887
003259 696
003267 917
003275 482
003283 258
003291 486
003299 224
003307 719
003315 602
003323 135
000000 541
000008 97
000016 191
000024 172
000032 553
000040 604
000048 103
000056 733
000064 842
000072 633
000080 190
000088 717
000096 798
000104 284
000112 678
000120 208
000128 164
000136 611
000144 922
000152 191
000160 912
000168 457
000176 451
000184 275
000192 734
000200 937
000208 376
000216 202
000224 807
000232 739
000240 990
000248 935
003590 499
003598 91
003606 413
003614 803
003622 826
003630 513
003638 455
003646 566
003654 838
003662 124
003670 101
003678 175
003686 155
003694 77
003702 504
003710 42
003718 583
003726 357
003734 556
003742 956
003750 984
003758 710
003766 450
003774 352
003782 738
003790 149
003798 791
003806 984
003814 617
003822 575
003830 19
003838 10
003588 275
003596 353
003604 566
003612 593
003620 656
003628 288
003636 539
003644 222
003652 662
003660 187
003668 328
003676 134
003684 859
003692 249
003700 992
003708 175
003716 231
003724 400
003732 974
003740 509
003748 939
003756 440
003764 189
003772 993
003780 426
003788 765
003796 847
003804 393
003812 97
003820 100
003828 361
003836 693
003585 862
003593 411
003601 653
003609 954
003617 596
003625 79
003633 712
003641 105
003649 184
003657 460
003665 957
003673 660
003681 894
003689 717
003697 718
003705 382
003713 964
003721 172
003729 989
003737 727
003745 708
003753 169
003761 385
003769 681
003777 805
003785 397
003793 917
003801 222
003809 541
003817 859
003825 478
003833 589
003847 905
003855 959
003863 494
003871 180
003879 129
003887 729
003895 788
003903 72
003911 728
003919 358
003927 459
003935 7
003943 830
003951 642
003959 645
003967 198
003975 790
003983 648
003991 579
003999 361
004007 363
004015 406
004023 373
004031 809
004039 37
004047 765
004055 521
004063 12
004071 263
004079 10
004087 319
004095 66
003845 445
003853 692
003861 531
003869 259
003877 988
003885 93
003893 85
003901 137
003909 461
003917 431
003925 830
003933 488
003941 493
003949 655
003957 656
003965 959
003973 743
003981 947
003989 925
003997 170
004005 290
004013 244
004021 257
004029 374
004037 805
004045 30
004053 747
004061 361
004069 452
004077 578
004085 620
004093 352
003842 940
003850 365
003858 30
003866 335
003874 583
003882 436
003890 586
003898 96
003906 315
003914 323
003922 112
003930 672
003938 653
003946 73
003954 654
003962 342
003970 257
003978 64
003986 902
003994 409
004002 62
004010 599
004018 286
004026 532
004034 819
004042 549
004050 383
004058 520
004066 140
004074 997
004082 157
004090 230
003331 811
003339 226
003347 161
003355 600
003363 41
003371 261
003379 274
003387 884
003395 581
003403 192
003411 947
003419 997
003427 571
003435 155
003443 225
003451 766
003459 568
003467 594
003475 997
003483 489
003491 822
003499 840
003507 673
003515 34
003523 674
003531 415
003539 82
003547 191
003555 845
003563 727
003571 21
003579 810
000256 411
000264 35
000272 637
000280 338
000288 93
000296 938
000304 482
000312 828
000320 966
000328 133
000336 285
000344 67
000352 266
000360 227
000368 566
000376 545
000384 975
000392 164
000400 319
000408 876
000416 663
000424 874
000432 456
000440 405
000448 672
000456 108
000464 94
000472 786
000480 882
000488 791
000496 915
000504 959
003846 36
003854 598
003862 546
003870 301
003878 204
003886 671
003894 775
003902 786
003910 410
003918 306
003926 135
003934 34
003942 51
003950 194
003958 260
003966 786
003974 736
003982 16
003990 564
003998 676
004006 76
004014 347
004022 410
004030 361
004038 850
004046 319
004054 584
004062 540
004070 310
004078 291
004086 420
004094 580
003844 705
003852 998
003860 487
003868 937
003876 828
003884 299
003892 852
003900 66
003908 397
003916 644
003924 114
003932 408
003940 904
003948 131
003956 373
003964 390
003972 233
003980 596
003988 305
003996 719
004004 75
004012 998
004020 589
004028 265
004036 478
004044 275
004052 165
004060 425
004068 129
004076 270
004084 611
004092 818
003841 883
003849 256
003857 108
003865 449
003873 262
003881 102
003889 86
003897 913
003905 616
003913 621
003921 321
003929 946
003937 371
003945 735
003953 886
003961 246
003969 947
003977 989
003985 772
003993 57
004001 663
004009 244
004017 688
004025 359
004033 821
004041 285
004049 327
004057 975
004065 582
004073 107
004081 872
004089 608
004103 732
004111 274
004119 756
004127 382
004135 461
004143 126
004151 326
004159 654
004167 451
004175 377
004183 25
004191 89
004199 910
004207 223
004215 459
004223 433
004231 695
004239 155
004247 783
004255 96
004263 235
004271 557
004279 821
004287 775
004295 689
004303 983
004311 486
004319 202
004327 723
004335 943
004343 503
004351 533
004101 143
004109 410
004117 459
004125 320
004133 453
004141 661
004149 700
004157 602
004165 663
004173 831
004181 277
004189 478
004197 625
004205 860
004213 201
004221 976
004229 123
004237 736
004245 515
004253 364
004261 6
004269 741
004277 940
004285 704
004293 843
004301 408
004309 439
004317 425
004325 351
004333 558
004341 870
004349 259
004098 603
004106 860
004114 732
004122 620
004130 569
004138 760
004146 44
004154 892
004162 736
004170 135
004178 49
004186 730
004194 60
004202 316
004210 138
004218 916
004226 217
004234 185
004242 975
004250 367
004258 232
004266 255
004274 794
004282 200
004290 51
004298 692
004306 897
004314 427
004322 242
004330 609
004338 833
004346 402
003587 991
003595 550
003603 782
003611 202
003619 3
003627 287
003635 691
003643 137
003651 742
003659 670
003667 444
003675 337
003683 649
003691 874
003699 325
003707 705
003715 630
003723 632
003731 191
003739 61
003747 290
003755 180
003763 772
003771 752
003779 898
003787 579
003795 663
003803 938
003811 307
003819 56
003827 545
003835 318
000512 116
000520 607
000528 756
000536 701
000544 806
000552 340
000560 72
000568 615
000576 427
000584 102
000592 677
000600 223
000608 500
000616 571
000624 271
000632 993
000640 504
000648 199
000656 534
000664 942
000672 493
000680 813
000688 516
000696 264
000704 774
000712 826
000720 903
000728 932
000736 240
000744 818
000752 992
000760 874
004102 638
004110 429
004118 621
004126 132
004134 244
004142 509
004150 408
004158 150
004166 951
004174 820
004182 242
004190 434
004198 967
004206 613
004214 641
004222 679
004230 292
004238 524
004246 246
004254 309
004262 535
004270 258
004278 808
004286 398
004294 273
004302 572
004310 293
004318 581
004326 998
004334 328
004342 956
004350 884
004100 789
004108 309
004116 950
004124 484
004132 105
004140 60
004148 837
004156 274
004164 195
004172 296
004180 220
004188 399
004196 969
004204 45
004212 289
004220 134
004228 282
004236 711
004244 104
004252 154
004260 248
004268 880
004276 406
004284 681
004292 626
004300 146
004308 143
004316 488
004324 863
004332 456
004340 978
004348 161
004097 931
004105 723
004113 748
004121 937
004129 338
004137 840
004145 542
004153 409
004161 103
004169 353
004177 680
004185 969
004193 221
004201 462
004209 712
004217 81
004225 838
004233 130
004241 758
004249 353
004257 606
004265 792
004273 832
004281 933
004289 923
004297 763
004305 838
004313 40
004321 341
004329 361
004337 64
004345 424
004359 835
004367 423
004375 33
004383 877
004391 390
004399 777
004407 302
004415 319
004423 741
004431 8
004439 592
004447 129
004455 585
004463 863
004471 661
004479 443
004487 515
004495 702
004503 847
004511 32
004519 473
004527 888
004535 182
004543 46
004551 23
004559 731
004567 106
004575 562
004583 534
004591 832
004599 45
004607 741
004357 242
004365 15
004373 834
004381 918
004389 309
004397 798
004405 942
004413 208
004421 800
004429 630
004437 186
004445 499
004453 914
004461 362
004469 206
004477 183
004485 603
004493 236
004501 927
004509 329
004517 103
004525 652
004533 880
004541 753
004549 662
004557 87
004565 926
004573 263
004581 256
004589 364
004597 726
004605 836
004354 737
004362 171
004370 325
004378 301
004386 232
004394 218
004402 986
004410 186
004418 299
004426 410
004434 906
004442 626
004450 851
004458 824
004466 376
004474 205
004482 988
004490 653
004498 606
004506 902
004514 454
004522 987
004530 254
004538 381
004546 748
004554 620
004562 57
004570 434
004578 292
004586 885
004594 265
004602 825
003843 854
003851 893
003859 923
003867 892
003875 944
003883 614
003891 954
003899 390
003907 401
003915 915
003923 364
003931 184
003939 276
003947 194
003955 523
003963 278
003971 416
003979 885
003987 742
003995 852
004003 833
004011 219
004019 49
004027 813
004035 994
004043 306
004051 850
004059 20
004067 528
004075 413
004083 884
004091 362
000768 121
000776 120
000784 403
000792 349
000800 614
000808 921
000816 298
000824 899
000832 542
000840 139
000848 612
000856 401
000864 563
000872 856
000880 250
000888 498
000896 889
000904 477
000912 300
000920 137
000928 812
000936 618
000944 562
000952 658
000960 453
000968 140
000976 229
000984 714
000992 281
001000 116
001008 344
001016 435
004358 744
004366 764
004374 191
004382 488
004390 930
004398 215
004406 55
004414 717
004422 39
004430 940
004438 572
004446 342
004454 479
004462 489
004470 53
004478 585
004486 783
004494 700
004502 311
004510 447
004518 293
004526 599
004534 61
004542 940
004550 729
004558 568
004566 848
004574 38
004582 379
004590 590
004598 131
004606 4
004353 633
004361 364
004369 875
004377 648
004385 493
004393 9
004401 701
004409 194
004417 745
004425 571
004433 653
004441 656
004449 34
004457 915
004465 951
004473 31
004481 774
004489 912
004497 626
004505 6
004513 352
004521 712
004529 619
004537 142
004545 185
004553 161
004561 167
004569 919
004577 456
004585 747
004593 97
004601 158
004356 530
004364 53
004372 49
004380 542
004388 210
004396 428
004404 928
004412 785
004420 78
004428 790
004436 367
004444 704
004452 803
004460 225
004468 365
004476 119
004484 155
004492 179
004500 206
004508 993
004516 206
004524 314
004532 399
004540 129
004548 921
004556 545
004564 84
004572 811
004580 116
004588 166
004596 413
004604 657
004613 495
004621 555
004629 250
004637 658
004645 967
004653 473
004661 139
004669 829
004677 643
004685 487
004693 469
004701 50
004709 263
004717 585
004725 493
004733 181
004741 950
004749 314
004757 660
004765 184
004773 942
004781 861
004789 154
004797 745
004805 600
004813 714
004821 821
004829 289
004837 803
004845 305
004853 765
004861 252
004615 730
004623 194
004631 577
004639 191
004647 522
004655 528
004663 963
004671 532
004679 58
004687 989
004695 85
004703 130
004711 273
004719 605
004727 880
004735 30
004743 441
004751 33
004759 192
004767 903
004775 583
004783 743
004791 665
004799 485
004807 157
004815 850
004823 336
004831 69
004839 531
004847 174
004855 779
004863 362
004610 866
004618 422
004626 396
004634 790
004642 0
004650 688
004658 127
004666 919
004674 40
004682 418
004690 100
004698 874
004706 123
004714 647
004722 729
004730 41
004738 162
004746 820
004754 186
004762 323
004770 767
004778 294
004786 348
004794 629
004802 172
004810 271
004818 893
004826 929
004834 86
004842 667
004850 652
004858 509
004099 406
004107 442
004115 496
004123 828
004131 715
004139 321
004147 620
004155 85
004163 413
004171 949
004179 309
004187 348
004195 355
004203 507
004211 858
004219 744
004227 752
004235 325
004243 958
004251 340
004259 353
004267 2
004275 441
004283 65
004291 392
004299 377
004307 638
004315 36
004323 387
004331 801
004339 988
004347 816
001024 644
001032 165
001040 669
001048 431
001056 870
001064 784
001072 307
001080 360
001088 287
001096 126
001104 746
001112 108
001120 19
001128 196
001136 452
001144 901
001152 222
001160 544
001168 706
001176 369
001184 333
001192 841
001200 949
001208 454
001216 509
001224 817
001232 324
001240 962
001248 445
001256 68
001264 311
001272 999
004614 889
004622 739
004630 884
004638 690
004646 850
004654 839
004662 601
004670 9
004678 864
004686 420
004694 208
004702 16
004710 162
004718 313
004726 168
004734 831
004742 513
004750 774
004758 10
004766 24
004774 884
004782 216
004790 738
004798 889
004806 947
004814 354
004822 961
004830 303
004838 122
004846 470
004854 313
004862 195
004609 731
004617 943
004625 448
004633 383
004641 953
004649 258
004657 982
004665 28
004673 125
004681 450
004689 615
004697 844
004705 565
004713 684
004721 448
004729 416
004737 715
004745 380
004753 957
004761 960
004769 783
004777 300
004785 666
004793 280
004801 560
004809 242
004817 860
004825 994
004833 228
004841 463
004849 685
004857 138
004612 108
004620 220
004628 708
004636 234
004644 866
004652 429
004660 309
004668 698
004676 828
004684 663
004692 261
004700 894
004708 70
004716 581
004724 993
004732 925
004740 484
004748 184
004756 654
004764 391
004772 446
004780 640
004788 361
004796 546
004804 128
004812 281
004820 575
004828 580
004836 8
004844 177
004852 567
004860 532
004871 666
004879 418
004887 270
004895 208
004903 278
004911 162
004919 189
004927 888
004935 507
004943 419
004951 168
004959 950
004967 462
004975 185
004983 639
004991 125
004999 934
005007 10
005015 414
005023 765
005031 659
005039 411
005047 941
005055 531
005063 96
005071 921
005079 965
005087 431
005095 304
005103 94
005111 685
005119 829
004869 510
004877 296
004885 734
004893 75
004901 151
004909 900
004917 963
004925 312
004933 269
004941 811
004949 827
004957 753
004965 98
004973 788
004981 41
004989 155
004997 253
005005 535
005013 431
005021 421
005029 839
005037 260
005045 679
005053 632
005061 859
005069 668
005077 741
005085 424
005093 677
005101 364
005109 330
005117 483
004866 940
004874 403
004882 217
004890 696
004898 726
004906 447
004914 143
004922 284
004930 816
004938 301
004946 356
004954 282
004962 738
004970 114
004978 713
004986 537
004994 554
005002 108
005010 483
005018 914
005026 927
005034 899
005042 975
005050 595
005058 144
005066 870
005074 10
005082 952
005090 615
005098 420
005106 27
005114 315
001280 339
001288 847
001296 610
001304 145
001312 764
001320 554
001328 619
001336 395
001344 968
001352 523
001360 560
001368 27
001376 47
001384 528
001392 44
001400 739
001408 762
001416 79
001424 973
001432 989
001440 179
001448 55
001456 71
001464 840
001472 468
001480 653
001488 49
001496 112
001504 728
001512 128
001520 109
001528 947
004355 25
004363 462
004371 291
004379 797
004387 99
004395 276
004403 422
004411 828
004419 212
004427 686
004435 17
004443 727
004451 436
004459 467
004467 497
004475 646
004483 602
004491 95
004499 937
004507 238
004515 358
004523 799
004531 404
004539 390
004547 283
004555 481
004563 48
004571 578
004579 923
004587 112
004595 713
004603 757
004870 126
004878 94
004886 677
004894 566
004902 88
004910 688
004918 481
004926 688
004934 303
004942 111
004950 750
004958 982
004966 195
004974 327
004982 997
004990 487
004998 82
005006 812
005014 266
005022 735
005030 198
005038 683
005046 40
005054 320
005062 541
005070 957
005078 255
005086 984
005094 41
005102 78
005110 645
005118 977
004865 768
004873 165
004881 427
004889 561
004897 594
004905 533
004913 595
004921 200
004929 911
004937 967
004945 413
004953 273
004961 969
004969 590
004977 842
004985 505
004993 270
005001 186
005009 944
005017 89
005025 568
005033 551
005041 556
005049 133
005057 812
005065 162
005073 195
005081 773
005089 62
005097 67
005105 649
005113 598
004868 285
004876 155
004884 238
004892 540
004900 244
004908 746
004916 881
004924 412
004932 109
004940 880
004948 880
004956 66
004964 910
004972 390
004980 270
004988 258
004996 942
005004 521
005012 588
005020 765
005028 521
005036 254
005044 382
005052 106
005060 215
005068 345
005076 720
005084 53
005092 611
005100 686
005108 32
005116 131
005125 94
005133 665
005141 97
005149 402
005157 830
005165 909
005173 964
005181 514
005189 714
005197 685
005205 133
005213 825
005221 943
005229 306
005237 162
005245 252
005253 445
005261 781
005269 12
005277 228
005285 436
005293 152
005301 537
005309 877
005317 686
005325 641
005333 493
005341 434
005349 352
005357 239
005365 337
005373 148
005127 583
005135 698
005143 77
005151 796
005159 130
005167 566
005175 9
005183 506
005191 127
005199 165
005207 279
005215 132
005223 942
005231 875
005239 169
005247 927
005255 554
005263 71
005271 658
005279 238
005287 851
005295 793
005303 3
005311 738
005319 847
005327 629
005335 954
005343 134
005351 688
005359 402
005367 837
005375 954
005122 233
005130 734
005138 240
005146 344
005154 971
005162 677
005170 462
005178 478
005186 903
005194 554
005202 185
005210 468
005218 432
005226 763
005234 470
005242 182
005250 590
005258 571
005266 876
005274 857
005282 843
005290 144
005298 482
005306 530
005314 312
005322 479
005330 21
005338 352
005346 947
005354 704
005362 503
005370 999
001536 824
001544 620
001552 895
001560 109
001568 913
001576 881
001584 637
001592 167
001600 77
001608 770
001616 82
001624 403
001632 399
001640 315
001648 297
001656 179
001664 867
001672 312
001680 349
001688 57
001696 286
001704 595
001712 742
001720 476
001728 89
001736 120
001744 659
001752 352
001760 169
001768 162
001776 785
001784 666
005126 967
005134 353
005142 664
005150 857
005158 5
005166 630
005174 377
005182 143
005190 815
005198 724
005206 345
005214 58
005222 687
005230 877
005238 479
005246 716
005254 378
005262 777
005270 533
005278 986
005286 597
005294 621
005302 223
005310 513
005318 388
005326 61
005334 741
005342 88
005350 620
005358 225
005366 118
005374 429
005121 442
005129 493
005137 808
005145 107
005153 642
005161 583
005169 155
005177 875
005185 175
005193 814
005201 463
005209 925
005217 276
005225 354
005233 171
005241 880
005249 336
005257 185
005265 441
005273 1
005281 252
005289 803
005297 276
005305 460
005313 209
005321 107
005329 908
005337 682
005345 400
005353 993
005361 584
005369 549
005124 748
005132 993
005140 521
005148 694
005156 302
005164 819
005172 126
005180 963
005188 969
005196 10
005204 849
005212 740
005220 703
005228 148
005236 108
005244 498
005252 186
005260 499
005268 474
005276 6
005284 267
005292 579
005300 776
005308 391
005316 805
005324 623
005332 889
005340 460
005348 559
005356 876
005364 787
005372 771
004611 988
004619 267
004627 628
004635 105
004643 582
004651 841
004659 964
004667 161
004675 128
004683 60
004691 823
004699 241
004707 517
004715 449
004723 328
004731 32
004739 260
004747 571
004755 760
004763 196
004771 228
004779 570
004787 625
004795 131
004803 966
004811 665
004819 823
004827 38
004835 921
004843 845
004851 69
004859 160
005381 891
005389 493
005397 446
005405 245
005413 790
005421 480
005429 601
005437 751
005445 86
005453 935
005461 365
005469 441
005477 884
005485 549
005493 88
005501 199
005509 718
005517 8
005525 12
005533 84
005541 330
005549 873
005557 714
005565 245
005573 682
005581 68
005589 246
005597 163
005605 555
005613 824
005621 940
005629 20
005383 658
005391 340
005399 270
005407 999
005415 0
005423 752
005431 174
005439 99
005447 229
005455 925
005463 463
005471 828
005479 583
005487 73
005495 696
005503 284
005511 219
005519 449
005527 489
005535 764
005543 623
005551 453
005559 778
005567 401
005575 314
005583 6
005591 719
005599 452
005607 764
005615 201
005623 974
005631 562
005378 405
005386 645
005394 757
005402 434
005410 330
005418 281
005426 461
005434 193
005442 546
005450 126
005458 733
005466 922
005474 501
005482 725
005490 212
005498 949
005506 494
005514 695
005522 663
005530 764
005538 185
005546 624
005554 756
005562 803
005570 118
005578 755
005586 145
005594 822
005602 692
005610 380
005618 917
005626 173
001792 582
001800 320
001808 827
001816 347
001824 211
001832 220
001840 474
001848 413
001856 796
001864 697
001872 635
001880 673
001888 961
001896 977
001904 51
001912 650
001920 124
001928 625
001936 607
001944 727
001952 918
001960 276
001968 713
001976 760
001984 711
001992 404
002000 698
002008 708
002016 215
002024 75
002032 77
002040 512
005382 861
005390 0
005398 521
005406 27
005414 868
005422 424
005430 536
005438 764
005446 992
005454 302
005462 97
005470 83
005478 422
005486 105
005494 400
005502 75
005510 743
005518 914
005526 435
005534 109
005542 540
005550 677
005558 147
005566 103
005574 335
005582 251
005590 505
005598 320
005606 737
005614 216
005622 326
005630 44
005637 425
005645 373
005653 514
005661 541
005669 30
005677 586
005685 940
005693 415
005701 724
005709 879
005717 880
005725 479
005733 211
005741 838
005749 504
005757 535
005765 470
005773 69
005781 134
005789 575
005797 564
005805 552
005813 488
005821 714
005829 804
005837 138
005845 811
005853 750
005861 277
005869 254
005877 571
005885 908
005377 750
005385 688
005393 209
005401 268
005409 813
005417 369
005425 480
005433 4
005441 415
005449 157
005457 873
005465 177
005473 507
005481 203
005489 776
005497 754
005505 738
005513 966
005521 851
005529 212
005537 890
005545 415
005553 761
005561 612
005569 549
005577 378
005585 561
005593 168
005601 943
005609 157
005617 293
005625 409
005639 488
005647 102
005655 523
005663 792
005671 37
005679 662
005687 613
005695 311
005703 219
005711 51
005719 496
005727 905
005735 225
005743 833
005751 99
005759 619
005767 318
005775 649
005783 239
005791 17
005799 135
005807 868
005815 174
005823 442
005831 544
005839 488
005847 649
005855 928
005863 894
005871 193
005879 259
005887 686
005380 696
005388 560
005396 593
005404 625
005412 518
005420 248
005428 821
005436 803
005444 773
005452 368
005460 712
005468 764
005476 459
005484 765
005492 974
005500 949
005508 284
005516 544
005524 767
005532 86
005540 890
005548 676
005556 189
005564 160
005572 969
005580 9
005588 515
005596 596
005604 382
005612 650
005620 689
005628 619
005634 476
005642 157
005650 928
005658 876
005666 24
005674 80
005682 668
005690 818
005698 686
005706 244
005714 269
005722 246
005730 932
005738 596
005746 955
005754 857
005762 59
005770 162
005778 365
005786 225
005794 983
005802 368
005810 473
005818 553
005826 558
005834 884
005842 88
005850 387
005858 304
005866 928
005874 600
005882 261
004867 408
004875 274
004883 832
004891 170
004899 906
004907 628
004915 88
004923 951
004931 406
004939 314
004947 263
004955 375
004963 118
004971 275
004979 412
004987 707
004995 199
005003 887
005011 645
005019 64
005027 257
005035 982
005043 882
005051 979
005059 694
005067 70
005075 367
005083 807
005091 257
005099 884
005107 902
005115 357
002048 541
002056 894
002064 507
002072 369
002080 442
002088 455
002096 421
002104 499
002112 115
002120 943
002128 136
002136 449
002144 317
002152 528
002160 956
002168 715
002176 439
002184 72
002192 82
002200 958
002208 33
002216 886
002224 434
002232 563
002240 382
002248 287
002256 713
002264 343
002272 503
002280 380
002288 168
002296 726
005638 98
005646 127
005654 724
005662 521
005670 234
005678 990
005686 519
005694 741
005702 611
005710 441
005718 139
005726 353
005734 485
005742 955
005750 557
005758 759
005766 367
005774 969
005782 338
005790 572
005798 67
005806 285
005814 49
005822 299
005830 219
005838 582
005846 467
005854 657
005862 608
005870 619
005878 957
005886 795
005893 680
005901 428
005909 524
005917 401
005925 308
005933 774
005941 315
005949 741
005957 342
005965 339
005973 629
005981 978
005989 265
005997 304
006005 498
006013 450
006021 247
006029 900
006037 545
006045 742
006053 272
006061 69
006069 223
006077 569
006085 273
006093 745
006101 674
006109 750
006117 263
006125 973
006133 886
006141 244
005895 345
005903 470
005911 320
005919 788
005927 260
005935 885
005943 79
005951 666
005959 813
005967 716
005975 429
005983 927
005991 701
005999 165
006007 799
006015 750
006023 437
006031 942
006039 180
006047 87
006055 537
006063 446
006071 476
006079 226
006087 16
006095 715
006103 440
006111 777
006119 873
006127 172
006135 409
006143 461
005633 548
005641 864
005649 412
005657 896
005665 833
005673 398
005681 72
005689 299
005697 114
005705 598
005713 175
005721 432
005729 54
005737 133
005745 358
005753 913
005761 426
005769 36
005777 103
005785 150
005793 34
005801 814
005809 698
005817 593
005825 939
005833 876
005841 982
005849 713
005857 516
005865 956
005873 280
005881 801
005636 642
005644 153
005652 885
005660 267
005668 656
005676 692
005684 203
005692 847
005700 910
005708 529
005716 663
005724 20
005732 467
005740 251
005748 203
005756 47
005764 170
005772 549
005780 945
005788 212
005796 129
005804 416
005812 612
005820 298
005828 519
005836 950
005844 757
005852 113
005860 987
005868 226
005876 562
005884 994
005890 34
005898 979
005906 939
005914 190
005922 680
005930 668
005938 239
005946 878
005954 383
005962 186
005970 55
005978 688
005986 227
005994 773
006002 661
006010 166
006018 224
006026 24
006034 515
006042 615
006050 866
006058 890
006066 216
006074 990
006082 87
006090 676
006098 649
006106 242
006114 928
006122 838
006130 528
006138 341
005123 597
005131 750
005139 234
005147 982
005155 314
005163 456
005171 720
005179 938
005187 267
005195 400
005203 429
005211 794
005219 596
005227 757
005235 499
005243 458
005251 675
005259 747
005267 608
005275 493
005283 118
005291 536
005299 327
005307 193
005315 229
005323 142
005331 34
005339 443
005347 996
005355 141
005363 223
005371 355
002304 817
002312 572
002320 77
002328 636
002336 244
002344 259
002352 169
002360 815
002368 380
002376 280
002384 619
002392 260
002400 594
002408 77
002416 327
002424 797
002432 103
002440 879
002448 661
002456 973
002464 335
002472 976
002480 590
002488 730
002496 241
002504 649
002512 255
002520 968
002528 965
002536 133
002544 188
002552 195
005894 944
005902 470
005910 326
005918 409
005926 971
005934 328
005942 773
005950 576
005958 551
005966 749
005974 656
005982 339
005990 818
005998 781
006006 154
006014 69
006022 400
006030 274
006038 944
006046 912
006054 934
006062 509
006070 220
006078 150
006086 771
006094 182
006102 725
006110 736
006118 636
006126 558
006134 0
006142 894
006149 77
006157 75
006165 682
006173 948
006181 277
006189 785
006197 980
006205 479
006213 634
006221 493
006229 375
006237 697
006245 731
006253 748
006261 932
006269 551
006277 494
006285 513
006293 531
006301 509
006309 375
006317 317
006325 933
006333 685
006341 816
006349 277
006357 735
006365 886
006373 529
006381 610
006389 51
006397 636
006146 772
006154 522
006162 806
006170 874
006178 764
006186 199
006194 162
006202 109
006210 514
006218 671
006226 414
006234 351
006242 647
006250 700
006258 320
006266 233
006274 713
006282 688
006290 567
006298 404
006306 323
006314 994
006322 128
006330 403
006338 460
006346 260
006354 534
006362 936
006370 465
006378 128
006386 339
006394 409
006151 64
006159 886
006167 794
006175 660
006183 427
006191 505
006199 678
006207 284
006215 279
006223 108
006231 984
006239 880
006247 434
006255 311
006263 797
006271 861
006279 815
006287 253
006295 242
006303 82
006311 919
006319 84
006327 516
006335 389
006343 348
006351 384
006359 646
006367 180
006375 291
006383 535
006391 283
006399 773
005892 285
005900 197
005908 786
005916 655
005924 530
005932 231
005940 424
005948 862
005956 959
005964 86
005972 686
005980 522
005988 913
005996 786
006004 180
006012 418
006020 842
006028 809
006036 977
006044 271
006052 923
006060 482
006068 111
006076 829
006084 5
006092 527
006100 475
006108 313
006116 35
006124 217
006132 423
006140 251
005889 719
005897 848
005905 313
005913 675
005921 392
005929 645
005937 289
005945 127
005953 801
005961 747
005969 222
005977 587
005985 826
005993 807
006001 122
006009 500
006017 879
006025 908
006033 271
006041 209
006049 287
006057 700
006065 584
006073 531
006081 227
006089 720
006097 184
006105 518
006113 883
006121 11
006129 211
006137 248
005379 470
005387 453
005395 625
005403 847
005411 323
005419 994
005427 638
005435 941
005443 787
005451 515
005459 186
005467 505
005475 67
005483 255
005491 528
005499 644
005507 210
005515 648
005523 824
005531 319
005539 937
005547 106
005555 601
005563 218
005571 88
005579 455
005587 558
005595 916
005603 169
005611 115
005619 563
005627 723
002560 128
002568 967
002576 205
002584 130
002592 141
002600 736
002608 203
002616 930
002624 67
002632 728
002640 121
002648 106
002656 645
002664 515
002672 214
002680 853
002688 66
002696 416
002704 533
002712 503
002720 858
002728 622
002736 665
002744 383
002752 134
002760 521
002768 289
002776 56
002784 380
002792 954
002800 760
002808 493
006150 234
006158 367
006166 581
006174 877
006182 47
006190 995
006198 153
006206 663
006214 681
006222 791
006230 176
006238 536
006246 333
006254 76
006262 104
006270 406
006278 725
006286 132
006294 165
006302 134
006310 696
006318 638
006326 603
006334 819
006342 371
006350 729
006358 694
006366 373
006374 396
006382 41
006390 984
006398 544
006405 733
006413 654
006421 240
006429 533
006437 588
006445 104
006453 869
006461 666
006469 262
006477 377
006485 583
006493 509
006501 87
006509 465
006517 949
006525 654
006533 975
006541 667
006549 353
006557 750
006565 275
006573 225
006581 63
006589 766
006597 6
006605 768
006613 643
006621 358
006629 457
006637 1
006645 151
006653 722
006407 321
006415 336
006423 921
006431 868
006439 105
006447 330
006455 579
006463 558
006471 580
006479 764
006487 120
006495 479
006503 29
006511 148
006519 215
006527 399
006535 910
006543 918
006551 521
006559 199
006567 938
006575 589
006583 955
006591 30
006599 752
006607 671
006615 873
006623 763
006631 743
006639 652
006647 949
006655 237
006402 209
006410 905
006418 717
006426 471
006434 345
006442 803
006450 67
006458 64
006466 895
006474 996
006482 917
006490 209
006498 669
006506 710
006514 818
006522 767
006530 763
006538 285
006546 33
006554 345
006562 142
006570 125
006578 485
006586 139
006594 607
006602 781
006610 428
006618 179
006626 352
006634 358
006642 411
006650 463
006148 31
006156 388
006164 52
006172 579
006180 218
006188 672
006196 57
006204 126
006212 194
006220 419
006228 190
006236 232
006244 266
006252 795
006260 571
006268 41
006276 719
006284 751
006292 188
006300 81
006308 799
006316 176
006324 756
006332 796
006340 654
006348 167
006356 666
006364 824
006372 193
006380 291
006388 935
006396 520
006145 246
006153 746
006161 204
006169 148
006177 507
006185 947
006193 444
006201 619
006209 129
006217 956
006225 591
006233 488
006241 420
006249 1
006257 799
006265 178
006273 217
006281 514
006289 727
006297 383
006305 374
006313 184
006321 199
006329 228
006337 853
006345 99
006353 810
006361 145
006369 598
006377 705
006385 843
006393 845
005635 85
005643 648
005651 8
005659 721
005667 320
005675 195
005683 133
005691 921
005699 382
005707 991
005715 56
005723 916
005731 166
005739 148
005747 565
005755 667
005763 175
005771 679
005779 445
005787 295
005795 447
005803 359
005811 40
005819 793
005827 152
005835 753
005843 963
005851 651
005859 747
005867 467
005875 82
005883 93
002816 46
002824 584
002832 126
002840 759
002848 145
002856 113
002864 714
002872 237
002880 558
002888 883
002896 942
002904 641
002912 342
002920 426
002928 953
002936 921
002944 40
002952 829
002960 744
002968 917
002976 297
002984 47
002992 665
003000 247
003008 370
003016 187
003024 780
003032 698
003040 181
003048 72
003056 879
003064 409
006406 599
006414 104
006422 620
006430 614
006438 195
006446 737
006454 821
006462 251
006470 698
006478 625
006486 96
006494 424
006502 498
006510 35
006518 43
006526 563
006534 301
006542 899
006550 877
006558 201
006566 627
006574 632
006582 109
006590 753
006598 809
006606 953
006614 15
006622 732
006630 639
006638 455
006646 859
006654 180
006661 943
006669 627
006677 658
006685 915
006693 800
006701 437
006709 636
006717 427
006725 263
006733 202
006741 576
006749 676
006757 809
006765 21
006773 789
006781 185
006789 723
006797 692
006805 748
006813 416
006821 474
006829 276
006837 772
006845 354
006853 845
006861 63
006869 466
006877 231
006885 852
006893 661
006901 861
006909 419
006658 201
006666 116
006674 462
006682 911
006690 371
006698 929
006706 321
006714 554
006722 472
006730 617
006738 0
006746 66
006754 77
006762 241
006770 587
006778 69
006786 366
006794 661
006802 346
006810 390
006818 493
006826 285
006834 436
006842 446
006850 426
006858 170
006866 641
006874 954
006882 451
006890 264
006898 291
006906 909
006663 37
006671 836
006679 939
006687 986
006695 738
006703 407
006711 38
006719 369
006727 654
006735 113
006743 8
006751 72
006759 282
006767 285
006775 159
006783 296
006791 731
006799 639
006807 785
006815 758
006823 264
006831 233
006839 214
006847 953
006855 369
006863 726
006871 83
006879 847
006887 280
006895 379
006903 637
006911 506
006404 447
006412 553
006420 154
006428 667
006436 904
006444 870
006452 874
006460 169
006468 748
006476 487
006484 71
006492 886
006500 987
006508 703
006516 492
006524 264
006532 578
006540 263
006548 664
006556 782
006564 63
006572 770
006580 16
006588 635
006596 717
006604 272
006612 221
006620 944
006628 17
006636 562
006644 181
006652 360
006401 997
006409 739
006417 784
006425 690
006433 470
006441 400
006449 880
006457 215
006465 643
006473 902
006481 940
006489 187
006497 475
006505 1
006513 42
006521 9
006529 396
006537 720
006545 96
006553 775
006561 39
006569 484
006577 196
006585 56
006593 185
006601 132
006609 195
006617 701
006625 750
006633 505
006641 714
006649 904
005891 586
005899 502
005907 680
005915 169
005923 400
005931 184
005939 861
005947 584
005955 983
005963 606
005971 679
005979 324
005987 72
005995 448
006003 762
006011 934
006019 163
006027 465
006035 37
006043 248
006051 992
006059 725
006067 314
006075 300
006083 325
006091 711
006099 32
006107 72
006115 347
006123 845
006131 530
006139 972
003072 249
003080 89
003088 848
003096 380
003104 745
003112 692
003120 549
003128 514
003136 956
003144 773
003152 556
003160 822
003168 293
003176 729
003184 714
003192 156
003200 182
003208 525
003216 658
003224 132
003232 328
003240 95
003248 639
003256 970
003264 775
003272 904
003280 548
003288 638
003296 22
003304 614
003312 888
003320 210
006917 589
006925 931
006933 351
006941 258
006949 429
006957 573
006965 974
006973 446
006981 730
006989 125
006997 920
007005 748
007013 884
007021 110
007029 697
007037 462
007045 83
007053 916
007061 569
007069 995
007077 589
007085 673
007093 52
007101 622
007109 293
007117 999
007125 571
007133 641
007141 220
007149 859
007157 262
007165 961
006662 383
006670 590
006678 78
006686 882
006694 845
006702 984
006710 536
006718 831
006726 174
006734 192
006742 851
006750 99
006758 898
006766 822
006774 242
006782 395
006790 639
006798 622
006806 862
006814 279
006822 976
006830 828
006838 999
006846 127
006854 353
006862 952
006870 885
006878 266
006886 266
006894 756
006902 283
006910 168
006914 238
006922 485
006930 605
006938 839
006946 421
006954 482
006962 918
006970 955
006978 331
006986 456
006994 340
007002 380
007010 788
007018 630
007026 760
007034 985
007042 304
007050 191
007058 565
007066 622
007074 316
007082 197
007090 75
007098 303
007106 274
007114 522
007122 783
007130 195
007138 486
007146 51
007154 986
007162 727
006919 366
006927 88
006935 915
006943 166
006951 313
006959 259
006967 7
006975 927
006983 828
006991 82
006999 423
007007 261
007015 835
007023 219
007031 482
007039 199
007047 61
007055 337
007063 529
007071 786
007079 788
007087 971
007095 259
007103 273
007111 907
007119 109
007127 155
007135 260
007143 166
007151 162
007159 74
007167 415
006660 377
006668 462
006676 879
006684 265
006692 711
006700 225
006708 528
006716 691
006724 937
006732 533
006740 571
006748 341
006756 855
006764 693
006772 851
006780 371
006788 723
006796 481
006804 508
006812 947
006820 991
006828 263
006836 167
006844 786
006852 515
006860 534
006868 113
006876 268
006884 805
006892 532
006900 602
006908 790
006657 125
006665 525
006673 846
006681 527
006689 231
006697 130
006705 357
006713 894
006721 782
006729 375
006737 442
006745 896
006753 336
006761 448
006769 670
006777 360
006785 717
006793 672
006801 228
006809 595
006817 184
006825 954
006833 455
006841 153
006849 221
006857 893
006865 682
006873 772
006881 611
006889 156
006897 898
006905 130
006147 674
006155 691
006163 207
006171 197
006179 780
006187 232
006195 52
006203 881
006211 169
006219 63
006227 147
006235 246
006243 995
006251 766
006259 897
006267 829
006275 575
006283 466
006291 333
006299 429
006307 458
006315 397
006323 497
006331 222
006339 307
006347 616
006355 632
006363 690
006371 125
006379 376
006387 292
006395 564
003328 55
003336 619
003344 828
003352 664
003360 980
003368 747
003376 17
003384 726
003392 918
003400 384
003408 868
003416 773
003424 698
003432 196
003440 110
003448 374
003456 655
003464 34
003472 676
003480 551
003488 931
003496 111
003504 704
003512 859
003520 276
003528 69
003536 349
003544 254
003552 931
003560 345
003568 211
003576 426
007173 304
007181 756
007189 327
007197 886
007205 774
007213 895
007221 717
007229 831
007237 859
007245 863
007253 50
007261 557
007269 911
007277 966
007285 231
007293 781
007301 271
007309 729
007317 707
007325 793
007333 581
007341 231
007349 811
007357 75
007365 172
007373 293
007381 135
007389 960
007397 647
007405 335
007413 391
007421 654
007175 104
007183 190
007191 234
007199 420
007207 264
007215 781
007223 58
007231 907
007239 803
007247 859
007255 195
007263 703
007271 246
007279 517
007287 293
007295 183
007303 918
007311 834
007319 810
007327 628
007335 345
007343 101
007351 312
007359 957
007367 843
007375 825
007383 568
007391 33
007399 183
007407 260
007415 540
007423 112
006918 471
006926 122
006934 938
006942 64
006950 611
006958 429
006966 214
006974 821
006982 924
006990 305
006998 848
007006 561
007014 928
007022 528
007030 883
007038 719
007046 217
007054 685
007062 887
007070 784
007078 38
007086 703
007094 824
007102 637
007110 671
007118 365
007126 701
007134 42
007142 685
007150 262
007158 440
007166 253
007170 275
007178 443
007186 735
007194 614
007202 711
007210 676
007218 687
007226 113
007234 124
007242 3
007250 560
007258 824
007266 26
007274 961
007282 130
007290 877
007298 862
007306 512
007314 722
007322 425
007330 960
007338 742
007346 240
007354 552
007362 37
007370 107
007378 858
007386 544
007394 9
007402 225
007410 651
007418 98
006916 579
006924 69
006932 304
006940 570
006948 809
006956 867
006964 862
006972 209
006980 796
006988 346
006996 170
007004 374
007012 92
007020 942
007028 468
007036 920
007044 89
007052 4
007060 118
007068 564
007076 107
007084 200
007092 991
007100 181
007108 621
007116 159
007124 811
007132 718
007140 571
007148 359
007156 278
007164 281
006913 769
006921 329
006929 83
006937 339
006945 232
006953 209
006961 483
006969 817
006977 189
006985 996
006993 372
007001 790
007009 132
007017 885
007025 556
007033 329
007041 807
007049 939
007057 993
007065 384
007073 848
007081 563
007089 797
007097 612
007105 479
007113 480
007121 819
007129 271
007137 402
007145 964
007153 779
007161 934
003584 991
003592 785
003600 341
003608 413
003616 869
003624 876
003632 502
003640 237
003648 224
003656 156
003664 517
003672 769
003680 996
003688 951
003696 614
003704 557
003712 820
003720 948
003728 387
003736 524
003744 475
003752 234
003760 275
003768 362
003776 424
003784 924
003792 865
003800 655
003808 9
003816 950
003824 436
003832 300
007429 563
007437 524
007445 442
007453 183
007461 881
007469 113
007477 590
007485 229
007493 989
007501 877
007509 322
007517 113
007525 164
007533 387
007541 571
007549 958
007557 670
007565 659
007573 196
007581 996
007589 595
007597 328
007605 68
007613 653
007621 25
007629 725
007637 659
007645 176
007653 818
007661 908
007669 130
007677 324
007431 22
007439 643
007447 365
007455 758
007463 451
007471 181
007479 864
007487 13
007495 871
007503 657
007511 445
007519 145
007527 722
007535 868
007543 441
007551 548
007559 866
007567 653
007575 297
007583 419
007591 375
007599 724
007607 139
007615 731
007623 171
007631 589
007639 438
007647 404
007655 671
007663 193
007671 793
007679 744
007174 871
007182 10
007190 525
007198 351
007206 364
007214 371
007222 75
007230 696
007238 176
007246 471
007254 301
007262 989
007270 371
007278 59
007286 170
007294 985
007302 811
007310 531
007318 809
007326 100
007334 217
007342 194
007350 360
007358 154
007366 905
007374 591
007382 503
007390 815
007398 722
007406 661
007414 794
007422 375
007426 390
007434 849
007442 403
007450 334
007458 925
007466 478
007474 567
007482 475
007490 835
007498 975
007506 232
007514 433
007522 232
007530 795
007538 607
007546 180
007554 675
007562 678
007570 170
007578 614
007586 19
007594 737
007602 375
007610 870
007618 401
007626 87
007634 984
007642 351
007650 370
007658 302
007666 92
007674 330
006403 828
006411 760
006419 369
006427 163
006435 735
006443 803
006451 0
006459 157
006467 410
006475 210
006483 745
006491 149
006499 191
006507 459
006515 417
006523 149
006531 928
006539 680
006547 429
006555 847
006563 626
006571 541
006579 544
006587 689
006595 467
006603 242
006611 737
006619 662
006627 502
006635 800
006643 613
006651 105
007172 678
007180 362
007188 529
007196 988
007204 375
007212 883
007220 303
007228 327
007236 956
007244 64
007252 592
007260 262
007268 945
007276 16
007284 471
007292 446
007300 351
007308 394
007316 382
007324 728
007332 62
007340 663
007348 42
007356 538
007364 183
007372 552
007380 149
007388 299
007396 734
007404 833
007412 375
007420 75
007169 783
007177 280
007185 387
007193 264
007201 641
007209 332
007217 828
007225 322
007233 789
007241 620
007249 67
007257 353
007265 87
007273 595
007281 99
007289 758
007297 706
007305 3
007313 310
007321 792
007329 985
007337 588
007345 846
007353 414
007361 10
007369 13
007377 627
007385 491
007393 836
007401 158
007409 301
007417 732
007685 791
007693 896
007701 29
007709 924
007717 87
007725 438
007733 217
007741 30
007749 333
007757 438
007765 824
007773 682
007781 554
007789 888
007797 439
007805 561
007813 977
007821 16
007829 759
007837 45
007845 152
007853 227
007861 748
007869 282
007877 375
007885 491
007893 832
007901 237
007909 569
007917 802
007925 739
007933 289
007687 587
007695 735
007703 916
007711 307
007719 61
007727 674
007735 887
007743 680
007751 931
007759 238
007767 857
007775 543
007783 914
007791 503
007799 889
007807 345
007815 741
007823 557
007831 612
007839 634
007847 458
007855 603
007863 841
007871 483
007879 322
007887 653
007895 816
007903 986
007911 254
007919 742
007927 31
007935 693
003840 178
003848 704
003856 816
003864 382
003872 129
003880 876
003888 628
003896 371
003904 343
003912 476
003920 233
003928 315
003936 504
003944 841
003952 493
003960 713
003968 80
003976 509
003984 240
003992 816
004000 642
004008 838
004016 920
004024 919
004032 76
004040 209
004048 10
004056 986
004064 700
004072 480
004080 463
004088 615
007430 207
007438 423
007446 776
007454 451
007462 321
007470 469
007478 94
007486 907
007494 262
007502 622
007510 155
007518 37
007526 722
007534 405
007542 966
007550 974
007558 651
007566 443
007574 220
007582 821
007590 875
007598 507
007606 912
007614 598
007622 917
007630 550
007638 104
007646 828
007654 688
007662 558
007670 201
007678 524
007682 236
007690 355
007698 351
007706 718
007714 623
007722 323
007730 526
007738 194
007746 50
007754 347
007762 560
007770 139
007778 551
007786 150
007794 761
007802 0
007810 703
007818 488
007826 842
007834 464
007842 222
007850 615
007858 533
007866 945
007874 22
007882 112
007890 890
007898 746
007906 165
007914 335
007922 255
007930 202
006659 27
006667 417
006675 620
006683 892
006691 141
006699 132
006707 563
006715 577
006723 477
006731 865
006739 846
006747 674
006755 861
006763 139
006771 860
006779 763
006787 745
006795 422
006803 563
006811 136
006819 257
006827 376
006835 150
006843 699
006851 909
006859 450
006867 570
006875 172
006883 463
006891 587
006899 507
006907 546
007428 77
007436 657
007444 399
007452 166
007460 916
007468 221
007476 593
007484 206
007492 714
007500 449
007508 822
007516 690
007524 921
007532 142
007540 196
007548 181
007556 387
007564 37
007572 672
007580 847
007588 792
007596 359
007604 970
007612 794
007620 935
007628 458
007636 420
007644 897
007652 387
007660 624
007668 792
007676 639
007425 152
007433 474
007441 257
007449 540
007457 981
007465 297
007473 512
007481 278
007489 103
007497 992
007505 308
007513 671
007521 948
007529 402
007537 945
007545 398
007553 132
007561 572
007569 876
007577 658
007585 416
007593 473
007601 293
007609 751
007617 524
007625 213
007633 527
007641 149
007649 460
007657 488
007665 625
007673 257
007941 158
007949 542
007957 359
007965 805
007973 494
007981 921
007989 618
007997 50
008005 355
008013 996
008021 194
008029 441
008037 467
008045 134
008053 80
008061 992
008069 250
008077 87
008085 662
008093 438
008101 414
008109 116
008117 281
008125 865
008133 336
008141 325
008149 417
008157 317
008165 841
008173 265
008181 876
008189 438
007943 404
007951 679
007959 544
007967 52
007975 962
007983 230
007991 529
007999 321
008007 886
008015 343
008023 928
008031 891
008039 837
008047 399
008055 784
008063 573
008071 145
008079 472
008087 647
008095 891
008103 628
008111 534
008119 945
008127 545
008135 852
008143 857
008151 202
008159 146
008167 148
008175 339
008183 364
008191 324
004096 335
004104 760
004112 831
004120 74
004128 400
004136 931
004144 383
004152 879
004160 148
004168 118
004176 170
004184 429
004192 69
004200 600
004208 743
004216 39
004224 32
004232 821
004240 190
004248 616
004256 776
004264 838
004272 69
004280 875
004288 304
004296 877
004304 489
004312 868
004320 808
004328 678
004336 494
004344 788
007938 629
007946 160
007954 553
007962 703
007970 70
007978 12
007986 538
007994 687
008002 111
008010 872
008018 723
008026 32
008034 831
008042 552
008050 217
008058 796
008066 283
008074 368
008082 234
008090 498
008098 104
008106 130
008114 543
008122 145
008130 285
008138 587
008146 296
008154 129
008162 877
008170 646
008178 323
008186 962
007686 97
007694 855
007702 653
007710 626
007718 499
007726 443
007734 662
007742 502
007750 269
007758 66
007766 392
007774 347
007782 193
007790 264
007798 382
007806 724
007814 564
007822 899
007830 894
007838 107
007846 478
007854 221
007862 791
007870 119
007878 372
007886 358
007894 731
007902 124
007910 690
007918 286
007926 106
007934 408
006915 140
006923 326
006931 665
006939 562
006947 207
006955 852
006963 617
006971 985
006979 457
006987 891
006995 220
007003 134
007011 85
007019 297
007027 28
007035 889
007043 175
007051 197
007059 921
007067 349
007075 24
007083 516
007091 543
007099 46
007107 7
007115 324
007123 940
007131 157
007139 700
007147 773
007155 762
007163 778
007684 896
007692 519
007700 988
007708 443
007716 378
007724 215
007732 840
007740 406
007748 521
007756 754
007764 602
007772 231
007780 81
007788 789
007796 852
007804 204
007812 513
007820 342
007828 986
007836 183
007844 71
007852 134
007860 887
007868 821
007876 671
007884 395
007892 329
007900 275
007908 310
007916 925
007924 47
007932 347
007681 204
007689 690
007697 27
007705 974
007713 572
007721 573
007729 953
007737 924
007745 661
007753 726
007761 767
007769 489
007777 474
007785 413
007793 425
007801 229
007809 900
007817 542
007825 720
007833 78
007841 118
007849 660
007857 193
007865 713
007873 138
007881 771
007889 165
007897 631
007905 511
007913 574
007921 538
007929 741
008199 21
008207 656
008215 666
008223 9
008231 390
008239 653
008247 691
008255 993
008263 265
008271 996
008279 394
008287 41
008295 104
008303 55
008311 139
008319 917
008327 696
008335 169
008343 106
008351 349
008359 269
008367 32
008375 118
008383 335
008391 11
008399 829
008407 38
008415 272
008423 45
008431 865
008439 166
008447 160
008197 604
008205 610
008213 588
008221 471
008229 346
008237 504
008245 14
008253 439
008261 932
008269 568
008277 85
008285 394
008293 259
008301 7
008309 15
008317 209
008325 228
008333 580
008341 588
008349 796
008357 992
008365 607
008373 498
008381 811
008389 613
008397 903
008405 503
008413 120
008421 579
008429 212
008437 402
008445 380
004352 801
004360 133
004368 831
004376 811
004384 869
004392 947
004400 551
004408 238
004416 90
004424 762
004432 64
004440 720
004448 372
004456 440
004464 887
004472 15
004480 971
004488 526
004496 152
004504 426
004512 485
004520 352
004528 237
004536 526
004544 377
004552 142
004560 540
004568 103
004576 425
004584 461
004592 45
004600 23
008194 935
008202 107
008210 455
008218 589
008226 727
008234 78
008242 746
008250 183
008258 291
008266 662
008274 274
008282 838
008290 616
008298 652
008306 542
008314 843
008322 807
008330 338
008338 500
008346 956
008354 399
008362 860
008370 861
008378 94
008386 516
008394 826
008402 551
008410 9
008418 794
008426 654
008434 542
008442 864
007942 973
007950 408
007958 986
007966 975
007974 452
007982 597
007990 373
007998 257
008006 846
008014 802
008022 694
008030 253
008038 438
008046 771
008054 136
008062 889
008070 554
008078 477
008086 602
008094 780
008102 106
008110 77
008118 657
008126 861
008134 719
008142 748
008150 41
008158 907
008166 425
008174 968
008182 508
008190 659
007171 362
007179 143
007187 683
007195 453
007203 907
007211 791
007219 927
007227 325
007235 539
007243 791
007251 28
007259 487
007267 907
007275 648
007283 190
007291 96
007299 597
007307 804
007315 641
007323 718
007331 422
007339 406
007347 185
007355 49
007363 931
007371 302
007379 335
007387 753
007395 708
007403 988
007411 351
007419 858
007940 29
007948 825
007956 656
007964 211
007972 257
007980 37
007988 108
007996 227
008004 200
008012 974
008020 70
008028 688
008036 146
008044 506
008052 620
008060 70
008068 217
008076 388
008084 971
008092 314
008100 38
008108 530
008116 811
008124 685
008132 364
008140 694
008148 385
008156 714
008164 903
008172 329
008180 447
008188 811
007937 302
007945 627
007953 961
007961 247
007969 506
007977 509
007985 628
007993 519
008001 776
008009 836
008017 609
008025 482
008033 514
008041 953
008049 624
008057 961
008065 793
008073 516
008081 172
008089 745
008097 652
008105 866
008113 73
008121 719
008129 360
008137 741
008145 131
008153 230
008161 13
008169 962
008177 154
008185 911
008455 763
008463 954
008471 567
008479 804
008487 707
008495 594
008503 806
008511 550
008519 358
008527 28
008535 657
008543 708
008551 646
008559 215
008567 698
008575 863
008583 492
008591 846
008599 706
008607 430
008615 434
008623 943
008631 622
008639 360
008647 987
008655 411
008663 559
008671 366
008679 407
008687 294
008695 115
008703 340
008453 806
008461 383
008469 567
008477 589
008485 734
008493 489
008501 553
008509 680
008517 88
008525 38
008533 987
008541 953
008549 29
008557 665
008565 852
008573 300
008581 880
008589 118
008597 297
008605 736
008613 847
008621 961
008629 544
008637 303
008645 96
008653 87
008661 445
008669 720
008677 923
008685 100
008693 902
008701 987
004608 751
004616 770
004624 113
004632 426
004640 934
004648 915
004656 91
004664 789
004672 169
004680 790
004688 931
004696 428
004704 195
004712 790
004720 470
004728 395
004736 102
004744 803
004752 746
004760 548
004768 892
004776 854
004784 923
004792 143
004800 654
004808 547
004816 516
004824 971
004832 235
004840 507
004848 179
004856 114
008450 240
008458 494
008466 426
008474 553
008482 395
008490 420
008498 44
008506 891
008514 538
008522 384
008530 16
008538 883
008546 143
008554 806
008562 368
008570 762
008578 526
008586 900
008594 272
008602 61
008610 85
008618 341
008626 236
008634 526
008642 175
008650 504
008658 13
008666 253
008674 580
008682 954
008690 374
008698 473
007427 649
007435 594
007443 849
007451 563
007459 624
007467 79
007475 41
007483 730
007491 609
007499 312
007507 224
007515 703
007523 183
007531 833
007539 927
007547 489
007555 271
007563 877
007571 435
007579 659
007587 910
007595 260
007603 752
007611 939
007619 393
007627 876
007635 518
007643 984
007651 284
007659 530
007667 921
007675 142
008198 152
008206 67
008214 68
008222 657
008230 696
008238 431
008246 471
008254 984
008262 854
008270 199
008278 905
008286 727
008294 207
008302 24
008310 78
008318 215
008326 148
008334 832
008342 183
008350 601
008358 877
008366 63
008374 126
008382 717
008390 401
008398 548
008406 609
008414 592
008422 911
008430 554
008438 281
008446 335
008196 154
008204 56
008212 86
008220 187
008228 37
008236 202
008244 667
008252 643
008260 689
008268 185
008276 21
008284 1
008292 0
008300 823
008308 781
008316 108
008324 780
008332 412
008340 101
008348 424
008356 546
008364 404
008372 607
008380 109
008388 302
008396 371
008404 389
008412 391
008420 123
008428 742
008436 669
008444 133
008193 726
008201 587
008209 163
008217 72
008225 596
008233 731
008241 324
008249 100
008257 62
008265 601
008273 262
008281 29
008289 153
008297 21
008305 754
008313 762
008321 427
008329 740
008337 903
008345 75
008353 907
008361 803
008369 89
008377 119
008385 738
008393 301
008401 392
008409 312
008417 680
008425 587
008433 848
008441 246
008711 213
008719 555
008727 603
008735 797
008743 120
008751 296
008759 217
008767 244
008775 115
008783 713
008791 868
008799 330
008807 932
008815 624
008823 438
008831 97
008839 789
008847 913
008855 964
008863 656
008871 317
008879 489
008887 189
008895 165
008903 337
008911 525
008919 518
008927 954
008935 441
008943 755
008951 726
008959 807
008709 373
008717 293
008725 797
008733 165
008741 841
008749 562
008757 340
008765 732
008773 443
008781 853
008789 167
008797 588
008805 584
008813 654
008821 742
008829 91
008837 753
008845 116
008853 754
008861 74
008869 953
008877 350
008885 383
008893 814
008901 788
008909 724
008917 651
008925 38
008933 549
008941 984
008949 707
008957 766
008706 962
008714 775
008722 352
008730 8
008738 728
008746 379
008754 187
008762 768
008770 691
008778 438
008786 258
008794 555
008802 654
008810 804
008818 440
008826 141
008834 355
008842 295
008850 839
008858 486
008866 790
008874 696
008882 746
008890 884
008898 902
008906 72
008914 215
008922 1
008930 399
008938 213
008946 968
008954 289
004864 687
004872 776
004880 506
004888 135
004896 708
004904 634
004912 510
004920 487
004928 407
004936 428
004944 126
004952 857
004960 909
004968 581
004976 863
004984 516
004992 386
005000 544
005008 121
005016 126
005024 993
005032 370
005040 584
005048 592
005056 536
005064 508
005072 748
005080 733
005088 140
005096 671
005104 863
005112 564
007683 259
007691 763
007699 883
007707 810
007715 28
007723 949
007731 635
007739 694
007747 668
007755 413
007763 61
007771 452
007779 101
007787 113
007795 489
007803 269
007811 998
007819 277
007827 774
007835 886
007843 413
007851 11
007859 470
007867 840
007875 286
007883 75
007891 175
007899 960
007907 412
007915 175
007923 123
007931 113
008452 783
008460 305
008468 381
008476 295
008484 792
008492 350
008500 837
008508 425
008516 536
008524 789
008532 948
008540 925
008548 25
008556 867
008564 884
008572 201
008580 50
008588 316
008596 432
008604 908
008612 298
008620 51
008628 905
008636 793
008644 606
008652 723
008660 594
008668 50
008676 12
008684 630
008692 762
008700 723
008454 864
008462 184
008470 402
008478 80
008486 653
008494 248
008502 885
008510 629
008518 346
008526 723
008534 609
008542 194
008550 894
008558 437
008566 960
008574 230
008582 417
008590 302
008598 293
008606 501
008614 999
008622 133
008630 103
008638 895
008646 933
008654 640
008662 144
008670 151
008678 654
008686 166
008694 790
008702 745
008449 493
008457 953
008465 439
008473 479
008481 611
008489 657
008497 155
008505 985
008513 781
008521 424
008529 108
008537 84
008545 690
008553 223
008561 515
008569 159
008577 400
008585 742
008593 579
008601 543
008609 522
008617 57
008625 586
008633 936
008641 895
008649 5
008657 373
008665 379
008673 181
008681 22
008689 516
008697 865
008967 969
008975 135
008983 110
008991 577
008999 744
009007 975
009015 938
009023 481
009031 499
009039 300
009047 487
009055 754
009063 616
009071 807
009079 657
009087 816
009095 970
009103 724
009111 218
009119 37
009127 859
009135 162
009143 645
009151 82
009159 752
009167 652
009175 885
009183 767
009191 49
009199 159
009207 771
009215 774
008965 429
008973 534
008981 581
008989 358
008997 47
009005 559
009013 775
009021 778
009029 777
009037 188
009045 46
009053 50
009061 980
009069 824
009077 980
009085 17
009093 403
009101 244
009109 661
009117 103
009125 861
009133 88
009141 363
009149 749
009157 581
009165 688
009173 285
009181 520
009189 113
009197 355
009205 77
009213 752
008962 557
008970 776
008978 469
008986 363
008994 640
009002 64
009010 856
009018 78
009026 744
009034 67
009042 459
009050 488
009058 808
009066 15
009074 253
009082 651
009090 284
009098 54
009106 106
009114 373
009122 988
009130 940
009138 375
009146 286
009154 725
009162 52
009170 861
009178 269
009186 688
009194 242
009202 715
009210 6
005120 611
005128 937
005136 796
005144 616
005152 767
005160 613
005168 406
005176 482
005184 151
005192 142
005200 933
005208 942
005216 577
005224 155
005232 686
005240 912
005248 167
005256 73
005264 742
005272 365
005280 42
005288 114
005296 282
005304 35
005312 748
005320 198
005328 96
005336 394
005344 934
005352 303
005360 181
005368 640
008708 331
008716 215
008724 829
008732 729
008740 147
008748 639
008756 508
008764 54
008772 302
008780 202
008788 398
008796 275
008804 934
008812 555
008820 909
008828 681
008836 454
008844 710
008852 550
008860 980
008868 225
008876 955
008884 694
008892 387
008900 701
008908 219
008916 888
008924 778
008932 996
008940 338
008948 146
008956 565
008710 288
008718 625
008726 725
008734 968
008742 286
008750 940
008758 710
008766 318
008774 592
008782 902
008790 700
008798 17
008806 466
008814 161
008822 171
008830 696
008838 43
008846 359
008854 344
008862 39
008870 512
008878 508
008886 882
008894 312
008902 64
008910 38
008918 72
008926 410
008934 683
008942 327
008950 851
008958 703
008705 12
008713 887
008721 829
008729 81
008737 264
008745 205
008753 463
008761 903
008769 479
008777 454
008785 470
008793 864
008801 451
008809 909
008817 320
008825 857
008833 344
008841 189
008849 375
008857 140
008865 890
008873 2
008881 563
008889 450
008897 925
008905 968
008913 111
008921 195
008929 421
008937 525
008945 609
008953 358
007939 146
007947 773
007955 623
007963 228
007971 855
007979 235
007987 120
007995 998
008003 908
008011 915
008019 809
008027 329
008035 297
008043 148
008051 113
008059 155
008067 986
008075 151
008083 440
008091 705
008099 48
008107 311
008115 195
008123 851
008131 299
008139 615
008147 618
008155 467
008163 737
008171 324
008179 209
008187 944
009221 180
009229 35
009237 726
009245 266
009253 497
009261 638
009269 76
009277 391
009285 990
009293 236
009301 12
009309 499
009317 931
009325 784
009333 211
009341 446
009349 752
009357 728
009365 899
009373 726
009381 364
009389 506
009397 718
009405 175
009413 524
009421 767
009429 194
009437 225
009445 422
009453 556
009461 804
009469 688
009223 879
009231 484
009239 234
009247 518
009255 562
009263 578
009271 2
009279 974
009287 775
009295 865
009303 712
009311 406
009319 168
009327 847
009335 685
009343 176
009351 276
009359 40
009367 701
009375 221
009383 180
009391 16
009399 817
009407 383
009415 728
009423 103
009431 171
009439 901
009447 945
009455 188
009463 317
009471 609
009218 31
009226 124
009234 790
009242 895
009250 385
009258 721
009266 542
009274 718
009282 250
009290 690
009298 828
009306 23
009314 856
009322 978
009330 970
009338 486
009346 276
009354 408
009362 197
009370 320
009378 708
009386 730
009394 183
009402 654
009410 334
009418 288
009426 221
009434 899
009442 684
009450 355
009458 549
009466 689
005376 542
005384 936
005392 747
005400 673
005408 0
005416 745
005424 86
005432 65
005440 266
005448 954
005456 785
005464 307
005472 514
005480 634
005488 927
005496 119
005504 236
005512 252
005520 708
005528 258
005536 142
005544 288
005552 819
005560 84
005568 220
005576 157
005584 174
005592 596
005600 893
005608 74
005616 537
005624 292
008964 288
008972 269
008980 771
008988 221
008996 114
009004 478
009012 379
009020 618
009028 36
009036 854
009044 979
009052 483
009060 887
009068 42
009076 494
009084 8
009092 377
009100 699
009108 657
009116 878
009124 279
009132 702
009140 847
009148 274
009156 126
009164 594
009172 375
009180 688
009188 911
009196 177
009204 782
009212 344
008966 134
008974 868
008982 857
008990 600
008998 155
009006 989
009014 373
009022 71
009030 438
009038 142
009046 132
009054 245
009062 970
009070 382
009078 10
009086 16
009094 105
009102 459
009110 593
009118 357
009126 688
009134 270
009142 275
009150 769
009158 97
009166 619
009174 19
009182 528
009190 397
009198 415
009206 983
009214 113
008961 506
008969 996
008977 565
008985 379
008993 507
009001 619
009009 88
009017 204
009025 502
009033 956
009041 867
009049 519
009057 203
009065 457
009073 195
009081 33
009089 673
009097 891
009105 603
009113 550
009121 517
009129 378
009137 779
009145 664
009153 313
009161 204
009169 452
009177 271
009185 212
009193 862
009201 695
009209 772
008195 146
008203 599
008211 136
008219 652
008227 96
008235 371
008243 144
008251 492
008259 628
008267 739
008275 930
008283 738
008291 293
008299 394
008307 765
008315 223
008323 21
008331 311
008339 659
008347 167
008355 397
008363 103
008371 51
008379 33
008387 473
008395 6
008403 357
008411 152
008419 820
008427 567
008435 337
008443 226
009477 570
009485 819
009493 270
009501 920
009509 986
009517 313
009525 852
009533 893
009541 782
009549 875
009557 291
009565 245
009573 342
009581 883
009589 158
009597 324
009605 656
009613 930
009621 332
009629 238
009637 814
009645 971
009653 926
009661 306
009669 732
009677 220
009685 275
009693 769
009701 526
009709 471
009717 937
009725 19
009479 519
009487 67
009495 625
009503 659
009511 591
009519 386
009527 436
009535 873
009543 634
009551 828
009559 899
009567 651
009575 221
009583 807
009591 416
009599 374
009607 882
009615 774
009623 641
009631 331
009639 262
009647 798
009655 826
009663 835
009671 187
009679 973
009687 274
009695 254
009703 414
009711 399
009719 243
009727 645
009474 174
009482 522
009490 850
009498 301
009506 781
009514 230
009522 150
009530 909
009538 877
009546 703
009554 931
009562 145
009570 745
009578 793
009586 266
009594 979
009602 901
009610 87
009618 49
009626 7
009634 261
009642 722
009650 669
009658 992
009666 344
009674 231
009682 224
009690 949
009698 654
009706 711
009714 89
009722 226
005632 2
005640 576
005648 486
005656 106
005664 238
005672 447
005680 501
005688 286
005696 112
005704 613
005712 832
005720 297
005728 201
005736 502
005744 925
005752 573
005760 116
005768 833
005776 312
005784 120
005792 713
005800 510
005808 942
005816 757
005824 780
005832 75
005840 684
005848 111
005856 858
005864 649
005872 771
005880 538
009220 319
009228 88
009236 393
009244 820
009252 570
009260 431
009268 389
009276 769
009284 194
009292 678
009300 750
009308 607
009316 111
009324 421
009332 499
009340 694
009348 945
009356 376
009364 87
009372 238
009380 784
009388 33
009396 186
009404 996
009412 729
009420 503
009428 85
009436 573
009444 371
009452 144
009460 161
009468 446
009222 670
009230 290
009238 38
009246 886
009254 881
009262 965
009270 437
009278 663
009286 160
009294 811
009302 978
009310 318
009318 66
009326 701
009334 608
009342 758
009350 107
009358 456
009366 442
009374 996
009382 238
009390 287
009398 808
009406 677
009414 791
009422 407
009430 48
009438 759
009446 128
009454 418
009462 49
009470 665
009217 229
009225 78
009233 219
009241 234
009249 835
009257 909
009265 625
009273 726
009281 474
009289 720
009297 879
009305 116
009313 390
009321 970
009329 629
009337 710
009345 305
009353 46
009361 381
009369 415
009377 20
009385 181
009393 56
009401 17
009409 297
009417 206
009425 237
009433 326
009441 812
009449 484
009457 669
009465 731
008451 528
008459 724
008467 8
008475 862
008483 79
008491 872
008499 608
008507 845
008515 952
008523 630
008531 864
008539 593
008547 875
008555 14
008563 499
008571 18
008579 35
008587 599
008595 879
008603 658
008611 887
008619 897
008627 120
008635 182
008643 865
008651 971
008659 929
008667 653
008675 730
008683 883
008691 444
008699 360
009733 920
009741 929
009749 473
009757 191
009765 869
009773 760
009781 433
009789 934
009797 739
009805 336
009813 160
009821 814
009829 146
009837 300
009845 1
009853 845
009861 901
009869 131
009877 303
009885 256
009893 583
009901 670
009909 339
009917 83
009925 506
009933 264
009941 467
009949 406
009957 945
009965 475
009973 39
009981 924
009735 157
009743 950
009751 963
009759 712
009767 541
009775 464
009783 778
009791 976
009799 334
009807 935
009815 379
009823 419
009831 517
009839 254
009847 589
009855 452
009863 132
009871 594
009879 915
009887 557
009895 415
009903 424
009911 682
009919 789
009927 521
009935 621
009943 318
009951 686
009959 599
009967 365
009975 922
009983 188
009730 448
009738 0
009746 703
009754 269
009762 953
009770 627
009778 301
009786 909
009794 660
009802 329
009810 327
009818 757
009826 415
009834 42
009842 134
009850 151
009858 700
009866 63
009874 747
009882 753
009890 118
009898 475
009906 121
009914 174
009922 133
009930 161
009938 688
009946 149
009954 366
009962 8
009970 194
009978 652
005888 448
005896 20
005904 162
005912 818
005920 150
005928 106
005936 697
005944 424
005952 728
005960 288
005968 512
005976 61
005984 780
005992 669
006000 259
006008 519
006016 363
006024 930
006032 986
006040 405
006048 257
006056 590
006064 103
006072 251
006080 278
006088 799
006096 356
006104 359
006112 394
006120 612
006128 933
006136 589
009476 839
009484 517
009492 620
009500 708
009508 305
009516 991
009524 119
009532 120
009540 823
009548 698
009556 710
009564 605
009572 258
009580 141
009588 582
009596 335
009604 782
009612 563
009620 36
009628 350
009636 276
009644 778
009652 113
009660 341
009668 468
009676 841
009684 970
009692 528
009700 199
009708 883
009716 788
009724 83
009478 484
009486 289
009494 983
009502 361
009510 831
009518 595
009526 758
009534 118
009542 995
009550 364
009558 409
009566 4
009574 906
009582 706
009590 711
009598 941
009606 373
009614 195
009622 672
009630 759
009638 179
009646 802
009654 295
009662 433
009670 597
009678 55
009686 74
009694 188
009702 154
009710 165
009718 923
009726 958
009473 101
009481 883
009489 76
009497 738
009505 570
009513 572
009521 943
009529 446
009537 894
009545 564
009553 105
009561 163
009569 226
009577 419
009585 371
009593 806
009601 779
009609 288
009617 964
009625 111
009633 115
009641 804
009649 448
009657 383
009665 863
009673 96
009681 727
009689 370
009697 754
009705 446
009713 735
009721 527
008707 211
008715 380
008723 505
008731 661
008739 240
008747 65
008755 493
008763 323
008771 276
008779 741
008787 462
008795 367
008803 846
008811 830
008819 18
008827 58
008835 764
008843 423
008851 349
008859 838
008867 257
008875 929
008883 902
008891 79
008899 69
008907 601
008915 293
008923 290
008931 234
008939 260
008947 97
008955 698
009989 148
009997 877
010005 965
010013 220
010021 197
010029 76
010037 920
010045 842
010053 625
010061 127
010069 452
010077 741
010085 941
010093 883
010101 333
010109 704
010117 831
010125 104
010133 617
010141 907
010149 555
010157 578
010165 699
010173 484
010181 605
010189 620
010197 175
010205 773
010213 417
010221 874
010229 845
010237 23
009991 470
009999 36
010007 520
010015 706
010023 689
010031 488
010039 318
010047 572
010055 829
010063 489
010071 637
010079 217
010087 927
010095 132
010103 664
010111 532
010119 911
010127 823
010135 489
010143 489
010151 80
010159 819
010167 782
010175 349
010183 562
010191 285
010199 293
010207 696
010215 414
010223 787
010231 639
010239 832
009986 397
009994 51
010002 456
010010 525
010018 25
010026 589
010034 997
010042 500
010050 782
010058 89
010066 277
010074 633
010082 51
010090 758
010098 815
010106 707
010114 183
010122 747
010130 280
010138 803
010146 985
010154 52
010162 85
010170 971
010178 923
010186 431
010194 669
010202 28
010210 666
010218 517
010226 569
010234 184
006144 53
006152 703
006160 315
006168 184
006176 531
006184 564
006192 55
006200 821
006208 231
006216 311
006224 798
006232 934
006240 309
006248 861
006256 144
006264 523
006272 807
006280 787
006288 560
006296 598
006304 994
006312 192
006320 704
006328 28
006336 422
006344 419
006352 900
006360 347
006368 136
006376 688
006384 922
006392 66
009732 356
009740 57
009748 971
009756 324
009764 541
009772 472
009780 723
009788 947
009796 128
009804 931
009812 34
009820 83
009828 198
009836 818
009844 922
009852 372
009860 566
009868 282
009876 748
009884 803
009892 752
009900 21
009908 861
009916 620
009924 173
009932 74
009940 755
009948 46
009956 739
009964 341
009972 736
009980 316
009734 445
009742 419
009750 113
009758 284
009766 139
009774 364
009782 804
009790 920
009798 595
009806 573
009814 260
009822 392
009830 820
009838 94
009846 277
009854 233
009862 717
009870 655
009878 685
009886 747
009894 258
009902 836
009910 161
009918 152
009926 383
009934 296
009942 626
009950 444
009958 940
009966 599
009974 49
009982 662
009729 707
009737 946
009745 484
009753 204
009761 15
009769 505
009777 11
009785 869
009793 131
009801 613
009809 75
009817 983
009825 281
009833 772
009841 289
009849 384
009857 286
009865 958
009873 77
009881 611
009889 101
009897 658
009905 771
009913 455
009921 889
009929 117
009937 848
009945 410
009953 864
009961 713
009969 953
009977 889
010245 414
010253 532
010261 17
010269 494
010277 319
010285 238
010293 306
010301 971
010309 451
010317 497
010325 898
010333 515
010341 139
010349 490
010357 597
010365 248
010373 481
010381 286
010389 751
010397 184
010405 642
010413 448
010421 28
010429 968
010437 701
010445 908
010453 632
010461 764
010469 415
010477 566
010485 80
010493 723
008963 634
008971 259
008979 310
008987 572
008995 629
009003 472
009011 191
009019 138
009027 60
009035 475
009043 200
009051 27
009059 57
009067 375
009075 139
009083 659
009091 444
009099 984
009107 479
009115 561
009123 69
009131 188
009139 304
009147 532
009155 632
009163 733
009171 18
009179 889
009187 396
009195 458
009203 552
009211 784
010247 616
010255 335
010263 690
010271 192
010279 633
010287 852
010295 303
010303 141
010311 69
010319 681
010327 861
010335 20
010343 294
010351 227
010359 386
010367 225
010375 73
010383 118
010391 549
010399 384
010407 746
010415 109
010423 277
010431 194
010439 984
010447 736
010455 980
010463 714
010471 148
010479 377
010487 229
010495 451
010242 790
010250 651
010258 24
010266 793
010274 62
010282 525
010290 99
010298 780
010306 610
010314 789
010322 33
010330 922
010338 361
010346 212
010354 881
010362 222
010370 982
010378 83
010386 978
010394 240
010402 961
010410 836
010418 503
010426 124
010434 790
010442 23
010450 26
010458 540
010466 461
010474 889
010482 619
010490 13
006400 250
006408 466
006416 137
006424 672
006432 386
006440 199
006448 305
006456 745
006464 236
006472 853
006480 701
006488 599
006496 714
006504 615
006512 910
006520 720
006528 113
006536 201
006544 481
006552 943
006560 557
006568 616
006576 535
006584 182
006592 882
006600 153
006608 807
006616 928
006624 437
006632 255
006640 913
006648 436
009988 818
009996 745
010004 650
010012 136
010020 891
010028 798
010036 362
010044 951
010052 983
010060 606
010068 67
010076 136
010084 952
010092 365
010100 421
010108 867
010116 467
010124 273
010132 13
010140 51
010148 510
010156 847
010164 428
010172 859
010180 247
010188 443
010196 58
010204 29
010212 272
010220 473
010228 163
010236 391
009990 744
009998 979
010006 204
010014 872
010022 391
010030 72
010038 543
010046 152
010054 477
010062 608
010070 67
010078 388
010086 593
010094 549
010102 561
010110 920
010118 651
010126 287
010134 593
010142 70
010150 961
010158 919
010166 504
010174 328
010182 852
010190 734
010198 299
010206 535
010214 974
010222 119
010230 667
010238 792
009985 208
009993 137
010001 142
010009 309
010017 837
010025 35
010033 571
010041 94
010049 827
010057 644
010065 402
010073 422
010081 284
010089 474
010097 970
010105 374
010113 427
010121 793
010129 241
010137 815
010145 731
010153 943
010161 613
010169 714
010177 227
010185 813
010193 87
010201 856
010209 222
010217 742
010225 527
010233 14
010501 492
010509 766
010517 836
010525 44
010533 719
010541 358
010549 311
010557 945
010565 306
010573 880
010581 768
010589 222
010597 501
010605 363
010613 953
010621 22
010629 906
010637 601
010645 749
010653 275
010661 973
010669 748
010677 300
010685 670
010693 71
010701 111
010709 760
010717 104
010725 549
010733 592
010741 501
010749 965
010503 893
010511 127
010519 897
010527 123
010535 374
010543 65
010551 781
010559 84
010567 652
010575 75
010583 515
010591 787
010599 202
010607 508
010615 155
010623 452
010631 964
010639 7
010647 83
010655 297
010663 869
010671 442
010679 776
010687 415
010695 594
010703 893
010711 731
010719 894
010727 211
010735 818
010743 290
010751 240
009219 669
009227 21
009235 999
009243 988
009251 253
009259 661
009267 227
009275 515
009283 254
009291 362
009299 662
009307 519
009315 785
009323 556
009331 792
009339 253
009347 215
009355 469
009363 834
009371 189
009379 258
009387 351
009395 240
009403 483
009411 762
009419 273
009427 516
009435 625
009443 58
009451 584
009459 833
009467 412
010498 578
010506 112
010514 124
010522 149
010530 960
010538 965
010546 356
010554 869
010562 259
010570 693
010578 985
010586 20
010594 709
010602 217
010610 3
010618 874
010626 27
010634 897
010642 124
010650 742
010658 101
010666 182
010674 284
010682 187
010690 341
010698 182
010706 966
010714 207
010722 248
010730 242
010738 975
010746 290
006656 565
006664 282
006672 399
006680 647
006688 644
006696 898
006704 487
006712 153
006720 909
006728 576
006736 43
006744 767
006752 932
006760 116
006768 500
006776 113
006784 517
006792 421
006800 995
006808 933
006816 635
006824 188
006832 677
006840 399
006848 509
006856 504
006864 739
006872 699
006880 115
006888 661
006896 56
006904 371
010244 494
010252 284
010260 2
010268 862
010276 375
010284 571
010292 254
010300 822
010308 406
010316 575
010324 861
010332 30
010340 818
010348 85
010356 439
010364 468
010372 644
010380 343
010388 643
010396 156
010404 734
010412 56
010420 926
010428 625
010436 619
010444 594
010452 825
010460 386
010468 366
010476 724
010484 276
010492 125
010246 568
010254 71
010262 575
010270 567
010278 381
010286 229
010294 612
010302 696
010310 94
010318 574
010326 540
010334 741
010342 437
010350 8
010358 413
010366 290
010374 667
010382 424
010390 415
010398 753
010406 517
010414 397
010422 59
010430 172
010438 785
010446 130
010454 813
010462 948
010470 660
010478 579
010486 407
010494 903
010241 318
010249 665
010257 284
010265 967
010273 428
010281 429
010289 392
010297 798
010305 134
010313 3
010321 950
010329 168
010337 700
010345 857
010353 533
010361 941
010369 203
010377 929
010385 829
010393 684
010401 348
010409 530
010417 291
010425 988
010433 147
010441 648
010449 201
010457 755
010465 469
010473 178
010481 862
010489 716
010757 490
010765 201
010773 384
010781 438
010789 174
010797 885
010805 292
010813 295
010821 939
010829 362
010837 413
010845 996
010853 69
010861 423
010869 696
010877 393
010885 74
010893 548
010901 942
010909 371
010917 592
010925 441
010933 400
010941 103
010949 596
010957 910
010965 848
010973 383
010981 35
010989 692
010997 437
011005 636
010759 617
010767 65
010775 163
010783 66
010791 22
010799 688
010807 339
010815 468
010823 648
010831 181
010839 182
010847 163
010855 365
010863 252
010871 229
010879 250
010887 291
010895 576
010903 759
010911 873
010919 327
010927 855
010935 411
010943 404
010951 905
010959 186
010967 787
010975 274
010983 120
010991 940
010999 596
011007 87
009475 196
009483 128
009491 227
009499 409
009507 644
009515 432
009523 446
009531 881
009539 681
009547 63
009555 134
009563 479
009571 882
009579 213
009587 94
009595 736
009603 183
009611 357
009619 683
009627 721
009635 302
009643 15
009651 244
009659 404
009667 722
009675 441
009683 203
009691 188
009699 462
009707 700
009715 351
009723 308
010754 441
010762 519
010770 432
010778 71
010786 800
010794 915
010802 354
010810 297
010818 965
010826 601
010834 339
010842 781
010850 238
010858 79
010866 681
010874 989
010882 463
010890 186
010898 574
010906 519
010914 136
010922 750
010930 961
010938 945
010946 44
010954 449
010962 238
010970 836
010978 316
010986 163
010994 57
011002 232
006912 58
006920 227
006928 40
006936 807
006944 855
006952 475
006960 846
006968 535
006976 755
006984 244
006992 652
007000 618
007008 770
007016 451
007024 347
007032 912
007040 278
007048 141
007056 742
007064 496
007072 873
007080 374
007088 376
007096 80
007104 437
007112 921
007120 33
007128 411
007136 251
007144 864
007152 161
007160 610
010500 753
010508 29
010516 787
010524 295
010532 422
010540 142
010548 991
010556 266
010564 521
010572 664
010580 192
010588 384
010596 823
010604 901
010612 949
010620 516
010628 84
010636 750
010644 719
010652 396
010660 431
010668 178
010676 91
010684 728
010692 131
010700 379
010708 616
010716 106
010724 146
010732 74
010740 381
010748 549
010502 89
010510 353
010518 998
010526 605
010534 914
010542 12
010550 30
010558 771
010566 522
010574 944
010582 673
010590 318
010598 177
010606 961
010614 52
010622 883
010630 606
010638 968
010646 626
010654 461
010662 498
010670 251
010678 1
010686 810
010694 849
010702 555
010710 623
010718 133
010726 614
010734 897
010742 196
010750 886
010497 281
010505 132
010513 866
010521 391
010529 583
010537 680
010545 722
010553 652
010561 32
010569 476
010577 498
010585 515
010593 252
010601 558
010609 890
010617 709
010625 354
010633 587
010641 535
010649 515
010657 590
010665 195
010673 84
010681 191
010689 136
010697 859
010705 136
010713 60
010721 351
010729 365
010737 348
010745 14
011013 645
011021 613
011029 208
011037 688
011045 910
011053 54
011061 818
011069 446
011077 353
011085 574
011093 155
011101 131
011109 589
011117 548
011125 654
011133 615
011141 778
011149 793
011157 893
011165 179
011173 489
011181 168
011189 567
011197 379
011205 260
011213 435
011221 868
011229 956
011237 3
011245 904
011253 282
011261 796
011015 781
011023 778
011031 888
011039 829
011047 594
011055 568
011063 123
011071 632
011079 264
011087 825
011095 712
011103 729
011111 590
011119 517
011127 466
011135 322
011143 228
011151 847
011159 801
011167 720
011175 603
011183 340
011191 903
011199 793
011207 689
011215 803
011223 781
011231 698
011239 405
011247 233
011255 205
011263 416
009731 752
009739 256
009747 484
009755 111
009763 270
009771 987
009779 891
009787 339
009795 263
009803 513
009811 520
009819 636
009827 460
009835 242
009843 98
009851 98
009859 853
009867 992
009875 821
009883 781
009891 850
009899 972
009907 780
009915 300
009923 663
009931 353
009939 98
009947 284
009955 343
009963 4
009971 192
009979 232
011010 537
011018 244
011026 369
011034 783
011042 17
011050 736
011058 479
011066 8
011074 763
011082 57
011090 173
011098 110
011106 964
011114 853
011122 177
011130 70
011138 810
011146 622
011154 454
011162 132
011170 449
011178 26
011186 889
011194 49
011202 587
011210 764
011218 728
011226 548
011234 613
011242 508
011250 226
011258 317
007168 594
007176 709
007184 140
007192 748
007200 680
007208 877
007216 280
007224 19
007232 176
007240 997
007248 709
007256 469
007264 799
007272 881
007280 916
007288 301
007296 484
007304 822
007312 999
007320 394
007328 737
007336 511
007344 650
007352 450
007360 872
007368 865
007376 521
007384 257
007392 422
007400 605
007408 894
007416 228
010756 292
010764 790
010772 68
010780 817
010788 704
010796 622
010804 734
010812 761
010820 47
010828 950
010836 464
010844 969
010852 180
010860 719
010868 298
010876 155
010884 781
010892 741
010900 393
010908 574
010916 870
010924 251
010932 514
010940 690
010948 454
010956 519
010964 916
010972 629
010980 913
010988 338
010996 529
011004 369
010753 962
010761 405
010769 473
010777 464
010785 832
010793 329
010801 941
010809 394
010817 512
010825 174
010833 188
010841 721
010849 508
010857 319
010865 871
010873 361
010881 773
010889 177
010897 59
010905 77
010913 900
010921 378
010929 926
010937 181
010945 562
010953 832
010961 329
010969 43
010977 43
010985 604
010993 777
011001 657
010758 392
010766 951
010774 839
010782 950
010790 229
010798 266
010806 872
010814 143
010822 825
010830 175
010838 190
010846 125
010854 987
010862 978
010870 826
010878 374
010886 469
010894 160
010902 445
010910 821
010918 431
010926 938
010934 706
010942 118
010950 36
010958 408
010966 930
010974 262
010982 826
010990 159
010998 515
011006 422
011269 921
011277 752
011285 485
011293 323
011301 455
011309 500
011317 53
011325 33
011333 672
011341 230
011349 853
011357 760
011365 770
011373 898
011381 537
011389 40
011397 387
011405 712
011413 655
011421 812
011429 291
011437 223
011445 893
011453 450
011461 356
011469 212
011477 218
011485 521
011493 743
011501 850
011509 844
011517 296
011271 685
011279 244
011287 271
011295 406
011303 404
011311 65
011319 995
011327 117
011335 758
011343 156
011351 502
011359 924
011367 20
011375 857
011383 718
011391 17
011399 350
011407 640
011415 550
011423 513
011431 630
011439 371
011447 12
011455 786
011463 579
011471 851
011479 667
011487 131
011495 105
011503 431
011511 834
011519 945
011266 437
011274 160
011282 381
011290 148
011298 283
011306 703
011314 412
011322 625
011330 387
011338 716
011346 577
011354 366
011362 878
011370 383
011378 916
011386 209
011394 440
011402 69
011410 163
011418 970
011426 703
011434 511
011442 417
011450 496
011458 776
011466 631
011474 152
011482 414
011490 510
011498 998
011506 480
011514 919
009987 812
009995 304
010003 483
010011 300
010019 860
010027 326
010035 729
010043 202
010051 198
010059 890
010067 84
010075 268
010083 46
010091 883
010099 97
010107 568
010115 670
010123 635
010131 816
010139 750
010147 840
010155 178
010163 760
010171 649
010179 376
010187 708
010195 334
010203 231
010211 441
010219 522
010227 590
010235 39
007424 10
007432 557
007440 953
007448 853
007456 678
007464 450
007472 24
007480 780
007488 597
007496 884
007504 987
007512 575
007520 909
007528 7
007536 76
007544 843
007552 181
007560 11
007568 234
007576 692
007584 494
007592 453
007600 476
007608 722
007616 351
007624 694
007632 64
007640 623
007648 329
007656 783
007664 138
007672 106
011012 21
011020 730
011028 896
011036 222
011044 630
011052 662
011060 840
011068 946
011076 625
011084 682
011092 743
011100 591
011108 915
011116 410
011124 194
011132 602
011140 172
011148 108
011156 428
011164 827
011172 966
011180 301
011188 717
011196 118
011204 750
011212 331
011220 186
011228 300
011236 657
011244 865
011252 536
011260 413
011014 963
011022 524
011030 454
011038 481
011046 626
011054 341
011062 25
011070 449
011078 658
011086 306
011094 423
011102 404
011110 247
011118 320
011126 92
011134 750
011142 1
011150 731
011158 592
011166 789
011174 215
011182 258
011190 899
011198 694
011206 810
011214 229
011222 639
011230 922
011238 152
011246 316
011254 641
011262 238
011525 976
011533 467
011541 209
011549 564
011557 838
011565 942
011573 558
011581 967
011589 992
011597 164
011605 710
011613 379
011621 89
011629 790
011637 788
011645 586
011653 914
011661 60
011669 816
011677 955
011685 324
011693 956
011701 716
011709 740
011717 770
011725 779
011733 303
011741 770
011749 970
011757 911
011765 154
011773 743
011009 448
011017 593
011025 187
011033 936
011041 224
011049 379
011057 7
011065 579
011073 813
011081 651
011089 562
011097 512
011105 791
011113 346
011121 71
011129 988
011137 854
011145 889
011153 476
011161 297
011169 899
011177 255
011185 418
011193 677
011201 795
011209 558
011217 22
011225 499
011233 208
011241 7
011249 3
011257 213
011527 607
011535 469
011543 974
011551 985
011559 928
011567 475
011575 812
011583 491
011591 798
011599 12
011607 618
011615 810
011623 750
011631 476
011639 986
011647 106
011655 362
011663 684
011671 437
011679 237
011687 32
011695 379
011703 117
011711 503
011719 90
011727 167
011735 829
011743 54
011751 191
011759 377
011767 450
011775 186
011522 927
011530 657
011538 9
011546 140
011554 261
011562 544
011570 362
011578 808
011586 796
011594 337
011602 865
011610 713
011618 471
011626 684
011634 694
011642 736
011650 845
011658 431
011666 969
011674 70
011682 366
011690 473
011698 350
011706 348
011714 818
011722 579
011730 796
011738 214
011746 901
011754 305
011762 253
011770 446
010243 500
010251 271
010259 676
010267 973
010275 395
010283 424
010291 21
010299 68
010307 473
010315 420
010323 914
010331 44
010339 207
010347 956
010355 42
010363 168
010371 594
010379 9
010387 456
010395 167
010403 100
010411 382
010419 516
010427 485
010435 987
010443 407
010451 863
010459 150
010467 353
010475 40
010483 848
010491 516
011268 225
011276 26
011284 720
011292 230
011300 984
011308 579
011316 845
011324 198
011332 570
011340 661
011348 314
011356 688
011364 61
011372 438
011380 175
011388 67
011396 271
011404 925
011412 963
011420 916
011428 161
011436 6
011444 441
011452 147
011460 878
011468 972
011476 760
011484 727
011492 64
011500 924
011508 726
011516 754
007680 423
007688 0
007696 988
007704 637
007712 501
007720 698
007728 518
007736 533
007744 221
007752 263
007760 704
007768 247
007776 82
007784 741
007792 93
007800 130
007808 717
007816 678
007824 845
007832 674
007840 264
007848 298
007856 316
007864 595
007872 526
007880 592
007888 813
007896 9
007904 67
007912 89
007920 621
007928 12
011781 729
011789 656
011797 12
011805 917
011813 834
011821 547
011829 687
011837 844
011845 207
011853 454
011861 844
011869 175
011877 858
011885 808
011893 691
011901 44
011909 320
011917 295
011925 757
011933 326
011941 407
011949 820
011957 637
011965 80
011973 811
011981 104
011989 876
011997 701
012005 59
012013 801
012021 266
012029 114
011270 623
011278 402
011286 694
011294 160
011302 545
011310 50
011318 104
011326 70
011334 996
011342 370
011350 717
011358 505
011366 24
011374 98
011382 881
011390 945
011398 177
011406 142
011414 575
011422 356
011430 551
011438 528
011446 505
011454 543
011462 877
011470 369
011478 696
011486 394
011494 682
011502 978
011510 246
011518 957
011265 703
011273 173
011281 70
011289 900
011297 609
011305 304
011313 739
011321 810
011329 176
011337 717
011345 516
011353 80
011361 620
011369 828
011377 425
011385 788
011393 305
011401 74
011409 651
011417 70
011425 426
011433 929
011441 631
011449 695
011457 188
011465 298
011473 926
011481 752
011489 292
011497 331
011505 296
011513 40
011783 985
011791 42
011799 443
011807 451
011815 230
011823 129
011831 959
011839 838
011847 312
011855 312
011863 128
011871 315
011879 915
011887 15
011895 155
011903 332
011911 761
011919 817
011927 802
011935 57
011943 206
011951 24
011959 187
011967 673
011975 997
011983 698
011991 941
011999 842
012007 756
012015 655
012023 649
012031 135
011778 109
011786 266
011794 640
011802 972
011810 958
011818 800
011826 940
011834 258
011842 542
011850 68
011858 396
011866 367
011874 442
011882 550
011890 126
011898 115
011906 677
011914 651
011922 534
011930 889
011938 227
011946 425
011954 232
011962 340
011970 585
011978 661
011986 225
011994 80
012002 37
012010 892
012018 376
012026 961
010499 474
010507 714
010515 984
010523 11
010531 298
010539 368
010547 161
010555 454
010563 931
010571 971
010579 973
010587 538
010595 867
010603 108
010611 476
010619 624
010627 102
010635 937
010643 58
010651 503
010659 324
010667 46
010675 454
010683 885
010691 851
010699 905
010707 597
010715 135
010723 392
010731 706
010739 473
010747 765
007936 216
007944 744
007952 572
007960 56
007968 996
007976 873
007984 788
007992 705
008000 56
008008 435
008016 639
008024 763
008032 950
008040 816
008048 696
008056 701
008064 959
008072 182
008080 715
008088 265
008096 213
008104 975
008112 829
008120 50
008128 636
008136 223
008144 932
008152 76
008160 412
008168 774
008176 275
008184 585
011524 768
011532 459
011540 597
011548 981
011556 501
011564 318
011572 246
011580 388
011588 253
011596 232
011604 192
011612 478
011620 737
011628 348
011636 811
011644 549
011652 799
011660 937
011668 236
011676 965
011684 789
011692 989
011700 695
011708 533
011716 836
011724 170
011732 89
011740 951
011748 407
011756 209
011764 412
011772 407
012037 553
012045 783
012053 305
012061 915
012069 401
012077 23
012085 793
012093 987
012101 656
012109 152
012117 158
012125 75
012133 347
012141 319
012149 154
012157 566
012165 494
012173 251
012181 127
012189 858
012197 983
012205 540
012213 779
012221 130
012229 516
012237 184
012245 809
012253 231
012261 532
012269 67
012277 58
012285 892
011526 679
011534 446
011542 263
011550 934
011558 256
011566 465
011574 819
011582 241
011590 585
011598 663
011606 616
011614 397
011622 808
011630 818
011638 143
011646 793
011654 412
011662 284
011670 350
011678 692
011686 682
011694 616
011702 298
011710 134
011718 533
011726 435
011734 989
011742 387
011750 563
011758 419
011766 9
011774 764
011521 236
011529 243
011537 333
011545 547
011553 749
011561 523
011569 491
011577 1
011585 506
011593 150
011601 266
011609 276
011617 942
011625 615
011633 569
011641 865
011649 950
011657 177
011665 449
011673 963
011681 571
011689 862
011697 509
011705 831
011713 720
011721 711
011729 987
011737 26
011745 495
011753 723
011761 578
011769 531
012039 207
012047 769
012055 13
012063 353
012071 737
012079 532
012087 979
012095 68
012103 852
012111 295
012119 272
012127 228
012135 873
012143 310
012151 355
012159 921
012167 683
012175 530
012183 536
012191 261
012199 670
012207 180
012215 314
012223 812
012231 970
012239 974
012247 508
012255 912
012263 851
012271 22
012279 389
012287 891
012034 242
012042 635
012050 358
012058 888
012066 489
012074 936
012082 677
012090 204
012098 794
012106 849
012114 145
012122 185
012130 556
012138 550
012146 285
012154 987
012162 267
012170 617
012178 570
012186 70
012194 982
012202 624
012210 361
012218 471
012226 27
012234 714
012242 131
012250 340
012258 406
012266 432
012274 692
012282 353
010755 444
010763 997
010771 739
010779 535
010787 806
010795 368
010803 869
010811 100
010819 879
010827 956
010835 975
010843 979
010851 687
010859 335
010867 383
010875 363
010883 92
010891 27
010899 143
010907 412
010915 325
010923 428
010931 376
010939 187
010947 671
010955 619
010963 967
010971 873
010979 939
010987 488
010995 675
011003 960
008192 562
008200 358
008208 577
008216 546
008224 774
008232 9
008240 296
008248 545
008256 431
008264 929
008272 929
008280 324
008288 318
008296 944
008304 938
008312 970
008320 335
008328 525
008336 620
008344 574
008352 488
008360 112
008368 926
008376 162
008384 625
008392 480
008400 98
008408 381
008416 633
008424 971
008432 473
008440 888
011780 954
011788 288
011796 493
011804 964
011812 466
011820 695
011828 154
011836 588
011844 425
011852 330
011860 429
011868 499
011876 761
011884 285
011892 89
011900 846
011908 940
011916 324
011924 782
011932 6
011940 260
011948 771
011956 690
011964 989
011972 178
011980 848
011988 520
011996 965
012004 813
012012 961
012020 420
012028 105
012293 433
012301 330
012309 388
012317 49
012325 665
012333 547
012341 491
012349 112
012357 50
012365 38
012373 721
012381 160
012389 446
012397 474
012405 902
012413 398
012421 960
012429 792
012437 135
012445 710
012453 121
012461 717
012469 456
012477 673
012485 573
012493 923
012501 243
012509 643
012517 174
012525 337
012533 16
012541 695
011782 394
011790 665
011798 451
011806 705
011814 815
011822 386
011830 427
011838 870
011846 340
011854 477
011862 754
011870 637
011878 146
011886 206
011894 372
011902 550
011910 638
011918 320
011926 930
011934 409
011942 665
011950 235
011958 507
011966 748
011974 422
011982 945
011990 515
011998 518
012006 291
012014 372
012022 542
012030 933
011777 368
011785 765
011793 462
011801 229
011809 814
011817 523
011825 522
011833 334
011841 501
011849 716
011857 119
011865 567
011873 898
011881 933
011889 126
011897 697
011905 501
011913 333
011921 278
011929 568
011937 664
011945 946
011953 892
011961 457
011969 532
011977 792
011985 935
011993 149
012001 520
012009 2
012017 25
012025 802
012295 126
012303 549
012311 785
012319 990
012327 282
012335 640
012343 94
012351 8
012359 795
012367 194
012375 283
012383 747
012391 162
012399 700
012407 996
012415 346
012423 661
012431 760
012439 593
012447 107
012455 384
012463 531
012471 231
012479 144
012487 795
012495 78
012503 632
012511 925
012519 414
012527 225
012535 242
012543 680
012290 63
012298 230
012306 400
012314 355
012322 798
012330 219
012338 590
012346 481
012354 442
012362 940
012370 985
012378 465
012386 17
012394 393
012402 364
012410 564
012418 441
012426 925
012434 451
012442 382
012450 674
012458 164
012466 887
012474 895
012482 788
012490 162
012498 35
012506 638
012514 479
012522 949
012530 249
012538 421
011011 467
011019 217
011027 169
011035 600
011043 154
011051 567
011059 501
011067 495
011075 837
011083 502
011091 549
011099 786
011107 442
011115 610
011123 697
011131 316
011139 674
011147 168
011155 26
011163 576
011171 86
011179 286
011187 912
011195 305
011203 58
011211 466
011219 190
011227 455
011235 979
011243 382
011251 124
011259 161
012036 549
012044 806
012052 746
012060 363
012068 26
012076 191
012084 181
012092 169
012100 323
012108 197
012116 689
012124 121
012132 326
012140 474
012148 849
012156 525
012164 647
012172 352
012180 596
012188 389
012196 234
012204 342
012212 108
012220 153
012228 757
012236 404
012244 471
012252 290
012260 94
012268 674
012276 342
012284 378
008448 242
008456 329
008464 486
008472 711
008480 825
008488 926
008496 786
008504 607
008512 253
008520 799
008528 91
008536 570
008544 290
008552 815
008560 412
008568 524
008576 788
008584 344
008592 844
008600 595
008608 475
008616 664
008624 251
008632 958
008640 246
008648 983
008656 643
008664 749
008672 142
008680 545
008688 444
008696 257
012549 26
012557 12
012565 636
012573 721
012581 55
012589 602
012597 1
012605 866
012613 608
012621 342
012629 141
012637 596
012645 12
012653 206
012661 674
012669 173
012677 145
012685 123
012693 179
012701 505
012709 429
012717 62
012725 728
012733 643
012741 839
012749 63
012757 594
012765 198
012773 625
012781 942
012789 982
012797 990
012038 903
012046 116
012054 678
012062 201
012070 434
012078 712
012086 499
012094 445
012102 416
012110 494
012118 549
012126 177
012134 658
012142 625
012150 727
012158 924
012166 608
012174 594
012182 375
012190 914
012198 557
012206 214
012214 610
012222 97
012230 891
012238 317
012246 513
012254 802
012262 212
012270 354
012278 153
012286 588
012033 734
012041 84
012049 686
012057 321
012065 664
012073 275
012081 949
012089 677
012097 703
012105 15
012113 374
012121 236
012129 181
012137 398
012145 945
012153 143
012161 856
012169 98
012177 33
012185 724
012193 265
012201 186
012209 601
012217 437
012225 992
012233 521
012241 335
012249 818
012257 20
012265 74
012273 522
012281 308
012551 125
012559 686
012567 698
012575 480
012583 706
012591 372
012599 769
012607 845
012615 854
012623 766
012631 211
012639 497
012647 499
012655 112
012663 177
012671 899
012679 550
012687 725
012695 309
012703 45
012711 83
012719 111
012727 164
012735 129
012743 291
012751 774
012759 549
012767 91
012775 491
012783 331
012791 216
012799 863
012546 145
012554 650
012562 649
012570 225
012578 926
012586 95
012594 847
012602 218
012610 525
012618 563
012626 624
012634 389
012642 418
012650 507
012658 779
012666 44
012674 908
012682 259
012690 431
012698 300
012706 333
012714 864
012722 534
012730 197
012738 442
012746 866
012754 116
012762 578
012770 450
012778 269
012786 825
012794 683
011267 895
011275 8
011283 138
011291 749
011299 266
011307 472
011315 877
011323 382
011331 108
011339 852
011347 401
011355 924
011363 791
011371 506
011379 693
011387 763
011395 143
011403 858
011411 43
011419 112
011427 688
011435 625
011443 299
011451 438
011459 440
011467 714
011475 642
011483 687
011491 67
011499 506
011507 86
011515 464
012292 609
012300 555
012308 554
012316 708
012324 698
012332 118
012340 77
012348 699
012356 802
012364 413
012372 492
012380 713
012388 330
012396 624
012404 183
012412 652
012420 153
012428 483
012436 416
012444 851
012452 49
012460 84
012468 729
012476 302
012484 735
012492 269
012500 52
012508 25
012516 442
012524 165
012532 765
012540 577
008704 275
008712 982
008720 484
008728 873
008736 917
008744 616
008752 388
008760 224
008768 306
008776 618
008784 8
008792 566
008800 780
008808 234
008816 54
008824 40
008832 96
008840 885
008848 382
008856 20
008864 515
008872 112
008880 444
008888 843
008896 288
008904 516
008912 905
008920 450
008928 811
008936 955
008944 255
008952 87
012805 321
012813 570
012821 610
012829 623
012837 652
012845 185
012853 361
012861 99
012869 553
012877 472
012885 211
012893 74
012901 1
012909 4
012917 885
012925 459
012933 123
012941 228
012949 319
012957 737
012965 592
012973 516
012981 875
012989 612
012997 125
013005 296
013013 896
013021 904
013029 150
013037 792
013045 78
013053 615
012294 815
012302 634
012310 543
012318 417
012326 529
012334 168
012342 230
012350 531
012358 669
012366 147
012374 926
012382 974
012390 882
012398 273
012406 504
012414 464
012422 788
012430 444
012438 198
012446 243
012454 837
012462 229
012470 289
012478 197
012486 42
012494 891
012502 534
012510 206
012518 185
012526 855
012534 751
012542 941
012289 35
012297 619
012305 948
012313 33
012321 235
012329 36
012337 703
012345 818
012353 325
012361 636
012369 321
012377 61
012385 626
012393 961
012401 331
012409 218
012417 499
012425 541
012433 712
012441 395
012449 603
012457 384
012465 727
012473 992
012481 703
012489 408
012497 1
012505 195
012513 474
012521 941
012529 696
012537 566
012807 563
012815 907
012823 949
012831 651
012839 769
012847 581
012855 251
012863 162
012871 805
012879 632
012887 741
012895 350
012903 512
012911 253
012919 3
012927 250
012935 669
012943 145
012951 68
012959 166
012967 711
012975 245
012983 303
012991 468
012999 310
013007 27
013015 32
013023 308
013031 813
013039 439
013047 577
013055 896
012802 850
012810 422
012818 343
012826 970
012834 207
012842 626
012850 999
012858 527
012866 696
012874 619
012882 843
012890 501
012898 956
012906 359
012914 842
012922 881
012930 674
012938 560
012946 594
012954 922
012962 246
012970 823
012978 13
012986 429
012994 398
013002 888
013010 126
013018 979
013026 13
013034 466
013042 277
013050 835
011523 437
011531 600
011539 309
011547 346
011555 820
011563 25
011571 264
011579 630
011587 37
011595 3
011603 328
011611 62
011619 358
011627 576
011635 61
011643 26
011651 929
011659 863
011667 390
011675 249
011683 804
011691 499
011699 306
011707 89
011715 316
011723 324
011731 667
011739 833
011747 89
011755 875
011763 752
011771 935
008960 456
008968 871
008976 690
008984 524
008992 417
009000 673
009008 830
009016 4
009024 198
009032 668
009040 267
009048 281
009056 128
009064 138
009072 724
009080 604
009088 775
009096 613
009104 463
009112 94
009120 733
009128 685
009136 115
009144 175
009152 733
009160 65
009168 918
009176 909
009184 966
009192 84
009200 697
009208 405
012548 35
012556 515
012564 674
012572 589
012580 320
012588 835
012596 409
012604 646
012612 884
012620 843
012628 23
012636 33
012644 779
012652 531
012660 196
012668 861
012676 414
012684 592
012692 631
012700 220
012708 901
012716 740
012724 171
012732 545
012740 342
012748 476
012756 902
012764 336
012772 421
012780 156
012788 133
012796 739
013061 176
013069 225
013077 165
013085 820
013093 231
013101 275
013109 786
013117 508
013125 615
013133 70
013141 810
013149 832
013157 948
013165 862
013173 384
013181 332
013189 885
013197 872
013205 999
013213 969
013221 534
013229 128
013237 701
013245 623
013253 229
013261 729
013269 38
013277 582
013285 865
013293 299
013301 559
013309 695
012550 973
012558 729
012566 97
012574 683
012582 663
012590 106
012598 601
012606 11
012614 858
012622 57
012630 49
012638 241
012646 907
012654 402
012662 147
012670 637
012678 791
012686 821
012694 868
012702 937
012710 291
012718 867
012726 794
012734 201
012742 77
012750 294
012758 408
012766 8
012774 524
012782 59
012790 590
012798 631
013063 578
013071 811
013079 498
013087 987
013095 289
013103 516
013111 80
013119 745
013127 716
013135 837
013143 826
013151 806
013159 579
013167 582
013175 665
013183 997
013191 93
013199 725
013207 172
013215 252
013223 980
013231 367
013239 683
013247 156
013255 291
013263 56
013271 747
013279 296
013287 814
013295 139
013303 695
013311 495
012545 314
012553 446
012561 712
012569 715
012577 978
012585 953
012593 582
012601 926
012609 764
012617 987
012625 748
012633 601
012641 567
012649 335
012657 12
012665 928
012673 616
012681 722
012689 381
012697 974
012705 69
012713 166
012721 581
012729 679
012737 509
012745 735
012753 466
012761 874
012769 567
012777 23
012785 466
012793 758
013058 187
013066 692
013074 957
013082 378
013090 625
013098 872
013106 797
013114 102
013122 523
013130 667
013138 367
013146 758
013154 809
013162 843
013170 960
013178 226
013186 942
013194 392
013202 405
013210 313
013218 304
013226 417
013234 219
013242 641
013250 891
013258 107
013266 516
013274 568
013282 535
013290 659
013298 666
013306 862
011779 486
011787 21
011795 629
011803 497
011811 931
011819 406
011827 731
011835 438
011843 403
011851 139
011859 462
011867 33
011875 783
011883 307
011891 10
011899 395
011907 596
011915 754
011923 88
011931 980
011939 505
011947 174
011955 467
011963 35
011971 855
011979 565
011987 633
011995 992
012003 624
012011 276
012019 427
012027 358
009216 726
009224 129
009232 834
009240 859
009248 342
009256 940
009264 510
009272 129
009280 459
009288 938
009296 300
009304 242
009312 252
009320 335
009328 571
009336 515
009344 757
009352 753
009360 948
009368 716
009376 672
009384 895
009392 716
009400 692
009408 7
009416 1
009424 7
009432 426
009440 408
009448 96
009456 761
009464 506
012804 787
012812 508
012820 98
012828 584
012836 697
012844 802
012852 0
012860 862
012868 786
012876 322
012884 299
012892 108
012900 333
012908 379
012916 779
012924 93
012932 981
012940 321
012948 812
012956 890
012964 708
012972 497
012980 257
012988 677
012996 933
013004 956
013012 982
013020 790
013028 894
013036 510
013044 481
013052 833
013319 248
013327 774
013335 235
013343 485
013351 792
013359 139
013367 563
013375 408
013383 998
013391 611
013399 280
013407 874
013415 511
013423 947
013431 505
013439 369
013447 983
013455 846
013463 695
013471 210
013479 67
013487 874
013495 310
013503 576
013511 200
013519 375
013527 738
013535 183
013543 765
013551 920
013559 163
013567 337
013317 151
013325 676
013333 50
013341 908
013349 59
013357 540
013365 874
013373 588
013381 869
013389 789
013397 130
013405 237
013413 948
013421 228
013429 189
013437 692
013445 226
013453 396
013461 723
013469 121
013477 953
013485 486
013493 592
013501 793
013509 719
013517 200
013525 278
013533 197
013541 614
013549 562
013557 391
013565 691
012806 720
012814 621
012822 711
012830 624
012838 915
012846 303
012854 501
012862 333
012870 691
012878 2
012886 875
012894 717
012902 302
012910 39
012918 98
012926 649
012934 817
012942 812
012950 701
012958 121
012966 296
012974 577
012982 306
012990 423
012998 141
013006 2
013014 646
013022 888
013030 374
013038 431
013046 101
013054 872
012801 69
012809 900
012817 475
012825 544
012833 361
012841 651
012849 513
012857 720
012865 543
012873 331
012881 710
012889 38
012897 319
012905 741
012913 456
012921 155
012929 808
012937 207
012945 53
012953 599
012961 386
012969 650
012977 778
012985 935
012993 285
013001 63
013009 777
013017 826
013025 351
013033 675
013041 461
013049 345
013314 335
013322 541
013330 364
013338 54
013346 754
013354 460
013362 687
013370 738
013378 594
013386 131
013394 214
013402 941
013410 94
013418 957
013426 457
013434 906
013442 530
013450 970
013458 439
013466 445
013474 886
013482 569
013490 837
013498 419
013506 882
013514 8
013522 698
013530 24
013538 134
013546 858
013554 704
013562 330
012035 238
012043 755
012051 545
012059 944
012067 947
012075 227
012083 465
012091 135
012099 439
012107 280
012115 149
012123 857
012131 724
012139 422
012147 785
012155 404
012163 936
012171 211
012179 754
012187 997
012195 728
012203 924
012211 922
012219 63
012227 683
012235 739
012243 956
012251 492
012259 40
012267 896
012275 669
012283 325
009472 772
009480 991
009488 423
009496 407
009504 735
009512 53
009520 316
009528 697
009536 648
009544 831
009552 64
009560 591
009568 478
009576 487
009584 763
009592 504
009600 366
009608 795
009616 723
009624 196
009632 544
009640 548
009648 144
009656 913
009664 550
009672 47
009680 782
009688 885
009696 869
009704 739
009712 185
009720 272
013575 779
013583 968
013591 870
013599 91
013607 679
013615 683
013623 537
013631 796
013639 918
013647 746
013655 570
013663 21
013671 230
013679 361
013687 996
013695 383
013703 716
013711 335
013719 958
013727 654
013735 81
013743 174
013751 538
013759 685
013767 944
013775 386
013783 693
013791 203
013799 524
013807 20
013815 917
013823 66
013060 333
013068 306
013076 34
013084 779
013092 728
013100 504
013108 981
013116 570
013124 701
013132 949
013140 18
013148 760
013156 204
013164 519
013172 507
013180 893
013188 261
013196 808
013204 687
013212 975
013220 139
013228 267
013236 953
013244 834
013252 141
013260 675
013268 446
013276 114
013284 894
013292 904
013300 234
013308 12
013573 598
013581 945
013589 987
013597 221
013605 994
013613 934
013621 401
013629 463
013637 652
013645 540
013653 217
013661 920
013669 973
013677 256
013685 829
013693 208
013701 596
013709 297
013717 162
013725 761
013733 883
013741 191
013749 675
013757 487
013765 616
013773 486
013781 255
013789 443
013797 787
013805 649
013813 473
013821 866
013062 968
013070 667
013078 607
013086 765
013094 405
013102 693
013110 989
013118 199
013126 236
013134 619
013142 116
013150 707
013158 840
013166 659
013174 627
013182 758
013190 967
013198 42
013206 949
013214 858
013222 154
013230 50
013238 976
013246 202
013254 787
013262 714
013270 979
013278 819
013286 818
013294 47
013302 769
013310 987
013057 218
013065 33
013073 407
013081 940
013089 73
013097 534
013105 127
013113 970
013121 268
013129 427
013137 575
013145 462
013153 619
013161 761
013169 857
013177 305
013185 419
013193 454
013201 745
013209 431
013217 211
013225 714
013233 504
013241 571
013249 56
013257 683
013265 914
013273 243
013281 666
013289 508
013297 737
013305 996
013570 446
013578 220
013586 57
013594 780
013602 183
013610 814
013618 153
013626 228
013634 88
013642 339
013650 266
013658 959
013666 463
013674 36
013682 552
013690 613
013698 883
013706 580
013714 127
013722 856
013730 57
013738 585
013746 548
013754 80
013762 61
013770 88
013778 71
013786 878
013794 748
013802 621
013810 316
013818 828
012291 956
012299 547
012307 677
012315 533
012323 496
012331 191
012339 123
012347 608
012355 765
012363 312
012371 126
012379 978
012387 26
012395 221
012403 401
012411 656
012419 845
012427 578
012435 81
012443 933
012451 503
012459 137
012467 533
012475 421
012483 183
012491 129
012499 19
012507 414
012515 880
012523 684
012531 604
012539 846
009728 722
009736 280
009744 840
009752 96
009760 232
009768 872
009776 53
009784 229
009792 805
009800 878
009808 575
009816 279
009824 3
009832 556
009840 924
009848 839
009856 935
009864 204
009872 402
009880 87
009888 96
009896 923
009904 462
009912 919
009920 383
009928 855
009936 63
009944 461
009952 686
009960 402
009968 534
009976 703
013831 233
013839 818
013847 816
013855 863
013863 260
013871 936
013879 579
013887 696
013895 257
013903 398
013911 615
013919 621
013927 306
013935 956
013943 936
013951 11
013959 470
013967 641
013975 614
013983 474
013991 242
013999 734
014007 338
014015 17
014023 104
014031 128
014039 188
014047 70
014055 639
014063 248
014071 921
014079 556
013829 974
013837 949
013845 412
013853 249
013861 451
013869 358
013877 645
013885 427
013893 944
013901 251
013909 459
013917 547
013925 744
013933 363
013941 323
013949 859
013957 937
013965 373
013973 823
013981 877
013989 68
013997 638
014005 377
014013 761
014021 684
014029 872
014037 130
014045 645
014053 477
014061 196
014069 795
014077 41
013316 913
013324 643
013332 891
013340 121
013348 649
013356 535
013364 977
013372 898
013380 763
013388 707
013396 536
013404 81
013412 536
013420 922
013428 219
013436 543
013444 42
013452 733
013460 621
013468 668
013476 183
013484 91
013492 516
013500 373
013508 666
013516 801
013524 398
013532 471
013540 731
013548 135
013556 709
013564 983
013318 287
013326 788
013334 174
013342 694
013350 138
013358 642
013366 639
013374 839
013382 284
013390 264
013398 433
013406 300
013414 596
013422 799
013430 21
013438 874
013446 927
013454 779
013462 292
013470 480
013478 103
013486 796
013494 703
013502 367
013510 887
013518 767
013526 328
013534 691
013542 780
013550 882
013558 690
013566 41
013313 945
013321 906
013329 643
013337 53
013345 960
013353 392
013361 544
013369 454
013377 990
013385 879
013393 483
013401 765
013409 811
013417 14
013425 458
013433 488
013441 461
013449 700
013457 333
013465 565
013473 944
013481 538
013489 418
013497 55
013505 629
013513 515
013521 459
013529 510
013537 226
013545 7
013553 151
013561 122
013826 187
013834 585
013842 962
013850 793
013858 621
013866 476
013874 650
013882 105
013890 696
013898 24
013906 848
013914 732
013922 140
013930 447
013938 685
013946 242
013954 893
013962 403
013970 293
013978 843
013986 132
013994 617
014002 814
014010 963
014018 27
014026 29
014034 971
014042 833
014050 808
014058 385
014066 133
014074 8
012547 789
012555 706
012563 591
012571 259
012579 666
012587 959
012595 405
012603 39
012611 616
012619 408
012627 527
012635 767
012643 705
012651 156
012659 793
012667 963
012675 399
012683 461
012691 461
012699 862
012707 218
012715 257
012723 737
012731 648
012739 2
012747 233
012755 950
012763 823
012771 264
012779 460
012787 185
012795 986
009984 861
009992 398
010000 68
010008 536
010016 196
010024 591
010032 693
010040 930
010048 749
010056 588
010064 382
010072 746
010080 914
010088 479
010096 702
010104 867
010112 628
010120 111
010128 167
010136 964
010144 335
010152 344
010160 193
010168 532
010176 294
010184 342
010192 980
010200 491
010208 189
010216 610
010224 65
010232 740
014087 505
014095 170
014103 46
014111 101
014119 267
014127 944
014135 72
014143 28
014151 820
014159 237
014167 790
014175 159
014183 567
014191 82
014199 975
014207 861
014215 314
014223 504
014231 584
014239 247
014247 479
014255 706
014263 915
014271 296
014279 210
014287 426
014295 819
014303 196
014311 703
014319 157
014327 42
014335 959
014085 744
014093 141
014101 649
014109 249
014117 993
014125 987
014133 70
014141 24
014149 508
014157 231
014165 666
014173 570
014181 45
014189 374
014197 851
014205 753
014213 392
014221 380
014229 998
014237 507
014245 724
014253 761
014261 272
014269 865
014277 214
014285 487
014293 459
014301 514
014309 402
014317 826
014325 750
014333 890
013572 252
013580 295
013588 324
013596 402
013604 353
013612 814
013620 531
013628 833
013636 678
013644 405
013652 178
013660 301
013668 658
013676 660
013684 985
013692 106
013700 555
013708 779
013716 878
013724 869
013732 939
013740 978
013748 30
013756 977
013764 197
013772 979
013780 299
013788 359
013796 323
013804 879
013812 330
013820 980
013574 65
013582 746
013590 771
013598 769
013606 726
013614 952
013622 229
013630 908
013638 604
013646 899
013654 836
013662 764
013670 34
013678 514
013686 389
013694 618
013702 45
013710 757
013718 67
013726 883
013734 393
013742 511
013750 369
013758 450
013766 189
013774 587
013782 573
013790 400
013798 93
013806 39
013814 104
013822 88
014082 552
014090 473
014098 9
014106 62
014114 634
014122 694
014130 846
014138 926
014146 893
014154 635
014162 856
014170 352
014178 67
014186 89
014194 789
014202 973
014210 682
014218 853
014226 481
014234 968
014242 889
014250 313
014258 699
014266 959
014274 984
014282 440
014290 97
014298 551
014306 965
014314 810
014322 631
014330 778
013569 733
013577 850
013585 70
013593 673
013601 721
013609 221
013617 524
013625 977
013633 605
013641 634
013649 802
013657 678
013665 502
013673 811
013681 741
013689 568
013697 686
013705 408
013713 905
013721 877
013729 296
013737 286
013745 684
013753 167
013761 302
013769 568
013777 968
013785 7
013793 136
013801 968
013809 203
013817 891
012803 503
012811 536
012819 421
012827 955
012835 911
012843 874
012851 72
012859 973
012867 711
012875 73
012883 296
012891 47
012899 901
012907 61
012915 780
012923 279
012931 827
012939 307
012947 896
012955 852
012963 263
012971 958
012979 667
012987 209
012995 34
013003 485
013011 878
013019 994
013027 250
013035 49
013043 141
013051 649
014341 861
014349 99
014357 968
014365 952
014373 724
014381 126
014389 548
014397 70
014405 120
014413 4
014421 713
014429 669
014437 787
014445 845
014453 853
014461 625
014469 370
014477 522
014485 179
014493 37
014501 451
014509 696
014517 251
014525 888
014533 620
014541 712
014549 804
014557 491
014565 626
014573 676
014581 331
014589 907
014343 201
014351 166
014359 850
014367 362
014375 676
014383 108
014391 566
014399 596
014407 470
014415 209
014423 748
014431 6
014439 693
014447 321
014455 131
014463 519
014471 770
014479 86
014487 335
014495 456
014503 848
014511 784
014519 854
014527 14
014535 13
014543 37
014551 367
014559 943
014567 32
014575 912
014583 816
014591 297
013830 917
013838 33
013846 559
013854 999
013862 61
013870 756
013878 755
013886 399
013894 993
013902 789
013910 625
013918 88
013926 904
013934 551
013942 449
013950 220
013958 348
013966 616
013974 714
013982 158
013990 83
013998 826
014006 536
014014 437
014022 577
014030 407
014038 490
014046 811
014054 135
014062 705
014070 6
014078 10
010240 560
010248 976
010256 34
010264 290
010272 428
010280 236
010288 284
010296 166
010304 744
010312 95
010320 488
010328 714
010336 981
010344 151
010352 325
010360 60
010368 774
010376 966
010384 647
010392 503
010400 561
010408 26
010416 78
010424 153
010432 165
010440 708
010448 444
010456 770
010464 122
010472 791
010480 278
010488 928
013825 708
013833 879
013841 719
013849 895
013857 513
013865 954
013873 185
013881 217
013889 217
013897 310
013905 809
013913 615
013921 882
013929 355
013937 414
013945 758
013953 751
013961 369
013969 907
013977 762
013985 746
013993 575
014001 338
014009 905
014017 984
014025 905
014033 402
014041 626
014049 675
014057 425
014065 51
014073 178
013828 667
013836 755
013844 50
013852 728
013860 951
013868 649
013876 602
013884 448
013892 336
013900 608
013908 457
013916 245
013924 547
013932 860
013940 129
013948 956
013956 181
013964 555
013972 778
013980 935
013988 972
013996 985
014004 960
014012 315
014020 830
014028 547
014036 175
014044 200
014052 166
014060 75
014068 930
014076 704
014338 301
014346 821
014354 920
014362 994
014370 129
014378 725
014386 197
014394 574
014402 661
014410 893
014418 277
014426 240
014434 676
014442 375
014450 351
014458 73
014466 490
014474 253
014482 325
014490 339
014498 447
014506 635
014514 52
014522 701
014530 830
014538 653
014546 780
014554 717
014562 977
014570 295
014578 806
014586 985
013059 726
013067 982
013075 577
013083 60
013091 380
013099 531
013107 402
013115 335
013123 884
013131 114
013139 351
013147 571
013155 397
013163 220
013171 397
013179 725
013187 385
013195 677
013203 66
013211 63
013219 3
013227 635
013235 246
013243 414
013251 304
013259 664
013267 953
013275 620
013283 822
013291 162
013299 365
013307 16
014597 173
014605 636
014613 112
014621 659
014629 975
014637 227
014645 443
014653 807
014661 463
014669 108
014677 685
014685 556
014693 821
014701 89
014709 661
014717 420
014725 607
014733 699
014741 878
014749 316
014757 829
014765 326
014773 914
014781 363
014789 111
014797 85
014805 102
014813 629
014821 840
014829 471
014837 878
014845 833
014599 617
014607 451
014615 891
014623 362
014631 158
014639 817
014647 175
014655 877
014663 19
014671 67
014679 47
014687 157
014695 414
014703 808
014711 920
014719 950
014727 345
014735 633
014743 469
014751 539
014759 859
014767 369
014775 174
014783 212
014791 34
014799 720
014807 111
014815 976
014823 798
014831 555
014839 2
014847 183
014086 669
014094 413
014102 698
014110 920
014118 365
014126 665
014134 320
014142 980
014150 575
014158 614
014166 374
014174 44
014182 902
014190 570
014198 247
014206 531
014214 592
014222 642
014230 439
014238 405
014246 483
014254 726
014262 508
014270 244
014278 410
014286 230
014294 414
014302 781
014310 465
014318 449
014326 248
014334 895
014081 924
014089 158
014097 719
014105 878
014113 979
014121 137
014129 131
014137 714
014145 563
014153 418
014161 385
014169 315
014177 764
014185 434
014193 946
014201 893
014209 914
014217 654
014225 796
014233 660
014241 173
014249 756
014257 182
014265 684
014273 235
014281 276
014289 738
014297 662
014305 682
014313 734
014321 367
014329 789
014594 706
014602 600
014610 569
014618 429
014626 524
014634 687
014642 821
014650 23
014658 814
014666 292
014674 369
014682 764
014690 582
014698 163
014706 788
014714 810
014722 170
014730 369
014738 703
014746 659
014754 133
014762 816
014770 434
014778 172
014786 581
014794 448
014802 562
014810 383
014818 22
014826 654
014834 958
014842 163
010496 720
010504 820
010512 484
010520 96
010528 385
010536 614
010544 670
010552 851
010560 624
010568 30
010576 177
010584 903
010592 559
010600 248
010608 656
010616 2
010624 732
010632 48
010640 327
010648 820
010656 950
010664 985
010672 682
010680 510
010688 681
010696 752
010704 6
010712 613
010720 945
010728 623
010736 929
010744 71
014084 421
014092 521
014100 326
014108 225
014116 575
014124 247
014132 130
014140 39
014148 618
014156 551
014164 346
014172 388
014180 28
014188 831
014196 232
014204 763
014212 79
014220 535
014228 114
014236 887
014244 609
014252 596
014260 908
014268 403
014276 151
014284 291
014292 608
014300 12
014308 93
014316 259
014324 469
014332 711
013315 318
013323 251
013331 410
013339 155
013347 170
013355 274
013363 400
013371 484
013379 800
013387 600
013395 577
013403 966
013411 421
013419 315
013427 967
013435 384
013443 700
013451 694
013459 914
013467 302
013475 514
013483 501
013491 733
013499 432
013507 899
013515 178
013523 65
013531 457
013539 223
013547 605
013555 274
013563 686
014853 477
014861 57
014869 111
014877 446
014885 23
014893 572
014901 338
014909 943
014917 520
014925 632
014933 421
014941 859
014949 906
014957 345
014965 470
014973 134
014981 419
014989 275
014997 702
015005 69
015013 347
015021 12
015029 445
015037 767
015045 807
015053 185
015061 679
015069 517
015077 558
015085 311
015093 877
015101 519
014855 740
014863 308
014871 97
014879 282
014887 462
014895 690
014903 47
014911 774
014919 1
014927 827
014935 697
014943 214
014951 173
014959 129
014967 386
014975 518
014983 572
014991 804
014999 378
015007 101
015015 276
015023 428
015031 633
015039 62
015047 453
015055 731
015063 187
015071 538
015079 257
015087 321
015095 871
015103 946
014342 271
014350 388
014358 508
014366 696
014374 453
014382 736
014390 550
014398 60
014406 814
014414 788
014422 674
014430 766
014438 136
014446 983
014454 938
014462 72
014470 440
014478 204
014486 386
014494 890
014502 633
014510 95
014518 583
014526 976
014534 994
014542 670
014550 491
014558 158
014566 241
014574 905
014582 186
014590 718
014850 480
014858 310
014866 783
014874 670
014882 894
014890 611
014898 150
014906 335
014914 108
014922 997
014930 786
014938 467
014946 271
014954 570
014962 712
014970 140
014978 570
014986 227
014994 868
015002 216
015010 346
015018 935
015026 95
015034 330
015042 376
015050 503
015058 467
015066 691
015074 77
015082 236
015090 309
015098 45
010752 174
010760 65
010768 823
010776 240
010784 94
010792 555
010800 9
010808 232
010816 366
010824 283
010832 149
010840 870
010848 304
010856 395
010864 29
010872 261
010880 712
010888 929
010896 121
010904 966
010912 115
010920 179
010928 44
010936 115
010944 676
010952 518
010960 561
010968 276
010976 681
010984 230
010992 130
011000 170
014340 918
014348 834
014356 958
014364 143
014372 907
014380 469
014388 756
014396 511
014404 67
014412 995
014420 332
014428 511
014436 683
014444 827
014452 67
014460 126
014468 906
014476 261
014484 963
014492 368
014500 825
014508 966
014516 843
014524 100
014532 335
014540 755
014548 52
014556 511
014564 903
014572 319
014580 824
014588 807
014337 453
014345 606
014353 830
014361 643
014369 24
014377 949
014385 641
014393 155
014401 850
014409 717
014417 46
014425 340
014433 901
014441 354
014449 655
014457 652
014465 270
014473 920
014481 33
014489 678
014497 347
014505 962
014513 353
014521 441
014529 270
014537 703
014545 450
014553 649
014561 453
014569 824
014577 198
014585 418
013571 346
013579 208
013587 819
013595 495
013603 638
013611 905
013619 680
013627 30
013635 875
013643 722
013651 682
013659 177
013667 927
013675 520
013683 620
013691 82
013699 281
013707 848
013715 838
013723 153
013731 662
013739 805
013747 457
013755 407
013763 971
013771 143
013779 438
013787 438
013795 550
013803 599
013811 701
013819 391
015109 460
015117 143
015125 560
015133 612
015141 694
015149 339
015157 486
015165 669
015173 886
015181 34
015189 267
015197 816
015205 908
015213 337
015221 687
015229 659
015237 196
015245 790
015253 300
015261 795
015269 103
015277 883
015285 900
015293 666
015301 419
015309 610
015317 637
015325 436
015333 8
015341 210
015349 883
015357 664
015111 528
015119 76
015127 71
015135 13
015143 779
015151 563
015159 594
015167 952
015175 533
015183 354
015191 686
015199 163
015207 853
015215 77
015223 991
015231 20
015239 409
015247 894
015255 566
015263 282
015271 672
015279 502
015287 755
015295 401
015303 594
015311 953
015319 726
015327 215
015335 510
015343 41
015351 366
015359 601
014598 753
014606 359
014614 284
014622 209
014630 478
014638 269
014646 884
014654 770
014662 530
014670 994
014678 648
014686 760
014694 394
014702 87
014710 563
014718 707
014726 448
014734 465
014742 633
014750 1
014758 758
014766 194
014774 534
014782 557
014790 641
014798 717
014806 191
014814 458
014822 536
014830 855
014838 124
014846 200
015106 955
015114 523
015122 971
015130 834
015138 821
015146 328
015154 585
015162 242
015170 450
015178 770
015186 375
015194 627
015202 194
015210 235
015218 4
015226 645
015234 373
015242 839
015250 27
015258 964
015266 101
015274 191
015282 200
015290 32
015298 313
015306 511
015314 142
015322 40
015330 34
015338 603
015346 535
015354 621
011008 911
011016 839
011024 524
011032 820
011040 207
011048 87
011056 188
011064 322
011072 968
011080 595
011088 419
011096 332
011104 765
011112 154
011120 546
011128 260
011136 432
011144 815
011152 67
011160 646
011168 836
011176 117
011184 891
011192 428
011200 990
011208 712
011216 312
011224 27
011232 997
011240 198
011248 967
011256 13
014593 46
014601 333
014609 695
014617 213
014625 853
014633 925
014641 526
014649 167
014657 531
014665 196
014673 816
014681 604
014689 496
014697 203
014705 121
014713 958
014721 417
014729 664
014737 661
014745 396
014753 282
014761 114
014769 186
014777 336
014785 587
014793 690
014801 324
014809 662
014817 452
014825 928
014833 330
014841 104
014596 20
014604 8
014612 745
014620 506
014628 89
014636 184
014644 869
014652 632
014660 599
014668 278
014676 906
014684 900
014692 690
014700 587
014708 795
014716 238
014724 264
014732 805
014740 591
014748 840
014756 187
014764 781
014772 614
014780 950
014788 990
014796 752
014804 585
014812 355
014820 885
014828 272
014836 285
014844 321
013827 445
013835 68
013843 733
013851 202
013859 224
013867 645
013875 763
013883 483
013891 4
013899 333
013907 912
013915 929
013923 632
013931 102
013939 74
013947 758
013955 629
013963 359
013971 231
013979 96
013987 277
013995 65
014003 339
014011 616
014019 290
014027 406
014035 932
014043 584
014051 454
014059 512
014067 351
014075 250
015367 989
015375 352
015383 28
015391 555
015399 934
015407 163
015415 542
015423 612
015431 461
015439 62
015447 469
015455 154
015463 58
015471 299
015479 600
015487 62
015495 842
015503 364
015511 192
015519 937
015527 577
015535 782
015543 479
015551 330
015559 581
015567 890
015575 201
015583 568
015591 840
015599 74
015607 307
015615 523
015365 659
015373 496
015381 904
015389 335
015397 908
015405 181
015413 713
015421 60
015429 976
015437 868
015445 776
015453 543
015461 260
015469 978
015477 466
015485 238
015493 846
015501 17
015509 772
015517 751
015525 822
015533 134
015541 465
015549 495
015557 110
015565 323
015573 478
015581 344
015589 22
015597 284
015605 252
015613 915
014854 857
014862 976
014870 331
014878 224
014886 980
014894 4
014902 134
014910 828
014918 694
014926 142
014934 447
014942 846
014950 888
014958 947
014966 303
014974 840
014982 496
014990 935
014998 840
015006 914
015014 798
015022 803
015030 442
015038 271
015046 218
015054 868
015062 697
015070 308
015078 258
015086 309
015094 188
015102 494
015362 293
015370 137
015378 846
015386 777
015394 337
015402 826
015410 234
015418 242
015426 264
015434 380
015442 287
015450 180
015458 335
015466 360
015474 471
015482 807
015490 827
015498 25
015506 119
015514 484
015522 959
015530 238
015538 331
015546 63
015554 23
015562 689
015570 423
015578 850
015586 121
015594 435
015602 205
015610 410
011264 590
011272 978
011280 241
011288 683
011296 563
011304 886
011312 655
011320 193
011328 232
011336 566
011344 410
011352 253
011360 494
011368 899
011376 520
011384 751
011392 272
011400 565
011408 777
011416 938
011424 627
011432 591
011440 303
011448 277
011456 852
011464 234
011472 14
011480 904
011488 562
011496 366
011504 894
011512 238
014852 122
014860 620
014868 183
014876 282
014884 153
014892 949
014900 135
014908 567
014916 970
014924 880
014932 818
014940 638
014948 748
014956 91
014964 98
014972 994
014980 8
014988 803
014996 869
015004 841
015012 499
015020 600
015028 503
015036 116
015044 335
015052 683
015060 612
015068 622
015076 900
015084 4
015092 591
015100 44
014849 249
014857 662
014865 242
014873 393
014881 465
014889 969
014897 316
014905 725
014913 763
014921 635
014929 425
014937 581
014945 124
014953 746
014961 197
014969 488
014977 217
014985 158
014993 538
015001 477
015009 481
015017 104
015025 930
015033 508
015041 932
015049 394
015057 296
015065 605
015073 763
015081 86
015089 859
015097 46
014083 936
014091 538
014099 280
014107 752
014115 778
014123 560
014131 893
014139 913
014147 676
014155 102
014163 530
014171 949
014179 140
014187 976
014195 282
014203 177
014211 397
014219 963
014227 969
014235 202
014243 903
014251 394
014259 576
014267 275
014275 811
014283 648
014291 551
014299 31
014307 761
014315 391
014323 430
014331 861
015623 535
015631 291
015639 470
015647 460
015655 322
015663 288
015671 573
015679 103
015687 234
015695 386
015703 58
015711 604
015719 614
015727 638
015735 36
015743 127
015751 619
015759 201
015767 260
015775 693
015783 217
015791 970
015799 448
015807 478
015815 224
015823 205
015831 15
015839 460
015847 531
015855 214
015863 783
015871 849
015621 346
015629 705
015637 309
015645 747
015653 735
015661 748
015669 628
015677 0
015685 455
015693 295
015701 243
015709 115
015717 322
015725 323
015733 359
015741 718
015749 608
015757 314
015765 371
015773 685
015781 981
015789 50
015797 452
015805 548
015813 841
015821 716
015829 237
015837 986
015845 268
015853 438
015861 331
015869 329
015618 715
015626 935
015634 235
015642 483
015650 355
015658 452
015666 754
015674 138
015682 922
015690 735
015698 530
015706 569
015714 614
015722 130
015730 101
015738 329
015746 960
015754 86
015762 608
015770 496
015778 941
015786 298
015794 535
015802 176
015810 229
015818 278
015826 615
015834 868
015842 461
015850 223
015858 735
015866 967
011520 141
011528 906
011536 478
011544 681
011552 729
011560 980
011568 347
011576 614
011584 633
011592 608
011600 287
011608 340
011616 520
011624 32
011632 872
011640 702
011648 278
011656 60
011664 370
011672 498
011680 327
011688 354
011696 885
011704 459
011712 845
011720 556
011728 749
011736 66
011744 164
011752 85
011760 612
011768 371
015110 340
015118 498
015126 450
015134 208
015142 494
015150 932
015158 705
015166 904
015174 794
015182 175
015190 414
015198 633
015206 435
015214 518
015222 942
015230 53
015238 760
015246 727
015254 28
015262 11
015270 742
015278 502
015286 807
015294 635
015302 648
015310 748
015318 845
015326 463
015334 191
015342 969
015350 471
015358 311
015108 827
015116 841
015124 702
015132 937
015140 897
015148 466
015156 391
015164 25
015172 223
015180 246
015188 915
015196 299
015204 782
015212 391
015220 165
015228 368
015236 112
015244 541
015252 421
015260 697
015268 696
015276 94
015284 435
015292 237
015300 562
015308 424
015316 210
015324 321
015332 684
015340 554
015348 100
015356 983
015105 484
015113 691
015121 785
015129 889
015137 251
015145 197
015153 866
015161 496
015169 756
015177 426
015185 237
015193 324
015201 106
015209 458
015217 567
015225 34
015233 985
015241 547
015249 739
015257 82
015265 390
015273 961
015281 183
015289 255
015297 730
015305 49
015313 397
015321 479
015329 478
015337 365
015345 409
015353 91
014339 103
014347 5
014355 298
014363 66
014371 333
014379 893
014387 877
014395 712
014403 810
014411 160
014419 487
014427 424
014435 1
014443 178
014451 81
014459 263
014467 994
014475 689
014483 773
014491 127
014499 711
014507 330
014515 721
014523 350
014531 942
014539 273
014547 560
014555 242
014563 843
014571 591
014579 466
014587 464
015877 431
015885 322
015893 604
015901 450
015909 954
015917 156
015925 465
015933 15
015941 54
015949 146
015957 188
015965 42
015973 246
015981 288
015989 643
015997 789
016005 432
016013 981
016021 266
016029 137
016037 18
016045 138
016053 539
016061 501
016069 738
016077 88
016085 514
016093 409
016101 2
016109 494
016117 237
016125 982
015879 273
015887 210
015895 448
015903 521
015911 736
015919 870
015927 862
015935 969
015943 123
015951 14
015959 550
015967 44
015975 956
015983 511
015991 654
015999 415
016007 634
016015 209
016023 418
016031 290
016039 567
016047 331
016055 829
016063 989
016071 293
016079 982
016087 761
016095 407
016103 80
016111 258
016119 45
016127 284
015874 612
015882 5
015890 894
015898 905
015906 53
015914 975
015922 517
015930 938
015938 651
015946 348
015954 860
015962 221
015970 256
015978 662
015986 656
015994 560
016002 162
016010 282
016018 657
016026 149
016034 28
016042 52
016050 209
016058 516
016066 379
016074 754
016082 420
016090 515
016098 546
016106 585
016114 998
016122 602
015364 522
015372 120
015380 760
015388 625
015396 476
015404 841
015412 230
015420 922
015428 954
015436 576
015444 756
015452 809
015460 588
015468 926
015476 626
015484 922
015492 431
015500 868
015508 846
015516 825
015524 78
015532 290
015540 340
015548 229
015556 294
015564 552
015572 849
015580 273
015588 550
015596 15
015604 226
015612 985
011776 375
011784 108
011792 2
011800 27
011808 65
011816 298
011824 853
011832 983
011840 962
011848 702
011856 897
011864 481
011872 840
011880 154
011888 648
011896 189
011904 683
011912 860
011920 203
011928 186
011936 112
011944 367
011952 86
011960 705
011968 669
011976 237
011984 756
011992 904
012000 346
012008 237
012016 144
012024 78
015366 254
015374 411
015382 627
015390 841
015398 40
015406 942
015414 534
015422 996
015430 657
015438 800
015446 146
015454 782
015462 713
015470 386
015478 512
015486 173
015494 890
015502 281
015510 801
015518 440
015526 970
015534 397
015542 211
015550 668
015558 958
015566 246
015574 265
015582 369
015590 633
015598 228
015606 709
015614 978
015361 646
015369 965
015377 371
015385 238
015393 62
015401 631
015409 611
015417 748
015425 113
015433 931
015441 200
015449 626
015457 667
015465 379
015473 130
015481 429
015489 280
015497 941
015505 836
015513 67
015521 514
015529 751
015537 876
015545 683
015553 575
015561 377
015569 462
015577 926
015585 935
015593 704
015601 759
015609 753
014595 537
014603 583
014611 889
014619 116
014627 398
014635 200
014643 542
014651 348
014659 139
014667 969
014675 831
014683 779
014691 270
014699 812
014707 954
014715 557
014723 602
014731 905
014739 312
014747 254
014755 227
014763 474
014771 850
014779 310
014787 660
014795 696
014803 785
014811 715
014819 656
014827 727
014835 611
014843 726
016135 50
016143 818
016151 501
016159 195
016167 882
016175 792
016183 565
016191 730
016199 592
016207 303
016215 998
016223 17
016231 965
016239 714
016247 108
016255 865
016263 912
016271 61
016279 23
016287 789
016295 110
016303 542
016311 667
016319 564
016327 409
016335 333
016343 384
016351 517
016359 278
016367 398
016375 155
016383 762
016133 890
016141 291
016149 439
016157 261
016165 709
016173 425
016181 508
016189 587
016197 977
016205 540
016213 991
016221 66
016229 475
016237 19
016245 904
016253 202
016261 798
016269 490
016277 276
016285 707
016293 772
016301 992
016309 412
016317 266
016325 914
016333 282
016341 165
016349 179
016357 462
016365 554
016373 868
016381 207
016130 461
016138 306
016146 998
016154 941
016162 416
016170 399
016178 101
016186 920
016194 696
016202 184
016210 207
016218 288
016226 65
016234 898
016242 120
016250 967
016258 950
016266 559
016274 577
016282 948
016290 771
016298 891
016306 725
016314 605
016322 381
016330 450
016338 426
016346 333
016354 406
016362 967
016370 188
016378 807
015620 989
015628 469
015636 644
015644 315
015652 810
015660 647
015668 200
015676 171
015684 219
015692 298
015700 17
015708 277
015716 526
015724 513
015732 824
015740 701
015748 969
015756 372
015764 215
015772 382
015780 960
015788 978
015796 735
015804 969
015812 406
015820 363
015828 180
015836 845
015844 387
015852 202
015860 345
015868 4
012032 214
012040 702
012048 551
012056 270
012064 124
012072 926
012080 457
012088 673
012096 205
012104 534
012112 704
012120 799
012128 741
012136 582
012144 958
012152 850
012160 959
012168 215
012176 874
012184 840
012192 115
012200 984
012208 222
012216 83
012224 342
012232 264
012240 109
012248 635
012256 117
012264 355
012272 355
012280 933
015622 242
015630 781
015638 825
015646 617
015654 965
015662 917
015670 363
015678 917
015686 22
015694 198
015702 894
015710 606
015718 728
015726 308
015734 730
015742 774
015750 793
015758 32
015766 368
015774 140
015782 955
015790 898
015798 610
015806 186
015814 890
015822 409
015830 107
015838 590
015846 819
015854 338
015862 516
015870 786
015617 220
015625 998
015633 737
015641 20
015649 100
015657 139
015665 523
015673 545
015681 0
015689 2
015697 250
015705 997
015713 364
015721 910
015729 253
015737 701
015745 579
015753 529
015761 141
015769 231
015777 321
015785 287
015793 13
015801 160
015809 290
015817 324
015825 557
015833 996
015841 741
015849 239
015857 951
015865 238
014851 933
014859 384
014867 642
014875 291
014883 62
014891 65
014899 407
014907 224
014915 964
014923 296
014931 861
014939 42
014947 199
014955 978
014963 177
014971 791
014979 414
014987 258
014995 791
015003 237
015011 47
015019 110
015027 326
015035 156
015043 190
015051 380
015059 404
015067 689
015075 917
015083 93
015091 851
015099 420
016391 913
016399 746
016407 444
016415 574
016423 250
016431 266
016439 802
016447 847
016455 655
016463 17
016471 433
016479 272
016487 243
016495 539
016503 621
016511 633
016519 267
016527 994
016535 74
016543 135
016551 231
016559 311
016567 934
016575 213
016583 95
016591 624
016599 24
016607 438
016615 138
016623 241
016631 30
016639 16
016389 352
016397 681
016405 320
016413 622
016421 200
016429 589
016437 934
016445 171
016453 792
016461 509
016469 599
016477 515
016485 476
016493 646
016501 67
016509 313
016517 283
016525 958
016533 156
016541 127
016549 186
016557 479
016565 484
016573 863
016581 853
016589 736
016597 883
016605 843
016613 550
016621 672
016629 992
016637 585
016386 639
016394 292
016402 67
016410 604
016418 740
016426 624
016434 66
016442 168
016450 32
016458 512
016466 580
016474 467
016482 946
016490 225
016498 68
016506 261
016514 769
016522 541
016530 928
016538 517
016546 458
016554 603
016562 773
016570 484
016578 303
016586 458
016594 52
016602 112
016610 108
016618 478
016626 917
016634 853
012288 516
012296 55
012304 320
012312 929
012320 949
012328 224
012336 497
012344 248
012352 644
012360 802
012368 36
012376 840
012384 206
012392 448
012400 32
012408 69
012416 411
012424 23
012432 15
012440 245
012448 866
012456 675
012464 502
012472 358
012480 976
012488 632
012496 850
012504 901
012512 943
012520 730
012528 147
012536 980
015876 694
015884 165
015892 265
015900 827
015908 246
015916 833
015924 714
015932 759
015940 575
015948 167
015956 912
015964 188
015972 820
015980 740
015988 902
015996 623
016004 676
016012 974
016020 754
016028 361
016036 428
016044 215
016052 973
016060 232
016068 921
016076 492
016084 203
016092 389
016100 961
016108 658
016116 793
016124 758
015878 197
015886 244
015894 707
015902 225
015910 822
015918 20
015926 807
015934 702
015942 606
015950 326
015958 330
015966 541
015974 71
015982 435
015990 897
015998 832
016006 494
016014 762
016022 351
016030 449
016038 864
016046 803
016054 225
016062 12
016070 511
016078 690
016086 955
016094 227
016102 281
016110 395
016118 664
016126 45
015873 285
015881 945
015889 991
015897 671
015905 975
015913 736
015921 351
015929 466
015937 450
015945 383
015953 427
015961 413
015969 507
015977 904
015985 993
015993 163
016001 938
016009 175
016017 598
016025 391
016033 27
016041 405
016049 442
016057 52
016065 37
016073 876
016081 870
016089 106
016097 919
016105 813
016113 107
016121 337
015107 198
015115 6
015123 915
015131 657
015139 936
015147 178
015155 187
015163 200
015171 465
015179 689
015187 404
015195 452
015203 117
015211 349
015219 429
015227 371
015235 682
015243 548
015251 792
015259 199
015267 871
015275 827
015283 286
015291 15
015299 129
015307 995
015315 661
015323 347
015331 708
015339 655
015347 512
015355 90
016647 566
016655 584
016663 53
016671 693
016679 262
016687 614
016695 637
016703 911
016711 0
016719 772
016727 999
016735 521
016743 850
016751 112
016759 134
016767 930
016775 730
016783 935
016791 983
016799 103
016807 118
016815 687
016823 587
016831 576
016839 470
016847 540
016855 521
016863 158
016871 83
016879 662
016887 203
016895 361
016645 152
016653 894
016661 844
016669 758
016677 527
016685 39
016693 595
016701 793
016709 907
016717 807
016725 119
016733 691
016741 801
016749 866
016757 564
016765 1
016773 888
016781 745
016789 385
016797 375
016805 55
016813 496
016821 501
016829 60
016837 935
016845 757
016853 142
016861 724
016869 637
016877 490
016885 401
016893 0
016642 859
016650 724
016658 141
016666 649
016674 370
016682 186
016690 155
016698 439
016706 432
016714 880
016722 44
016730 701
016738 745
016746 65
016754 91
016762 128
016770 714
016778 157
016786 445
016794 498
016802 372
016810 346
016818 101
016826 331
016834 301
016842 403
016850 27
016858 524
016866 445
016874 109
016882 386
016890 88
016132 241
016140 571
016148 872
016156 842
016164 80
016172 322
016180 746
016188 194
016196 587
016204 207
016212 918
016220 245
016228 236
016236 749
016244 808
016252 616
016260 812
016268 952
016276 877
016284 81
016292 779
016300 804
016308 672
016316 785
016324 368
016332 210
016340 520
016348 971
016356 625
016364 133
016372 554
016380 685
012544 835
012552 814
012560 270
012568 267
012576 273
012584 815
012592 64
012600 90
012608 81
012616 290
012624 664
012632 151
012640 984
012648 108
012656 396
012664 299
012672 291
012680 178
012688 192
012696 472
012704 795
012712 665
012720 107
012728 326
012736 641
012744 80
012752 434
012760 996
012768 157
012776 714
012784 150
012792 762
016134 411
016142 804
016150 1
016158 209
016166 216
016174 194
016182 665
016190 920
016198 254
016206 674
016214 235
016222 204
016230 56
016238 94
016246 384
016254 922
016262 246
016270 46
016278 623
016286 172
016294 571
016302 396
016310 656
016318 318
016326 174
016334 252
016342 888
016350 477
016358 623
016366 888
016374 179
016382 280
016129 929
016137 897
016145 853
016153 507
016161 710
016169 474
016177 180
016185 370
016193 43
016201 778
016209 517
016217 536
016225 875
016233 822
016241 85
016249 256
016257 920
016265 133
016273 60
016281 61
016289 432
016297 579
016305 904
016313 171
016321 930
016329 844
016337 602
016345 826
016353 695
016361 674
016369 522
016377 81
015363 971
015371 503
015379 755
015387 258
015395 214
015403 974
015411 74
015419 520
015427 457
015435 21
015443 337
015451 912
015459 490
015467 817
015475 968
015483 601
015491 970
015499 173
015507 869
015515 129
015523 395
015531 596
015539 72
015547 786
015555 938
015563 914
015571 783
015579 837
015587 631
015595 397
015603 447
015611 597
016903 604
016911 190
016919 97
016927 208
016935 85
016943 117
016951 82
016959 795
016967 50
016975 216
016983 336
016991 470
016999 131
017007 344
017015 467
017023 885
017031 229
017039 324
017047 736
017055 134
017063 235
017071 361
017079 989
017087 371
017095 944
017103 189
017111 248
017119 503
017127 951
017135 853
017143 31
017151 141
016901 458
016909 594
016917 772
016925 687
016933 690
016941 586
016949 713
016957 662
016965 504
016973 567
016981 373
016989 278
016997 774
017005 111
017013 850
017021 517
017029 203
017037 452
017045 477
017053 619
017061 380
017069 604
017077 747
017085 100
017093 934
017101 199
017109 229
017117 729
017125 478
017133 806
017141 410
017149 139
016898 647
016906 715
016914 319
016922 400
016930 12
016938 315
016946 314
016954 981
016962 123
016970 544
016978 484
016986 534
016994 178
017002 760
017010 513
017018 748
017026 563
017034 542
017042 52
017050 648
017058 357
017066 50
017074 767
017082 511
017090 38
017098 644
017106 148
017114 10
017122 234
017130 55
017138 948
017146 893
012800 406
012808 656
012816 428
012824 678
012832 352
012840 62
012848 705
012856 350
012864 192
012872 733
012880 118
012888 598
012896 763
012904 322
012912 836
012920 316
012928 175
012936 791
012944 964
012952 716
012960 846
012968 531
012976 843
012984 879
012992 810
013000 61
013008 718
013016 320
013024 741
013032 786
013040 241
013048 360
016388 781
016396 344
016404 158
016412 578
016420 756
016428 910
016436 159
016444 936
016452 321
016460 292
016468 764
016476 423
016484 481
016492 888
016500 133
016508 939
016516 786
016524 596
016532 875
016540 805
016548 594
016556 310
016564 51
016572 48
016580 317
016588 769
016596 329
016604 268
016612 878
016620 190
016628 668
016636 397
016390 532
016398 983
016406 435
016414 904
016422 299
016430 404
016438 78
016446 251
016454 143
016462 751
016470 499
016478 834
016486 605
016494 874
016502 926
016510 213
016518 781
016526 178
016534 121
016542 317
016550 364
016558 30
016566 881
016574 46
016582 743
016590 987
016598 73
016606 791
016614 745
016622 758
016630 322
016638 307
016385 403
016393 479
016401 153
016409 815
016417 305
016425 766
016433 526
016441 988
016449 556
016457 955
016465 240
016473 954
016481 108
016489 284
016497 150
016505 145
016513 979
016521 716
016529 238
016537 445
016545 946
016553 358
016561 939
016569 699
016577 140
016585 488
016593 740
016601 263
016609 413
016617 919
016625 9
016633 572
017159 600
017167 832
017175 177
017183 722
017191 89
017199 278
017207 423
017215 773
017223 301
017231 446
017239 653
017247 657
017255 597
017263 180
017271 918
017279 119
017287 690
017295 465
017303 646
017311 19
017319 520
017327 322
017335 800
017343 911
017351 998
017359 629
017367 63
017375 512
017383 286
017391 944
017399 240
017407 43
015619 543
015627 659
015635 334
015643 802
015651 512
015659 59
015667 472
015675 197
015683 829
015691 787
015699 26
015707 29
015715 927
015723 125
015731 522
015739 660
015747 398
015755 814
015763 87
015771 834
015779 707
015787 200
015795 517
015803 544
015811 972
015819 613
015827 809
015835 939
015843 192
015851 301
015859 949
015867 493
017157 176
017165 828
017173 97
017181 27
017189 29
017197 228
017205 195
017213 867
017221 133
017229 52
017237 578
017245 574
017253 439
017261 71
017269 601
017277 51
017285 335
017293 890
017301 563
017309 408
017317 111
017325 556
017333 22
017341 436
017349 808
017357 811
017365 514
017373 251
017381 872
017389 920
017397 62
017405 329
017154 87
017162 701
017170 313
017178 348
017186 863
017194 93
017202 485
017210 408
017218 214
017226 176
017234 416
017242 640
017250 730
017258 355
017266 357
017274 230
017282 231
017290 145
017298 463
017306 909
017314 492
017322 90
017330 835
017338 256
017346 228
017354 804
017362 576
017370 648
017378 30
017386 498
017394 737
017402 474
016644 120
016652 746
016660 408
016668 874
016676 291
016684 624
016692 112
016700 715
016708 792
016716 891
016724 944
016732 10
016740 266
016748 906
016756 173
016764 132
016772 620
016780 874
016788 650
016796 972
016804 406
016812 50
016820 53
016828 968
016836 693
016844 802
016852 637
016860 851
016868 419
016876 693
016884 989
016892 61
013056 417
013064 177
013072 802
013080 35
013088 851
013096 586
013104 877
013112 41
013120 176
013128 409
013136 916
013144 289
013152 678
013160 454
013168 954
013176 887
013184 222
013192 623
013200 933
013208 990
013216 914
013224 420
013232 476
013240 72
013248 616
013256 275
013264 524
013272 641
013280 5
013288 462
013296 371
013304 846
016646 30
016654 23
016662 124
016670 331
016678 324
016686 82
016694 41
016702 579
016710 320
016718 728
016726 558
016734 497
016742 335
016750 899
016758 676
016766 418
016774 847
016782 157
016790 307
016798 759
016806 959
016814 215
016822 780
016830 622
016838 171
016846 773
016854 282
016862 770
016870 82
016878 801
016886 448
016894 950
016641 316
016649 240
016657 14
016665 171
016673 810
016681 281
016689 161
016697 832
016705 930
016713 972
016721 866
016729 342
016737 555
016745 891
016753 754
016761 134
016769 809
016777 844
016785 142
016793 463
016801 733
016809 168
016817 307
016825 181
016833 918
016841 202
016849 502
016857 611
016865 806
016873 712
016881 582
016889 683
017415 636
017423 253
017431 759
017439 852
017447 780
017455 435
017463 861
017471 414
017479 195
017487 846
017495 53
017503 949
017511 986
017519 933
017527 549
017535 671
017543 250
017551 641
017559 834
017567 502
017575 664
017583 849
017591 310
017599 400
017607 247
017615 154
017623 174
017631 729
017639 948
017647 229
017655 944
017663 75
015875 365
015883 243
015891 629
015899 682
015907 57
015915 28
015923 839
015931 119
015939 495
015947 220
015955 859
015963 166
015971 945
015979 410
015987 362
015995 948
016003 971
016011 705
016019 862
016027 230
016035 853
016043 489
016051 0
016059 738
016067 17
016075 686
016083 862
016091 44
016099 676
016107 193
016115 526
016123 133
017413 703
017421 660
017429 699
017437 242
017445 754
017453 620
017461 565
017469 389
017477 157
017485 613
017493 477
017501 44
017509 997
017517 74
017525 524
017533 137
017541 140
017549 62
017557 702
017565 921
017573 677
017581 15
017589 814
017597 475
017605 757
017613 906
017621 86
017629 736
017637 271
017645 482
017653 81
017661 560
016900 269
016908 284
016916 411
016924 106
016932 925
016940 468
016948 714
016956 204
016964 235
016972 254
016980 448
016988 350
016996 353
017004 155
017012 58
017020 638
017028 560
017036 437
017044 751
017052 652
017060 143
017068 653
017076 150
017084 443
017092 454
017100 683
017108 146
017116 152
017124 4
017132 703
017140 94
017148 511
013312 356
013320 196
013328 451
013336 989
013344 749
013352 554
013360 828
013368 662
013376 839
013384 293
013392 276
013400 112
013408 136
013416 143
013424 828
013432 255
013440 491
013448 719
013456 214
013464 401
013472 330
013480 961
013488 703
013496 842
013504 240
013512 942
013520 444
013528 834
013536 471
013544 384
013552 440
013560 82
017410 866
017418 449
017426 643
017434 302
017442 89
017450 808
017458 682
017466 437
017474 427
017482 670
017490 465
017498 232
017506 458
017514 665
017522 988
017530 456
017538 621
017546 400
017554 241
017562 228
017570 443
017578 359
017586 70
017594 209
017602 951
017610 246
017618 827
017626 570
017634 513
017642 216
017650 665
017658 622
016902 381
016910 115
016918 152
016926 956
016934 273
016942 98
016950 302
016958 976
016966 500
016974 911
016982 18
016990 839
016998 349
017006 304
017014 163
017022 511
017030 796
017038 272
017046 428
017054 959
017062 383
017070 185
017078 775
017086 41
017094 177
017102 253
017110 977
017118 536
017126 829
017134 961
017142 931
017150 394
016897 859
016905 853
016913 677
016921 41
016929 98
016937 675
016945 654
016953 217
016961 826
016969 779
016977 330
016985 78
016993 882
017001 118
017009 397
017017 201
017025 907
017033 652
017041 81
017049 442
017057 369
017065 627
017073 518
017081 721
017089 324
017097 925
017105 133
017113 294
017121 721
017129 36
017137 598
017145 666
017671 500
017679 861
017687 718
017695 837
017703 118
017711 137
017719 228
017727 403
017735 427
017743 550
017751 420
017759 323
017767 933
017775 883
017783 329
017791 526
017799 968
017807 666
017815 672
017823 344
017831 272
017839 913
017847 232
017855 724
017863 608
017871 101
017879 127
017887 563
017895 720
017903 415
017911 603
017919 737
016131 809
016139 1
016147 134
016155 744
016163 773
016171 290
016179 473
016187 372
016195 192
016203 920
016211 411
016219 420
016227 323
016235 802
016243 878
016251 702
016259 480
016267 652
016275 600
016283 529
016291 841
016299 297
016307 858
016315 989
016323 384
016331 734
016339 900
016347 484
016355 484
016363 749
016371 912
016379 518
017669 141
017677 508
017685 285
017693 864
017701 758
017709 319
017717 728
017725 778
017733 148
017741 884
017749 290
017757 694
017765 371
017773 795
017781 896
017789 652
017797 694
017805 620
017813 13
017821 360
017829 432
017837 373
017845 585
017853 651
017861 184
017869 610
017877 719
017885 649
017893 313
017901 831
017909 161
017917 172
017666 763
017674 655
017682 360
017690 58
017698 221
017706 9
017714 410
017722 107
017730 671
017738 328
017746 319
017754 33
017762 892
017770 288
017778 33
017786 111
017794 598
017802 252
017810 622
017818 63
017826 588
017834 87
017842 558
017850 387
017858 691
017866 887
017874 958
017882 936
017890 440
017898 366
017906 303
017914 321
013568 209
013576 659
013584 719
013592 510
013600 575
013608 32
013616 832
013624 50
013632 299
013640 593
013648 286
013656 352
013664 121
013672 611
013680 677
013688 631
013696 293
013704 521
013712 167
013720 522
013728 192
013736 690
013744 568
013752 214
013760 258
013768 216
013776 434
013784 78
013792 636
013800 959
013808 108
013816 442
017156 391
017164 973
017172 47
017180 526
017188 990
017196 813
017204 921
017212 29
017220 552
017228 383
017236 798
017244 154
017252 702
017260 897
017268 677
017276 182
017284 115
017292 338
017300 922
017308 930
017316 76
017324 514
017332 99
017340 653
017348 431
017356 863
017364 388
017372 161
017380 794
017388 374
017396 704
017404 330
017153 952
017161 60
017169 807
017177 588
017185 975
017193 324
017201 485
017209 291
017217 360
017225 347
017233 648
017241 154
017249 865
017257 471
017265 620
017273 237
017281 905
017289 280
017297 703
017305 62
017313 381
017321 248
017329 456
017337 691
017345 448
017353 212
017361 872
017369 755
017377 198
017385 377
017393 273
017401 617
017158 423
017166 93
017174 154
017182 842
017190 51
017198 283
017206 235
017214 637
017222 995
017230 726
017238 470
017246 505
017254 956
017262 789
017270 752
017278 830
017286 200
017294 842
017302 832
017310 816
017318 820
017326 58
017334 382
017342 518
017350 693
017358 176
017366 144
017374 358
017382 373
017390 651
017398 700
017406 522
017927 195
017935 155
017943 493
017951 865
017959 164
017967 386
017975 776
017983 213
017991 645
017999 224
018007 413
018015 993
018023 15
018031 600
018039 989
018047 137
018055 127
018063 636
018071 569
018079 233
018087 16
018095 385
018103 163
018111 409
018119 116
018127 842
018135 450
018143 1
018151 932
018159 25
018167 238
018175 631
016387 379
016395 216
016403 347
016411 999
016419 164
016427 374
016435 734
016443 285
016451 248
016459 387
016467 627
016475 559
016483 606
016491 242
016499 113
016507 660
016515 728
016523 885
016531 977
016539 44
016547 449
016555 892
016563 964
016571 986
016579 174
016587 331
016595 730
016603 111
016611 354
016619 173
016627 353
016635 611
017925 636
017933 773
017941 12
017949 511
017957 671
017965 975
017973 163
017981 924
017989 353
017997 668
018005 277
018013 874
018021 898
018029 124
018037 44
018045 701
018053 6
018061 651
018069 21
018077 538
018085 628
018093 841
018101 122
018109 73
018117 281
018125 745
018133 606
018141 219
018149 310
018157 773
018165 565
018173 167
013824 959
013832 630
013840 849
013848 592
013856 910
013864 832
013872 699
013880 631
013888 667
013896 385
013904 957
013912 133
013920 454
013928 826
013936 617
013944 379
013952 460
013960 109
013968 951
013976 844
013984 939
013992 349
014000 778
014008 541
014016 900
014024 847
014032 772
014040 466
014048 907
014056 128
014064 97
014072 817
017412 612
017420 121
017428 87
017436 694
017444 977
017452 605
017460 951
017468 872
017476 376
017484 632
017492 666
017500 323
017508 330
017516 355
017524 807
017532 357
017540 571
017548 877
017556 399
017564 667
017572 804
017580 832
017588 473
017596 768
017604 114
017612 697
017620 177
017628 297
017636 538
017644 613
017652 465
017660 541
017922 931
017930 618
017938 182
017946 879
017954 559
017962 624
017970 923
017978 168
017986 661
017994 939
018002 884
018010 475
018018 413
018026 195
018034 282
018042 967
018050 441
018058 506
018066 639
018074 914
018082 255
018090 390
018098 941
018106 384
018114 623
018122 965
018130 994
018138 524
018146 766
018154 180
018162 25
018170 486
017409 504
017417 624
017425 753
017433 546
017441 364
017449 15
017457 563
017465 11
017473 965
017481 745
017489 676
017497 604
017505 308
017513 523
017521 355
017529 498
017537 547
017545 825
017553 496
017561 358
017569 901
017577 273
017585 280
017593 635
017601 310
017609 127
017617 378
017625 779
017633 480
017641 958
017649 174
017657 550
018183 394
018191 143
018199 738
018207 368
018215 784
018223 800
018231 124
018239 262
018247 454
018255 885
018263 933
018271 385
018279 549
018287 660
018295 572
018303 854
018311 391
018319 649
018327 732
018335 949
018343 814
018351 921
018359 721
018367 108
018375 217
018383 743
018391 520
018399 151
018407 628
018415 672
018423 635
018431 659
017414 407
017422 305
017430 281
017438 275
017446 131
017454 417
017462 343
017470 402
017478 3
017486 914
017494 829
017502 904
017510 644
017518 461
017526 278
017534 548
017542 520
017550 784
017558 897
017566 689
017574 916
017582 124
017590 61
017598 144
017606 687
017614 936
017622 176
017630 446
017638 72
017646 172
017654 817
017662 635
016643 218
016651 375
016659 752
016667 943
016675 957
016683 55
016691 544
016699 727
016707 170
016715 419
016723 72
016731 839
016739 521
016747 476
016755 297
016763 838
016771 373
016779 138
016787 425
016795 933
016803 981
016811 160
016819 860
016827 901
016835 911
016843 5
016851 937
016859 125
016867 256
016875 699
016883 353
016891 187
018181 226
018189 857
018197 0
018205 278
018213 617
018221 95
018229 124
018237 206
018245 56
018253 959
018261 731
018269 835
018277 543
018285 209
018293 425
018301 124
018309 599
018317 200
018325 436
018333 821
018341 228
018349 894
018357 55
018365 910
018373 515
018381 582
018389 822
018397 281
018405 480
018413 266
018421 633
018429 26
014080 176
014088 281
014096 194
014104 42
014112 504
014120 218
014128 758
014136 128
014144 162
014152 933
014160 599
014168 286
014176 598
014184 79
014192 885
014200 705
014208 573
014216 134
014224 646
014232 136
014240 357
014248 533
014256 886
014264 783
014272 886
014280 990
014288 48
014296 246
014304 880
014312 757
014320 85
014328 630
017668 327
017676 711
017684 92
017692 453
017700 800
017708 890
017716 567
017724 332
017732 148
017740 696
017748 605
017756 814
017764 725
017772 178
017780 592
017788 538
017796 124
017804 18
017812 599
017820 872
017828 613
017836 422
017844 316
017852 223
017860 546
017868 50
017876 655
017884 142
017892 502
017900 363
017908 773
017916 624
018178 157
018186 743
018194 810
018202 125
018210 969
018218 888
018226 846
018234 404
018242 369
018250 303
018258 72
018266 999
018274 54
018282 759
018290 638
018298 485
018306 339
018314 870
018322 966
018330 246
018338 360
018346 282
018354 264
018362 689
018370 237
018378 480
018386 581
018394 996
018402 814
018410 354
018418 201
018426 486
018439 678
018447 44
018455 725
018463 503
018471 241
018479 590
018487 450
018495 314
018503 558
018511 596
018519 25
018527 710
018535 683
018543 401
018551 635
018559 574
018567 212
018575 155
018583 944
018591 821
018599 450
018607 8
018615 921
018623 641
018631 521
018639 830
018647 225
018655 72
018663 436
018671 208
018679 805
018687 396
017665 202
017673 638
017681 873
017689 737
017697 900
017705 280
017713 386
017721 485
017729 530
017737 418
017745 311
017753 317
017761 677
017769 345
017777 271
017785 600
017793 219
017801 964
017809 150
017817 89
017825 772
017833 827
017841 570
017849 361
017857 16
017865 877
017873 374
017881 2
017889 485
017897 229
017905 177
017913 747
017670 542
017678 927
017686 801
017694 728
017702 843
017710 588
017718 652
017726 680
017734 461
017742 537
017750 842
017758 899
017766 89
017774 463
017782 726
017790 328
017798 534
017806 184
017814 251
017822 189
017830 252
017838 74
017846 19
017854 670
017862 310
017870 684
017878 171
017886 574
017894 813
017902 172
017910 845
017918 676
016899 864
016907 348
016915 200
016923 150
016931 594
016939 393
016947 917
016955 989
016963 838
016971 177
016979 888
016987 772
016995 574
017003 633
017011 840
017019 831
017027 589
017035 547
017043 454
017051 45
017059 330
017067 992
017075 617
017083 656
017091 196
017099 206
017107 351
017115 48
017123 835
017131 33
017139 933
017147 429
018437 547
018445 704
018453 895
018461 152
018469 60
018477 269
018485 460
018493 521
018501 205
018509 67
018517 908
018525 726
018533 908
018541 719
018549 59
018557 54
018565 238
018573 828
018581 445
018589 337
018597 864
018605 483
018613 675
018621 385
018629 686
018637 90
018645 968
018653 592
018661 978
018669 905
018677 677
018685 685
018434 675
018442 746
018450 580
018458 796
018466 570
018474 890
018482 159
018490 655
018498 349
018506 767
018514 629
018522 488
018530 754
018538 783
018546 287
018554 36
018562 367
018570 128
018578 494
018586 704
018594 260
018602 533
018610 786
018618 852
018626 439
018634 541
018642 834
018650 714
018658 624
018666 842
018674 110
018682 601
017924 808
017932 486
017940 933
017948 354
017956 115
017964 390
017972 281
017980 646
017988 660
017996 121
018004 701
018012 889
018020 811
018028 335
018036 324
018044 288
018052 601
018060 636
018068 356
018076 935
018084 6
018092 965
018100 120
018108 496
018116 242
018124 195
018132 693
018140 325
018148 407
018156 697
018164 54
018172 561
014336 374
014344 418
014352 745
014360 9
014368 915
014376 388
014384 570
014392 657
014400 211
014408 105
014416 380
014424 766
014432 330
014440 612
014448 428
014456 319
014464 918
014472 564
014480 790
014488 13
014496 833
014504 479
014512 638
014520 886
014528 691
014536 338
014544 220
014552 929
014560 751
014568 292
014576 798
014584 227
018695 692
018703 255
018711 769
018719 101
018727 124
018735 7
018743 401
018751 158
018759 364
018767 608
018775 114
018783 975
018791 918
018799 440
018807 631
018815 934
018823 149
018831 622
018839 704
018847 641
018855 565
018863 794
018871 137
018879 33
018887 954
018895 7
018903 933
018911 937
018919 727
018927 111
018935 649
018943 675
017921 825
017929 185
017937 141
017945 151
017953 191
017961 317
017969 684
017977 419
017985 31
017993 540
018001 505
018009 295
018017 697
018025 836
018033 99
018041 513
018049 657
018057 764
018065 876
018073 6
018081 89
018089 869
018097 419
018105 404
018113 72
018121 551
018129 376
018137 519
018145 422
018153 159
018161 162
018169 366
017155 756
017163 6
017171 554
017179 140
017187 768
017195 965
017203 669
017211 902
017219 154
017227 276
017235 518
017243 893
017251 2
017259 504
017267 361
017275 417
017283 221
017291 572
017299 85
017307 196
017315 833
017323 812
017331 790
017339 9
017347 90
017355 618
017363 87
017371 969
017379 789
017387 850
017395 205
017403 656
017926 855
017934 529
017942 367
017950 972
017958 795
017966 292
017974 507
017982 219
017990 225
017998 86
018006 53
018014 89
018022 998
018030 587
018038 521
018046 175
018054 678
018062 21
018070 604
018078 228
018086 494
018094 851
018102 201
018110 986
018118 898
018126 396
018134 381
018142 563
018150 299
018158 337
018166 238
018174 320
018693 275
018701 976
018709 397
018717 998
018725 79
018733 641
018741 978
018749 352
018757 869
018765 647
018773 401
018781 873
018789 930
018797 991
018805 831
018813 444
018821 488
018829 868
018837 737
018845 732
018853 654
018861 871
018869 249
018877 632
018885 366
018893 887
018901 244
018909 374
018917 528
018925 367
018933 892
018941 271
018180 196
018188 403
018196 970
018204 556
018212 486
018220 360
018228 67
018236 48
018244 124
018252 642
018260 923
018268 195
018276 649
018284 172
018292 209
018300 811
018308 654
018316 452
018324 77
018332 558
018340 266
018348 384
018356 599
018364 804
018372 129
018380 424
018388 404
018396 510
018404 300
018412 782
018420 522
018428 24
014592 820
014600 663
014608 179
014616 254
014624 389
014632 166
014640 160
014648 420
014656 168
014664 21
014672 153
014680 155
014688 190
014696 829
014704 815
014712 382
014720 685
014728 821
014736 257
014744 246
014752 88
014760 581
014768 941
014776 782
014784 925
014792 429
014800 334
014808 212
014816 257
014824 277
014832 471
014840 840
018951 514
018959 939
018967 626
018975 859
018983 444
018991 384
018999 479
019007 100
019015 726
019023 765
019031 14
019039 165
019047 628
019055 856
019063 124
019071 422
019079 327
019087 43
019095 915
019103 726
019111 925
019119 150
019127 600
019135 797
019143 945
019151 997
019159 489
019167 676
019175 576
019183 265
019191 123
019199 767
018177 485
018185 429
018193 502
018201 204
018209 356
018217 290
018225 881
018233 62
018241 716
018249 848
018257 704
018265 982
018273 830
018281 505
018289 159
018297 490
018305 667
018313 884
018321 959
018329 332
018337 206
018345 359
018353 733
018361 899
018369 187
018377 592
018385 734
018393 428
018401 831
018409 654
018417 373
018425 220
017411 392
017419 697
017427 352
017435 213
017443 647
017451 629
017459 84
017467 610
017475 802
017483 97
017491 985
017499 526
017507 188
017515 507
017523 667
017531 386
017539 908
017547 345
017555 264
017563 813
017571 281
017579 5
017587 526
017595 683
017603 588
017611 609
017619 610
017627 377
017635 810
017643 36
017651 789
017659 39
018690 490
018698 812
018706 10
018714 529
018722 394
018730 691
018738 152
018746 360
018754 888
018762 972
018770 701
018778 302
018786 357
018794 188
018802 87
018810 21
018818 321
018826 277
018834 984
018842 898
018850 119
018858 940
018866 388
018874 51
018882 358
018890 495
018898 432
018906 923
018914 936
018922 876
018930 675
018938 779
018949 572
018957 685
018965 903
018973 312
018981 726
018989 984
018997 529
019005 354
019013 416
019021 366
019029 108
019037 607
019045 155
019053 330
019061 894
019069 294
019077 965
019085 295
019093 551
019101 56
019109 862
019117 839
019125 594
019133 980
019141 36
019149 546
019157 242
019165 553
019173 778
019181 733
019189 73
019197 908
018182 470
018190 8
018198 24
018206 300
018214 618
018222 456
018230 804
018238 913
018246 633
018254 350
018262 629
018270 359
018278 531
018286 67
018294 287
018302 834
018310 809
018318 949
018326 187
018334 273
018342 290
018350 929
018358 631
018366 225
018374 781
018382 568
018390 144
018398 316
018406 292
018414 152
018422 238
018430 994
018436 286
018444 103
018452 550
018460 454
018468 991
018476 654
018484 829
018492 533
018500 902
018508 287
018516 150
018524 272
018532 127
018540 88
018548 770
018556 646
018564 963
018572 563
018580 858
018588 211
018596 970
018604 302
018612 610
018620 799
018628 221
018636 530
018644 59
018652 899
018660 771
018668 570
018676 93
018684 527
014848 928
014856 717
014864 532
014872 793
014880 129
014888 211
014896 461
014904 725
014912 206
014920 932
014928 752
014936 648
014944 745
014952 259
014960 879
014968 253
014976 880
014984 47
014992 320
015000 142
015008 146
015016 828
015024 411
015032 231
015040 624
015048 109
015056 250
015064 710
015072 491
015080 666
015088 10
015096 73
019207 980
019215 607
019223 356
019231 285
019239 784
019247 649
019255 285
019263 781
019271 216
019279 766
019287 688
019295 498
019303 484
019311 966
019319 573
019327 59
019335 237
019343 573
019351 704
019359 990
019367 116
019375 463
019383 758
019391 155
019399 654
019407 554
019415 215
019423 820
019431 298
019439 174
019447 840
019455 628
017667 7
017675 759
017683 695
017691 691
017699 22
017707 493
017715 47
017723 849
017731 966
017739 370
017747 140
017755 202
017763 811
017771 821
017779 891
017787 280
017795 403
017803 185
017811 829
017819 795
017827 36
017835 58
017843 336
017851 744
017859 785
017867 469
017875 532
017883 268
017891 564
017899 686
017907 420
017915 51
018433 655
018441 666
018449 543
018457 470
018465 181
018473 162
018481 205
018489 32
018497 301
018505 879
018513 84
018521 332
018529 699
018537 976
018545 650
018553 331
018561 124
018569 377
018577 224
018585 611
018593 139
018601 906
018609 621
018617 857
018625 56
018633 507
018641 126
018649 132
018657 190
018665 880
018673 135
018681 326
019205 144
019213 877
019221 380
019229 59
019237 871
019245 776
019253 493
019261 33
019269 16
019277 122
019285 200
019293 658
019301 695
019309 537
019317 375
019325 590
019333 935
019341 100
019349 660
019357 570
019365 209
019373 292
019381 676
019389 918
019397 400
019405 143
019413 51
019421 10
019429 765
019437 592
019445 997
019453 443
018946 622
018954 634
018962 373
018970 676
018978 875
018986 97
018994 171
019002 581
019010 884
019018 667
019026 905
019034 474
019042 439
019050 81
019058 365
019066 847
019074 810
019082 354
019090 125
019098 297
019106 669
019114 493
019122 812
019130 638
019138 323
019146 387
019154 984
019162 815
019170 947
019178 863
019186 410
019194 909
018438 650
018446 63
018454 631
018462 461
018470 657
018478 113
018486 444
018494 182
018502 184
018510 249
018518 67
018526 418
018534 784
018542 557
018550 362
018558 817
018566 266
018574 32
018582 417
018590 618
018598 430
018606 715
018614 764
018622 147
018630 254
018638 572
018646 552
018654 142
018662 894
018670 604
018678 921
018686 230
018692 343
018700 458
018708 51
018716 432
018724 420
018732 781
018740 334
018748 308
018756 567
018764 278
018772 24
018780 146
018788 344
018796 933
018804 618
018812 811
018820 532
018828 209
018836 874
018844 499
018852 214
018860 646
018868 538
018876 908
018884 848
018892 614
018900 274
018908 668
018916 10
018924 659
018932 532
018940 94
015104 614
015112 883
015120 410
015128 564
015136 402
015144 756
015152 975
015160 0
015168 986
015176 404
015184 89
015192 777
015200 609
015208 203
015216 732
015224 213
015232 699
015240 58
015248 111
015256 374
015264 63
015272 939
015280 458
015288 703
015296 226
015304 134
015312 809
015320 729
015328 868
015336 730
015344 428
015352 170
019463 792
019471 477
019479 540
019487 91
019495 545
019503 129
019511 781
019519 458
019527 909
019535 139
019543 396
019551 420
019559 255
019567 514
019575 393
019583 111
019591 275
019599 939
019607 741
019615 297
019623 895
019631 627
019639 799
019647 402
019655 781
019663 261
019671 121
019679 962
019687 0
019695 367
019703 289
019711 578
017923 145
017931 732
017939 282
017947 370
017955 621
017963 52
017971 755
017979 358
017987 681
017995 715
018003 774
018011 554
018019 967
018027 600
018035 845
018043 217
018051 481
018059 277
018067 747
018075 228
018083 976
018091 717
018099 91
018107 233
018115 949
018123 5
018131 49
018139 837
018147 559
018155 977
018163 182
018171 657
019461 568
019469 815
019477 411
019485 915
019493 251
019501 511
019509 876
019517 218
019525 439
019533 950
019541 105
019549 287
019557 361
019565 929
019573 462
019581 994
019589 482
019597 988
019605 196
019613 986
019621 850
019629 881
019637 751
019645 608
019653 366
019661 277
019669 255
019677 438
019685 87
019693 774
019701 236
019709 844
019202 183
019210 44
019218 156
019226 613
019234 219
019242 453
019250 498
019258 422
019266 981
019274 521
019282 855
019290 515
019298 176
019306 362
019314 298
019322 976
019330 396
019338 212
019346 228
019354 211
019362 339
019370 479
019378 946
019386 685
019394 806
019402 742
019410 769
019418 249
019426 451
019434 467
019442 113
019450 389
018689 649
018697 369
018705 617
018713 48
018721 586
018729 300
018737 410
018745 968
018753 673
018761 935
018769 200
018777 276
018785 823
018793 70
018801 233
018809 558
018817 871
018825 464
018833 883
018841 136
018849 329
018857 188
018865 144
018873 561
018881 670
018889 95
018897 925
018905 610
018913 910
018921 743
018929 62
018937 903
018694 992
018702 809
018710 732
018718 907
018726 99
018734 986
018742 755
018750 197
018758 513
018766 25
018774 179
018782 988
018790 578
018798 340
018806 430
018814 674
018822 49
018830 833
018838 914
018846 533
018854 959
018862 624
018870 306
018878 188
018886 685
018894 313
018902 957
018910 853
018918 390
018926 90
018934 100
018942 491
019717 478
019725 239
019733 990
019741 663
019749 397
019757 432
019765 736
019773 821
019781 215
019789 681
019797 443
019805 47
019813 307
019821 885
019829 594
019837 605
019845 439
019853 582
019861 560
019869 861
019877 828
019885 510
019893 25
019901 557
019909 872
019917 90
019925 728
019933 323
019941 900
019949 444
019957 869
019965 616
018948 398
018956 900
018964 674
018972 215
018980 529
018988 733
018996 521
019004 650
019012 826
019020 990
019028 781
019036 698
019044 698
019052 692
019060 239
019068 834
019076 678
019084 435
019092 105
019100 62
019108 713
019116 253
019124 471
019132 16
019140 542
019148 893
019156 629
019164 575
019172 334
019180 276
019188 459
019196 379
019719 842
019727 497
019735 543
019743 533
019751 825
019759 400
019767 463
019775 748
019783 139
019791 681
019799 936
019807 684
019815 42
019823 324
019831 377
019839 190
019847 424
019855 248
019863 358
019871 12
019879 156
019887 511
019895 574
019903 169
019911 531
019919 169
019927 560
019935 8
019943 710
019951 992
019959 998
019967 460
015360 984
015368 896
015376 886
015384 592
015392 991
015400 365
015408 839
015416 989
015424 481
015432 636
015440 954
015448 174
015456 481
015464 419
015472 914
015480 655
015488 427
015496 604
015504 23
015512 108
015520 953
015528 643
015536 270
015544 922
015552 496
015560 162
015568 92
015576 407
015584 342
015592 683
015600 298
015608 250
018179 915
018187 12
018195 270
018203 936
018211 380
018219 844
018227 89
018235 387
018243 374
018251 821
018259 692
018267 644
018275 104
018283 589
018291 387
018299 287
018307 922
018315 768
018323 911
018331 749
018339 733
018347 318
018355 910
018363 391
018371 773
018379 147
018387 799
018395 928
018403 774
018411 592
018419 71
018427 314
019458 677
019466 620
019474 914
019482 626
019490 70
019498 283
019506 393
019514 881
019522 21
019530 326
019538 646
019546 456
019554 376
019562 310
019570 474
019578 971
019586 341
019594 845
019602 897
019610 319
019618 361
019626 976
019634 660
019642 93
019650 830
019658 692
019666 185
019674 473
019682 453
019690 790
019698 216
019706 971
018945 415
018953 555
018961 985
018969 146
018977 117
018985 315
018993 482
019001 533
019009 543
019017 869
019025 910
019033 504
019041 66
019049 716
019057 857
019065 958
019073 421
019081 928
019089 202
019097 106
019105 704
019113 566
019121 121
019129 808
019137 578
019145 394
019153 751
019161 137
019169 89
019177 197
019185 50
019193 980
018950 145
018958 832
018966 952
018974 957
018982 186
018990 397
018998 415
019006 812
019014 548
019022 51
019030 401
019038 590
019046 319
019054 501
019062 114
019070 478
019078 769
019086 96
019094 909
019102 924
019110 852
019118 352
019126 999
019134 575
019142 960
019150 77
019158 29
019166 195
019174 917
019182 725
019190 983
019198 183
019975 469
019983 738
019991 993
019999 525
020007 836
020015 625
020023 26
020031 147
020039 575
020047 786
020055 378
020063 875
020071 626
020079 255
020087 931
020095 347
020103 453
020111 330
020119 590
020127 438
020135 558
020143 567
020151 622
020159 798
020167 569
020175 459
020183 20
020191 68
020199 996
020207 299
020215 997
020223 580
018435 305
018443 363
018451 176
018459 776
018467 93
018475 917
018483 759
018491 751
018499 949
018507 248
018515 440
018523 922
018531 972
018539 649
018547 233
018555 325
018563 773
018571 71
018579 62
018587 753
018595 860
018603 428
018611 48
018619 776
018627 934
018635 599
018643 557
018651 645
018659 535
018667 774
018675 250
018683 899
019973 863
019981 848
019989 226
019997 535
020005 224
020013 352
020021 876
020029 918
020037 624
020045 745
020053 886
020061 556
020069 549
020077 603
020085 492
020093 11
020101 693
020109 81
020117 18
020125 957
020133 85
020141 719
020149 712
020157 743
020165 779
020173 914
020181 884
020189 179
020197 113
020205 646
020213 754
020221 594
019204 704
019212 19
019220 17
019228 166
019236 96
019244 7
019252 32
019260 956
019268 448
019276 760
019284 537
019292 756
019300 539
019308 490
019316 329
019324 69
019332 55
019340 360
019348 763
019356 979
019364 355
019372 530
019380 673
019388 660
019396 527
019404 168
019412 482
019420 2
019428 215
019436 269
019444 114
019452 753
015616 773
015624 928
015632 826
015640 147
015648 427
015656 788
015664 880
015672 426
015680 313
015688 349
015696 828
015704 629
015712 602
015720 143
015728 679
015736 366
015744 624
015752 160
015760 541
015768 453
015776 801
015784 733
015792 297
015800 999
015808 559
015816 838
015824 837
015832 174
015840 534
015848 859
015856 334
015864 315
019206 688
019214 409
019222 252
019230 278
019238 283
019246 627
019254 366
019262 777
019270 122
019278 465
019286 585
019294 598
019302 564
019310 580
019318 410
019326 956
019334 188
019342 949
019350 347
019358 989
019366 915
019374 979
019382 119
019390 859
019398 517
019406 249
019414 50
019422 373
019430 531
019438 18
019446 476
019454 973
019201 755
019209 698
019217 450
019225 595
019233 636
019241 939
019249 635
019257 244
019265 550
019273 36
019281 84
019289 981
019297 989
019305 447
019313 186
019321 827
019329 498
019337 731
019345 768
019353 716
019361 808
019369 478
019377 429
019385 991
019393 133
019401 314
019409 974
019417 616
019425 22
019433 665
019441 306
019449 617
019714 196
019722 861
019730 430
019738 433
019746 914
019754 495
019762 665
019770 402
019778 353
019786 662
019794 727
019802 968
019810 38
019818 481
019826 469
019834 502
019842 318
019850 567
019858 818
019866 189
019874 606
019882 51
019890 171
019898 842
019906 688
019914 54
019922 793
019930 817
019938 465
019946 849
019954 216
019962 590
020231 497
020239 457
020247 225
020255 399
020263 575
020271 881
020279 799
020287 196
020295 155
020303 155
020311 115
020319 287
020327 904
020335 447
020343 290
020351 92
020359 205
020367 896
020375 990
020383 719
020391 115
020399 963
020407 458
020415 846
020423 727
020431 71
020439 499
020447 130
020455 438
020463 210
020471 772
020479 582
020229 349
020237 532
020245 178
020253 127
020261 236
020269 108
020277 103
020285 211
020293 931
020301 226
020309 356
020317 806
020325 865
020333 148
020341 316
020349 488
020357 353
020365 2
020373 219
020381 994
020389 270
020397 334
020405 51
020413 61
020421 996
020429 758
020437 95
020445 864
020453 180
020461 929
020469 429
020477 694
018691 416
018699 78
018707 58
018715 751
018723 619
018731 400
018739 949
018747 389
018755 367
018763 24
018771 693
018779 64
018787 436
018795 755
018803 939
018811 69
018819 878
018827 390
018835 213
018843 804
018851 669
018859 570
018867 326
018875 872
018883 819
018891 869
018899 186
018907 484
018915 716
018923 593
018931 103
018939 703
019460 534
019468 740
019476 25
019484 389
019492 977
019500 70
019508 133
019516 606
019524 933
019532 916
019540 884
019548 461
019556 817
019564 254
019572 284
019580 149
019588 645
019596 360
019604 639
019612 327
019620 534
019628 92
019636 816
019644 664
019652 981
019660 235
019668 355
019676 106
019684 351
019692 214
019700 129
019708 679
015872 676
015880 276
015888 236
015896 453
015904 50
015912 407
015920 724
015928 601
015936 628
015944 138
015952 525
015960 775
015968 761
015976 838
015984 557
015992 13
016000 560
016008 99
016016 330
016024 322
016032 165
016040 392
016048 117
016056 579
016064 150
016072 817
016080 209
016088 366
016096 385
016104 310
016112 557
016120 606
019462 828
019470 506
019478 545
019486 653
019494 58
019502 346
019510 893
019518 94
019526 427
019534 844
019542 758
019550 534
019558 19
019566 611
019574 793
019582 749
019590 147
019598 42
019606 751
019614 434
019622 391
019630 748
019638 406
019646 117
019654 304
019662 934
019670 603
019678 975
019686 283
019694 300
019702 434
019710 22
019457 855
019465 784
019473 98
019481 629
019489 977
019497 620
019505 281
019513 877
019521 14
019529 862
019537 542
019545 367
019553 115
019561 973
019569 120
019577 891
019585 223
019593 778
019601 725
019609 59
019617 677
019625 0
019633 342
019641 996
019649 602
019657 264
019665 775
019673 525
019681 873
019689 930
019697 250
019705 980
019970 840
019978 945
019986 59
019994 752
020002 440
020010 901
020018 508
020026 485
020034 876
020042 590
020050 326
020058 972
020066 312
020074 934
020082 758
020090 522
020098 169
020106 855
020114 692
020122 448
020130 5
020138 216
020146 330
020154 814
020162 987
020170 678
020178 437
020186 745
020194 195
020202 236
020210 859
020218 398
020487 218
020495 226
020503 983
020511 999
020519 90
020527 262
020535 352
020543 598
020551 674
020559 915
020567 107
020575 273
020583 168
020591 638
020599 246
020607 244
020615 75
020623 927
020631 236
020639 839
020647 369
020655 863
020663 232
020671 46
020679 518
020687 390
020695 971
020703 579
020711 30
020719 537
020727 756
020735 70
020485 938
020493 696
020501 930
020509 891
020517 170
020525 737
020533 817
020541 533
020549 259
020557 364
020565 172
020573 476
020581 0
020589 580
020597 305
020605 715
020613 588
020621 488
020629 464
020637 494
020645 645
020653 586
020661 703
020669 807
020677 532
020685 870
020693 306
020701 933
020709 665
020717 791
020725 172
020733 810
018947 379
018955 413
018963 269
018971 3
018979 954
018987 753
018995 41
019003 254
019011 988
019019 441
019027 340
019035 814
019043 320
019051 355
019059 592
019067 965
019075 430
019083 111
019091 379
019099 68
019107 358
019115 611
019123 24
019131 14
019139 51
019147 514
019155 491
019163 504
019171 619
019179 65
019187 69
019195 340
019716 791
019724 262
019732 154
019740 673
019748 490
019756 463
019764 588
019772 582
019780 583
019788 755
019796 536
019804 348
019812 252
019820 37
019828 537
019836 517
019844 346
019852 119
019860 696
019868 6
019876 256
019884 118
019892 435
019900 957
019908 924
019916 897
019924 529
019932 913
019940 780
019948 682
019956 254
019964 826
016128 515
016136 693
016144 566
016152 255
016160 767
016168 563
016176 437
016184 141
016192 983
016200 422
016208 663
016216 808
016224 701
016232 47
016240 129
016248 835
016256 302
016264 865
016272 242
016280 442
016288 406
016296 550
016304 945
016312 243
016320 617
016328 724
016336 752
016344 573
016352 217
016360 398
016368 544
016376 703
019718 472
019726 390
019734 162
019742 663
019750 239
019758 286
019766 991
019774 912
019782 128
019790 169
019798 852
019806 687
019814 542
019822 455
019830 460
019838 551
019846 467
019854 300
019862 252
019870 92
019878 928
019886 450
019894 868
019902 431
019910 247
019918 385
019926 121
019934 258
019942 640
019950 332
019958 576
019966 737
019713 779
019721 33
019729 424
019737 122
019745 810
019753 765
019761 399
019769 164
019777 502
019785 74
019793 378
019801 550
019809 9
019817 34
019825 3
019833 681
019841 427
019849 991
019857 100
019865 96
019873 381
019881 537
019889 587
019897 613
019905 925
019913 350
019921 852
019929 953
019937 231
019945 341
019953 22
019961 628
020226 983
020234 399
020242 893
020250 568
020258 394
020266 877
020274 45
020282 233
020290 288
020298 617
020306 430
020314 580
020322 891
020330 982
020338 269
020346 436
020354 209
020362 257
020370 634
020378 213
020386 25
020394 20
020402 529
020410 191
020418 84
020426 95
020434 102
020442 562
020450 739
020458 393
020466 590
020474 127
020743 260
020751 676
020759 660
020767 157
020775 458
020783 231
020791 979
020799 961
020807 250
020815 233
020823 822
020831 829
020839 306
020847 369
020855 842
020863 539
020871 458
020879 418
020887 595
020895 738
020903 919
020911 788
020919 995
020927 18
020935 447
020943 789
020951 243
020959 79
020967 340
020975 385
020983 205
020991 565
020741 143
020749 248
020757 568
020765 69
020773 479
020781 763
020789 373
020797 881
020805 611
020813 473
020821 404
020829 178
020837 473
020845 604
020853 69
020861 505
020869 696
020877 640
020885 392
020893 221
020901 522
020909 761
020917 433
020925 836
020933 925
020941 814
020949 65
020957 47
020965 91
020973 754
020981 12
020989 657
019203 180
019211 216
019219 389
019227 711
019235 759
019243 601
019251 363
019259 396
019267 768
019275 988
019283 33
019291 402
019299 615
019307 878
019315 641
019323 503
019331 94
019339 718
019347 679
019355 705
019363 596
019371 953
019379 314
019387 64
019395 135
019403 720
019411 249
019419 332
019427 100
019435 256
019443 277
019451 839
019972 891
019980 856
019988 931
019996 453
020004 752
020012 576
020020 130
020028 384
020036 641
020044 676
020052 914
020060 336
020068 418
020076 62
020084 880
020092 727
020100 164
020108 862
020116 629
020124 178
020132 8
020140 738
020148 385
020156 283
020164 466
020172 362
020180 407
020188 393
020196 337
020204 808
020212 501
020220 268
019974 195
019982 744
019990 722
019998 177
020006 430
020014 792
020022 410
020030 647
020038 838
020046 15
020054 861
020062 819
020070 628
020078 17
020086 599
020094 83
020102 168
020110 223
020118 575
020126 256
020134 800
020142 3
020150 22
020158 502
020166 722
020174 833
020182 957
020190 266
020198 19
020206 444
020214 761
020222 630
016384 334
016392 654
016400 622
016408 260
016416 230
016424 341
016432 716
016440 220
016448 860
016456 247
016464 180
016472 521
016480 795
016488 141
016496 503
016504 846
016512 521
016520 109
016528 571
016536 795
016544 233
016552 123
016560 633
016568 637
016576 487
016584 500
016592 979
016600 401
016608 448
016616 555
016624 434
016632 246
019969 639
019977 899
019985 994
019993 586
020001 43
020009 473
020017 855
020025 770
020033 95
020041 239
020049 74
020057 1
020065 494
020073 393
020081 95
020089 519
020097 149
020105 63
020113 861
020121 658
020129 923
020137 229
020145 979
020153 682
020161 481
020169 735
020177 145
020185 816
020193 587
020201 17
020209 729
020217 210
020482 463
020490 135
020498 131
020506 635
020514 332
020522 174
020530 339
020538 475
020546 202
020554 821
020562 82
020570 887
020578 404
020586 277
020594 432
020602 643
020610 154
020618 169
020626 873
020634 515
020642 588
020650 665
020658 413
020666 188
020674 696
020682 584
020690 815
020698 958
020706 235
020714 458
020722 760
020730 94
020999 819
021007 651
021015 194
021023 894
021031 949
021039 454
021047 366
021055 224
021063 707
021071 729
021079 226
021087 895
021095 497
021103 238
021111 659
021119 536
021127 756
021135 666
021143 428
021151 914
021159 381
021167 802
021175 97
021183 627
021191 126
021199 519
021207 633
021215 385
021223 434
021231 192
021239 308
021247 205
020997 532
021005 294
021013 206
021021 482
021029 462
021037 214
021045 507
021053 544
021061 89
021069 155
021077 601
021085 95
021093 670
021101 979
021109 458
021117 544
021125 31
021133 706
021141 260
021149 155
021157 709
021165 893
021173 730
021181 582
021189 322
021197 997
021205 64
021213 344
021221 418
021229 179
021237 840
021245 131
019459 698
019467 685
019475 425
019483 975
019491 503
019499 813
019507 503
019515 714
019523 505
019531 287
019539 558
019547 525
019555 717
019563 25
019571 198
019579 449
019587 626
019595 644
019603 379
019611 520
019619 874
019627 920
019635 938
019643 301
019651 900
019659 996
019667 485
019675 8
019683 371
019691 605
019699 495
019707 656
020228 242
020236 584
020244 343
020252 175
020260 606
020268 418
020276 257
020284 993
020292 869
020300 824
020308 552
020316 261
020324 103
020332 156
020340 417
020348 963
020356 604
020364 332
020372 440
020380 750
020388 813
020396 277
020404 624
020412 742
020420 624
020428 702
020436 866
020444 833
020452 13
020460 812
020468 498
020476 855
020230 809
020238 526
020246 545
020254 793
020262 894
020270 75
020278 675
020286 819
020294 845
020302 188
020310 183
020318 982
020326 346
020334 527
020342 877
020350 833
020358 910
020366 693
020374 539
020382 385
020390 896
020398 133
020406 588
020414 931
020422 780
020430 173
020438 368
020446 375
020454 571
020462 578
020470 182
020478 176
016640 956
016648 169
016656 222
016664 401
016672 887
016680 247
016688 202
016696 351
016704 228
016712 226
016720 156
016728 321
016736 843
016744 683
016752 754
016760 40
016768 742
016776 363
016784 905
016792 300
016800 771
016808 690
016816 923
016824 643
016832 514
016840 965
016848 977
016856 535
016864 264
016872 277
016880 465
016888 537
020225 688
020233 113
020241 58
020249 335
020257 826
020265 711
020273 793
020281 270
020289 458
020297 308
020305 694
020313 16
020321 945
020329 818
020337 913
020345 58
020353 740
020361 428
020369 263
020377 115
020385 785
020393 941
020401 54
020409 163
020417 24
020425 937
020433 692
020441 913
020449 651
020457 22
020465 772
020473 639
020738 135
020746 301
020754 188
020762 849
020770 940
020778 500
020786 826
020794 227
020802 0
020810 353
020818 90
020826 985
020834 439
020842 981
020850 126
020858 572
020866 0
020874 184
020882 289
020890 272
020898 488
020906 900
020914 399
020922 260
020930 855
020938 966
020946 798
020954 340
020962 23
020970 40
020978 688
020986 619
021255 366
021263 408
021271 91
021279 84
021287 360
021295 683
021303 671
021311 653
021319 466
021327 481
021335 994
021343 381
021351 781
021359 760
021367 608
021375 749
021383 593
021391 37
021399 343
021407 494
021415 635
021423 773
021431 288
021439 223
021447 583
021455 162
021463 552
021471 436
021479 681
021487 777
021495 63
021503 730
021253 494
021261 954
021269 629
021277 771
021285 223
021293 608
021301 949
021309 308
021317 424
021325 985
021333 544
021341 453
021349 803
021357 133
021365 618
021373 718
021381 845
021389 239
021397 562
021405 92
021413 440
021421 662
021429 855
021437 268
021445 531
021453 305
021461 12
021469 815
021477 830
021485 235
021493 134
021501 557
019715 666
019723 642
019731 98
019739 585
019747 76
019755 194
019763 461
019771 411
019779 923
019787 129
019795 59
019803 31
019811 547
019819 840
019827 173
019835 107
019843 844
019851 313
019859 582
019867 5
019875 247
019883 567
019891 565
019899 462
019907 888
019915 292
019923 808
019931 509
019939 293
019947 538
019955 83
019963 712
020484 922
020492 506
020500 14
020508 84
020516 725
020524 471
020532 963
020540 556
020548 18
020556 625
020564 582
020572 97
020580 20
020588 175
020596 862
020604 697
020612 677
020620 456
020628 373
020636 663
020644 742
020652 63
020660 161
020668 41
020676 148
020684 940
020692 847
020700 378
020708 912
020716 849
020724 967
020732 475
020486 710
020494 201
020502 521
020510 355
020518 327
020526 958
020534 890
020542 792
020550 847
020558 329
020566 622
020574 175
020582 314
020590 19
020598 596
020606 639
020614 64
020622 760
020630 179
020638 927
020646 341
020654 668
020662 938
020670 399
020678 11
020686 619
020694 294
020702 263
020710 807
020718 573
020726 503
020734 559
016896 77
016904 867
016912 227
016920 381
016928 208
016936 857
016944 767
016952 210
016960 790
016968 905
016976 331
016984 916
016992 316
017000 750
017008 177
017016 496
017024 434
017032 960
017040 33
017048 636
017056 436
017064 346
017072 770
017080 522
017088 796
017096 159
017104 246
017112 598
017120 7
017128 862
017136 538
017144 918
020481 60
020489 254
020497 607
020505 547
020513 479
020521 881
020529 579
020537 522
020545 433
020553 223
020561 974
020569 684
020577 91
020585 792
020593 701
020601 91
020609 152
020617 368
020625 27
020633 606
020641 641
020649 213
020657 870
020665 663
020673 443
020681 83
020689 149
020697 105
020705 145
020713 569
020721 507
020729 64
020994 699
021002 880
021010 997
021018 283
021026 315
021034 289
021042 798
021050 665
021058 673
021066 858
021074 554
021082 618
021090 45
021098 144
021106 182
021114 738
021122 26
021130 34
021138 729
021146 646
021154 93
021162 410
021170 267
021178 109
021186 100
021194 220
021202 325
021210 175
021218 403
021226 421
021234 131
021242 981
021511 262
021519 141
021527 356
021535 415
021543 802
021551 202
021559 245
021567 678
021575 828
021583 453
021591 112
021599 405
021607 313
021615 496
021623 684
021631 999
021639 913
021647 702
021655 435
021663 597
021671 80
021679 547
021687 930
021695 174
021703 890
021711 641
021719 587
021727 796
021735 996
021743 899
021751 808
021759 672
021509 799
021517 817
021525 957
021533 238
021541 142
021549 970
021557 987
021565 664
021573 62
021581 356
021589 14
021597 54
021605 349
021613 412
021621 188
021629 462
021637 810
021645 410
021653 96
021661 885
021669 821
021677 837
021685 603
021693 250
021701 543
021709 212
021717 281
021725 141
021733 941
021741 556
021749 455
021757 565
019971 474
019979 749
019987 581
019995 943
020003 428
020011 395
020019 0
020027 11
020035 304
020043 905
020051 754
020059 459
020067 756
020075 928
020083 167
020091 448
020099 127
020107 941
020115 727
020123 504
020131 9
020139 227
020147 263
020155 16
020163 908
020171 65
020179 604
020187 967
020195 510
020203 961
020211 452
020219 755
020740 573
020748 591
020756 932
020764 984
020772 972
020780 551
020788 464
020796 700
020804 734
020812 563
020820 837
020828 481
020836 261
020844 249
020852 896
020860 807
020868 521
020876 707
020884 209
020892 35
020900 470
020908 737
020916 384
020924 350
020932 630
020940 865
020948 500
020956 834
020964 119
020972 373
020980 931
020988 62
020742 59
020750 52
020758 50
020766 561
020774 226
020782 955
020790 311
020798 771
020806 563
020814 699
020822 928
020830 136
020838 306
020846 469
020854 61
020862 397
020870 279
020878 685
020886 282
020894 592
020902 845
020910 63
020918 403
020926 0
020934 125
020942 578
020950 475
020958 698
020966 795
020974 617
020982 271
020990 485
017152 655
017160 814
017168 749
017176 989
017184 533
017192 893
017200 133
017208 23
017216 37
017224 53
017232 77
017240 531
017248 565
017256 374
017264 495
017272 125
017280 635
017288 26
017296 833
017304 499
017312 600
017320 615
017328 657
017336 706
017344 721
017352 342
017360 287
017368 86
017376 346
017384 348
017392 116
017400 796
021250 345
021258 944
021266 634
021274 670
021282 174
021290 818
021298 47
021306 37
021314 535
021322 903
021330 206
021338 602
021346 407
021354 410
021362 72
021370 377
021378 795
021386 809
021394 164
021402 521
021410 866
021418 598
021426 528
021434 67
021442 943
021450 724
021458 512
021466 954
021474 946
021482 927
021490 532
021498 381
020737 807
020745 58
020753 948
020761 651
020769 659
020777 854
020785 260
020793 603
020801 457
020809 712
020817 740
020825 174
020833 842
020841 56
020849 187
020857 840
020865 603
020873 127
020881 873
020889 834
020897 209
020905 270
020913 603
020921 591
020929 507
020937 117
020945 983
020953 529
020961 520
020969 493
020977 143
020985 538
021765 821
021773 296
021781 181
021789 62
021797 333
021805 326
021813 691
021821 277
021829 398
021837 109
021845 251
021853 784
021861 4
021869 138
021877 451
021885 525
021893 521
021901 70
021909 772
021917 298
021925 484
021933 288
021941 480
021949 624
021957 299
021965 528
021973 284
021981 386
021989 601
021997 162
022005 32
022013 316
021767 439
021775 137
021783 574
021791 414
021799 209
021807 285
021815 813
021823 749
021831 38
021839 552
021847 376
021855 193
021863 905
021871 79
021879 232
021887 603
021895 714
021903 283
021911 87
021919 538
021927 283
021935 475
021943 148
021951 936
021959 90
021967 758
021975 565
021983 507
021991 300
021999 762
022007 276
022015 918
020996 474
021004 435
021012 199
021020 883
021028 673
021036 809
021044 65
021052 332
021060 611
021068 918
021076 902
021084 432
021092 463
021100 21
021108 411
021116 7
021124 929
021132 951
021140 344
021148 836
021156 517
021164 445
021172 721
021180 990
021188 31
021196 267
021204 876
021212 814
021220 49
021228 108
021236 574
021244 633
020998 190
021006 689
021014 405
021022 618
021030 502
021038 722
021046 551
021054 97
021062 950
021070 991
021078 782
021086 464
021094 319
021102 776
021110 635
021118 244
021126 866
021134 886
021142 166
021150 725
021158 470
021166 305
021174 213
021182 188
021190 165
021198 345
021206 711
021214 567
021222 269
021230 135
021238 33
021246 976
020227 172
020235 297
020243 189
020251 935
020259 294
020267 549
020275 369
020283 224
020291 637
020299 470
020307 711
020315 150
020323 697
020331 73
020339 119
020347 318
020355 716
020363 300
020371 408
020379 333
020387 916
020395 654
020403 948
020411 994
020419 296
020427 584
020435 196
020443 844
020451 299
020459 536
020467 738
020475 970
017408 577
017416 777
017424 367
017432 395
017440 519
017448 178
017456 423
017464 900
017472 681
017480 801
017488 572
017496 328
017504 286
017512 361
017520 857
017528 169
017536 213
017544 96
017552 310
017560 48
017568 882
017576 979
017584 686
017592 973
017600 903
017608 138
017616 120
017624 461
017632 90
017640 210
017648 982
017656 471
020993 205
021001 80
021009 413
021017 869
021025 978
021033 282
021041 609
021049 179
021057 824
021065 321
021073 986
021081 847
021089 313
021097 272
021105 790
021113 551
021121 841
021129 501
021137 115
021145 794
021153 537
021161 990
021169 849
021177 814
021185 359
021193 564
021201 728
021209 232
021217 425
021225 495
021233 834
021241 259
021506 57
021514 127
021522 399
021530 497
021538 579
021546 329
021554 74
021562 447
021570 257
021578 320
021586 20
021594 133
021602 884
021610 131
021618 840
021626 65
021634 63
021642 152
021650 706
021658 760
021666 470
021674 268
021682 694
021690 135
021698 912
021706 146
021714 337
021722 563
021730 411
021738 589
021746 657
021754 801
022021 670
022029 728
022037 648
022045 137
022053 797
022061 368
022069 998
022077 71
022085 397
022093 18
022101 841
022109 720
022117 242
022125 355
022133 91
022141 350
022149 705
022157 167
022165 653
022173 282
022181 597
022189 273
022197 716
022205 539
022213 122
022221 37
022229 277
022237 145
022245 174
022253 169
022261 522
022269 814
022023 798
022031 512
022039 756
022047 543
022055 402
022063 16
022071 932
022079 469
022087 642
022095 565
022103 35
022111 830
022119 334
022127 937
022135 970
022143 832
022151 250
022159 41
022167 36
022175 135
022183 730
022191 122
022199 730
022207 822
022215 592
022223 775
022231 404
022239 639
022247 24
022255 380
022263 473
022271 992
021252 174
021260 162
021268 230
021276 407
021284 368
021292 61
021300 631
021308 466
021316 709
021324 895
021332 278
021340 515
021348 771
021356 495
021364 381
021372 968
021380 503
021388 121
021396 598
021404 861
021412 663
021420 585
021428 941
021436 835
021444 550
021452 521
021460 133
021468 680
021476 63
021484 323
021492 113
021500 166
020483 261
020491 49
020499 473
020507 394
020515 752
020523 322
020531 67
020539 945
020547 787
020555 489
020563 293
020571 503
020579 415
020587 650
020595 491
020603 25
020611 695
020619 917
020627 576
020635 80
020643 475
020651 739
020659 277
020667 708
020675 345
020683 414
020691 601
020699 883
020707 687
020715 293
020723 114
020731 889
021254 391
021262 694
021270 882
021278 979
021286 239
021294 732
021302 509
021310 433
021318 577
021326 539
021334 831
021342 601
021350 503
021358 488
021366 550
021374 674
021382 236
021390 188
021398 191
021406 589
021414 345
021422 237
021430 282
021438 222
021446 165
021454 36
021462 570
021470 739
021478 387
021486 769
021494 339
021502 26
017664 773
017672 165
017680 875
017688 340
017696 540
017704 153
017712 904
017720 878
017728 21
017736 266
017744 341
017752 996
017760 205
017768 549
017776 656
017784 986
017792 616
017800 500
017808 987
017816 186
017824 26
017832 751
017840 61
017848 679
017856 405
017864 75
017872 236
017880 548
017888 175
017896 651
017904 127
017912 290
021249 274
021257 776
021265 665
021273 416
021281 785
021289 292
021297 803
021305 212
021313 177
021321 199
021329 355
021337 72
021345 755
021353 572
021361 864
021369 675
021377 150
021385 843
021393 177
021401 562
021409 63
021417 587
021425 718
021433 114
021441 989
021449 413
021457 363
021465 3
021473 672
021481 998
021489 718
021497 791
021762 138
021770 173
021778 356
021786 490
021794 320
021802 915
021810 919
021818 989
021826 83
021834 385
021842 750
021850 458
021858 484
021866 80
021874 622
021882 181
021890 228
021898 905
021906 772
021914 330
021922 906
021930 143
021938 542
021946 938
021954 35
021962 746
021970 121
021978 415
021986 880
021994 345
022002 583
022010 577
022277 809
022285 1
022293 459
022301 447
022309 999
022317 831
022325 177
022333 932
022341 963
022349 225
022357 593
022365 217
022373 257
022381 822
022389 636
022397 373
022405 641
022413 969
022421 561
022429 684
022437 611
022445 684
022453 220
022461 220
022469 497
022477 358
022485 117
022493 12
022501 284
022509 673
022517 862
022525 144
022279 956
022287 81
022295 731
022303 119
022311 675
022319 896
022327 991
022335 369
022343 922
022351 573
022359 357
022367 333
022375 894
022383 913
022391 631
022399 926
022407 53
022415 528
022423 85
022431 742
022439 872
022447 777
022455 642
022463 428
022471 761
022479 334
022487 585
022495 93
022503 549
022511 554
022519 467
022527 855
020739 138
020747 876
020755 680
020763 283
020771 449
020779 176
020787 350
020795 541
020803 801
020811 346
020819 744
020827 32
020835 515
020843 218
020851 881
020859 579
020867 249
020875 508
020883 979
020891 670
020899 115
020907 595
020915 570
020923 347
020931 832
020939 240
020947 809
020955 339
020963 288
020971 660
020979 292
020987 512
021508 321
021516 415
021524 952
021532 94
021540 268
021548 797
021556 529
021564 203
021572 336
021580 703
021588 300
021596 61
021604 4
021612 780
021620 329
021628 960
021636 539
021644 80
021652 518
021660 322
021668 559
021676 138
021684 533
021692 574
021700 440
021708 525
021716 179
021724 605
021732 952
021740 336
021748 690
021756 141
021510 170
021518 579
021526 318
021534 449
021542 384
021550 655
021558 269
021566 152
021574 857
021582 136
021590 961
021598 751
021606 60
021614 240
021622 932
021630 75
021638 404
021646 363
021654 950
021662 178
021670 119
021678 776
021686 652
021694 348
021702 123
021710 216
021718 934
021726 374
021734 954
021742 998
021750 699
021758 664
017920 534
017928 602
017936 27
017944 443
017952 90
017960 246
017968 974
017976 67
017984 979
017992 901
018000 681
018008 445
018016 324
018024 306
018032 530
018040 454
018048 495
018056 288
018064 846
018072 293
018080 383
018088 99
018096 215
018104 946
018112 40
018120 398
018128 632
018136 976
018144 521
018152 7
018160 380
018168 376
021505 166
021513 164
021521 263
021529 226
021537 131
021545 666
021553 537
021561 414
021569 301
021577 817
021585 928
021593 484
021601 13
021609 252
021617 928
021625 353
021633 689
021641 360
021649 600
021657 327
021665 414
021673 514
021681 42
021689 525
021697 739
021705 491
021713 249
021721 522
021729 590
021737 920
021745 467
021753 219
022018 95
022026 29
022034 39
022042 722
022050 620
022058 948
022066 191
022074 923
022082 292
022090 244
022098 605
022106 721
022114 292
022122 715
022130 856
022138 286
022146 16
022154 198
022162 413
022170 384
022178 335
022186 944
022194 833
022202 398
022210 703
022218 144
022226 870
022234 364
022242 133
022250 66
022258 692
022266 190
022533 495
022541 656
022549 143
022557 680
022565 688
022573 765
022581 100
022589 143
022597 685
022605 626
022613 335
022621 763
022629 412
022637 128
022645 636
022653 839
022661 713
022669 785
022677 248
022685 180
022693 848
022701 77
022709 604
022717 282
022725 737
022733 409
022741 803
022749 702
022757 785
022765 38
022773 31
022781 365
022535 650
022543 785
022551 327
022559 930
022567 101
022575 521
022583 436
022591 801
022599 762
022607 972
022615 451
022623 770
022631 142
022639 186
022647 989
022655 828
022663 171
022671 434
022679 453
022687 41
022695 208
022703 714
022711 994
022719 195
022727 89
022735 330
022743 454
022751 353
022759 627
022767 747
022775 809
022783 849
020995 295
021003 226
021011 686
021019 678
021027 276
021035 948
021043 923
021051 98
021059 717
021067 383
021075 662
021083 466
021091 893
021099 489
021107 477
021115 46
021123 60
021131 93
021139 359
021147 890
021155 197
021163 798
021171 463
021179 636
021187 856
021195 180
021203 642
021211 252
021219 112
021227 852
021235 925
021243 692
021764 279
021772 607
021780 544
021788 499
021796 11
021804 948
021812 406
021820 416
021828 704
021836 707
021844 834
021852 832
021860 478
021868 315
021876 435
021884 485
021892 419
021900 300
021908 911
021916 42
021924 256
021932 792
021940 811
021948 495
021956 109
021964 786
021972 967
021980 849
021988 759
021996 96
022004 751
022012 626
021766 358
021774 122
021782 776
021790 879
021798 15
021806 741
021814 732
021822 203
021830 332
021838 828
021846 636
021854 356
021862 485
021870 957
021878 259
021886 188
021894 159
021902 14
021910 225
021918 592
021926 356
021934 980
021942 9
021950 597
021958 423
021966 434
021974 557
021982 709
021990 426
021998 474
022006 794
022014 15
018176 908
018184 98
018192 646
018200 303
018208 995
018216 974
018224 228
018232 226
018240 578
018248 157
018256 517
018264 413
018272 968
018280 736
018288 348
018296 149
018304 188
018312 683
018320 768
018328 320
018336 436
018344 477
018352 673
018360 607
018368 49
018376 589
018384 720
018392 257
018400 124
018408 973
018416 919
018424 413
021761 802
021769 845
021777 743
021785 852
021793 494
021801 405
021809 901
021817 938
021825 573
021833 246
021841 644
021849 373
021857 369
021865 681
021873 578
021881 353
021889 923
021897 830
021905 57
021913 285
021921 689
021929 165
021937 432
021945 974
021953 708
021961 518
021969 935
021977 853
021985 144
021993 688
022001 121
022009 849
022274 349
022282 608
022290 287
022298 989
022306 924
022314 330
022322 948
022330 704
022338 698
022346 916
022354 754
022362 85
022370 919
022378 742
022386 530
022394 908
022402 958
022410 308
022418 216
022426 451
022434 864
022442 898
022450 897
022458 513
022466 874
022474 661
022482 299
022490 718
022498 183
022506 769
022514 327
022522 267
022789 423
022797 186
022805 387
022813 816
022821 146
022829 238
022837 547
022845 73
022853 393
022861 819
022869 949
022877 954
022885 920
022893 906
022901 622
022909 680
022917 458
022925 687
022933 212
022941 944
022949 634
022957 890
022965 884
022973 119
022981 31
022989 221
022997 467
023005 479
023013 109
023021 866
023029 928
023037 665
022791 133
022799 430
022807 950
022815 558
022823 218
022831 976
022839 583
022847 912
022855 34
022863 933
022871 69
022879 837
022887 133
022895 112
022903 34
022911 312
022919 303
022927 691
022935 949
022943 397
022951 881
022959 686
022967 286
022975 477
022983 480
022991 878
022999 553
023007 450
023015 198
023023 320
023031 726
023039 285
021251 351
021259 913
021267 211
021275 954
021283 631
021291 734
021299 299
021307 904
021315 309
021323 79
021331 563
021339 613
021347 766
021355 694
021363 448
021371 311
021379 728
021387 774
021395 291
021403 638
021411 535
021419 348
021427 849
021435 185
021443 404
021451 164
021459 742
021467 978
021475 907
021483 106
021491 432
021499 315
022020 806
022028 966
022036 204
022044 582
022052 408
022060 723
022068 306
022076 622
022084 666
022092 657
022100 637
022108 46
022116 654
022124 863
022132 375
022140 784
022148 385
022156 822
022164 727
022172 732
022180 819
022188 237
022196 486
022204 577
022212 695
022220 978
022228 881
022236 7
022244 810
022252 9
022260 317
022268 790
022022 666
022030 256
022038 93
022046 831
022054 160
022062 9
022070 63
022078 994
022086 362
022094 979
022102 400
022110 978
022118 975
022126 731
022134 99
022142 229
022150 195
022158 874
022166 981
022174 215
022182 123
022190 603
022198 355
022206 485
022214 544
022222 715
022230 56
022238 31
022246 939
022254 331
022262 206
022270 594
018432 287
018440 366
018448 945
018456 588
018464 911
018472 857
018480 822
018488 772
018496 953
018504 579
018512 231
018520 961
018528 458
018536 351
018544 597
018552 584
018560 13
018568 628
018576 859
018584 581
018592 75
018600 952
018608 404
018616 637
018624 265
018632 630
018640 717
018648 665
018656 879
018664 856
018672 643
018680 756
022530 436
022538 6
022546 447
022554 721
022562 225
022570 769
022578 741
022586 619
022594 927
022602 391
022610 758
022618 878
022626 769
022634 560
022642 353
022650 555
022658 879
022666 347
022674 144
022682 232
022690 966
022698 96
022706 516
022714 196
022722 961
022730 360
022738 823
022746 675
022754 770
022762 315
022770 942
022778 951
022017 760
022025 42
022033 462
022041 845
022049 617
022057 505
022065 686
022073 807
022081 711
022089 619
022097 913
022105 562
022113 411
022121 752
022129 816
022137 691
022145 399
022153 332
022161 333
022169 361
022177 474
022185 334
022193 806
022201 650
022209 178
022217 954
022225 842
022233 513
022241 320
022249 480
022257 670
022265 745
023045 177
023053 740
023061 735
023069 362
023077 286
023085 17
023093 170
023101 147
023109 357
023117 509
023125 651
023133 336
023141 764
023149 661
023157 936
023165 968
023173 192
023181 776
023189 839
023197 156
023205 729
023213 573
023221 854
023229 461
023237 853
023245 36
023253 383
023261 633
023269 464
023277 228
023285 349
023293 303
023047 478
023055 61
023063 469
023071 906
023079 397
023087 926
023095 73
023103 556
023111 217
023119 988
023127 900
023135 427
023143 305
023151 190
023159 530
023167 974
023175 783
023183 801
023191 246
023199 372
023207 670
023215 480
023223 711
023231 360
023239 980
023247 495
023255 394
023263 724
023271 214
023279 188
023287 650
023295 989
021507 96
021515 266
021523 112
021531 584
021539 272
021547 539
021555 329
021563 539
021571 72
021579 735
021587 33
021595 266
021603 63
021611 148
021619 590
021627 344
021635 358
021643 181
021651 878
021659 440
021667 412
021675 37
021683 280
021691 646
021699 44
021707 218
021715 59
021723 676
021731 638
021739 396
021747 555
021755 840
018688 483
018696 617
018704 110
018712 589
018720 874
018728 69
018736 118
018744 506
018752 550
018760 48
018768 770
018776 647
018784 250
018792 264
018800 406
018808 145
018816 721
018824 193
018832 849
018840 338
018848 170
018856 523
018864 782
018872 869
018880 100
018888 553
018896 469
018904 62
018912 739
018920 999
018928 976
018936 217
022786 351
022794 424
022802 388
022810 843
022818 640
022826 26
022834 974
022842 775
022850 910
022858 720
022866 527
022874 959
022882 18
022890 965
022898 239
022906 680
022914 98
022922 296
022930 43
022938 828
022946 314
022954 63
022962 995
022970 861
022978 258
022986 473
022994 637
023002 797
023010 159
023018 333
023026 228
023034 632
022276 661
022284 870
022292 907
022300 299
022308 134
022316 185
022324 830
022332 947
022340 90
022348 761
022356 828
022364 253
022372 956
022380 65
022388 621
022396 798
022404 775
022412 345
022420 189
022428 184
022436 599
022444 543
022452 900
022460 710
022468 383
022476 117
022484 583
022492 966
022500 815
022508 71
022516 206
022524 606
022273 426
022281 723
022289 331
022297 589
022305 950
022313 570
022321 956
022329 25
022337 846
022345 151
022353 266
022361 815
022369 537
022377 705
022385 317
022393 558
022401 773
022409 944
022417 799
022425 552
022433 857
022441 529
022449 20
022457 680
022465 590
022473 722
022481 72
022489 946
022497 760
022505 202
022513 466
022521 940
022278 474
022286 487
022294 179
022302 462
022310 744
022318 456
022326 870
022334 267
022342 649
022350 43
022358 458
022366 532
022374 533
022382 287
022390 793
022398 237
022406 98
022414 55
022422 109
022430 930
022438 384
022446 303
022454 626
022462 556
022470 392
022478 203
022486 798
022494 541
022502 833
022510 631
022518 929
022526 459
023301 860
023309 555
023317 613
023325 71
023333 41
023341 534
023349 877
023357 287
023365 670
023373 409
023381 494
023389 348
023397 264
023405 348
023413 63
023421 595
023429 123
023437 789
023445 805
023453 986
023461 295
023469 858
023477 217
023485 709
023493 327
023501 393
023509 595
023517 293
023525 917
023533 563
023541 656
023549 161
023303 192
023311 243
023319 596
023327 813
023335 689
023343 245
023351 284
023359 766
023367 679
023375 40
023383 405
023391 942
023399 633
023407 677
023415 938
023423 0
023431 369
023439 116
023447 249
023455 770
023463 284
023471 114
023479 245
023487 263
023495 52
023503 99
023511 581
023519 84
023527 830
023535 855
023543 748
023551 214
021763 0
021771 82
021779 910
021787 951
021795 723
021803 728
021811 718
021819 981
021827 983
021835 195
021843 840
021851 461
021859 441
021867 951
021875 134
021883 322
021891 215
021899 718
021907 456
021915 708
021923 680
021931 620
021939 74
021947 970
021955 401
021963 476
021971 381
021979 922
021987 172
021995 38
022003 647
022011 327
018944 926
018952 524
018960 909
018968 500
018976 481
018984 313
018992 138
019000 22
019008 315
019016 791
019024 558
019032 218
019040 86
019048 95
019056 734
019064 695
019072 82
019080 142
019088 457
019096 310
019104 881
019112 86
019120 562
019128 305
019136 799
019144 492
019152 263
019160 881
019168 531
019176 889
019184 525
019192 367
023042 137
023050 550
023058 79
023066 413
023074 352
023082 134
023090 668
023098 355
023106 365
023114 59
023122 690
023130 420
023138 271
023146 260
023154 857
023162 889
023170 422
023178 902
023186 931
023194 923
023202 317
023210 30
023218 175
023226 998
023234 140
023242 241
023250 938
023258 614
023266 19
023274 708
023282 72
023290 896
022532 347
022540 61
022548 423
022556 618
022564 664
022572 193
022580 821
022588 394
022596 386
022604 621
022612 324
022620 957
022628 226
022636 737
022644 714
022652 155
022660 142
022668 189
022676 96
022684 379
022692 17
022700 875
022708 100
022716 535
022724 239
022732 295
022740 206
022748 520
022756 64
022764 143
022772 190
022780 978
022534 729
022542 771
022550 416
022558 955
022566 74
022574 60
022582 361
022590 983
022598 255
022606 604
022614 140
022622 714
022630 282
022638 811
022646 283
022654 891
022662 725
022670 878
022678 323
022686 496
022694 325
022702 866
022710 678
022718 839
022726 719
022734 221
022742 217
022750 580
022758 696
022766 717
022774 829
022782 711
022529 984
022537 824
022545 425
022553 836
022561 286
022569 68
022577 355
022585 151
022593 516
022601 887
022609 958
022617 68
022625 9
022633 528
022641 634
022649 278
022657 698
022665 231
022673 871
022681 819
022689 89
022697 636
022705 649
022713 728
022721 383
022729 966
022737 739
022745 603
022753 127
022761 839
022769 591
022777 83
023557 422
023565 409
023573 21
023581 97
023589 473
023597 636
023605 157
023613 506
023621 295
023629 641
023637 463
023645 362
023653 577
023661 874
023669 685
023677 541
023685 561
023693 452
023701 603
023709 785
023717 519
023725 218
023733 614
023741 57
023749 274
023757 676
023765 762
023773 622
023781 690
023789 945
023797 422
023805 91
023559 238
023567 670
023575 879
023583 403
023591 644
023599 558
023607 373
023615 901
023623 0
023631 457
023639 609
023647 971
023655 704
023663 555
023671 488
023679 339
023687 658
023695 799
023703 343
023711 928
023719 973
023727 604
023735 566
023743 887
023751 778
023759 100
023767 215
023775 616
023783 692
023791 161
023799 632
023807 207
022019 765
022027 78
022035 512
022043 842
022051 590
022059 768
022067 529
022075 441
022083 537
022091 343
022099 306
022107 608
022115 881
022123 409
022131 193
022139 496
022147 125
022155 540
022163 407
022171 48
022179 219
022187 666
022195 518
022203 413
022211 446
022219 731
022227 639
022235 923
022243 323
022251 324
022259 761
022267 331
019200 409
019208 779
019216 753
019224 721
019232 329
019240 594
019248 818
019256 694
019264 630
019272 164
019280 488
019288 570
019296 4
019304 314
019312 205
019320 418
019328 195
019336 460
019344 212
019352 619
019360 89
019368 589
019376 731
019384 619
019392 126
019400 610
019408 433
019416 818
019424 936
019432 325
019440 123
019448 534
023298 558
023306 460
023314 853
023322 940
023330 68
023338 681
023346 135
023354 599
023362 749
023370 578
023378 687
023386 879
023394 529
023402 119
023410 168
023418 229
023426 465
023434 435
023442 363
023450 815
023458 483
023466 165
023474 670
023482 849
023490 40
023498 783
023506 481
023514 947
023522 680
023530 269
023538 698
023546 854
022788 84
022796 434
022804 923
022812 55
022820 610
022828 189
022836 824
022844 328
022852 173
022860 404
022868 686
022876 330
022884 447
022892 711
022900 84
022908 900
022916 132
022924 23
022932 104
022940 984
022948 416
022956 985
022964 484
022972 388
022980 522
022988 945
022996 748
023004 932
023012 831
023020 481
023028 734
023036 847
022785 77
022793 48
022801 325
022809 663
022817 660
022825 918
022833 142
022841 289
022849 917
022857 232
022865 222
022873 410
022881 193
022889 905
022897 60
022905 681
022913 809
022921 856
022929 219
022937 435
022945 78
022953 759
022961 613
022969 567
022977 857
022985 720
022993 657
023001 962
023009 873
023017 844
023025 984
023033 256
022790 812
022798 521
022806 579
022814 803
022822 849
022830 143
022838 183
022846 898
022854 123
022862 164
022870 910
022878 73
022886 463
022894 369
022902 283
022910 888
022918 212
022926 165
022934 867
022942 380
022950 772
022958 829
022966 758
022974 240
022982 614
022990 71
022998 403
023006 529
023014 654
023022 754
023030 856
023038 141
023813 575
023821 304
023829 711
023837 871
023845 205
023853 705
023861 942
023869 748
023877 231
023885 798
023893 723
023901 865
023909 989
023917 339
023925 203
023933 762
023941 301
023949 954
023957 461
023965 3
023973 806
023981 969
023989 14
023997 5
024005 868
024013 175
024021 661
024029 119
024037 333
024045 274
024053 425
024061 26
023815 380
023823 673
023831 308
023839 789
023847 461
023855 668
023863 73
023871 297
023879 171
023887 240
023895 167
023903 168
023911 769
023919 825
023927 357
023935 851
023943 996
023951 158
023959 30
023967 77
023975 469
023983 57
023991 674
023999 497
024007 214
024015 855
024023 337
024031 389
024039 223
024047 612
024055 44
024063 191
022275 844
022283 576
022291 26
022299 586
022307 434
022315 667
022323 510
022331 835
022339 753
022347 914
022355 492
022363 346
022371 252
022379 192
022387 185
022395 855
022403 686
022411 41
022419 867
022427 511
022435 573
022443 399
022451 316
022459 924
022467 48
022475 641
022483 542
022491 719
022499 179
022507 764
022515 417
022523 467
019456 681
019464 693
019472 761
019480 903
019488 215
019496 176
019504 774
019512 180
019520 916
019528 998
019536 957
019544 118
019552 259
019560 344
019568 272
019576 535
019584 725
019592 894
019600 333
019608 648
019616 250
019624 722
019632 212
019640 180
019648 777
019656 639
019664 577
019672 454
019680 171
019688 939
019696 539
019704 473
023554 185
023562 659
023570 635
023578 157
023586 667
023594 509
023602 501
023610 340
023618 7
023626 287
023634 776
023642 239
023650 994
023658 187
023666 89
023674 223
023682 711
023690 509
023698 210
023706 347
023714 702
023722 94
023730 749
023738 771
023746 658
023754 473
023762 61
023770 610
023778 555
023786 611
023794 917
023802 338
023044 264
023052 236
023060 46
023068 512
023076 26
023084 885
023092 604
023100 747
023108 894
023116 613
023124 455
023132 637
023140 150
023148 405
023156 470
023164 282
023172 862
023180 263
023188 742
023196 599
023204 485
023212 855
023220 881
023228 693
023236 87
023244 499
023252 682
023260 203
023268 986
023276 66
023284 699
023292 358
023041 461
023049 542
023057 211
023065 127
023073 317
023081 461
023089 968
023097 416
023105 577
023113 724
023121 36
023129 392
023137 572
023145 507
023153 242
023161 307
023169 964
023177 747
023185 413
023193 83
023201 817
023209 599
023217 409
023225 68
023233 377
023241 572
023249 610
023257 27
023265 579
023273 200
023281 306
023289 384
023046 803
023054 518
023062 40
023070 46
023078 82
023086 749
023094 361
023102 506
023110 912
023118 847
023126 152
023134 114
023142 487
023150 319
023158 798
023166 63
023174 803
023182 365
023190 725
023198 246
023206 599
023214 113
023222 746
023230 923
023238 172
023246 877
023254 776
023262 989
023270 603
023278 978
023286 460
023294 997
024069 176
024077 913
024085 912
024093 295
024101 654
024109 963
024117 602
024125 591
024133 514
024141 57
024149 63
024157 243
024165 658
024173 792
024181 63
024189 680
024197 533
024205 759
024213 697
024221 451
024229 827
024237 470
024245 825
024253 222
024261 346
024269 496
024277 553
024285 550
024293 756
024301 771
024309 900
024317 347
024071 582
024079 108
024087 253
024095 204
024103 204
024111 553
024119 830
024127 738
024135 304
024143 542
024151 748
024159 245
024167 301
024175 569
024183 786
024191 590
024199 511
024207 312
024215 675
024223 990
024231 343
024239 390
024247 184
024255 800
024263 638
024271 959
024279 829
024287 330
024295 250
024303 397
024311 794
024319 784
022531 524
022539 762
022547 777
022555 899
022563 479
022571 248
022579 617
022587 993
022595 527
022603 874
022611 841
022619 346
022627 27
022635 307
022643 150
022651 818
022659 723
022667 38
022675 396
022683 529
022691 763
022699 740
022707 343
022715 595
022723 381
022731 696
022739 852
022747 945
022755 136
022763 585
022771 304
022779 783
019712 695
019720 556
019728 628
019736 704
019744 436
019752 956
019760 575
019768 878
019776 66
019784 108
019792 303
019800 925
019808 746
019816 944
019824 113
019832 406
019840 443
019848 253
019856 420
019864 297
019872 697
019880 553
019888 306
019896 199
019904 738
019912 803
019920 83
019928 949
019936 475
019944 199
019952 694
019960 120
023810 972
023818 941
023826 131
023834 521
023842 698
023850 125
023858 703
023866 470
023874 517
023882 959
023890 342
023898 631
023906 651
023914 978
023922 98
023930 805
023938 851
023946 83
023954 782
023962 179
023970 757
023978 369
023986 960
023994 147
024002 979
024010 534
024018 447
024026 804
024034 445
024042 984
024050 12
024058 778
023300 608
023308 199
023316 622
023324 607
023332 253
023340 632
023348 180
023356 864
023364 674
023372 32
023380 585
023388 852
023396 999
023404 884
023412 848
023420 29
023428 638
023436 996
023444 816
023452 177
023460 152
023468 207
023476 366
023484 698
023492 629
023500 932
023508 106
023516 735
023524 713
023532 810
023540 536
023548 22
023297 904
023305 356
023313 255
023321 544
023329 670
023337 659
023345 519
023353 516
023361 628
023369 862
023377 675
023385 54
023393 127
023401 172
023409 473
023417 724
023425 36
023433 649
023441 210
023449 507
023457 176
023465 357
023473 353
023481 765
023489 667
023497 302
023505 431
023513 435
023521 8
023529 499
023537 402
023545 47
023302 229
023310 433
023318 481
023326 911
023334 486
023342 206
023350 761
023358 177
023366 852
023374 348
023382 650
023390 740
023398 415
023406 708
023414 903
023422 794
023430 925
023438 202
023446 37
023454 790
023462 307
023470 27
023478 391
023486 70
023494 572
023502 658
023510 157
023518 741
023526 176
023534 705
023542 193
023550 275
024325 851
024333 936
024341 927
024349 35
024357 91
024365 688
024373 196
024381 856
024389 889
024397 903
024405 155
024413 957
024421 5
024429 241
024437 1
024445 701
024453 102
024461 210
024469 332
024477 171
024485 1
024493 306
024501 277
024509 793
024517 809
024525 297
024533 171
024541 996
024549 739
024557 657
024565 619
024573 183
024327 662
024335 444
024343 477
024351 822
024359 9
024367 431
024375 214
024383 820
024391 472
024399 517
024407 919
024415 763
024423 816
024431 164
024439 360
024447 377
024455 267
024463 45
024471 832
024479 370
024487 139
024495 930
024503 267
024511 526
024519 554
024527 973
024535 232
024543 252
024551 501
024559 974
024567 254
024575 117
022787 686
022795 244
022803 578
022811 952
022819 202
022827 314
022835 813
022843 220
022851 332
022859 141
022867 666
022875 399
022883 946
022891 718
022899 110
022907 648
022915 256
022923 934
022931 57
022939 634
022947 234
022955 684
022963 964
022971 588
022979 89
022987 679
022995 649
023003 153
023011 842
023019 109
023027 26
023035 764
019968 223
019976 794
019984 327
019992 662
020000 699
020008 294
020016 311
020024 671
020032 117
020040 474
020048 468
020056 798
020064 12
020072 633
020080 905
020088 544
020096 801
020104 272
020112 5
020120 972
020128 138
020136 686
020144 815
020152 750
020160 785
020168 336
020176 38
020184 461
020192 97
020200 702
020208 755
020216 332
024066 122
024074 135
024082 302
024090 183
024098 304
024106 599
024114 414
024122 754
024130 234
024138 264
024146 669
024154 980
024162 252
024170 312
024178 515
024186 509
024194 557
024202 877
024210 961
024218 319
024226 273
024234 996
024242 135
024250 681
024258 170
024266 536
024274 282
024282 700
024290 909
024298 494
024306 696
024314 910
023556 716
023564 747
023572 685
023580 413
023588 980
023596 482
023604 190
023612 96
023620 659
023628 374
023636 847
023644 612
023652 511
023660 22
023668 850
023676 392
023684 328
023692 978
023700 186
023708 424
023716 111
023724 848
023732 936
023740 163
023748 35
023756 859
023764 591
023772 89
023780 245
023788 340
023796 520
023804 329
023553 797
023561 874
023569 848
023577 573
023585 383
023593 40
023601 501
023609 361
023617 879
023625 385
023633 60
023641 60
023649 651
023657 549
023665 882
023673 350
023681 976
023689 625
023697 596
023705 447
023713 207
023721 160
023729 676
023737 389
023745 338
023753 3
023761 986
023769 515
023777 126
023785 554
023793 340
023801 146
023558 210
023566 586
023574 766
023582 716
023590 31
023598 122
023606 955
023614 526
023622 438
023630 327
023638 724
023646 75
023654 891
023662 559
023670 28
023678 871
023686 666
023694 832
023702 65
023710 892
023718 698
023726 751
023734 437
023742 289
023750 996
023758 846
023766 668
023774 440
023782 47
023790 850
023798 73
023806 549
024581 507
024589 21
024597 448
024605 125
024613 744
024621 188
024629 733
024637 583
024645 557
024653 977
024661 645
024669 677
024677 716
024685 89
024693 327
024701 890
024709 676
024717 886
024725 310
024733 64
024741 881
024749 681
024757 423
024765 976
024773 380
024781 341
024789 280
024797 102
024805 271
024813 5
024821 562
024829 201
024583 252
024591 813
024599 723
024607 704
024615 696
024623 887
024631 72
024639 953
024647 829
024655 727
024663 368
024671 545
024679 585
024687 340
024695 234
024703 500
024711 313
024719 995
024727 281
024735 991
024743 9
024751 171
024759 10
024767 816
024775 440
024783 910
024791 267
024799 857
024807 283
024815 500
024823 951
024831 2
023043 899
023051 47
023059 143
023067 133
023075 107
023083 578
023091 550
023099 507
023107 702
023115 455
023123 330
023131 604
023139 343
023147 661
023155 327
023163 237
023171 634
023179 6
023187 100
023195 408
023203 266
023211 159
023219 50
023227 433
023235 745
023243 754
023251 900
023259 121
023267 899
023275 45
023283 419
023291 918
020224 247
020232 31
020240 400
020248 657
020256 745
020264 32
020272 542
020280 28
020288 687
020296 37
020304 819
020312 850
020320 890
020328 185
020336 170
020344 550
020352 656
020360 708
020368 980
020376 207
020384 152
020392 833
020400 675
020408 155
020416 934
020424 590
020432 905
020440 849
020448 475
020456 773
020464 398
020472 22
024322 256
024330 915
024338 230
024346 991
024354 75
024362 715
024370 331
024378 13
024386 364
024394 172
024402 773
024410 308
024418 750
024426 769
024434 7
024442 680
024450 868
024458 890
024466 893
024474 264
024482 771
024490 128
024498 842
024506 977
024514 942
024522 731
024530 343
024538 480
024546 976
024554 960
024562 259
024570 933
023809 231
023817 348
023825 950
023833 660
023841 607
023849 760
023857 696
023865 828
023873 581
023881 687
023889 282
023897 574
023905 270
023913 338
023921 135
023929 771
023937 56
023945 771
023953 485
023961 806
023969 816
023977 64
023985 109
023993 473
024001 151
024009 405
024017 984
024025 692
024033 797
024041 689
024049 380
024057 64
023812 619
023820 935
023828 293
023836 783
023844 972
023852 558
023860 697
023868 279
023876 727
023884 223
023892 270
023900 584
023908 63
023916 925
023924 786
023932 373
023940 285
023948 165
023956 543
023964 967
023972 535
023980 409
023988 243
023996 821
024004 328
024012 597
024020 53
024028 288
024036 419
024044 157
024052 999
024060 770
024837 173
024845 210
024853 38
024861 29
024869 514
024877 690
024885 544
024893 275
024901 532
024909 38
024917 977
024925 640
024933 164
024941 648
024949 561
024957 643
024965 664
024973 677
024981 870
024989 20
024997 179
025005 582
025013 579
025021 905
025029 919
025037 100
025045 92
025053 730
025061 932
025069 456
025077 229
025085 572
023814 901
023822 557
023830 805
023838 42
023846 151
023854 283
023862 792
023870 907
023878 568
023886 663
023894 670
023902 859
023910 817
023918 938
023926 30
023934 696
023942 485
023950 397
023958 617
023966 836
023974 947
023982 321
023990 243
023998 939
024006 638
024014 123
024022 595
024030 737
024038 483
024046 81
024054 479
024062 875
024839 562
024847 642
024855 564
024863 753
024871 833
024879 536
024887 804
024895 945
024903 653
024911 748
024919 906
024927 918
024935 817
024943 933
024951 380
024959 925
024967 492
024975 135
024983 109
024991 299
024999 14
025007 160
025015 136
025023 827
025031 979
025039 918
025047 712
025055 672
025063 625
025071 765
025079 53
025087 497
023299 592
023307 441
023315 649
023323 517
023331 262
023339 290
023347 149
023355 769
023363 133
023371 969
023379 932
023387 184
023395 680
023403 15
023411 863
023419 777
023427 182
023435 906
023443 226
023451 271
023459 573
023467 495
023475 638
023483 378
023491 165
023499 110
023507 619
023515 135
023523 249
023531 11
023539 672
023547 79
020480 20
020488 685
020496 780
020504 450
020512 695
020520 727
020528 356
020536 962
020544 550
020552 389
020560 16
020568 620
020576 578
020584 7
020592 581
020600 622
020608 332
020616 408
020624 203
020632 732
020640 253
020648 68
020656 775
020664 886
020672 142
020680 883
020688 257
020696 578
020704 620
020712 424
020720 916
020728 449
024578 753
024586 825
024594 395
024602 812
024610 253
024618 25
024626 108
024634 456
024642 245
024650 314
024658 899
024666 947
024674 199
024682 974
024690 798
024698 859
024706 891
024714 996
024722 56
024730 361
024738 497
024746 693
024754 817
024762 704
024770 318
024778 133
024786 155
024794 79
024802 643
024810 671
024818 812
024826 357
024065 685
024073 708
024081 8
024089 956
024097 613
024105 962
024113 668
024121 323
024129 309
024137 148
024145 502
024153 140
024161 350
024169 400
024177 397
024185 111
024193 168
024201 679
024209 932
024217 648
024225 794
024233 417
024241 444
024249 136
024257 715
024265 778
024273 779
024281 539
024289 456
024297 689
024305 78
024313 776
024068 653
024076 416
024084 368
024092 920
024100 475
024108 807
024116 343
024124 389
024132 920
024140 543
024148 760
024156 750
024164 474
024172 84
024180 136
024188 974
024196 797
024204 185
024212 694
024220 891
024228 98
024236 393
024244 651
024252 227
024260 979
024268 108
024276 703
024284 699
024292 687
024300 235
024308 16
024316 870
025093 287
025101 31
025109 713
025117 762
025125 924
025133 596
025141 945
025149 445
025157 704
025165 593
025173 921
025181 175
025189 601
025197 630
025205 83
025213 284
025221 370
025229 870
025237 333
025245 184
025253 782
025261 201
025269 78
025277 66
025285 579
025293 710
025301 207
025309 681
025317 706
025325 889
025333 363
025341 781
025095 822
025103 260
025111 894
025119 258
025127 850
025135 941
025143 1
025151 744
025159 100
025167 736
025175 915
025183 144
025191 464
025199 404
025207 474
025215 347
025223 71
025231 733
025239 342
025247 693
025255 633
025263 757
025271 612
025279 999
025287 889
025295 599
025303 371
025311 58
025319 501
025327 393
025335 393
025343 277
024070 690
024078 130
024086 19
024094 861
024102 478
024110 658
024118 265
024126 794
024134 938
024142 21
024150 497
024158 584
024166 688
024174 769
024182 378
024190 585
024198 66
024206 404
024214 403
024222 219
024230 703
024238 1
024246 313
024254 644
024262 862
024270 968
024278 746
024286 104
024294 108
024302 650
024310 696
024318 188
023555 318
023563 412
023571 988
023579 90
023587 726
023595 469
023603 595
023611 162
023619 365
023627 682
023635 939
023643 545
023651 972
023659 439
023667 638
023675 661
023683 159
023691 917
023699 342
023707 383
023715 837
023723 691
023731 957
023739 372
023747 6
023755 564
023763 953
023771 744
023779 63
023787 377
023795 268
023803 787
020736 366
020744 962
020752 772
020760 17
020768 93
020776 999
020784 167
020792 999
020800 212
020808 185
020816 303
020824 301
020832 316
020840 122
020848 305
020856 539
020864 730
020872 53
020880 844
020888 698
020896 969
020904 927
020912 514
020920 749
020928 627
020936 90
020944 700
020952 281
020960 52
020968 859
020976 39
020984 895
024834 280
024842 481
024850 47
024858 79
024866 672
024874 605
024882 768
024890 876
024898 695
024906 518
024914 288
024922 183
024930 36
024938 478
024946 950
024954 4
024962 74
024970 654
024978 308
024986 521
024994 704
025002 127
025010 183
025018 908
025026 826
025034 872
025042 561
025050 386
025058 79
025066 425
025074 737
025082 243
024324 859
024332 252
024340 316
024348 396
024356 134
024364 361
024372 412
024380 493
024388 15
024396 634
024404 172
024412 569
024420 116
024428 360
024436 309
024444 290
024452 108
024460 358
024468 419
024476 823
024484 560
024492 366
024500 675
024508 344
024516 723
024524 986
024532 269
024540 10
024548 657
024556 964
024564 534
024572 157
024321 215
024329 591
024337 441
024345 998
024353 934
024361 160
024369 77
024377 938
024385 606
024393 984
024401 921
024409 54
024417 299
024425 471
024433 113
024441 414
024449 19
024457 116
024465 280
024473 85
024481 466
024489 956
024497 876
024505 942
024513 893
024521 17
024529 874
024537 102
024545 369
024553 607
024561 750
024569 21
025349 740
025357 527
025365 287
025373 162
025381 853
025389 184
025397 655
025405 860
025413 270
025421 85
025429 378
025437 628
025445 643
025453 16
025461 574
025469 192
025477 512
025485 802
025493 535
025501 381
025509 424
025517 437
025525 755
025533 110
025541 6
025549 809
025557 92
025565 859
025573 806
025581 308
025589 746
025597 479
025351 124
025359 363
025367 347
025375 796
025383 296
025391 959
025399 803
025407 506
025415 400
025423 523
025431 147
025439 554
025447 303
025455 846
025463 642
025471 18
025479 674
025487 551
025495 871
025503 18
025511 194
025519 869
025527 489
025535 291
025543 328
025551 116
025559 556
025567 105
025575 765
025583 619
025591 500
025599 923
024326 397
024334 218
024342 696
024350 73
024358 419
024366 819
024374 205
024382 845
024390 484
024398 903
024406 983
024414 850
024422 543
024430 239
024438 705
024446 47
024454 202
024462 434
024470 830
024478 464
024486 91
024494 366
024502 118
024510 172
024518 30
024526 174
024534 338
024542 489
024550 486
024558 656
024566 913
024574 231
023811 799
023819 766
023827 952
023835 277
023843 336
023851 230
023859 128
023867 409
023875 802
023883 166
023891 696
023899 652
023907 570
023915 901
023923 226
023931 531
023939 458
023947 301
023955 764
023963 573
023971 520
023979 928
023987 609
023995 645
024003 572
024011 367
024019 796
024027 918
024035 353
024043 457
024051 664
024059 446
024580 493
024588 654
024596 196
024604 622
024612 122
024620 736
024628 781
024636 943
024644 67
024652 977
024660 471
024668 407
024676 540
024684 802
024692 377
024700 675
024708 73
024716 236
024724 828
024732 12
024740 312
024748 30
024756 760
024764 908
024772 192
024780 841
024788 813
024796 596
024804 926
024812 943
024820 669
024828 641
025090 544
025098 344
025106 941
025114 274
025122 129
025130 773
025138 220
025146 639
025154 768
025162 539
025170 418
025178 999
025186 792
025194 734
025202 935
025210 75
025218 357
025226 436
025234 211
025242 510
025250 69
025258 926
025266 372
025274 162
025282 668
025290 47
025298 597
025306 648
025314 188
025322 601
025330 291
025338 757
025607 650
025615 687
025623 346
025631 365
025639 725
025647 687
025655 876
025663 233
025671 207
025679 561
025687 903
025695 503
025703 217
025711 665
025719 568
025727 299
025735 124
025743 290
025751 741
025759 435
025767 757
025775 956
025783 660
025791 689
025799 579
025807 520
025815 972
025823 203
025831 835
025839 81
025847 227
025855 930
025605 492
025613 838
025621 755
025629 599
025637 121
025645 901
025653 343
025661 859
025669 957
025677 402
025685 349
025693 465
025701 775
025709 395
025717 51
025725 940
025733 617
025741 142
025749 909
025757 493
025765 857
025773 141
025781 26
025789 13
025797 519
025805 92
025813 80
025821 883
025829 156
025837 156
025845 230
025853 27
024582 75
024590 950
024598 445
024606 403
024614 177
024622 159
024630 821
024638 924
024646 282
024654 641
024662 339
024670 891
024678 913
024686 203
024694 409
024702 439
024710 219
024718 259
024726 864
024734 89
024742 128
024750 132
024758 768
024766 283
024774 690
024782 380
024790 7
024798 925
024806 616
024814 862
024822 877
024830 823
024577 80
024585 67
024593 705
024601 628
024609 693
024617 407
024625 610
024633 858
024641 317
024649 506
024657 855
024665 696
024673 74
024681 968
024689 62
024697 559
024705 113
024713 500
024721 273
024729 708
024737 627
024745 495
024753 867
024761 186
024769 817
024777 538
024785 768
024793 753
024801 26
024809 265
024817 465
024825 659
020992 30
021000 418
021008 258
021016 922
021024 478
021032 700
021040 893
021048 451
021056 370
021064 63
021072 111
021080 78
021088 221
021096 305
021104 23
021112 33
021120 15
021128 840
021136 608
021144 95
021152 853
021160 632
021168 134
021176 3
021184 317
021192 338
021200 183
021208 3
021216 408
021224 715
021232 251
021240 300
024067 630
024075 300
024083 678
024091 109
024099 35
024107 803
024115 248
024123 576
024131 389
024139 773
024147 150
024155 820
024163 383
024171 638
024179 296
024187 630
024195 721
024203 233
024211 411
024219 956
024227 957
024235 660
024243 320
024251 62
024259 53
024267 704
024275 323
024283 781
024291 545
024299 453
024307 990
024315 302
024836 132
024844 870
024852 493
024860 127
024868 187
024876 713
024884 119
024892 711
024900 968
024908 656
024916 544
024924 927
024932 353
024940 887
024948 595
024956 405
024964 50
024972 328
024980 505
024988 572
024996 215
025004 348
025012 3
025020 492
025028 820
025036 772
025044 156
025052 467
025060 323
025068 200
025076 249
025084 384
025346 482
025354 897
025362 917
025370 723
025378 192
025386 169
025394 314
025402 276
025410 69
025418 311
025426 9
025434 724
025442 978
025450 796
025458 540
025466 414
025474 898
025482 418
025490 777
025498 163
025506 958
025514 52
025522 941
025530 295
025538 204
025546 522
025554 571
025562 570
025570 431
025578 950
025586 11
025594 959
025863 57
025871 976
025879 810
025887 448
025895 214
025903 554
025911 417
025919 203
025927 80
025935 519
025943 657
025951 849
025959 699
025967 228
025975 369
025983 406
025991 66
025999 232
026007 196
026015 279
026023 177
026031 712
026039 373
026047 831
026055 801
026063 712
026071 524
026079 386
026087 864
026095 147
026103 92
026111 182
025861 308
025869 931
025877 377
025885 19
025893 168
025901 108
025909 789
025917 268
025925 427
025933 252
025941 995
025949 433
025957 450
025965 222
025973 740
025981 55
025989 61
025997 255
026005 41
026013 262
026021 186
026029 553
026037 427
026045 55
026053 7
026061 371
026069 625
026077 573
026085 559
026093 683
026101 161
026109 842
024838 273
024846 280
024854 614
024862 388
024870 529
024878 203
024886 522
024894 82
024902 462
024910 113
024918 649
024926 719
024934 928
024942 595
024950 738
024958 323
024966 916
024974 97
024982 222
024990 782
024998 715
025006 382
025014 512
025022 439
025030 285
025038 686
025046 698
025054 903
025062 887
025070 187
025078 392
025086 500
021248 58
021256 945
021264 300
021272 707
021280 546
021288 936
021296 159
021304 186
021312 956
021320 178
021328 143
021336 768
021344 58
021352 558
021360 486
021368 856
021376 612
021384 350
021392 61
021400 374
021408 81
021416 322
021424 349
021432 90
021440 171
021448 458
021456 787
021464 793
021472 833
021480 652
021488 291
021496 441
024833 871
024841 286
024849 386
024857 379
024865 386
024873 444
024881 268
024889 84
024897 53
024905 820
024913 695
024921 141
024929 543
024937 698
024945 527
024953 494
024961 806
024969 299
024977 78
024985 71
024993 426
025001 256
025009 988
025017 215
025025 196
025033 93
025041 998
025049 540
025057 272
025065 510
025073 642
025081 703
024323 196
024331 688
024339 203
024347 309
024355 957
024363 874
024371 590
024379 843
024387 808
024395 136
024403 985
024411 310
024419 906
024427 743
024435 34
024443 987
024451 955
024459 115
024467 317
024475 357
024483 739
024491 749
024499 230
024507 882
024515 128
024523 19
024531 689
024539 827
024547 615
024555 20
024563 971
024571 634
025092 856
025100 162
025108 736
025116 870
025124 473
025132 848
025140 847
025148 911
025156 54
025164 322
025172 224
025180 565
025188 4
025196 713
025204 862
025212 253
025220 494
025228 940
025236 669
025244 795
025252 872
025260 210
025268 629
025276 625
025284 19
025292 988
025300 236
025308 699
025316 952
025324 21
025332 442
025340 161
025602 143
025610 634
025618 945
025626 653
025634 617
025642 238
025650 375
025658 684
025666 323
025674 108
025682 864
025690 454
025698 584
025706 559
025714 183
025722 652
025730 812
025738 48
025746 677
025754 775
025762 109
025770 838
025778 583
025786 960
025794 50
025802 848
025810 26
025818 757
025826 229
025834 213
025842 39
025850 748
026119 841
026127 617
026135 744
026143 686
026151 325
026159 504
026167 921
026175 874
026183 412
026191 104
026199 813
026207 989
026215 734
026223 343
026231 57
026239 172
026247 449
026255 5
026263 249
026271 194
026279 456
026287 327
026295 631
026303 546
026311 204
026319 745
026327 169
026335 826
026343 499
026351 564
026359 337
026367 556
025094 182
025102 993
025110 317
025118 849
025126 447
025134 796
025142 821
025150 584
025158 699
025166 402
025174 85
025182 997
025190 278
025198 424
025206 220
025214 606
025222 134
025230 67
025238 623
025246 754
025254 787
025262 802
025270 348
025278 404
025286 795
025294 752
025302 299
025310 564
025318 520
025326 650
025334 878
025342 692
021504 990
021512 1
021520 730
021528 186
021536 514
021544 572
021552 909
021560 35
021568 71
021576 433
021584 680
021592 134
021600 696
021608 18
021616 367
021624 138
021632 219
021640 131
021648 687
021656 11
021664 833
021672 646
021680 353
021688 56
021696 827
021704 211
021712 251
021720 47
021728 189
021736 840
021744 619
021752 520
025089 249
025097 613
025105 85
025113 462
025121 952
025129 186
025137 262
025145 906
025153 519
025161 465
025169 644
025177 383
025185 614
025193 782
025201 519
025209 743
025217 45
025225 939
025233 279
025241 543
025249 496
025257 237
025265 151
025273 863
025281 748
025289 60
025297 197
025305 450
025313 876
025321 73
025329 162
025337 718
026117 256
026125 905
026133 154
026141 534
026149 514
026157 640
026165 397
026173 278
026181 968
026189 433
026197 451
026205 831
026213 493
026221 429
026229 440
026237 604
026245 382
026253 39
026261 230
026269 610
026277 87
026285 506
026293 849
026301 366
026309 981
026317 450
026325 651
026333 584
026341 81
026349 726
026357 122
026365 214
024579 515
024587 588
024595 640
024603 749
024611 33
024619 473
024627 832
024635 944
024643 402
024651 706
024659 584
024667 800
024675 223
024683 990
024691 601
024699 901
024707 988
024715 517
024723 964
024731 222
024739 40
024747 150
024755 829
024763 386
024771 200
024779 2
024787 659
024795 540
024803 283
024811 465
024819 490
024827 140
025348 384
025356 768
025364 797
025372 0
025380 119
025388 423
025396 371
025404 984
025412 502
025420 507
025428 512
025436 707
025444 338
025452 931
025460 922
025468 865
025476 813
025484 503
025492 214
025500 308
025508 900
025516 599
025524 457
025532 433
025540 866
025548 720
025556 302
025564 712
025572 537
025580 890
025588 752
025596 26
025858 449
025866 907
025874 694
025882 225
025890 127
025898 193
025906 573
025914 477
025922 82
025930 820
025938 699
025946 209
025954 683
025962 732
025970 71
025978 155
025986 854
025994 714
026002 342
026010 903
026018 814
026026 880
026034 713
026042 909
026050 839
026058 923
026066 370
026074 370
026082 480
026090 906
026098 425
026106 205
026375 775
026383 261
026391 670
026399 312
026407 787
026415 840
026423 281
026431 666
026439 772
026447 397
026455 446
026463 387
026471 17
026479 159
026487 363
026495 582
026503 152
026511 492
026519 574
026527 523
026535 798
026543 954
026551 398
026559 513
026567 450
026575 211
026583 280
026591 811
026599 550
026607 578
026615 740
026623 896
025350 384
025358 355
025366 984
025374 156
025382 631
025390 984
025398 170
025406 369
025414 360
025422 767
025430 72
025438 133
025446 665
025454 86
025462 455
025470 476
025478 623
025486 831
025494 690
025502 215
025510 894
025518 746
025526 383
025534 54
025542 638
025550 761
025558 226
025566 803
025574 522
025582 971
025590 623
025598 239
021760 487
021768 477
021776 170
021784 475
021792 90
021800 931
021808 724
021816 666
021824 662
021832 610
021840 327
021848 900
021856 131
021864 294
021872 180
021880 808
021888 590
021896 206
021904 444
021912 726
021920 823
021928 858
021936 775
021944 834
021952 281
021960 349
021968 703
021976 231
021984 325
021992 923
022000 464
022008 189
025345 67
025353 999
025361 795
025369 387
025377 514
025385 473
025393 876
025401 445
025409 336
025417 919
025425 956
025433 247
025441 860
025449 118
025457 714
025465 72
025473 426
025481 103
025489 486
025497 357
025505 971
025513 613
025521 836
025529 885
025537 859
025545 194
025553 573
025561 588
025569 589
025577 149
025585 69
025593 948
026373 956
026381 736
026389 28
026397 109
026405 929
026413 751
026421 715
026429 20
026437 630
026445 860
026453 927
026461 351
026469 283
026477 339
026485 396
026493 478
026501 690
026509 18
026517 884
026525 787
026533 344
026541 970
026549 26
026557 286
026565 617
026573 503
026581 635
026589 65
026597 710
026605 561
026613 236
026621 316
024835 284
024843 851
024851 14
024859 227
024867 597
024875 849
024883 80
024891 145
024899 146
024907 486
024915 499
024923 88
024931 123
024939 682
024947 409
024955 109
024963 130
024971 431
024979 572
024987 987
024995 989
025003 698
025011 87
025019 604
025027 123
025035 175
025043 645
025051 519
025059 148
025067 184
025075 177
025083 449
026114 237
026122 644
026130 413
026138 200
026146 442
026154 905
026162 137
026170 559
026178 906
026186 567
026194 150
026202 478
026210 700
026218 123
026226 722
026234 275
026242 988
026250 875
026258 249
026266 985
026274 909
026282 718
026290 979
026298 45
026306 460
026314 701
026322 873
026330 968
026338 898
026346 17
026354 951
026362 136
025604 482
025612 671
025620 180
025628 490
025636 975
025644 101
025652 337
025660 812
025668 231
025676 322
025684 815
025692 249
025700 252
025708 71
025716 295
025724 508
025732 621
025740 176
025748 724
025756 61
025764 415
025772 321
025780 743
025788 702
025796 256
025804 671
025812 636
025820 617
025828 224
025836 934
025844 59
025852 2
026631 731
026639 713
026647 482
026655 549
026663 246
026671 624
026679 517
026687 985
026695 967
026703 662
026711 318
026719 755
026727 897
026735 368
026743 175
026751 96
026759 181
026767 221
026775 824
026783 631
026791 876
026799 547
026807 238
026815 325
026823 680
026831 243
026839 272
026847 833
026855 803
026863 787
026871 707
026879 269
022016 27
022024 617
022032 161
022040 878
022048 670
022056 669
022064 489
022072 759
022080 345
022088 619
022096 812
022104 37
022112 48
022120 431
022128 912
022136 425
022144 544
022152 613
022160 53
022168 576
022176 180
022184 877
022192 846
022200 748
022208 109
022216 920
022224 449
022232 640
022240 903
022248 949
022256 579
022264 974
025606 648
025614 306
025622 769
025630 689
025638 930
025646 702
025654 44
025662 575
025670 99
025678 849
025686 868
025694 373
025702 218
025710 945
025718 172
025726 848
025734 126
025742 907
025750 138
025758 920
025766 911
025774 573
025782 971
025790 284
025798 374
025806 352
025814 770
025822 413
025830 577
025838 63
025846 807
025854 113
025601 988
025609 533
025617 733
025625 638
025633 939
025641 503
025649 226
025657 265
025665 497
025673 551
025681 686
025689 389
025697 596
025705 369
025713 817
025721 219
025729 430
025737 773
025745 255
025753 310
025761 401
025769 293
025777 145
025785 626
025793 564
025801 52
025809 224
025817 784
025825 41
025833 891
025841 482
025849 155
025091 46
025099 191
025107 974
025115 342
025123 116
025131 750
025139 211
025147 372
025155 282
025163 491
025171 886
025179 84
025187 180
025195 251
025203 988
025211 539
025219 716
025227 333
025235 368
025243 32
025251 98
025259 739
025267 140
025275 313
025283 394
025291 241
025299 846
025307 347
025315 369
025323 779
025331 176
025339 16
026629 451
026637 947
026645 591
026653 329
026661 199
026669 959
026677 262
026685 314
026693 701
026701 875
026709 467
026717 299
026725 398
026733 476
026741 509
026749 940
026757 524
026765 588
026773 529
026781 606
026789 462
026797 124
026805 631
026813 817
026821 127
026829 517
026837 34
026845 579
026853 572
026861 968
026869 872
026877 696
026370 333
026378 959
026386 771
026394 298
026402 315
026410 122
026418 363
026426 123
026434 772
026442 91
026450 4
026458 578
026466 942
026474 521
026482 476
026490 238
026498 679
026506 436
026514 73
026522 99
026530 67
026538 496
026546 654
026554 5
026562 844
026570 359
026578 314
026586 774
026594 287
026602 657
026610 721
026618 753
025860 65
025868 800
025876 861
025884 125
025892 317
025900 630
025908 457
025916 215
025924 231
025932 33
025940 94
025948 754
025956 312
025964 749
025972 647
025980 253
025988 243
025996 862
026004 978
026012 34
026020 731
026028 964
026036 667
026044 282
026052 665
026060 114
026068 339
026076 382
026084 677
026092 230
026100 531
026108 12
026887 738
026895 166
026903 233
026911 820
026919 515
026927 302
026935 528
026943 419
026951 356
026959 743
026967 663
026975 924
026983 645
026991 511
026999 764
027007 717
027015 922
027023 701
027031 23
027039 192
027047 914
027055 122
027063 907
027071 440
027079 792
027087 772
027095 19
027103 197
027111 516
027119 811
027127 720
027135 421
022272 73
022280 901
022288 701
022296 778
022304 503
022312 560
022320 73
022328 318
022336 357
022344 962
022352 898
022360 901
022368 219
022376 788
022384 805
022392 193
022400 921
022408 861
022416 503
022424 548
022432 482
022440 297
022448 984
022456 502
022464 54
022472 294
022480 525
022488 67
022496 344
022504 764
022512 301
022520 909
025862 277
025870 444
025878 72
025886 931
025894 654
025902 714
025910 122
025918 138
025926 567
025934 364
025942 691
025950 66
025958 704
025966 772
025974 472
025982 526
025990 358
025998 125
026006 473
026014 455
026022 165
026030 770
026038 859
026046 667
026054 47
026062 158
026070 316
026078 878
026086 639
026094 945
026102 852
026110 223
025347 604
025355 73
025363 43
025371 415
025379 262
025387 333
025395 997
025403 529
025411 963
025419 803
025427 58
025435 937
025443 595
025451 608
025459 31
025467 89
025475 278
025483 280
025491 505
025499 738
025507 376
025515 507
025523 923
025531 404
025539 474
025547 180
025555 245
025563 30
025571 712
025579 415
025587 937
025595 558
025857 420
025865 362
025873 562
025881 895
025889 883
025897 188
025905 818
025913 630
025921 795
025929 331
025937 498
025945 716
025953 119
025961 720
025969 39
025977 562
025985 8
025993 175
026001 542
026009 24
026017 793
026025 575
026033 84
026041 427
026049 801
026057 504
026065 624
026073 86
026081 7
026089 431
026097 948
026105 253
026885 879
026893 204
026901 533
026909 647
026917 544
026925 822
026933 92
026941 808
026949 890
026957 168
026965 918
026973 501
026981 453
026989 778
026997 343
027005 957
027013 80
027021 565
027029 164
027037 542
027045 186
027053 269
027061 589
027069 195
027077 259
027085 264
027093 595
027101 721
027109 251
027117 403
027125 273
027133 854
026626 433
026634 321
026642 433
026650 784
026658 441
026666 671
026674 686
026682 99
026690 528
026698 543
026706 480
026714 198
026722 537
026730 131
026738 673
026746 169
026754 463
026762 754
026770 776
026778 288
026786 785
026794 551
026802 693
026810 206
026818 552
026826 81
026834 665
026842 283
026850 695
026858 271
026866 738
026874 144
026116 583
026124 772
026132 105
026140 42
026148 708
026156 678
026164 552
026172 557
026180 841
026188 810
026196 41
026204 721
026212 445
026220 90
026228 208
026236 448
026244 735
026252 563
026260 224
026268 758
026276 478
026284 972
026292 192
026300 13
026308 192
026316 865
026324 752
026332 789
026340 213
026348 730
026356 562
026364 418
027143 375
027151 887
027159 492
027167 944
027175 546
027183 352
027191 916
027199 695
027207 574
027215 978
027223 186
027231 705
027239 702
027247 123
027255 305
027263 933
027271 397
027279 172
027287 110
027295 381
027303 140
027311 849
027319 632
027327 74
027335 705
027343 244
027351 734
027359 588
027367 818
027375 841
027383 799
027391 915
026118 366
026126 573
026134 130
026142 123
026150 557
026158 457
026166 505
026174 209
026182 686
026190 923
026198 493
026206 676
026214 882
026222 841
026230 901
026238 358
026246 139
026254 165
026262 285
026270 52
026278 827
026286 383
026294 895
026302 886
026310 82
026318 105
026326 957
026334 305
026342 658
026350 178
026358 464
026366 215
022528 502
022536 78
022544 998
022552 523
022560 482
022568 442
022576 780
022584 791
022592 162
022600 64
022608 169
022616 647
022624 567
022632 797
022640 26
022648 417
022656 72
022664 113
022672 711
022680 134
022688 127
022696 13
022704 930
022712 216
022720 121
022728 482
022736 79
022744 941
022752 344
022760 974
022768 246
022776 769
025603 765
025611 648
025619 483
025627 970
025635 357
025643 97
025651 661
025659 224
025667 361
025675 723
025683 249
025691 292
025699 128
025707 123
025715 935
025723 564
025731 498
025739 782
025747 196
025755 239
025763 127
025771 260
025779 42
025787 90
025795 419
025803 449
025811 205
025819 284
025827 481
025835 805
025843 38
025851 856
026113 603
026121 629
026129 518
026137 261
026145 971
026153 531
026161 380
026169 685
026177 587
026185 0
026193 641
026201 164
026209 4
026217 587
026225 897
026233 121
026241 842
026249 13
026257 615
026265 308
026273 320
026281 658
026289 205
026297 460
026305 386
026313 635
026321 893
026329 605
026337 87
026345 358
026353 43
026361 988
027141 957
027149 107
027157 56
027165 827
027173 284
027181 830
027189 794
027197 656
027205 281
027213 378
027221 722
027229 37
027237 430
027245 822
027253 365
027261 278
027269 300
027277 464
027285 833
027293 644
027301 627
027309 506
027317 944
027325 621
027333 8
027341 155
027349 213
027357 271
027365 499
027373 824
027381 687
027389 903
026882 365
026890 776
026898 283
026906 30
026914 387
026922 712
026930 849
026938 70
026946 348
026954 424
026962 814
026970 104
026978 965
026986 812
026994 487
027002 678
027010 94
027018 103
027026 690
027034 141
027042 375
027050 372
027058 752
027066 747
027074 978
027082 484
027090 997
027098 236
027106 550
027114 449
027122 776
027130 130
026372 793
026380 150
026388 37
026396 796
026404 447
026412 194
026420 973
026428 752
026436 892
026444 681
026452 266
026460 600
026468 989
026476 150
026484 814
026492 917
026500 663
026508 84
026516 973
026524 210
026532 873
026540 669
026548 623
026556 747
026564 211
026572 606
026580 171
026588 131
026596 765
026604 16
026612 730
026620 359
027399 572
027407 348
027415 426
027423 278
027431 194
027439 240
027447 370
027455 916
027463 115
027471 300
027479 608
027487 69
027495 728
027503 290
027511 218
027519 343
027527 936
027535 127
027543 343
027551 132
027559 699
027567 484
027575 899
027583 901
027591 772
027599 413
027607 747
027615 311
027623 995
027631 159
027639 738
027647 47
026374 141
026382 723
026390 566
026398 862
026406 219
026414 304
026422 464
026430 333
026438 640
026446 717
026454 859
026462 890
026470 286
026478 70
026486 215
026494 265
026502 263
026510 1
026518 174
026526 331
026534 215
026542 828
026550 549
026558 260
026566 185
026574 957
026582 236
026590 583
026598 931
026606 820
026614 233
026622 622
022784 632
022792 975
022800 756
022808 833
022816 9
022824 844
022832 404
022840 303
022848 135
022856 410
022864 309
022872 243
022880 537
022888 603
022896 816
022904 222
022912 458
022920 83
022928 521
022936 711
022944 23
022952 897
022960 112
022968 273
022976 502
022984 848
022992 327
023000 901
023008 895
023016 136
023024 916
023032 770
025859 807
025867 464
025875 231
025883 679
025891 125
025899 210
025907 195
025915 492
025923 46
025931 118
025939 646
025947 604
025955 581
025963 87
025971 800
025979 942
025987 246
025995 287
026003 758
026011 911
026019 131
026027 716
026035 205
026043 610
026051 938
026059 292
026067 868
026075 204
026083 111
026091 947
026099 400
026107 275
026369 824
026377 903
026385 565
026393 225
026401 28
026409 759
026417 951
026425 598
026433 946
026441 666
026449 302
026457 982
026465 342
026473 510
026481 628
026489 315
026497 347
026505 687
026513 456
026521 487
026529 822
026537 186
026545 236
026553 449
026561 595
026569 685
026577 797
026585 611
026593 665
026601 949
026609 33
026617 604
027397 321
027405 670
027413 9
027421 338
027429 691
027437 968
027445 247
027453 303
027461 432
027469 717
027477 89
027485 564
027493 940
027501 322
027509 305
027517 522
027525 586
027533 938
027541 57
027549 267
027557 577
027565 103
027573 882
027581 308
027589 629
027597 902
027605 946
027613 578
027621 504
027629 371
027637 472
027645 440
027138 993
027146 461
027154 1
027162 243
027170 0
027178 997
027186 574
027194 272
027202 51
027210 810
027218 180
027226 941
027234 243
027242 668
027250 14
027258 68
027266 906
027274 362
027282 522
027290 423
027298 628
027306 386
027314 465
027322 651
027330 988
027338 919
027346 629
027354 25
027362 372
027370 641
027378 517
027386 599
027655 526
027663 158
027671 597
027679 190
027687 400
027695 854
027703 962
027711 893
027719 536
027727 726
027735 511
027743 627
027751 266
027759 559
027767 714
027775 884
027783 379
027791 495
027799 162
027807 556
027815 838
027823 679
027831 282
027839 764
027847 899
027855 57
027863 509
027871 414
027879 905
027887 287
027895 249
027903 314
026628 388
026636 992
026644 483
026652 987
026660 937
026668 0
026676 79
026684 950
026692 482
026700 836
026708 526
026716 35
026724 39
026732 506
026740 244
026748 601
026756 807
026764 300
026772 999
026780 138
026788 386
026796 563
026804 434
026812 178
026820 629
026828 993
026836 1
026844 382
026852 429
026860 985
026868 8
026876 434
026630 652
026638 179
026646 341
026654 67
026662 781
026670 904
026678 198
026686 416
026694 473
026702 660
026710 382
026718 101
026726 595
026734 392
026742 731
026750 327
026758 579
026766 98
026774 514
026782 720
026790 940
026798 228
026806 102
026814 65
026822 899
026830 53
026838 527
026846 68
026854 462
026862 485
026870 210
026878 143
023040 900
023048 864
023056 864
023064 554
023072 551
023080 542
023088 711
023096 261
023104 511
023112 710
023120 279
023128 131
023136 73
023144 25
023152 502
023160 37
023168 786
023176 126
023184 921
023192 538
023200 592
023208 20
023216 786
023224 334
023232 911
023240 186
023248 615
023256 860
023264 912
023272 246
023280 195
023288 578
026115 825
026123 898
026131 149
026139 568
026147 163
026155 185
026163 274
026171 138
026179 945
026187 271
026195 538
026203 313
026211 758
026219 818
026227 215
026235 480
026243 887
026251 147
026259 813
026267 487
026275 502
026283 139
026291 432
026299 757
026307 673
026315 314
026323 318
026331 31
026339 178
026347 220
026355 119
026363 29
026625 451
026633 573
026641 885
026649 882
026657 808
026665 482
026673 753
026681 446
026689 92
026697 755
026705 98
026713 916
026721 10
026729 771
026737 401
026745 104
026753 148
026761 275
026769 152
026777 559
026785 100
026793 17
026801 530
026809 885
026817 188
026825 759
026833 551
026841 495
026849 594
026857 729
026865 135
026873 895
027394 569
027402 262
027410 675
027418 345
027426 571
027434 272
027442 799
027450 36
027458 914
027466 612
027474 330
027482 403
027490 293
027498 147
027506 327
027514 689
027522 503
027530 133
027538 772
027546 898
027554 282
027562 567
027570 120
027578 248
027586 128
027594 404
027602 998
027610 401
027618 128
027626 760
027634 639
027642 72
027653 657
027661 580
027669 83
027677 505
027685 734
027693 553
027701 845
027709 833
027717 115
027725 796
027733 260
027741 37
027749 999
027757 969
027765 205
027773 30
027781 752
027789 181
027797 988
027805 571
027813 710
027821 470
027829 750
027837 642
027845 806
027853 406
027861 106
027869 611
027877 58
027885 42
027893 472
027901 493
027911 657
027919 969
027927 61
027935 952
027943 385
027951 685
027959 555
027967 395
027975 766
027983 92
027991 164
027999 711
028007 102
028015 744
028023 138
028031 393
028039 614
028047 876
028055 13
028063 881
028071 513
028079 410
028087 478
028095 854
028103 724
028111 79
028119 598
028127 344
028135 356
028143 103
028151 722
028159 710
026884 557
026892 395
026900 419
026908 153
026916 348
026924 126
026932 868
026940 644
026948 771
026956 46
026964 380
026972 128
026980 831
026988 755
026996 227
027004 131
027012 525
027020 754
027028 774
027036 228
027044 845
027052 708
027060 303
027068 979
027076 932
027084 34
027092 332
027100 764
027108 727
027116 58
027124 190
027132 564
026886 367
026894 874
026902 755
026910 986
026918 277
026926 591
026934 649
026942 865
026950 897
026958 956
026966 881
026974 785
026982 581
026990 626
026998 90
027006 853
027014 145
027022 611
027030 23
027038 421
027046 273
027054 913
027062 879
027070 977
027078 608
027086 211
027094 937
027102 227
027110 73
027118 724
027126 312
027134 307
026371 680
026379 199
026387 177
026395 674
026403 233
026411 737
026419 81
026427 157
026435 829
026443 339
026451 113
026459 832
026467 903
026475 424
026483 880
026491 237
026499 103
026507 596
026515 666
026523 200
026531 599
026539 524
026547 902
026555 89
026563 562
026571 791
026579 751
026587 355
026595 894
026603 261
026611 670
026619 325
023296 652
023304 90
023312 38
023320 172
023328 346
023336 660
023344 34
023352 648
023360 233
023368 291
023376 943
023384 79
023392 542
023400 366
023408 925
023416 101
023424 702
023432 83
023440 80
023448 136
023456 998
023464 65
023472 180
023480 682
023488 55
023496 423
023504 401
023512 476
023520 189
023528 295
023536 580
023544 986
026881 892
026889 413
026897 376
026905 544
026913 859
026921 785
026929 148
026937 549
026945 938
026953 138
026961 74
026969 364
026977 213
026985 313
026993 811
027001 1
027009 246
027017 969
027025 882
027033 110
027041 407
027049 691
027057 316
027065 652
027073 400
027081 168
027089 888
027097 7
027105 417
027113 922
027121 405
027129 68
027650 308
027658 591
027666 306
027674 20
027682 971
027690 672
027698 999
027706 879
027714 194
027722 92
027730 108
027738 327
027746 313
027754 397
027762 454
027770 317
027778 561
027786 799
027794 165
027802 531
027810 897
027818 234
027826 666
027834 112
027842 806
027850 939
027858 475
027866 827
027874 291
027882 575
027890 551
027898 251
027140 564
027148 609
027156 648
027164 221
027172 778
027180 490
027188 946
027196 474
027204 380
027212 691
027220 667
027228 563
027236 997
027244 30
027252 211
027260 770
027268 528
027276 899
027284 504
027292 872
027300 492
027308 850
027316 493
027324 690
027332 901
027340 761
027348 657
027356 652
027364 357
027372 301
027380 672
027388 751
027909 34
027917 765
027925 610
027933 314
027941 561
027949 333
027957 971
027965 810
027973 692
027981 257
027989 137
027997 310
028005 626
028013 865
028021 489
028029 613
028037 933
028045 86
028053 290
028061 118
028069 943
028077 184
028085 687
028093 743
028101 372
028109 529
028117 380
028125 691
028133 774
028141 821
028149 829
028157 872
028167 422
028175 345
028183 429
028191 751
028199 572
028207 883
028215 394
028223 981
028231 462
028239 270
028247 395
028255 745
028263 970
028271 63
028279 490
028287 820
028295 873
028303 482
028311 749
028319 656
028327 199
028335 891
028343 278
028351 721
028359 830
028367 576
028375 775
028383 322
028391 667
028399 224
028407 340
028415 772
027142 624
027150 876
027158 20
027166 889
027174 664
027182 738
027190 666
027198 841
027206 288
027214 226
027222 610
027230 385
027238 646
027246 58
027254 515
027262 641
027270 880
027278 410
027286 269
027294 906
027302 482
027310 195
027318 10
027326 317
027334 138
027342 919
027350 176
027358 904
027366 770
027374 710
027382 315
027390 645
023552 999
023560 31
023568 558
023576 635
023584 993
023592 543
023600 430
023608 567
023616 280
023624 896
023632 657
023640 54
023648 656
023656 685
023664 444
023672 448
023680 610
023688 34
023696 110
023704 841
023712 856
023720 618
023728 137
023736 926
023744 500
023752 812
023760 541
023768 104
023776 770
023784 3
023792 615
023800 963
026627 529
026635 411
026643 604
026651 970
026659 207
026667 333
026675 309
026683 573
026691 765
026699 272
026707 753
026715 354
026723 167
026731 469
026739 917
026747 776
026755 969
026763 321
026771 286
026779 647
026787 722
026795 33
026803 40
026811 942
026819 979
026827 223
026835 633
026843 790
026851 147
026859 787
026867 319
026875 322
027137 826
027145 33
027153 431
027161 121
027169 727
027177 676
027185 744
027193 676
027201 352
027209 447
027217 421
027225 91
027233 486
027241 311
027249 172
027257 642
027265 189
027273 979
027281 327
027289 408
027297 740
027305 876
027313 908
027321 230
027329 185
027337 293
027345 678
027353 896
027361 649
027369 419
027377 649
027385 40
027906 601
027914 836
027922 154
027930 235
027938 341
027946 838
027954 765
027962 680
027970 474
027978 514
027986 123
027994 438
028002 662
028010 23
028018 406
028026 517
028034 503
028042 797
028050 476
028058 124
028066 43
028074 226
028082 777
028090 902
028098 384
028106 91
028114 811
028122 110
028130 659
028138 560
028146 754
028154 49
027396 448
027404 825
027412 432
027420 667
027428 461
027436 198
027444 683
027452 469
027460 782
027468 898
027476 992
027484 626
027492 561
027500 506
027508 683
027516 566
027524 252
027532 915
027540 674
027548 934
027556 550
027564 543
027572 788
027580 935
027588 818
027596 986
027604 81
027612 116
027620 663
027628 517
027636 640
027644 896
028423 826
028431 650
028439 174
028447 935
028455 577
028463 302
028471 477
028479 665
028487 653
028495 191
028503 865
028511 634
028519 395
028527 165
028535 298
028543 438
028551 542
028559 363
028567 283
028575 851
028583 170
028591 947
028599 615
028607 519
028615 90
028623 610
028631 374
028639 751
028647 454
028655 796
028663 638
028671 694
027398 853
027406 319
027414 315
027422 479
027430 25
027438 827
027446 803
027454 131
027462 739
027470 822
027478 353
027486 819
027494 205
027502 571
027510 203
027518 204
027526 681
027534 244
027542 592
027550 385
027558 664
027566 654
027574 737
027582 207
027590 654
027598 974
027606 438
027614 154
027622 937
027630 573
027638 325
027646 762
023808 953
023816 393
023824 2
023832 786
023840 415
023848 150
023856 317
023864 384
023872 902
023880 199
023888 478
023896 835
023904 872
023912 726
023920 308
023928 610
023936 189
023944 417
023952 822
023960 245
023968 247
023976 390
023984 205
023992 910
024000 923
024008 890
024016 755
024024 783
024032 35
024040 289
024048 543
024056 761
028165 222
028173 540
028181 809
028189 866
028197 723
028205 827
028213 87
028221 374
028229 270
028237 481
028245 297
028253 575
028261 324
028269 329
028277 180
028285 327
028293 77
028301 258
028309 877
028317 195
028325 213
028333 495
028341 997
028349 632
028357 975
028365 666
028373 587
028381 52
028389 998
028397 644
028405 330
028413 602
026883 691
026891 774
026899 47
026907 245
026915 9
026923 959
026931 863
026939 347
026947 554
026955 30
026963 910
026971 34
026979 775
026987 426
026995 353
027003 982
027011 302
027019 11
027027 167
027035 74
027043 163
027051 667
027059 193
027067 185
027075 941
027083 538
027091 491
027099 973
027107 809
027115 28
027123 149
027131 496
027393 677
027401 347
027409 993
027417 378
027425 716
027433 124
027441 611
027449 374
027457 260
027465 959
027473 80
027481 659
027489 514
027497 617
027505 81
027513 546
027521 630
027529 80
027537 254
027545 638
027553 288
027561 978
027569 496
027577 542
027585 162
027593 486
027601 132
027609 656
027617 326
027625 656
027633 859
027641 165
028162 231
028170 416
028178 842
028186 219
028194 149
028202 633
028210 334
028218 859
028226 387
028234 185
028242 508
028250 878
028258 604
028266 674
028274 489
028282 941
028290 556
028298 950
028306 14
028314 691
028322 837
028330 942
028338 367
028346 471
028354 768
028362 341
028370 24
028378 415
028386 228
028394 235
028402 442
028410 825
028679 423
028687 141
028695 590
028703 90
028711 955
028719 574
028727 893
028735 65
028743 675
028751 200
028759 706
028767 440
028775 562
028783 476
028791 554
028799 643
028807 586
028815 403
028823 951
028831 453
028839 970
028847 415
028855 68
028863 957
028871 671
028879 170
028887 450
028895 797
028903 662
028911 296
028919 263
028927 600
027652 149
027660 107
027668 74
027676 240
027684 756
027692 103
027700 251
027708 50
027716 581
027724 275
027732 398
027740 507
027748 420
027756 453
027764 628
027772 652
027780 267
027788 31
027796 123
027804 916
027812 200
027820 714
027828 400
027836 399
027844 130
027852 943
027860 207
027868 194
027876 660
027884 323
027892 688
027900 317
027654 92
027662 72
027670 372
027678 775
027686 116
027694 163
027702 410
027710 899
027718 472
027726 732
027734 339
027742 385
027750 43
027758 537
027766 956
027774 64
027782 439
027790 468
027798 974
027806 513
027814 513
027822 358
027830 904
027838 656
027846 229
027854 869
027862 719
027870 721
027878 180
027886 871
027894 548
027902 720
024064 818
024072 251
024080 670
024088 627
024096 267
024104 45
024112 741
024120 953
024128 603
024136 126
024144 735
024152 38
024160 829
024168 942
024176 708
024184 769
024192 360
024200 668
024208 588
024216 602
024224 801
024232 387
024240 120
024248 489
024256 442
024264 872
024272 164
024280 663
024288 82
024296 350
024304 564
024312 864
027139 193
027147 860
027155 37
027163 613
027171 655
027179 392
027187 602
027195 770
027203 570
027211 839
027219 708
027227 453
027235 188
027243 90
027251 97
027259 717
027267 695
027275 727
027283 936
027291 117
027299 905
027307 377
027315 799
027323 383
027331 441
027339 148
027347 773
027355 359
027363 649
027371 210
027379 57
027387 785
027649 184
027657 46
027665 506
027673 609
027681 502
027689 855
027697 268
027705 851
027713 436
027721 122
027729 815
027737 292
027745 569
027753 635
027761 992
027769 408
027777 522
027785 441
027793 120
027801 731
027809 446
027817 893
027825 456
027833 602
027841 275
027849 768
027857 170
027865 579
027873 184
027881 870
027889 179
027897 887
028421 480
028429 971
028437 193
028445 596
028453 162
028461 458
028469 682
028477 638
028485 779
028493 70
028501 721
028509 68
028517 700
028525 560
028533 536
028541 480
028549 800
028557 877
028565 699
028573 754
028581 865
028589 815
028597 707
028605 38
028613 44
028621 124
028629 777
028637 552
028645 413
028653 394
028661 642
028669 813
028418 132
028426 931
028434 927
028442 177
028450 226
028458 462
028466 719
028474 621
028482 900
028490 990
028498 362
028506 987
028514 358
028522 160
028530 847
028538 15
028546 500
028554 587
028562 955
028570 134
028578 330
028586 391
028594 862
028602 833
028610 158
028618 650
028626 647
028634 693
028642 930
028650 117
028658 801
028666 102
028935 24
028943 99
028951 52
028959 683
028967 444
028975 370
028983 251
028991 554
028999 403
029007 473
029015 304
029023 970
029031 123
029039 368
029047 257
029055 501
029063 352
029071 397
029079 733
029087 144
029095 156
029103 396
029111 834
029119 41
029127 818
029135 657
029143 794
029151 690
029159 931
029167 255
029175 350
029183 901
027908 179
027916 955
027924 479
027932 745
027940 783
027948 593
027956 262
027964 424
027972 944
027980 142
027988 978
027996 515
028004 793
028012 642
028020 750
028028 1
028036 684
028044 918
028052 860
028060 741
028068 514
028076 560
028084 129
028092 382
028100 35
028108 56
028116 44
028124 22
028132 545
028140 832
028148 649
028156 311
027910 355
027918 658
027926 993
027934 657
027942 572
027950 228
027958 336
027966 390
027974 100
027982 208
027990 600
027998 115
028006 384
028014 263
028022 875
028030 394
028038 640
028046 966
028054 907
028062 911
028070 858
028078 729
028086 626
028094 713
028102 89
028110 24
028118 675
028126 867
028134 841
028142 336
028150 834
028158 95
024320 907
024328 324
024336 128
024344 219
024352 633
024360 213
024368 356
024376 652
024384 157
024392 15
024400 52
024408 231
024416 512
024424 133
024432 236
024440 628
024448 833
024456 643
024464 260
024472 55
024480 655
024488 966
024496 208
024504 570
024512 277
024520 540
024528 65
024536 107
024544 406
024552 46
024560 924
024568 879
027395 792
027403 552
027411 391
027419 159
027427 598
027435 814
027443 466
027451 414
027459 376
027467 437
027475 387
027483 123
027491 867
027499 213
027507 250
027515 637
027523 656
027531 480
027539 538
027547 146
027555 168
027563 170
027571 874
027579 404
027587 667
027595 44
027603 724
027611 46
027619 163
027627 981
027635 977
027643 258
027905 678
027913 403
027921 28
027929 68
027937 809
027945 32
027953 358
027961 331
027969 448
027977 881
027985 90
027993 475
028001 606
028009 719
028017 384
028025 727
028033 684
028041 942
028049 304
028057 922
028065 166
028073 607
028081 192
028089 504
028097 284
028105 38
028113 957
028121 954
028129 116
028137 773
028145 451
028153 566
028677 148
028685 336
028693 616
028701 4
028709 107
028717 554
028725 97
028733 763
028741 953
028749 886
028757 273
028765 971
028773 301
028781 369
028789 397
028797 643
028805 926
028813 90
028821 300
028829 502
028837 679
028845 585
028853 907
028861 117
028869 49
028877 238
028885 776
028893 889
028901 392
028909 796
028917 128
028925 281
028674 878
028682 103
028690 652
028698 387
028706 675
028714 655
028722 157
028730 961
028738 14
028746 980
028754 509
028762 266
028770 789
028778 869
028786 345
028794 488
028802 882
028810 393
028818 970
028826 631
028834 837
028842 486
028850 799
028858 292
028866 418
028874 579
028882 426
028890 788
028898 256
028906 698
028914 15
028922 315
029191 533
029199 792
029207 234
029215 774
029223 916
029231 390
029239 142
029247 62
029255 284
029263 549
029271 148
029279 124
029287 586
029295 970
029303 728
029311 42
029319 69
029327 209
029335 995
029343 456
029351 662
029359 412
029367 706
029375 942
029383 989
029391 559
029399 879
029407 623
029415 851
029423 463
029431 577
029439 650
028164 124
028172 704
028180 788
028188 330
028196 834
028204 499
028212 840
028220 729
028228 205
028236 848
028244 243
028252 248
028260 342
028268 394
028276 675
028284 682
028292 93
028300 636
028308 152
028316 602
028324 271
028332 467
028340 823
028348 470
028356 983
028364 755
028372 303
028380 826
028388 57
028396 248
028404 840
028412 605
024576 506
024584 136
024592 904
024600 136
024608 293
024616 701
024624 363
024632 497
024640 975
024648 62
024656 729
024664 782
024672 676
024680 747
024688 220
024696 836
024704 28
024712 840
024720 533
024728 832
024736 164
024744 673
024752 77
024760 591
024768 277
024776 883
024784 722
024792 61
024800 513
024808 261
024816 476
024824 549
027651 419
027659 997
027667 724
027675 722
027683 125
027691 563
027699 84
027707 852
027715 362
027723 132
027731 653
027739 833
027747 602
027755 214
027763 424
027771 502
027779 483
027787 965
027795 771
027803 138
027811 774
027819 186
027827 161
027835 673
027843 234
027851 818
027859 161
027867 239
027875 630
027883 833
027891 443
027899 978
028166 100
028174 863
028182 310
028190 144
028198 703
028206 895
028214 507
028222 621
028230 368
028238 271
028246 339
028254 919
028262 114
028270 296
028278 13
028286 442
028294 410
028302 15
028310 392
028318 604
028326 641
028334 879
028342 516
028350 876
028358 283
028366 891
028374 607
028382 424
028390 481
028398 124
028406 337
028414 794
028161 160
028169 320
028177 535
028185 406
028193 407
028201 911
028209 15
028217 61
028225 752
028233 799
028241 560
028249 833
028257 480
028265 226
028273 844
028281 91
028289 423
028297 9
028305 928
028313 539
028321 869
028329 419
028337 58
028345 870
028353 376
028361 98
028369 615
028377 423
028385 729
028393 963
028401 972
028409 8
028933 419
028941 288
028949 206
028957 272
028965 96
028973 757
028981 550
028989 526
028997 894
029005 510
029013 933
029021 375
029029 331
029037 236
029045 1
029053 997
029061 960
029069 454
029077 192
029085 894
029093 43
029101 493
029109 579
029117 360
029125 378
029133 317
029141 1
029149 302
029157 387
029165 572
029173 41
029181 686
028930 280
028938 430
028946 904
028954 231
028962 758
028970 15
028978 501
028986 993
028994 718
029002 886
029010 386
029018 978
029026 158
029034 165
029042 465
029050 546
029058 191
029066 754
029074 556
029082 455
029090 694
029098 576
029106 832
029114 267
029122 321
029130 399
029138 388
029146 733
029154 544
029162 113
029170 814
029178 877
029447 624
029455 276
029463 30
029471 292
029479 168
029487 57
029495 882
029503 637
029511 239
029519 838
029527 414
029535 778
029543 476
029551 758
029559 476
029567 197
029575 490
029583 185
029591 77
029599 197
029607 216
029615 435
029623 99
029631 539
029639 348
029647 110
029655 914
029663 689
029671 717
029679 340
029687 206
029695 382
028420 611
028428 736
028436 170
028444 461
028452 435
028460 324
028468 28
028476 114
028484 942
028492 953
028500 432
028508 575
028516 317
028524 394
028532 144
028540 549
028548 799
028556 48
028564 476
028572 646
028580 930
028588 826
028596 753
028604 838
028612 601
028620 341
028628 489
028636 636
028644 837
028652 126
028660 160
028668 591
027907 396
027915 108
027923 165
027931 337
027939 736
027947 415
027955 758
027963 680
027971 520
027979 96
027987 709
027995 631
028003 774
028011 80
028019 296
028027 807
028035 543
028043 617
028051 836
028059 217
028067 484
028075 36
028083 752
028091 148
028099 44
028107 834
028115 394
028123 326
028131 31
028139 841
028147 707
028155 343
024832 559
024840 326
024848 572
024856 311
024864 821
024872 149
024880 575
024888 110
024896 647
024904 374
024912 857
024920 322
024928 355
024936 819
024944 82
024952 169
024960 741
024968 679
024976 54
024984 888
024992 925
025000 257
025008 785
025016 58
025024 612
025032 207
025040 118
025048 834
025056 77
025064 439
025072 495
025080 971
028422 345
028430 838
028438 616
028446 114
028454 583
028462 339
028470 787
028478 292
028486 253
028494 251
028502 267
028510 607
028518 777
028526 990
028534 192
028542 395
028550 562
028558 535
028566 126
028574 133
028582 709
028590 787
028598 404
028606 99
028614 382
028622 612
028630 84
028638 240
028646 226
028654 21
028662 809
028670 10
028417 71
028425 960
028433 43
028441 236
028449 426
028457 390
028465 111
028473 334
028481 292
028489 913
028497 199
028505 681
028513 426
028521 175
028529 57
028537 654
028545 974
028553 311
028561 690
028569 145
028577 962
028585 165
028593 938
028601 609
028609 919
028617 563
028625 161
028633 916
028641 865
028649 653
028657 633
028665 168
029189 197
029197 309
029205 127
029213 284
029221 957
029229 986
029237 752
029245 707
029253 297
029261 714
029269 150
029277 347
029285 955
029293 435
029301 257
029309 863
029317 237
029325 750
029333 724
029341 293
029349 436
029357 339
029365 45
029373 890
029381 875
029389 281
029397 116
029405 630
029413 383
029421 856
029429 24
029437 448
029186 613
029194 485
029202 335
029210 198
029218 431
029226 161
029234 880
029242 180
029250 11
029258 713
029266 529
029274 219
029282 938
029290 578
029298 587
029306 720
029314 745
029322 565
029330 363
029338 777
029346 321
029354 934
029362 173
029370 186
029378 848
029386 186
029394 338
029402 667
029410 114
029418 133
029426 236
029434 776
029703 255
029711 359
029719 910
029727 173
029735 184
029743 667
029751 331
029759 960
029767 442
029775 55
029783 735
029791 634
029799 216
029807 290
029815 75
029823 771
029831 912
029839 749
029847 470
029855 36
029863 218
029871 757
029879 263
029887 944
029895 833
029903 111
029911 543
029919 417
029927 800
029935 427
029943 107
029951 660
028676 557
028684 423
028692 21
028700 915
028708 778
028716 723
028724 964
028732 701
028740 921
028748 764
028756 365
028764 401
028772 364
028780 265
028788 707
028796 186
028804 142
028812 550
028820 578
028828 498
028836 416
028844 371
028852 635
028860 683
028868 517
028876 697
028884 866
028892 218
028900 481
028908 894
028916 102
028924 757
028163 718
028171 32
028179 996
028187 410
028195 910
028203 468
028211 853
028219 116
028227 712
028235 83
028243 160
028251 211
028259 244
028267 924
028275 132
028283 819
028291 278
028299 87
028307 520
028315 484
028323 827
028331 585
028339 300
028347 984
028355 972
028363 522
028371 312
028379 639
028387 180
028395 46
028403 495
028411 924
025088 27
025096 309
025104 764
025112 656
025120 189
025128 386
025136 995
025144 705
025152 367
025160 657
025168 444
025176 411
025184 192
025192 363
025200 792
025208 836
025216 549
025224 925
025232 318
025240 497
025248 198
025256 784
025264 861
025272 879
025280 659
025288 468
025296 943
025304 201
025312 170
025320 183
025328 33
025336 121
028678 165
028686 369
028694 845
028702 820
028710 933
028718 62
028726 350
028734 693
028742 246
028750 901
028758 220
028766 519
028774 489
028782 280
028790 912
028798 712
028806 545
028814 148
028822 190
028830 454
028838 7
028846 345
028854 752
028862 832
028870 804
028878 858
028886 13
028894 956
028902 848
028910 394
028918 85
028926 487
028673 501
028681 191
028689 890
028697 107
028705 910
028713 45
028721 546
028729 265
028737 820
028745 333
028753 471
028761 251
028769 899
028777 334
028785 478
028793 390
028801 4
028809 141
028817 565
028825 566
028833 164
028841 896
028849 918
028857 283
028865 358
028873 522
028881 95
028889 808
028897 791
028905 578
028913 604
028921 793
029445 534
029453 698
029461 476
029469 565
029477 470
029485 334
029493 426
029501 572
029509 708
029517 94
029525 952
029533 810
029541 567
029549 988
029557 90
029565 993
029573 110
029581 423
029589 123
029597 701
029605 909
029613 458
029621 281
029629 978
029637 868
029645 915
029653 592
029661 145
029669 16
029677 428
029685 502
029693 645
029442 317
029450 514
029458 14
029466 866
029474 853
029482 378
029490 943
029498 81
029506 699
029514 245
029522 29
029530 805
029538 661
029546 536
029554 774
029562 627
029570 593
029578 44
029586 448
029594 46
029602 77
029610 288
029618 670
029626 97
029634 89
029642 606
029650 673
029658 487
029666 337
029674 228
029682 153
029690 771
029959 387
029967 241
029975 592
029983 976
029991 416
029999 332
030007 807
030015 328
030023 530
030031 824
030039 386
030047 987
030055 298
030063 588
030071 434
030079 896
030087 503
030095 407
030103 117
030111 247
030119 777
030127 206
030135 156
030143 495
030151 413
030159 451
030167 854
030175 770
030183 881
030191 46
030199 889
030207 737
028932 691
028940 30
028948 180
028956 318
028964 697
028972 417
028980 893
028988 787
028996 870
029004 341
029012 126
029020 661
029028 229
029036 53
029044 374
029052 463
029060 807
029068 689
029076 489
029084 555
029092 596
029100 417
029108 997
029116 765
029124 441
029132 810
029140 987
029148 285
029156 883
029164 317
029172 7
029180 714
028419 578
028427 543
028435 349
028443 20
028451 531
028459 135
028467 97
028475 11
028483 941
028491 481
028499 5
028507 147
028515 828
028523 328
028531 760
028539 379
028547 58
028555 544
028563 99
028571 527
028579 654
028587 315
028595 953
028603 936
028611 606
028619 904
028627 19
028635 246
028643 654
028651 567
028659 397
028667 106
025344 714
025352 914
025360 526
025368 85
025376 48
025384 422
025392 930
025400 281
025408 897
025416 582
025424 319
025432 832
025440 174
025448 793
025456 894
025464 192
025472 550
025480 36
025488 271
025496 20
025504 76
025512 963
025520 188
025528 185
025536 880
025544 721
025552 777
025560 889
025568 170
025576 158
025584 234
025592 477
028934 596
028942 825
028950 366
028958 825
028966 695
028974 979
028982 193
028990 80
028998 867
029006 166
029014 296
029022 654
029030 51
029038 503
029046 355
029054 969
029062 623
029070 912
029078 675
029086 496
029094 675
029102 115
029110 543
029118 564
029126 246
029134 540
029142 472
029150 215
029158 729
029166 562
029174 911
029182 206
028929 825
028937 762
028945 610
028953 772
028961 300
028969 589
028977 682
028985 995
028993 152
029001 672
029009 287
029017 866
029025 469
029033 676
029041 436
029049 470
029057 555
029065 883
029073 911
029081 189
029089 498
029097 479
029105 775
029113 279
029121 175
029129 675
029137 14
029145 356
029153 950
029161 433
029169 125
029177 831
029701 583
029709 139
029717 836
029725 5
029733 783
029741 995
029749 276
029757 194
029765 350
029773 163
029781 921
029789 782
029797 780
029805 394
029813 142
029821 461
029829 434
029837 789
029845 110
029853 451
029861 465
029869 188
029877 77
029885 860
029893 996
029901 688
029909 342
029917 74
029925 641
029933 659
029941 916
029949 402
029698 363
029706 479
029714 474
029722 354
029730 959
029738 374
029746 573
029754 633
029762 896
029770 63
029778 652
029786 376
029794 418
029802 638
029810 109
029818 273
029826 968
029834 154
029842 558
029850 761
029858 803
029866 54
029874 242
029882 342
029890 108
029898 81
029906 382
029914 364
029922 107
029930 985
029938 389
029946 741
030215 507
030223 838
030231 972
030239 473
030247 29
030255 666
030263 838
030271 574
030279 287
030287 758
030295 870
030303 68
030311 356
030319 682
030327 427
030335 494
030343 991
030351 88
030359 500
030367 630
030375 536
030383 700
030391 611
030399 230
030407 895
030415 12
030423 92
030431 49
030439 655
030447 261
030455 267
030463 524
029188 835
029196 76
029204 934
029212 210
029220 623
029228 512
029236 314
029244 596
029252 111
029260 254
029268 817
029276 351
029284 41
029292 846
029300 537
029308 755
029316 562
029324 634
029332 945
029340 530
029348 676
029356 733
029364 949
029372 939
029380 218
029388 847
029396 50
029404 204
029412 35
029420 580
029428 532
029436 784
028675 579
028683 265
028691 659
028699 21
028707 520
028715 417
028723 165
028731 498
028739 887
028747 438
028755 265
028763 722
028771 358
028779 364
028787 507
028795 928
028803 761
028811 386
028819 215
028827 749
028835 761
028843 746
028851 645
028859 14
028867 685
028875 22
028883 372
028891 611
028899 173
028907 613
028915 577
028923 813
025600 733
025608 649
025616 158
025624 114
025632 528
025640 928
025648 352
025656 172
025664 176
025672 42
025680 215
025688 954
025696 980
025704 765
025712 840
025720 13
025728 881
025736 473
025744 985
025752 170
025760 129
025768 789
025776 479
025784 443
025792 717
025800 453
025808 866
025816 521
025824 766
025832 835
025840 666
025848 327
029190 97
029198 639
029206 426
029214 545
029222 605
029230 403
029238 300
029246 87
029254 396
029262 284
029270 346
029278 936
029286 302
029294 199
029302 320
029310 293
029318 727
029326 193
029334 513
029342 123
029350 590
029358 847
029366 963
029374 102
029382 406
029390 667
029398 659
029406 417
029414 231
029422 962
029430 796
029438 603
029185 833
029193 301
029201 183
029209 532
029217 838
029225 157
029233 217
029241 171
029249 62
029257 79
029265 390
029273 88
029281 569
029289 650
029297 390
029305 819
029313 550
029321 437
029329 667
029337 700
029345 989
029353 756
029361 322
029369 534
029377 575
029385 574
029393 898
029401 676
029409 44
029417 390
029425 823
029433 872
029954 742
029962 905
029970 183
029978 505
029986 850
029994 851
030002 580
030010 802
030018 21
030026 873
030034 205
030042 140
030050 740
030058 202
030066 118
030074 630
030082 755
030090 688
030098 855
030106 359
030114 81
030122 888
030130 180
030138 649
030146 662
030154 513
030162 657
030170 399
030178 536
030186 56
030194 341
030202 670
029957 661
029965 586
029973 608
029981 11
029989 84
029997 225
030005 259
030013 551
030021 225
030029 185
030037 337
030045 787
030053 589
030061 936
030069 888
030077 243
030085 573
030093 447
030101 227
030109 337
030117 285
030125 434
030133 692
030141 87
030149 566
030157 533
030165 737
030173 968
030181 811
030189 610
030197 415
030205 418
030471 4
030479 670
030487 350
030495 392
030503 564
030511 841
030519 66
030527 891
030535 62
030543 557
030551 619
030559 496
030567 15
030575 641
030583 123
030591 336
030599 826
030607 402
030615 563
030623 935
030631 693
030639 678
030647 84
030655 404
030663 554
030671 686
030679 717
030687 343
030695 127
030703 603
030711 54
030719 860
029444 626
029452 456
029460 715
029468 519
029476 570
029484 520
029492 222
029500 844
029508 324
029516 816
029524 415
029532 306
029540 423
029548 451
029556 955
029564 186
029572 128
029580 746
029588 305
029596 600
029604 148
029612 546
029620 612
029628 495
029636 459
029644 212
029652 139
029660 542
029668 383
029676 343
029684 549
029692 780
028931 948
028939 670
028947 932
028955 893
028963 428
028971 646
028979 75
028987 133
028995 22
029003 252
029011 681
029019 308
029027 791
029035 693
029043 644
029051 910
029059 348
029067 565
029075 205
029083 613
029091 638
029099 375
029107 961
029115 483
029123 448
029131 646
029139 591
029147 282
029155 971
029163 142
029171 529
029179 770
025856 951
025864 168
025872 985
025880 835
025888 727
025896 833
025904 507
025912 182
025920 970
025928 934
025936 91
025944 91
025952 656
025960 300
025968 32
025976 706
025984 641
025992 801
026000 254
026008 847
026016 715
026024 750
026032 817
026040 82
026048 138
026056 47
026064 842
026072 452
026080 465
026088 318
026096 514
026104 856
029446 505
029454 477
029462 122
029470 728
029478 519
029486 321
029494 700
029502 264
029510 946
029518 717
029526 641
029534 829
029542 175
029550 566
029558 391
029566 730
029574 426
029582 660
029590 248
029598 711
029606 214
029614 519
029622 975
029630 928
029638 960
029646 179
029654 184
029662 413
029670 125
029678 327
029686 167
029694 583
029441 359
029449 826
029457 454
029465 82
029473 285
029481 416
029489 563
029497 781
029505 792
029513 466
029521 740
029529 565
029537 269
029545 779
029553 759
029561 530
029569 817
029577 90
029585 876
029593 714
029601 128
029609 216
029617 123
029625 191
029633 454
029641 364
029649 584
029657 985
029665 407
029673 314
029681 502
029689 290
030210 978
030218 257
030226 876
030234 560
030242 757
030250 929
030258 637
030266 475
030274 801
030282 635
030290 797
030298 920
030306 971
030314 404
030322 364
030330 528
030338 604
030346 14
030354 997
030362 327
030370 748
030378 820
030386 533
030394 844
030402 14
030410 66
030418 545
030426 499
030434 103
030442 367
030450 143
030458 106
030727 830
030735 280
030743 436
030751 525
030759 802
030767 733
030775 805
030783 395
030791 896
030799 623
030807 283
030815 376
030823 290
030831 380
030839 945
030847 925
030855 645
030863 924
030871 621
030879 687
030887 879
030895 438
030903 528
030911 549
030919 908
030927 926
030935 374
030943 152
030951 371
030959 817
030967 125
030975 691
030213 686
030221 547
030229 724
030237 152
030245 957
030253 380
030261 591
030269 801
030277 366
030285 966
030293 191
030301 940
030309 16
030317 196
030325 383
030333 434
030341 388
030349 528
030357 473
030365 659
030373 458
030381 673
030389 154
030397 672
030405 683
030413 891
030421 823
030429 86
030437 748
030445 980
030453 342
030461 596
029700 506
029708 313
029716 872
029724 904
029732 12
029740 684
029748 74
029756 522
029764 974
029772 122
029780 98
029788 490
029796 438
029804 819
029812 682
029820 720
029828 359
029836 369
029844 642
029852 248
029860 259
029868 225
029876 178
029884 923
029892 885
029900 236
029908 338
029916 805
029924 770
029932 658
029940 775
029948 53
029187 994
029195 166
029203 644
029211 790
029219 826
029227 269
029235 737
029243 773
029251 443
029259 808
029267 655
029275 162
029283 717
029291 582
029299 55
029307 523
029315 690
029323 251
029331 586
029339 537
029347 125
029355 900
029363 687
029371 342
029379 422
029387 512
029395 593
029403 49
029411 231
029419 125
029427 387
029435 33
029702 690
029710 6
029718 277
029726 786
029734 898
029742 471
029750 578
029758 799
029766 787
029774 338
029782 23
029790 418
029798 78
029806 840
029814 838
029822 205
029830 294
029838 297
029846 778
029854 10
029862 830
029870 901
029878 807
029886 32
029894 786
029902 402
029910 708
029918 556
029926 463
029934 588
029942 220
029950 309
026112 400
026120 888
026128 548
026136 257
026144 336
026152 804
026160 330
026168 693
026176 163
026184 354
026192 26
026200 611
026208 335
026216 843
026224 619
026232 608
026240 688
026248 9
026256 696
026264 226
026272 54
026280 174
026288 785
026296 527
026304 387
026312 801
026320 487
026328 389
026336 133
026344 479
026352 700
026360 197
029697 294
029705 718
029713 497
029721 947
029729 216
029737 570
029745 990
029753 189
029761 796
029769 517
029777 469
029785 403
029793 57
029801 6
029809 244
029817 800
029825 78
029833 775
029841 423
029849 535
029857 256
029865 452
029873 460
029881 806
029889 271
029897 204
029905 327
029913 466
029921 532
029929 766
029937 686
029945 224
030466 333
030474 709
030482 889
030490 507
030498 847
030506 309
030514 435
030522 511
030530 504
030538 6
030546 146
030554 145
030562 437
030570 676
030578 469
030586 981
030594 952
030602 388
030610 933
030618 681
030626 687
030634 968
030642 309
030650 186
030658 681
030666 186
030674 609
030682 936
030690 166
030698 483
030706 388
030714 626
030983 0
030991 930
030999 657
031007 311
031015 12
031023 288
031031 755
031039 310
031047 175
031055 240
031063 745
031071 998
031079 619
031087 537
031095 769
031103 523
031111 557
031119 929
031127 470
031135 321
031143 856
031151 483
031159 871
031167 222
031175 576
031183 216
031191 540
031199 350
031207 295
031215 563
031223 654
031231 320
029956 948
029964 550
029972 847
029980 532
029988 938
029996 166
030004 432
030012 728
030020 524
030028 202
030036 747
030044 796
030052 695
030060 535
030068 70
030076 639
030084 859
030092 14
030100 860
030108 874
030116 545
030124 32
030132 444
030140 419
030148 884
030156 550
030164 345
030172 107
030180 172
030188 73
030196 970
030204 21
029443 938
029451 676
029459 137
029467 244
029475 745
029483 571
029491 100
029499 15
029507 938
029515 608
029523 815
029531 629
029539 190
029547 218
029555 558
029563 517
029571 419
029579 360
029587 731
029595 565
029603 270
029611 830
029619 761
029627 990
029635 941
029643 668
029651 719
029659 844
029667 751
029675 15
029683 297
029691 865
030469 984
030477 899
030485 872
030493 478
030501 809
030509 170
030517 822
030525 510
030533 298
030541 108
030549 297
030557 480
030565 391
030573 940
030581 800
030589 348
030597 244
030605 462
030613 104
030621 724
030629 748
030637 623
030645 553
030653 104
030661 845
030669 799
030677 357
030685 518
030693 134
030701 836
030709 518
030717 147
029958 707
029966 146
029974 865
029982 971
029990 326
029998 204
030006 76
030014 790
030022 65
030030 384
030038 949
030046 486
030054 794
030062 315
030070 793
030078 838
030086 351
030094 284
030102 994
030110 728
030118 289
030126 47
030134 576
030142 91
030150 582
030158 685
030166 821
030174 685
030182 54
030190 881
030198 597
030206 111
029953 985
029961 349
029969 260
029977 656
029985 911
029993 809
030001 92
030009 327
030017 601
030025 859
030033 39
030041 471
030049 283
030057 545
030065 416
030073 682
030081 727
030089 477
030097 344
030105 305
030113 75
030121 319
030129 468
030137 179
030145 891
030153 985
030161 543
030169 893
030177 928
030185 424
030193 448
030201 592
026368 353
026376 563
026384 523
026392 414
026400 819
026408 330
026416 606
026424 569
026432 656
026440 409
026448 263
026456 619
026464 860
026472 497
026480 108
026488 595
026496 427
026504 617
026512 557
026520 126
026528 174
026536 217
026544 479
026552 999
026560 0
026568 146
026576 821
026584 712
026592 362
026600 438
026608 949
026616 485
030722 411
030730 148
030738 258
030746 229
030754 322
030762 402
030770 319
030778 169
030786 63
030794 839
030802 373
030810 82
030818 383
030826 822
030834 800
030842 214
030850 857
030858 797
030866 55
030874 917
030882 226
030890 818
030898 146
030906 400
030914 578
030922 780
030930 997
030938 419
030946 415
030954 271
030962 320
030970 514
031239 446
031247 242
031255 86
031263 804
031271 499
031279 257
031287 509
031295 945
031303 823
031311 503
031319 348
031327 232
031335 240
031343 407
031351 674
031359 125
031367 369
031375 17
031383 400
031391 3
031399 724
031407 309
031415 706
031423 569
031431 887
031439 240
031447 556
031455 422
031463 927
031471 97
031479 747
031487 558
030212 8
030220 584
030228 649
030236 365
030244 716
030252 739
030260 776
030268 531
030276 960
030284 902
030292 677
030300 263
030308 971
030316 28
030324 677
030332 799
030340 504
030348 352
030356 606
030364 107
030372 930
030380 695
030388 449
030396 85
030404 868
030412 265
030420 759
030428 59
030436 729
030444 668
030452 373
030460 207
029699 341
029707 70
029715 48
029723 129
029731 901
029739 408
029747 54
029755 993
029763 355
029771 459
029779 34
029787 75
029795 821
029803 857
029811 786
029819 87
029827 172
029835 119
029843 21
029851 58
029859 715
029867 645
029875 520
029883 685
029891 901
029899 690
029907 41
029915 753
029923 795
029931 895
029939 698
029947 603
030725 200
030733 926
030741 244
030749 595
030757 452
030765 694
030773 829
030781 41
030789 436
030797 703
030805 704
030813 137
030821 286
030829 558
030837 975
030845 869
030853 67
030861 371
030869 777
030877 371
030885 550
030893 357
030901 83
030909 263
030917 534
030925 777
030933 104
030941 33
030949 712
030957 918
030965 303
030973 645
030214 913
030222 215
030230 880
030238 915
030246 736
030254 328
030262 221
030270 310
030278 994
030286 153
030294 429
030302 852
030310 875
030318 183
030326 114
030334 533
030342 737
030350 881
030358 884
030366 813
030374 246
030382 875
030390 740
030398 260
030406 888
030414 976
030422 719
030430 825
030438 415
030446 681
030454 713
030462 832
030209 714
030217 626
030225 314
030233 86
030241 973
030249 457
030257 398
030265 248
030273 237
030281 734
030289 367
030297 108
030305 586
030313 724
030321 177
030329 796
030337 393
030345 386
030353 21
030361 831
030369 228
030377 422
030385 7
030393 433
030401 605
030409 970
030417 466
030425 872
030433 797
030441 724
030449 519
030457 62
026624 849
026632 151
026640 661
026648 855
026656 840
026664 973
026672 261
026680 354
026688 877
026696 640
026704 807
026712 94
026720 698
026728 971
026736 433
026744 933
026752 442
026760 595
026768 829
026776 349
026784 177
026792 708
026800 351
026808 883
026816 8
026824 179
026832 444
026840 960
026848 972
026856 433
026864 995
026872 572
030978 635
030986 371
030994 219
031002 740
031010 958
031018 334
031026 743
031034 987
031042 10
031050 898
031058 781
031066 270
031074 738
031082 188
031090 378
031098 292
031106 24
031114 530
031122 246
031130 777
031138 133
031146 102
031154 820
031162 293
031170 646
031178 626
031186 286
031194 992
031202 185
031210 758
031218 704
031226 116
031495 546
031503 937
031511 231
031519 123
031527 277
031535 420
031543 140
031551 446
031559 564
031567 82
031575 166
031583 419
031591 330
031599 766
031607 68
031615 703
031623 71
031631 378
031639 9
031647 200
031655 935
031663 21
031671 972
031679 780
031687 747
031695 607
031703 985
031711 928
031719 699
031727 208
031735 349
031743 907
030468 751
030476 857
030484 505
030492 462
030500 565
030508 591
030516 880
030524 458
030532 711
030540 39
030548 859
030556 444
030564 123
030572 40
030580 730
030588 709
030596 707
030604 627
030612 44
030620 910
030628 888
030636 487
030644 697
030652 872
030660 251
030668 326
030676 758
030684 57
030692 144
030700 104
030708 911
030716 922
029955 62
029963 23
029971 69
029979 450
029987 848
029995 333
030003 606
030011 490
030019 520
030027 275
030035 928
030043 461
030051 470
030059 409
030067 200
030075 849
030083 893
030091 164
030099 611
030107 118
030115 545
030123 83
030131 445
030139 794
030147 438
030155 258
030163 656
030171 123
030179 620
030187 282
030195 717
030203 227
030981 736
030989 941
030997 484
031005 137
031013 153
031021 73
031029 151
031037 845
031045 214
031053 717
031061 908
031069 150
031077 169
031085 418
031093 325
031101 743
031109 668
031117 771
031125 715
031133 172
031141 169
031149 91
031157 661
031165 84
031173 405
031181 746
031189 640
031197 81
031205 577
031213 15
031221 454
031229 776
030465 895
030473 388
030481 327
030489 86
030497 185
030505 627
030513 240
030521 223
030529 391
030537 278
030545 382
030553 203
030561 486
030569 58
030577 339
030585 764
030593 377
030601 307
030609 143
030617 60
030625 226
030633 538
030641 744
030649 206
030657 105
030665 100
030673 699
030681 131
030689 700
030697 903
030705 942
030713 237
030470 622
030478 378
030486 524
030494 290
030502 930
030510 313
030518 246
030526 411
030534 433
030542 211
030550 725
030558 371
030566 669
030574 57
030582 566
030590 545
030598 6
030606 575
030614 458
030622 470
030630 987
030638 547
030646 694
030654 217
030662 678
030670 619
030678 671
030686 753
030694 156
030702 979
030710 722
030718 373
026880 596
026888 898
026896 689
026904 7
026912 638
026920 141
026928 459
026936 227
026944 747
026952 958
026960 39
026968 332
026976 84
026984 618
026992 142
027000 994
027008 345
027016 909
027024 793
027032 80
027040 915
027048 272
027056 952
027064 847
027072 1
027080 278
027088 333
027096 588
027104 106
027112 683
027120 606
027128 63
031234 798
031242 782
031250 621
031258 910
031266 601
031274 299
031282 357
031290 520
031298 210
031306 777
031314 33
031322 125
031330 877
031338 779
031346 180
031354 637
031362 458
031370 670
031378 619
031386 849
031394 819
031402 614
031410 261
031418 861
031426 964
031434 274
031442 92
031450 509
031458 329
031466 502
031474 433
031482 359
031751 418
031759 724
031767 105
031775 270
031783 844
031791 620
031799 404
031807 24
031815 471
031823 721
031831 174
031839 177
031847 791
031855 291
031863 285
031871 752
031879 121
031887 666
031895 850
031903 617
031911 440
031919 287
031927 663
031935 888
031943 625
031951 537
031959 862
031967 996
031975 162
031983 137
031991 644
031999 819
030724 461
030732 419
030740 437
030748 912
030756 784
030764 521
030772 975
030780 186
030788 170
030796 839
030804 0
030812 683
030820 521
030828 750
030836 46
030844 520
030852 310
030860 277
030868 328
030876 217
030884 158
030892 160
030900 287
030908 656
030916 137
030924 873
030932 270
030940 545
030948 746
030956 210
030964 439
030972 171
030211 949
030219 97
030227 330
030235 954
030243 423
030251 809
030259 929
030267 879
030275 538
030283 746
030291 949
030299 75
030307 451
030315 791
030323 150
030331 82
030339 658
030347 833
030355 192
030363 690
030371 588
030379 673
030387 723
030395 297
030403 402
030411 576
030419 769
030427 833
030435 328
030443 392
030451 0
030459 793
030726 792
030734 501
030742 54
030750 498
030758 668
030766 157
030774 655
030782 989
030790 483
030798 647
030806 682
030814 112
030822 132
030830 39
030838 561
030846 819
030854 178
030862 885
030870 270
030878 995
030886 178
030894 74
030902 883
030910 968
030918 715
030926 586
030934 138
030942 554
030950 553
030958 811
030966 567
030974 442
030721 182
030729 11
030737 497
030745 675
030753 641
030761 721
030769 440
030777 999
030785 239
030793 786
030801 7
030809 971
030817 774
030825 50
030833 362
030841 917
030849 376
030857 673
030865 360
030873 675
030881 306
030889 67
030897 177
030905 755
030913 611
030921 359
030929 285
030937 980
030945 639
030953 476
030961 790
030969 451
031237 729
031245 517
031253 7
031261 999
031269 479
031277 478
031285 554
031293 603
031301 756
031309 646
031317 897
031325 171
031333 510
031341 405
031349 880
031357 259
031365 136
031373 173
031381 920
031389 754
031397 230
031405 14
031413 812
031421 398
031429 961
031437 195
031445 114
031453 298
031461 537
031469 511
031477 266
031485 364
027136 650
027144 102
027152 977
027160 269
027168 890
027176 317
027184 362
027192 795
027200 692
027208 249
027216 356
027224 202
027232 750
027240 480
027248 907
027256 851
027264 677
027272 256
027280 602
027288 703
027296 884
027304 694
027312 576
027320 477
027328 112
027336 878
027344 237
027352 394
027360 600
027368 94
027376 37
027384 924
031490 689
031498 259
031506 789
031514 53
031522 755
031530 629
031538 806
031546 937
031554 300
031562 244
031570 742
031578 645
031586 607
031594 459
031602 86
031610 354
031618 649
031626 608
031634 301
031642 951
031650 275
031658 628
031666 629
031674 410
031682 581
031690 257
031698 4
031706 897
031714 847
031722 594
031730 606
031738 163
032007 561
032015 30
032023 982
032031 107
032039 245
032047 271
032055 205
032063 115
032071 744
032079 175
032087 397
032095 97
032103 799
032111 875
032119 904
032127 143
032135 715
032143 901
032151 158
032159 370
032167 291
032175 521
032183 194
032191 443
032199 60
032207 264
032215 833
032223 337
032231 25
032239 406
032247 323
032255 170
030467 875
030475 863
030483 660
030491 537
030499 552
030507 847
030515 739
030523 350
030531 593
030539 48
030547 270
030555 256
030563 242
030571 979
030579 171
030587 235
030595 677
030603 455
030611 693
030619 323
030627 605
030635 98
030643 21
030651 81
030659 765
030667 314
030675 711
030683 25
030691 625
030699 387
030707 680
030715 516
030980 778
030988 466
030996 635
031004 100
031012 694
031020 795
031028 941
031036 921
031044 282
031052 878
031060 758
031068 323
031076 109
031084 461
031092 949
031100 610
031108 427
031116 932
031124 219
031132 967
031140 853
031148 43
031156 575
031164 184
031172 491
031180 676
031188 120
031196 72
031204 872
031212 383
031220 573
031228 9
030977 122
030985 905
030993 537
031001 345
031009 113
031017 113
031025 869
031033 265
031041 807
031049 863
031057 439
031065 62
031073 632
031081 370
031089 918
031097 279
031105 979
031113 835
031121 624
031129 590
031137 230
031145 605
031153 556
031161 466
031169 88
031177 213
031185 985
031193 466
031201 24
031209 637
031217 389
031225 279
030982 481
030990 822
030998 543
031006 617
031014 478
031022 764
031030 886
031038 763
031046 482
031054 551
031062 157
031070 114
031078 260
031086 732
031094 963
031102 285
031110 958
031118 152
031126 369
031134 87
031142 63
031150 200
031158 367
031166 431
031174 808
031182 983
031190 73
031198 874
031206 97
031214 573
031222 555
031230 24
031493 871
031501 168
031509 440
031517 713
031525 370
031533 935
031541 177
031549 55
031557 268
031565 919
031573 98
031581 765
031589 717
031597 315
031605 674
031613 854
031621 538
031629 33
031637 172
031645 214
031653 935
031661 292
031669 693
031677 251
031685 918
031693 71
031701 744
031709 785
031717 407
031725 174
031733 658
031741 542
027392 228
027400 292
027408 419
027416 454
027424 404
027432 483
027440 779
027448 753
027456 801
027464 805
027472 263
027480 866
027488 140
027496 221
027504 229
027512 676
027520 50
027528 23
027536 405
027544 427
027552 542
027560 895
027568 879
027576 446
027584 95
027592 356
027600 123
027608 381
027616 132
027624 75
027632 855
027640 220
031746 829
031754 757
031762 193
031770 835
031778 655
031786 801
031794 767
031802 741
031810 195
031818 661
031826 303
031834 938
031842 952
031850 283
031858 340
031866 567
031874 618
031882 174
031890 976
031898 876
031906 433
031914 922
031922 508
031930 561
031938 275
031946 656
031954 721
031962 665
031970 146
031978 208
031986 695
031994 434
032263 199
032271 868
032279 247
032287 461
032295 625
032303 827
032311 240
032319 823
032327 740
032335 498
032343 970
032351 133
032359 656
032367 806
032375 601
032383 236
032391 897
032399 108
032407 492
032415 686
032423 584
032431 479
032439 950
032447 562
032455 701
032463 326
032471 161
032479 83
032487 422
032495 19
032503 824
032511 479
030723 525
030731 82
030739 997
030747 398
030755 86
030763 634
030771 408
030779 480
030787 505
030795 193
030803 406
030811 109
030819 835
030827 366
030835 432
030843 498
030851 100
030859 433
030867 428
030875 668
030883 235
030891 150
030899 76
030907 328
030915 486
030923 766
030931 508
030939 296
030947 772
030955 406
030963 357
030971 966
031236 340
031244 805
031252 137
031260 457
031268 774
031276 169
031284 846
031292 580
031300 293
031308 150
031316 158
031324 178
031332 321
031340 571
031348 708
031356 416
031364 605
031372 431
031380 602
031388 393
031396 103
031404 959
031412 76
031420 75
031428 436
031436 859
031444 459
031452 416
031460 762
031468 854
031476 771
031484 38
031233 794
031241 397
031249 411
031257 62
031265 211
031273 737
031281 979
031289 734
031297 451
031305 292
031313 506
031321 270
031329 874
031337 469
031345 21
031353 253
031361 754
031369 872
031377 97
031385 925
031393 159
031401 700
031409 712
031417 259
031425 666
031433 569
031441 736
031449 271
031457 250
031465 908
031473 469
031481 93
031238 658
031246 127
031254 498
031262 364
031270 806
031278 129
031286 444
031294 542
031302 271
031310 664
031318 2
031326 805
031334 128
031342 546
031350 783
031358 617
031366 605
031374 5
031382 399
031390 630
031398 918
031406 451
031414 424
031422 824
031430 555
031438 666
031446 22
031454 343
031462 569
031470 566
031478 421
031486 288
031749 411
031757 187
031765 988
031773 216
031781 960
031789 158
031797 953
031805 934
031813 35
031821 941
031829 675
031837 331
031845 378
031853 526
031861 634
031869 70
031877 663
031885 565
031893 748
031901 403
031909 99
031917 622
031925 875
031933 597
031941 525
031949 796
031957 466
031965 188
031973 228
031981 874
031989 944
031997 831
027648 616
027656 295
027664 937
027672 629
027680 801
027688 997
027696 713
027704 983
027712 53
027720 907
027728 854
027736 509
027744 127
027752 602
027760 2
027768 509
027776 945
027784 44
027792 339
027800 781
027808 690
027816 615
027824 679
027832 693
027840 785
027848 62
027856 511
027864 994
027872 274
027880 301
027888 469
027896 948
032002 566
032010 131
032018 933
032026 346
032034 281
032042 1
032050 724
032058 298
032066 285
032074 509
032082 950
032090 1
032098 602
032106 276
032114 238
032122 871
032130 6
032138 82
032146 546
032154 714
032162 573
032170 644
032178 203
032186 786
032194 367
032202 129
032210 804
032218 994
032226 109
032234 386
032242 750
032250 948
032519 309
032527 61
032535 207
032543 720
032551 908
032559 28
032567 314
032575 685
032583 531
032591 926
032599 201
032607 813
032615 418
032623 945
032631 835
032639 20
032647 505
032655 311
032663 182
032671 371
032679 991
032687 370
032695 203
032703 920
032711 661
032719 865
032727 803
032735 248
032743 129
032751 767
032759 736
032767 557
030979 453
030987 115
030995 312
031003 935
031011 965
031019 306
031027 453
031035 637
031043 432
031051 613
031059 93
031067 777
031075 931
031083 553
031091 717
031099 615
031107 784
031115 777
031123 161
031131 263
031139 23
031147 178
031155 729
031163 383
031171 486
031179 979
031187 665
031195 13
031203 184
031211 708
031219 747
031227 155
031492 490
031500 19
031508 222
031516 111
031524 336
031532 82
031540 505
031548 939
031556 55
031564 284
031572 432
031580 595
031588 764
031596 318
031604 414
031612 770
031620 284
031628 544
031636 86
031644 860
031652 996
031660 358
031668 179
031676 12
031684 508
031692 75
031700 326
031708 517
031716 820
031724 682
031732 967
031740 537
031494 167
031502 1
031510 123
031518 206
031526 670
031534 894
031542 405
031550 738
031558 399
031566 655
031574 472
031582 288
031590 692
031598 421
031606 491
031614 521
031622 765
031630 578
031638 875
031646 373
031654 613
031662 866
031670 598
031678 737
031686 795
031694 121
031702 859
031710 908
031718 823
031726 823
031734 626
031742 80
031489 689
031497 712
031505 11
031513 620
031521 615
031529 278
031537 614
031545 846
031553 116
031561 802
031569 412
031577 182
031585 22
031593 998
031601 700
031609 813
031617 429
031625 407
031633 227
031641 441
031649 345
031657 604
031665 261
031673 29
031681 505
031689 480
031697 408
031705 857
031713 134
031721 221
031729 626
031737 427
032005 207
032013 871
032021 845
032029 988
032037 218
032045 140
032053 235
032061 912
032069 840
032077 524
032085 890
032093 44
032101 324
032109 86
032117 255
032125 905
032133 445
032141 528
032149 796
032157 598
032165 933
032173 817
032181 607
032189 759
032197 549
032205 412
032213 701
032221 423
032229 905
032237 167
032245 435
032253 229
027904 896
027912 479
027920 450
027928 185
027936 833
027944 243
027952 154
027960 989
027968 90
027976 116
027984 667
027992 129
028000 908
028008 583
028016 541
028024 887
028032 1
028040 536
028048 606
028056 663
028064 465
028072 540
028080 493
028088 438
028096 510
028104 114
028112 348
028120 7
028128 784
028136 316
028144 995
028152 147
032258 905
032266 455
032274 408
032282 671
032290 368
032298 132
032306 321
032314 125
032322 758
032330 878
032338 943
032346 832
032354 817
032362 258
032370 256
032378 476
032386 378
032394 498
032402 330
032410 643
032418 979
032426 265
032434 687
032442 792
032450 157
032458 751
032466 568
032474 824
032482 109
032490 527
032498 432
032506 337
032775 984
032783 606
032791 286
032799 572
032807 58
032815 28
032823 315
032831 112
032839 284
032847 434
032855 713
032863 6
032871 635
032879 798
032887 474
032895 643
032903 155
032911 179
032919 465
032927 480
032935 416
032943 768
032951 650
032959 483
032967 200
032975 589
032983 140
032991 494
032999 336
033007 460
033015 718
033023 289
031235 396
031243 152
031251 596
031259 122
031267 932
031275 781
031283 832
031291 281
031299 767
031307 985
031315 198
031323 173
031331 990
031339 513
031347 761
031355 277
031363 357
031371 35
031379 666
031387 197
031395 497
031403 448
031411 861
031419 819
031427 143
031435 51
031443 504
031451 907
031459 265
031467 330
031475 332
031483 340
031748 890
031756 831
031764 71
031772 935
031780 300
031788 143
031796 409
031804 977
031812 968
031820 279
031828 943
031836 960
031844 952
031852 758
031860 860
031868 938
031876 98
031884 237
031892 842
031900 499
031908 547
031916 272
031924 890
031932 160
031940 695
031948 186
031956 831
031964 649
031972 457
031980 60
031988 606
031996 287
031750 90
031758 454
031766 953
031774 730
031782 164
031790 870
031798 602
031806 99
031814 421
031822 743
031830 742
031838 857
031846 383
031854 277
031862 195
031870 471
031878 631
031886 389
031894 918
031902 243
031910 873
031918 150
031926 274
031934 561
031942 127
031950 201
031958 411
031966 90
031974 687
031982 168
031990 793
031998 936
032261 958
032269 552
032277 917
032285 669
032293 934
032301 663
032309 427
032317 753
032325 32
032333 408
032341 619
032349 46
032357 289
032365 769
032373 106
032381 298
032389 628
032397 764
032405 887
032413 860
032421 190
032429 326
032437 870
032445 807
032453 690
032461 68
032469 469
032477 823
032485 939
032493 515
032501 411
032509 572
031745 938
031753 128
031761 809
031769 291
031777 192
031785 679
031793 198
031801 756
031809 271
031817 224
031825 41
031833 130
031841 964
031849 243
031857 168
031865 623
031873 157
031881 774
031889 710
031897 138
031905 462
031913 364
031921 697
031929 805
031937 254
031945 464
031953 749
031961 956
031969 944
031977 832
031985 693
031993 219
028160 526
028168 669
028176 480
028184 142
028192 635
028200 713
028208 104
028216 181
028224 76
028232 386
028240 393
028248 928
028256 450
028264 499
028272 406
028280 938
028288 600
028296 599
028304 627
028312 313
028320 103
028328 230
028336 50
028344 491
028352 766
028360 66
028368 673
028376 74
028384 917
028392 682
028400 880
028408 234
032514 249
032522 354
032530 59
032538 321
032546 75
032554 417
032562 884
032570 261
032578 916
032586 725
032594 90
032602 680
032610 792
032618 504
032626 602
032634 660
032642 397
032650 493
032658 880
032666 282
032674 945
032682 228
032690 699
032698 613
032706 500
032714 676
032722 577
032730 915
032738 920
032746 470
032754 398
032762 517
033031 667
033039 662
033047 154
033055 930
033063 405
033071 537
033079 958
033087 372
033095 317
033103 356
033111 481
033119 644
033127 60
033135 341
033143 942
033151 79
033159 683
033167 650
033175 777
033183 836
033191 221
033199 804
033207 672
033215 790
033223 824
033231 311
033239 158
033247 581
033255 824
033263 440
033271 649
033279 951
031491 31
031499 392
031507 700
031515 948
031523 206
031531 506
031539 965
031547 325
031555 779
031563 468
031571 696
031579 206
031587 696
031595 587
031603 359
031611 960
031619 681
031627 176
031635 339
031643 332
031651 354
031659 79
031667 520
031675 518
031683 463
031691 785
031699 395
031707 323
031715 180
031723 88
031731 342
031739 33
032004 912
032012 388
032020 611
032028 340
032036 216
032044 877
032052 180
032060 464
032068 669
032076 947
032084 944
032092 770
032100 210
032108 364
032116 465
032124 452
032132 327
032140 546
032148 112
032156 535
032164 532
032172 147
032180 558
032188 28
032196 33
032204 454
032212 179
032220 584
032228 230
032236 833
032244 607
032252 377
032006 885
032014 448
032022 463
032030 311
032038 215
032046 936
032054 994
032062 247
032070 274
032078 367
032086 57
032094 33
032102 757
032110 687
032118 720
032126 996
032134 345
032142 855
032150 413
032158 861
032166 653
032174 256
032182 802
032190 76
032198 93
032206 539
032214 736
032222 793
032230 847
032238 7
032246 52
032254 467
032517 374
032525 601
032533 971
032541 228
032549 888
032557 87
032565 562
032573 81
032581 110
032589 308
032597 645
032605 482
032613 686
032621 848
032629 569
032637 15
032645 743
032653 273
032661 659
032669 491
032677 923
032685 956
032693 595
032701 288
032709 808
032717 554
032725 54
032733 553
032741 572
032749 711
032757 935
032765 174
032001 917
032009 302
032017 572
032025 564
032033 643
032041 880
032049 460
032057 919
032065 844
032073 165
032081 526
032089 149
032097 825
032105 182
032113 769
032121 174
032129 525
032137 647
032145 667
032153 446
032161 38
032169 379
032177 626
032185 232
032193 291
032201 472
032209 642
032217 647
032225 184
032233 261
032241 800
032249 103
028416 302
028424 645
028432 243
028440 999
028448 515
028456 165
028464 324
028472 654
028480 92
028488 750
028496 615
028504 769
028512 238
028520 455
028528 379
028536 191
028544 11
028552 894
028560 50
028568 857
028576 238
028584 739
028592 8
028600 662
028608 938
028616 729
028624 851
028632 120
028640 479
028648 836
028656 272
028664 169
032770 599
032778 775
032786 186
032794 976
032802 174
032810 267
032818 755
032826 525
032834 381
032842 357
032850 131
032858 230
032866 733
032874 377
032882 946
032890 797
032898 440
032906 107
032914 324
032922 268
032930 77
032938 5
032946 998
032954 74
032962 826
032970 945
032978 155
032986 900
032994 818
033002 296
033010 738
033018 5
033287 14
033295 796
033303 74
033311 337
033319 495
033327 875
033335 362
033343 492
033351 415
033359 728
033367 38
033375 729
033383 898
033391 273
033399 945
033407 340
033415 666
033423 765
033431 590
033439 344
033447 176
033455 67
033463 385
033471 351
033479 630
033487 522
033495 893
033503 265
033511 261
033519 425
033527 659
033535 835
031747 718
031755 921
031763 678
031771 83
031779 179
031787 718
031795 677
031803 907
031811 557
031819 973
031827 162
031835 587
031843 870
031851 108
031859 277
031867 68
031875 853
031883 639
031891 398
031899 315
031907 831
031915 586
031923 959
031931 599
031939 149
031947 771
031955 556
031963 319
031971 372
031979 830
031987 132
031995 612
032260 529
032268 944
032276 217
032284 512
032292 976
032300 51
032308 263
032316 82
032324 181
032332 724
032340 551
032348 858
032356 66
032364 500
032372 566
032380 614
032388 389
032396 523
032404 52
032412 935
032420 657
032428 435
032436 98
032444 616
032452 353
032460 3
032468 663
032476 388
032484 725
032492 89
032500 686
032508 256
032262 766
032270 435
032278 757
032286 901
032294 327
032302 225
032310 433
032318 438
032326 337
032334 465
032342 561
032350 642
032358 532
032366 637
032374 731
032382 624
032390 673
032398 117
032406 614
032414 640
032422 514
032430 285
032438 552
032446 710
032454 881
032462 406
032470 103
032478 761
032486 607
032494 267
032502 351
032510 907
032773 903
032781 7
032789 68
032797 172
032805 529
032813 392
032821 139
032829 190
032837 84
032845 105
032853 864
032861 822
032869 392
032877 393
032885 739
032893 559
032901 529
032909 25
032917 352
032925 869
032933 580
032941 362
032949 488
032957 143
032965 483
032973 704
032981 888
032989 61
032997 716
033005 364
033013 390
033021 330
028672 169
028680 322
028688 534
028696 144
028704 470
028712 915
028720 692
028728 191
028736 503
028744 844
028752 996
028760 783
028768 786
028776 325
028784 613
028792 469
028800 741
028808 700
028816 974
028824 121
028832 556
028840 156
028848 349
028856 505
028864 180
028872 128
028880 795
028888 675
028896 821
028904 986
028912 696
028920 130
032257 662
032265 808
032273 322
032281 360
032289 394
032297 266
032305 616
032313 734
032321 678
032329 117
032337 578
032345 306
032353 776
032361 323
032369 951
032377 622
032385 495
032393 672
032401 760
032409 583
032417 536
032425 896
032433 345
032441 878
032449 449
032457 526
032465 854
032473 156
032481 374
032489 242
032497 627
032505 737
033026 645
033034 890
033042 415
033050 577
033058 747
033066 474
033074 524
033082 126
033090 881
033098 774
033106 966
033114 718
033122 151
033130 83
033138 203
033146 935
033154 239
033162 933
033170 953
033178 243
033186 340
033194 855
033202 566
033210 499
033218 762
033226 655
033234 314
033242 576
033250 984
033258 722
033266 692
033274 40
033543 382
033551 798
033559 815
033567 717
033575 220
033583 234
033591 791
033599 835
033607 751
033615 830
033623 367
033631 525
033639 308
033647 47
033655 871
033663 360
033671 667
033679 804
033687 94
033695 619
033703 302
033711 361
033719 501
033727 432
033735 480
033743 131
033751 72
033759 282
033767 989
033775 591
033783 822
033791 997
032003 930
032011 260
032019 649
032027 400
032035 490
032043 534
032051 700
032059 792
032067 728
032075 208
032083 220
032091 232
032099 178
032107 862
032115 706
032123 542
032131 339
032139 339
032147 568
032155 409
032163 801
032171 252
032179 474
032187 750
032195 582
032203 939
032211 926
032219 954
032227 930
032235 926
032243 513
032251 365
032516 897
032524 653
032532 472
032540 301
032548 967
032556 35
032564 235
032572 325
032580 731
032588 533
032596 447
032604 599
032612 294
032620 524
032628 995
032636 77
032644 875
032652 859
032660 597
032668 322
032676 96
032684 865
032692 161
032700 6
032708 333
032716 542
032724 897
032732 552
032740 96
032748 591
032756 588
032764 661
032518 981
032526 47
032534 562
032542 514
032550 867
032558 617
032566 221
032574 905
032582 713
032590 916
032598 929
032606 169
032614 719
032622 887
032630 609
032638 156
032646 645
032654 486
032662 70
032670 879
032678 72
032686 994
032694 262
032702 797
032710 422
032718 657
032726 347
032734 400
032742 847
032750 663
032758 135
032766 561
033029 704
033037 173
033045 644
033053 533
033061 952
033069 839
033077 207
033085 457
033093 206
033101 602
033109 246
033117 451
033125 394
033133 777
033141 749
033149 600
033157 981
033165 967
033173 638
033181 853
033189 272
033197 183
033205 569
033213 517
033221 718
033229 268
033237 883
033245 502
033253 456
033261 528
033269 328
033277 840
032513 37
032521 973
032529 32
032537 647
032545 644
032553 327
032561 257
032569 664
032577 932
032585 662
032593 180
032601 53
032609 658
032617 495
032625 543
032633 667
032641 583
032649 399
032657 751
032665 443
032673 338
032681 0
032689 387
032697 873
032705 902
032713 46
032721 547
032729 440
032737 594
032745 171
032753 774
032761 588
028928 729
028936 490
028944 967
028952 416
028960 395
028968 867
028976 37
028984 836
028992 906
029000 583
029008 811
029016 44
029024 470
029032 86
029040 127
029048 64
029056 565
029064 195
029072 472
029080 256
029088 102
029096 451
029104 528
029112 731
029120 424
029128 650
029136 471
029144 546
029152 264
029160 268
029168 63
029176 396
033282 735
033290 578
033298 904
033306 390
033314 300
033322 497
033330 727
033338 466
033346 458
033354 193
033362 947
033370 390
033378 357
033386 747
033394 620
033402 226
033410 984
033418 896
033426 882
033434 758
033442 552
033450 732
033458 204
033466 360
033474 306
033482 252
033490 100
033498 437
033506 937
033514 840
033522 280
033530 398
033799 779
033807 401
033815 196
033823 177
033831 989
033839 353
033847 344
033855 7
033863 275
033871 167
033879 396
033887 699
033895 862
033903 815
033911 504
033919 116
033927 659
033935 286
033943 314
033951 914
033959 455
033967 380
033975 967
033983 357
033991 866
033999 805
034007 917
034015 658
034023 282
034031 643
034039 87
034047 19
032259 264
032267 343
032275 565
032283 914
032291 169
032299 40
032307 669
032315 974
032323 656
032331 594
032339 907
032347 109
032355 332
032363 821
032371 711
032379 707
032387 593
032395 693
032403 324
032411 882
032419 639
032427 54
032435 372
032443 652
032451 603
032459 715
032467 102
032475 365
032483 790
032491 801
032499 547
032507 943
032772 781
032780 298
032788 470
032796 824
032804 535
032812 917
032820 941
032828 797
032836 302
032844 64
032852 39
032860 984
032868 689
032876 785
032884 144
032892 618
032900 560
032908 584
032916 909
032924 895
032932 367
032940 934
032948 571
032956 585
032964 627
032972 400
032980 645
032988 569
032996 221
033004 124
033012 20
033020 847
032774 683
032782 130
032790 795
032798 539
032806 88
032814 865
032822 130
032830 597
032838 742
032846 810
032854 512
032862 242
032870 727
032878 490
032886 939
032894 347
032902 732
032910 42
032918 991
032926 535
032934 522
032942 208
032950 778
032958 704
032966 633
032974 284
032982 10
032990 302
032998 55
033006 10
033014 585
033022 962
033285 655
033293 805
033301 409
033309 39
033317 756
033325 737
033333 955
033341 533
033349 666
033357 664
033365 382
033373 127
033381 948
033389 444
033397 393
033405 653
033413 887
033421 587
033429 764
033437 40
033445 520
033453 579
033461 404
033469 722
033477 108
033485 682
033493 398
033501 221
033509 143
033517 736
033525 303
033533 642
032769 387
032777 711
032785 837
032793 678
032801 503
032809 818
032817 284
032825 901
032833 22
032841 445
032849 821
032857 241
032865 381
032873 780
032881 544
032889 834
032897 494
032905 571
032913 135
032921 726
032929 803
032937 550
032945 430
032953 345
032961 796
032969 782
032977 34
032985 747
032993 255
033001 147
033009 784
033017 41
033538 390
033546 917
033554 67
033562 168
033570 682
033578 5
033586 81
033594 765
033602 626
033610 707
033618 918
033626 747
033634 144
033642 910
033650 714
033658 866
033666 398
033674 433
033682 497
033690 978
033698 362
033706 659
033714 81
033722 692
033730 591
033738 258
033746 40
033754 587
033762 858
033770 819
033778 763
033786 618
029184 866
029192 376
029200 846
029208 827
029216 866
029224 227
029232 40
029240 741
029248 721
029256 188
029264 963
029272 120
029280 876
029288 715
029296 688
029304 493
029312 65
029320 888
029328 359
029336 748
029344 4
029352 176
029360 701
029368 711
029376 961
029384 91
029392 878
029400 996
029408 900
029416 494
029424 778
029432 284
034055 444
034063 767
034071 579
034079 754
034087 748
034095 732
034103 764
034111 214
034119 619
034127 671
034135 283
034143 335
034151 448
034159 484
034167 66
034175 661
034183 194
034191 13
034199 431
034207 880
034215 745
034223 820
034231 817
034239 702
034247 333
034255 58
034263 57
034271 333
034279 994
034287 996
034295 457
034303 84
032515 418
032523 77
032531 948
032539 23
032547 130
032555 366
032563 9
032571 639
032579 559
032587 873
032595 895
032603 943
032611 309
032619 962
032627 710
032635 378
032643 20
032651 580
032659 134
032667 215
032675 617
032683 806
032691 595
032699 76
032707 829
032715 700
032723 777
032731 468
032739 134
032747 97
032755 549
032763 876
033028 804
033036 184
033044 85
033052 980
033060 422
033068 345
033076 376
033084 228
033092 230
033100 65
033108 231
033116 576
033124 53
033132 394
033140 572
033148 154
033156 204
033164 18
033172 800
033180 747
033188 842
033196 463
033204 672
033212 587
033220 399
033228 226
033236 855
033244 194
033252 481
033260 329
033268 525
033276 683
033030 671
033038 420
033046 274
033054 546
033062 829
033070 560
033078 588
033086 170
033094 55
033102 260
033110 130
033118 518
033126 633
033134 891
033142 8
033150 471
033158 646
033166 28
033174 302
033182 504
033190 612
033198 476
033206 400
033214 310
033222 965
033230 821
033238 841
033246 82
033254 27
033262 564
033270 458
033278 725
033541 816
033549 911
033557 619
033565 552
033573 384
033581 398
033589 564
033597 998
033605 535
033613 188
033621 518
033629 639
033637 961
033645 407
033653 404
033661 543
033669 52
033677 697
033685 943
033693 900
033701 482
033709 357
033717 601
033725 937
033733 815
033741 987
033749 114
033757 33
033765 72
033773 224
033781 194
033789 838
033794 579
033802 90
033810 353
033818 349
033826 50
033834 216
033842 197
033850 751
033858 596
033866 971
033874 501
033882 7
033890 165
033898 75
033906 272
033914 679
033922 503
033930 851
033938 915
033946 378
033954 96
033962 801
033970 234
033978 844
033986 413
033994 389
034002 457
034010 153
034018 687
034026 664
034034 193
034042 604
033025 271
033033 21
033041 661
033049 729
033057 734
033065 301
033073 296
033081 521
033089 994
033097 133
033105 988
033113 868
033121 584
033129 347
033137 417
033145 447
033153 973
033161 185
033169 541
033177 137
033185 873
033193 102
033201 906
033209 86
033217 410
033225 336
033233 763
033241 826
033249 413
033257 186
033265 284
033273 715
029440 98
029448 771
029456 728
029464 594
029472 117
029480 585
029488 507
029496 746
029504 402
029512 828
029520 522
029528 774
029536 484
029544 340
029552 49
029560 794
029568 255
029576 831
029584 29
029592 787
029600 958
029608 337
029616 705
029624 465
029632 235
029640 589
029648 515
029656 698
029664 603
029672 915
029680 35
029688 941
034311 407
034319 233
034327 714
034335 617
034343 331
034351 178
034359 746
034367 396
034375 39
034383 896
034391 873
034399 700
034407 151
034415 662
034423 138
034431 879
034439 972
034447 318
034455 980
034463 117
034471 201
034479 753
034487 322
034495 620
034503 489
034511 988
034519 277
034527 68
034535 527
034543 864
034551 408
034559 1
032771 302
032779 461
032787 75
032795 373
032803 627
032811 743
032819 717
032827 935
032835 774
032843 192
032851 493
032859 482
032867 743
032875 725
032883 481
032891 571
032899 745
032907 27
032915 611
032923 974
032931 479
032939 149
032947 880
032955 972
032963 642
032971 612
032979 983
032987 747
032995 143
033003 163
033011 960
033019 269
033284 752
033292 149
033300 810
033308 477
033316 188
033324 834
033332 50
033340 521
033348 527
033356 704
033364 129
033372 236
033380 501
033388 979
033396 850
033404 811
033412 357
033420 849
033428 204
033436 352
033444 755
033452 748
033460 706
033468 793
033476 275
033484 262
033492 638
033500 645
033508 962
033516 852
033524 895
033532 639
033286 419
033294 851
033302 321
033310 500
033318 855
033326 739
033334 558
033342 251
033350 983
033358 126
033366 219
033374 993
033382 835
033390 671
033398 100
033406 937
033414 249
033422 352
033430 172
033438 609
033446 95
033454 132
033462 861
033470 95
033478 231
033486 114
033494 855
033502 533
033510 799
033518 619
033526 651
033534 491
033797 158
033805 950
033813 285
033821 550
033829 978
033837 352
033845 686
033853 238
033861 973
033869 839
033877 747
033885 561
033893 832
033901 118
033909 631
033917 360
033925 353
033933 522
033941 36
033949 46
033957 172
033965 336
033973 778
033981 58
033989 116
033997 688
034005 240
034013 879
034021 96
034029 395
034037 74
034045 898
034050 931
034058 265
034066 548
034074 56
034082 341
034090 652
034098 322
034106 373
034114 584
034122 811
034130 388
034138 698
034146 863
034154 406
034162 16
034170 196
034178 530
034186 16
034194 82
034202 128
034210 968
034218 968
034226 503
034234 790
034242 486
034250 99
034258 945
034266 251
034274 185
034282 797
034290 300
034298 191
029696 650
029704 874
029712 223
029720 848
029728 415
029736 931
029744 463
029752 152
029760 834
029768 683
029776 812
029784 232
029792 88
029800 836
029808 165
029816 103
029824 432
029832 796
029840 877
029848 509
029856 579
029864 430
029872 598
029880 970
029888 587
029896 749
029904 382
029912 126
029920 789
029928 238
029936 706
029944 399
034567 810
034575 926
034583 964
034591 714
034599 572
034607 297
034615 224
034623 61
034631 812
034639 63
034647 635
034655 83
034663 720
034671 717
034679 478
034687 407
034695 384
034703 622
034711 395
034719 730
034727 778
034735 569
034743 362
034751 292
034759 954
034767 49
034775 498
034783 321
034791 899
034799 714
034807 522
034815 80
033281 535
033289 676
033297 682
033305 235
033313 614
033321 234
033329 428
033337 346
033345 679
033353 433
033361 802
033369 660
033377 117
033385 704
033393 370
033401 337
033409 978
033417 773
033425 28
033433 482
033441 551
033449 629
033457 280
033465 497
033473 461
033481 821
033489 134
033497 46
033505 318
033513 690
033521 22
033529 258
033027 466
033035 688
033043 268
033051 292
033059 183
033067 31
033075 276
033083 2
033091 639
033099 541
033107 714
033115 396
033123 483
033131 751
033139 921
033147 244
033155 761
033163 650
033171 483
033179 594
033187 877
033195 780
033203 993
033211 561
033219 751
033227 286
033235 544
033243 248
033251 695
033259 263
033267 273
033275 544
034053 389
034061 543
034069 255
034077 535
034085 805
034093 285
034101 314
034109 197
034117 96
034125 347
034133 980
034141 647
034149 923
034157 167
034165 11
034173 932
034181 51
034189 583
034197 466
034205 451
034213 559
034221 98
034229 560
034237 489
034245 749
034253 80
034261 622
034269 380
034277 372
034285 200
034293 668
034301 231
033542 877
033550 41
033558 900
033566 459
033574 689
033582 958
033590 746
033598 36
033606 798
033614 55
033622 841
033630 430
033638 593
033646 707
033654 744
033662 32
033670 360
033678 539
033686 562
033694 722
033702 717
033710 342
033718 603
033726 266
033734 695
033742 32
033750 628
033758 906
033766 915
033774 402
033782 904
033790 584
033540 943
033548 894
033556 162
033564 502
033572 105
033580 705
033588 417
033596 547
033604 586
033612 599
033620 544
033628 295
033636 668
033644 722
033652 478
033660 169
033668 341
033676 520
033684 465
033692 103
033700 964
033708 713
033716 977
033724 375
033732 97
033740 406
033748 849
033756 229
033764 754
033772 47
033780 602
033788 588
034306 46
034314 191
034322 292
034330 96
034338 759
034346 662
034354 420
034362 797
034370 726
034378 645
034386 905
034394 805
034402 333
034410 304
034418 821
034426 979
034434 883
034442 848
034450 638
034458 21
034466 513
034474 95
034482 652
034490 855
034498 927
034506 944
034514 248
034522 270
034530 887
034538 555
034546 246
034554 134
034823 41
034831 194
034839 711
034847 555
034855 988
034863 472
034871 276
034879 873
034887 414
034895 481
034903 600
034911 203
034919 527
034927 579
034935 293
034943 900
034951 85
034959 980
034967 509
034975 407
034983 908
034991 175
034999 536
035007 270
035015 916
035023 178
035031 579
035039 199
035047 407
035055 634
035063 296
035071 466
029952 805
029960 140
029968 40
029976 262
029984 829
029992 627
030000 240
030008 578
030016 161
030024 475
030032 724
030040 433
030048 812
030056 97
030064 621
030072 621
030080 288
030088 753
030096 390
030104 999
030112 837
030120 223
030128 116
030136 577
030144 881
030152 749
030160 178
030168 226
030176 523
030184 345
030192 912
030200 561
033537 166
033545 882
033553 22
033561 385
033569 675
033577 230
033585 767
033593 226
033601 787
033609 189
033617 688
033625 781
033633 936
033641 589
033649 436
033657 692
033665 768
033673 129
033681 419
033689 12
033697 636
033705 165
033713 901
033721 548
033729 555
033737 581
033745 175
033753 390
033761 391
033769 440
033777 763
033785 156
033283 664
033291 735
033299 82
033307 847
033315 762
033323 527
033331 627
033339 716
033347 159
033355 992
033363 357
033371 270
033379 409
033387 254
033395 406
033403 184
033411 916
033419 121
033427 173
033435 362
033443 660
033451 275
033459 993
033467 140
033475 972
033483 992
033491 262
033499 881
033507 179
033515 452
033523 982
033531 919
033798 120
033806 512
033814 538
033822 760
033830 418
033838 180
033846 894
033854 89
033862 462
033870 602
033878 534
033886 645
033894 6
033902 996
033910 848
033918 858
033926 22
033934 503
033942 567
033950 367
033958 596
033966 941
033974 638
033982 895
033990 333
033998 201
034006 187
034014 110
034022 285
034030 662
034038 453
034046 110
033796 282
033804 311
033812 537
033820 521
033828 950
033836 219
033844 909
033852 456
033860 247
033868 219
033876 278
033884 415
033892 88
033900 374
033908 621
033916 62
033924 909
033932 283
033940 518
033948 190
033956 270
033964 333
033972 182
033980 31
033988 508
033996 766
034004 397
034012 121
034020 815
034028 860
034036 152
034044 36
034309 988
034317 128
034325 646
034333 989
034341 19
034349 72
034357 176
034365 547
034373 564
034381 871
034389 777
034397 368
034405 650
034413 158
034421 956
034429 797
034437 842
034445 363
034453 317
034461 479
034469 51
034477 558
034485 699
034493 112
034501 860
034509 808
034517 885
034525 960
034533 679
034541 84
034549 174
034557 837
034562 111
034570 226
034578 626
034586 488
034594 258
034602 822
034610 513
034618 825
034626 283
034634 490
034642 450
034650 337
034658 997
034666 857
034674 16
034682 695
034690 475
034698 749
034706 234
034714 41
034722 15
034730 206
034738 456
034746 341
034754 969
034762 296
034770 647
034778 986
034786 416
034794 164
034802 893
034810 333
030208 77
030216 995
030224 498
030232 847
030240 909
030248 45
030256 798
030264 207
030272 960
030280 379
030288 185
030296 732
030304 764
030312 776
030320 426
030328 3
030336 973
030344 660
030352 657
030360 514
030368 788
030376 80
030384 920
030392 327
030400 254
030408 848
030416 156
030424 268
030432 259
030440 627
030448 698
030456 770
035079 860
035087 204
035095 422
035103 402
035111 278
035119 11
035127 956
035135 323
035143 634
035151 692
035159 641
035167 488
035175 637
035183 28
035191 409
035199 133
035207 96
035215 328
035223 892
035231 571
035239 310
035247 193
035255 882
035263 216
035271 646
035279 301
035287 647
035295 236
035303 507
035311 793
035319 607
035327 121
033539 952
033547 99
033555 17
033563 789
033571 783
033579 194
033587 220
033595 690
033603 548
033611 480
033619 875
033627 957
033635 379
033643 957
033651 362
033659 624
033667 329
033675 281
033683 341
033691 431
033699 727
033707 775
033715 537
033723 317
033731 654
033739 185
033747 608
033755 503
033763 13
033771 388
033779 174
033787 887
033793 265
033801 348
033809 376
033817 462
033825 667
033833 792
033841 345
033849 575
033857 880
033865 145
033873 708
033881 508
033889 305
033897 517
033905 226
033913 660
033921 507
033929 420
033937 515
033945 847
033953 361
033961 280
033969 306
033977 325
033985 709
033993 601
034001 832
034009 464
034017 865
034025 162
034033 153
034041 908
034054 352
034062 729
034070 488
034078 232
034086 891
034094 225
034102 505
034110 176
034118 679
034126 724
034134 361
034142 660
034150 904
034158 84
034166 289
034174 688
034182 696
034190 23
034198 385
034206 477
034214 63
034222 951
034230 237
034238 793
034246 137
034254 151
034262 825
034270 706
034278 565
034286 187
034294 210
034302 837
034052 245
034060 805
034068 351
034076 608
034084 26
034092 244
034100 456
034108 142
034116 732
034124 746
034132 557
034140 695
034148 792
034156 48
034164 14
034172 836
034180 774
034188 877
034196 5
034204 338
034212 23
034220 926
034228 69
034236 847
034244 440
034252 821
034260 638
034268 191
034276 106
034284 488
034292 501
034300 618
034818 168
034826 666
034834 43
034842 384
034850 465
034858 877
034866 40
034874 655
034882 227
034890 985
034898 757
034906 789
034914 424
034922 714
034930 649
034938 30
034946 630
034954 152
034962 50
034970 170
034978 317
034986 589
034994 218
035002 738
035010 79
035018 206
035026 514
035034 252
035042 446
035050 468
035058 533
035066 791
034565 700
034573 539
034581 854
034589 794
034597 549
034605 263
034613 605
034621 54
034629 303
034637 265
034645 637
034653 181
034661 307
034669 223
034677 751
034685 812
034693 200
034701 548
034709 308
034717 804
034725 263
034733 993
034741 347
034749 610
034757 684
034765 393
034773 514
034781 675
034789 271
034797 168
034805 754
034813 186
035335 969
035343 361
035351 74
035359 182
035367 256
035375 692
035383 247
035391 953
035399 669
035407 489
035415 522
035423 736
035431 120
035439 50
035447 250
035455 372
035463 323
035471 499
035479 96
035487 64
035495 194
035503 643
035511 868
035519 989
035527 301
035535 498
035543 205
035551 686
035559 816
035567 151
035575 452
035583 697
030464 401
030472 507
030480 268
030488 37
030496 513
030504 860
030512 79
030520 827
030528 953
030536 84
030544 17
030552 832
030560 499
030568 978
030576 31
030584 298
030592 329
030600 202
030608 620
030616 290
030624 931
030632 860
030640 844
030648 854
030656 814
030664 777
030672 939
030680 781
030688 381
030696 987
030704 416
030712 206
033795 340
033803 734
033811 274
033819 4
033827 516
033835 443
033843 126
033851 411
033859 631
033867 952
033875 655
033883 463
033891 295
033899 573
033907 551
033915 40
033923 197
033931 535
033939 484
033947 867
033955 543
033963 567
033971 414
033979 558
033987 551
033995 244
034003 413
034011 398
034019 133
034027 263
034035 973
034043 525
034049 231
034057 580
034065 439
034073 564
034081 916
034089 177
034097 424
034105 271
034113 619
034121 58
034129 666
034137 213
034145 474
034153 562
034161 830
034169 160
034177 402
034185 760
034193 957
034201 708
034209 323
034217 148
034225 35
034233 154
034241 599
034249 469
034257 901
034265 771
034273 250
034281 997
034289 264
034297 871
034310 843
034318 818
034326 483
034334 901
034342 356
034350 695
034358 439
034366 127
034374 562
034382 347
034390 276
034398 752
034406 144
034414 228
034422 730
034430 163
034438 636
034446 929
034454 103
034462 862
034470 762
034478 482
034486 321
034494 722
034502 426
034510 269
034518 924
034526 126
034534 295
034542 555
034550 86
034558 65
034308 767
034316 679
034324 632
034332 883
034340 480
034348 1
034356 268
034364 337
034372 723
034380 49
034388 992
034396 553
034404 842
034412 801
034420 517
034428 58
034436 711
034444 321
034452 682
034460 232
034468 525
034476 164
034484 848
034492 617
034500 464
034508 706
034516 664
034524 292
034532 572
034540 556
034548 486
034556 871
035074 252
035082 64
035090 978
035098 23
035106 133
035114 495
035122 149
035130 515
035138 982
035146 733
035154 172
035162 318
035170 630
035178 175
035186 322
035194 795
035202 689
035210 949
035218 258
035226 486
035234 846
035242 859
035250 700
035258 304
035266 576
035274 406
035282 171
035290 328
035298 647
035306 987
035314 719
035322 837
035591 791
035599 808
035607 494
035615 999
035623 457
035631 778
035639 711
035647 386
035655 721
035663 81
035671 49
035679 274
035687 897
035695 120
035703 412
035711 137
035719 446
035727 641
035735 734
035743 140
035751 299
035759 497
035767 7
035775 692
035783 991
035791 610
035799 509
035807 736
035815 57
035823 898
035831 768
035839 872
034821 820
034829 29
034837 2
034845 335
034853 870
034861 179
034869 502
034877 379
034885 754
034893 2
034901 716
034909 384
034917 17
034925 875
034933 656
034941 948
034949 675
034957 846
034965 225
034973 49
034981 982
034989 946
034997 678
035005 687
035013 669
035021 157
035029 485
035037 274
035045 776
035053 655
035061 634
035069 33
034051 480
034059 825
034067 369
034075 385
034083 274
034091 234
034099 6
034107 123
034115 426
034123 658
034131 813
034139 771
034147 716
034155 539
034163 375
034171 826
034179 784
034187 825
034195 484
034203 626
034211 895
034219 790
034227 8
034235 694
034243 173
034251 241
034259 62
034267 960
034275 961
034283 166
034291 677
034299 879
030720 274
030728 299
030736 894
030744 566
030752 190
030760 604
030768 561
030776 871
030784 735
030792 416
030800 398
030808 694
030816 118
030824 357
030832 53
030840 260
030848 905
030856 279
030864 712
030872 321
030880 833
030888 209
030896 165
030904 726
030912 392
030920 202
030928 54
030936 634
030944 905
030952 195
030960 225
030968 353
034305 32
034313 802
034321 528
034329 745
034337 960
034345 919
034353 668
034361 73
034369 75
034377 391
034385 938
034393 467
034401 716
034409 237
034417 265
034425 56
034433 108
034441 569
034449 544
034457 813
034465 705
034473 435
034481 905
034489 619
034497 631
034505 149
034513 430
034521 861
034529 760
034537 977
034545 197
034553 167
034566 637
034574 356
034582 187
034590 529
034598 627
034606 304
034614 563
034622 161
034630 481
034638 339
034646 996
034654 878
034662 747
034670 602
034678 866
034686 788
034694 998
034702 103
034710 817
034718 251
034726 198
034734 554
034742 755
034750 612
034758 42
034766 11
034774 686
034782 808
034790 809
034798 80
034806 390
034814 49
034564 102
034572 22
034580 354
034588 370
034596 820
034604 489
034612 766
034620 327
034628 336
034636 188
034644 732
034652 358
034660 967
034668 953
034676 397
034684 46
034692 415
034700 399
034708 529
034716 542
034724 200
034732 609
034740 735
034748 268
034756 638
034764 961
034772 18
034780 279
034788 526
034796 802
034804 455
034812 685
035330 321
035338 884
035346 359
035354 563
035362 85
035370 461
035378 571
035386 659
035394 71
035402 896
035410 936
035418 782
035426 105
035434 546
035442 862
035450 598
035458 213
035466 59
035474 129
035482 269
035490 174
035498 437
035506 712
035514 472
035522 324
035530 331
035538 438
035546 198
035554 445
035562 471
035570 491
035578 344
035847 261
035855 400
035863 813
035871 767
035879 971
035887 886
035895 938
035903 229
035911 417
035919 686
035927 674
035935 746
035943 889
035951 361
035959 534
035967 46
035975 715
035983 923
035991 433
035999 694
036007 536
036015 476
036023 682
036031 507
036039 67
036047 548
036055 810
036063 378
036071 918
036079 744
036087 244
036095 214
035077 433
035085 842
035093 338
035101 602
035109 218
035117 861
035125 457
035133 917
035141 12
035149 306
035157 639
035165 878
035173 114
035181 792
035189 525
035197 581
035205 887
035213 625
035221 132
035229 195
035237 342
035245 804
035253 12
035261 273
035269 158
035277 658
035285 593
035293 41
035301 448
035309 739
035317 761
035325 806
034307 612
034315 110
034323 916
034331 262
034339 995
034347 540
034355 678
034363 296
034371 710
034379 667
034387 510
034395 473
034403 680
034411 881
034419 256
034427 350
034435 694
034443 839
034451 419
034459 565
034467 540
034475 496
034483 935
034491 831
034499 433
034507 359
034515 718
034523 678
034531 564
034539 314
034547 146
034555 62
030976 27
030984 800
030992 638
031000 743
031008 229
031016 122
031024 994
031032 375
031040 801
031048 416
031056 56
031064 860
031072 785
031080 153
031088 943
031096 786
031104 494
031112 994
031120 66
031128 416
031136 258
031144 337
031152 943
031160 947
031168 724
031176 462
031184 632
031192 380
031200 86
031208 520
031216 387
031224 906
034561 773
034569 155
034577 622
034585 14
034593 110
034601 16
034609 643
034617 431
034625 432
034633 859
034641 781
034649 357
034657 98
034665 790
034673 589
034681 801
034689 219
034697 493
034705 110
034713 375
034721 415
034729 502
034737 768
034745 554
034753 857
034761 433
034769 686
034777 371
034785 503
034793 768
034801 120
034809 809
034822 255
034830 882
034838 462
034846 881
034854 253
034862 220
034870 278
034878 444
034886 820
034894 51
034902 641
034910 476
034918 141
034926 528
034934 606
034942 728
034950 676
034958 139
034966 794
034974 373
034982 151
034990 27
034998 175
035006 367
035014 518
035022 125
035030 837
035038 377
035046 978
035054 282
035062 332
035070 539
034820 395
034828 546
034836 89
034844 180
034852 110
034860 628
034868 475
034876 515
034884 443
034892 713
034900 344
034908 558
034916 9
034924 113
034932 544
034940 684
034948 122
034956 267
034964 957
034972 542
034980 642
034988 425
034996 553
035004 213
035012 253
035020 832
035028 763
035036 358
035044 663
035052 476
035060 27
035068 383
035586 683
035594 280
035602 112
035610 748
035618 30
035626 983
035634 890
035642 832
035650 337
035658 438
035666 326
035674 727
035682 814
035690 767
035698 373
035706 826
035714 635
035722 854
035730 360
035738 778
035746 979
035754 347
035762 8
035770 232
035778 530
035786 793
035794 968
035802 631
035810 353
035818 898
035826 154
035834 204
035333 451
035341 990
035349 71
035357 256
035365 29
035373 15
035381 536
035389 881
035397 25
035405 175
035413 296
035421 141
035429 349
035437 992
035445 446
035453 541
035461 228
035469 530
035477 685
035485 666
035493 866
035501 681
035509 709
035517 807
035525 639
035533 960
035541 94
035549 526
035557 500
035565 737
035573 544
035581 987
036103 949
036111 712
036119 44
036127 802
036135 499
036143 80
036151 546
036159 461
036167 362
036175 518
036183 372
036191 691
036199 586
036207 112
036215 271
036223 117
036231 563
036239 706
036247 18
036255 259
036263 502
036271 328
036279 901
036287 428
036295 606
036303 810
036311 54
036319 4
036327 98
036335 778
036343 497
036351 931
034563 795
034571 134
034579 494
034587 658
034595 181
034603 919
034611 161
034619 1
034627 593
034635 911
034643 986
034651 486
034659 709
034667 915
034675 683
034683 515
034691 334
034699 163
034707 742
034715 582
034723 439
034731 651
034739 659
034747 60
034755 668
034763 562
034771 553
034779 303
034787 984
034795 158
034803 957
034811 566
034817 787
034825 980
034833 112
034841 821
034849 328
034857 756
034865 345
034873 968
034881 971
034889 73
034897 304
034905 556
034913 917
034921 31
034929 595
034937 77
034945 112
034953 652
034961 889
034969 196
034977 356
034985 335
034993 554
035001 734
035009 177
035017 102
035025 969
035033 588
035041 823
035049 182
035057 929
035065 800
031232 172
031240 449
031248 646
031256 261
031264 802
031272 4
031280 406
031288 425
031296 524
031304 662
031312 454
031320 854
031328 601
031336 132
031344 909
031352 540
031360 424
031368 530
031376 779
031384 962
031392 336
031400 480
031408 320
031416 382
031424 817
031432 104
031440 204
031448 305
031456 96
031464 414
031472 410
031480 461
035078 87
035086 976
035094 962
035102 860
035110 553
035118 884
035126 337
035134 8
035142 224
035150 506
035158 81
035166 74
035174 971
035182 961
035190 448
035198 314
035206 384
035214 52
035222 514
035230 828
035238 370
035246 812
035254 501
035262 782
035270 185
035278 827
035286 588
035294 908
035302 855
035310 841
035318 382
035326 180
035076 101
035084 466
035092 596
035100 691
035108 926
035116 967
035124 136
035132 898
035140 620
035148 320
035156 42
035164 773
035172 107
035180 788
035188 495
035196 501
035204 863
035212 303
035220 622
035228 237
035236 910
035244 184
035252 63
035260 105
035268 495
035276 321
035284 243
035292 230
035300 293
035308 88
035316 499
035324 227
035842 259
035850 145
035858 648
035866 964
035874 745
035882 0
035890 615
035898 383
035906 770
035914 152
035922 89
035930 353
035938 724
035946 809
035954 110
035962 974
035970 448
035978 17
035986 331
035994 233
036002 151
036010 319
036018 510
036026 602
036034 498
036042 862
036050 717
036058 945
036066 545
036074 227
036082 390
036090 489
035589 844
035597 242
035605 718
035613 68
035621 198
035629 766
035637 902
035645 901
035653 476
035661 480
035669 667
035677 615
035685 868
035693 24
035701 563
035709 766
035717 798
035725 271
035733 867
035741 760
035749 560
035757 376
035765 926
035773 771
035781 127
035789 525
035797 1
035805 444
035813 898
035821 896
035829 757
035837 706
036359 933
036367 117
036375 885
036383 879
036391 497
036399 59
036407 840
036415 253
036423 530
036431 906
036439 178
036447 748
036455 567
036463 355
036471 702
036479 722
036487 805
036495 774
036503 34
036511 743
036519 909
036527 814
036535 87
036543 104
036551 411
036559 534
036567 349
036575 792
036583 327
036591 619
036599 308
036607 731
034819 905
034827 902
034835 92
034843 338
034851 963
034859 823
034867 819
034875 126
034883 236
034891 290
034899 344
034907 319
034915 406
034923 94
034931 914
034939 588
034947 636
034955 965
034963 49
034971 504
034979 794
034987 394
034995 253
035003 798
035011 50
035019 242
035027 541
035035 706
035043 315
035051 6
035059 653
035067 447
035073 260
035081 383
035089 90
035097 310
035105 111
035113 167
035121 951
035129 253
035137 671
035145 404
035153 649
035161 469
035169 552
035177 195
035185 383
035193 740
035201 100
035209 858
035217 736
035225 142
035233 253
035241 788
035249 635
035257 803
035265 45
035273 733
035281 361
035289 250
035297 394
035305 589
035313 930
035321 864
031488 84
031496 649
031504 665
031512 763
031520 257
031528 31
031536 112
031544 72
031552 87
031560 774
031568 967
031576 1
031584 981
031592 966
031600 804
031608 208
031616 431
031624 354
031632 343
031640 279
031648 501
031656 49
031664 653
031672 607
031680 955
031688 614
031696 259
031704 707
031712 904
031720 760
031728 552
031736 795
035332 884
035340 571
035348 902
035356 379
035364 455
035372 715
035380 907
035388 561
035396 358
035404 80
035412 644
035420 886
035428 833
035436 322
035444 795
035452 56
035460 230
035468 317
035476 190
035484 864
035492 770
035500 954
035508 994
035516 635
035524 903
035532 263
035540 685
035548 871
035556 896
035564 433
035572 720
035580 177
035334 833
035342 529
035350 836
035358 357
035366 722
035374 300
035382 552
035390 10
035398 841
035406 810
035414 100
035422 607
035430 892
035438 464
035446 111
035454 992
035462 150
035470 695
035478 9
035486 876
035494 74
035502 375
035510 801
035518 977
035526 588
035534 171
035542 592
035550 668
035558 100
035566 51
035574 770
035582 682
036098 944
036106 860
036114 171
036122 176
036130 343
036138 46
036146 664
036154 99
036162 817
036170 92
036178 675
036186 843
036194 89
036202 397
036210 254
036218 848
036226 327
036234 148
036242 735
036250 371
036258 978
036266 553
036274 497
036282 106
036290 359
036298 666
036306 359
036314 168
036322 751
036330 89
036338 413
036346 713
035845 673
035853 636
035861 345
035869 380
035877 986
035885 474
035893 429
035901 924
035909 264
035917 288
035925 9
035933 356
035941 719
035949 245
035957 238
035965 642
035973 797
035981 491
035989 314
035997 45
036005 5
036013 242
036021 677
036029 612
036037 706
036045 0
036053 704
036061 594
036069 411
036077 415
036085 131
036093 835
036615 912
036623 34
036631 590
036639 166
036647 270
036655 852
036663 51
036671 938
036679 908
036687 511
036695 147
036703 327
036711 861
036719 216
036727 793
036735 472
036743 119
036751 410
036759 184
036767 759
036775 486
036783 389
036791 966
036799 259
036807 947
036815 527
036823 351
036831 244
036839 672
036847 904
036855 307
036863 405
035075 371
035083 559
035091 599
035099 366
035107 473
035115 304
035123 976
035131 310
035139 76
035147 781
035155 861
035163 594
035171 970
035179 685
035187 745
035195 498
035203 41
035211 814
035219 807
035227 740
035235 413
035243 985
035251 445
035259 401
035267 305
035275 292
035283 475
035291 994
035299 119
035307 235
035315 982
035323 590
035329 769
035337 131
035345 36
035353 732
035361 635
035369 66
035377 688
035385 918
035393 410
035401 516
035409 494
035417 792
035425 148
035433 299
035441 483
035449 961
035457 275
035465 729
035473 600
035481 242
035489 20
035497 402
035505 522
035513 594
035521 373
035529 753
035537 257
035545 393
035553 872
035561 146
035569 616
035577 970
031744 589
031752 617
031760 730
031768 70
031776 692
031784 564
031792 896
031800 368
031808 455
031816 537
031824 92
031832 983
031840 987
031848 461
031856 100
031864 758
031872 600
031880 580
031888 155
031896 563
031904 88
031912 18
031920 483
031928 422
031936 958
031944 359
031952 529
031960 490
031968 972
031976 554
031984 273
031992 688
035590 273
035598 720
035606 568
035614 685
035622 695
035630 814
035638 847
035646 51
035654 982
035662 909
035670 137
035678 533
035686 678
035694 288
035702 785
035710 857
035718 394
035726 515
035734 158
035742 441
035750 59
035758 347
035766 543
035774 724
035782 332
035790 230
035798 212
035806 59
035814 207
035822 184
035830 228
035838 861
035588 122
035596 87
035604 998
035612 531
035620 163
035628 568
035636 116
035644 956
035652 613
035660 61
035668 216
035676 901
035684 786
035692 262
035700 63
035708 213
035716 682
035724 501
035732 459
035740 421
035748 279
035756 450
035764 197
035772 306
035780 577
035788 770
035796 856
035804 487
035812 567
035820 3
035828 572
035836 216
036354 967
036362 678
036370 91
036378 793
036386 860
036394 503
036402 583
036410 474
036418 714
036426 94
036434 390
036442 769
036450 165
036458 112
036466 634
036474 977
036482 157
036490 293
036498 5
036506 855
036514 433
036522 489
036530 505
036538 872
036546 588
036554 646
036562 542
036570 819
036578 621
036586 14
036594 653
036602 14
036101 486
036109 966
036117 500
036125 574
036133 250
036141 961
036149 580
036157 258
036165 19
036173 895
036181 765
036189 138
036197 337
036205 650
036213 985
036221 839
036229 818
036237 566
036245 59
036253 579
036261 375
036269 218
036277 404
036285 351
036293 961
036301 642
036309 651
036317 728
036325 988
036333 248
036341 743
036349 767
035331 478
035339 389
035347 311
035355 879
035363 741
035371 687
035379 444
035387 999
035395 347
035403 372
035411 745
035419 322
035427 707
035435 308
035443 343
035451 901
035459 749
035467 232
035475 38
035483 688
035491 120
035499 640
035507 21
035515 436
035523 768
035531 306
035539 774
035547 569
035555 636
035563 402
035571 468
035579 530
036871 106
036879 329
036887 675
036895 897
036903 136
036911 275
036919 587
036927 192
036935 54
036943 726
036951 896
036959 309
036967 762
036975 366
036983 378
036991 485
036999 474
037007 441
037015 976
037023 621
037031 200
037039 590
037047 217
037055 388
037063 933
037071 313
037079 828
037087 107
037095 49
037103 455
037111 284
037119 482
035585 838
035593 365
035601 823
035609 913
035617 143
035625 745
035633 7
035641 54
035649 884
035657 912
035665 821
035673 966
035681 27
035689 878
035697 376
035705 39
035713 125
035721 962
035729 259
035737 333
035745 335
035753 720
035761 590
035769 516
035777 729
035785 541
035793 818
035801 89
035809 372
035817 339
035825 876
035833 132
032000 864
032008 859
032016 552
032024 198
032032 386
032040 810
032048 39
032056 195
032064 325
032072 377
032080 144
032088 643
032096 273
032104 547
032112 547
032120 507
032128 998
032136 224
032144 177
032152 932
032160 515
032168 719
032176 356
032184 800
032192 373
032200 341
032208 369
032216 800
032224 654
032232 599
032240 209
032248 687
035844 649
035852 699
035860 784
035868 234
035876 359
035884 635
035892 996
035900 993
035908 998
035916 386
035924 102
035932 324
035940 167
035948 367
035956 705
035964 322
035972 158
035980 63
035988 613
035996 573
036004 128
036012 259
036020 989
036028 39
036036 18
036044 881
036052 89
036060 30
036068 979
036076 326
036084 989
036092 275
035846 361
035854 533
035862 212
035870 231
035878 331
035886 45
035894 664
035902 408
035910 855
035918 209
035926 113
035934 389
035942 304
035950 438
035958 113
035966 102
035974 318
035982 534
035990 24
035998 557
036006 331
036014 717
036022 242
036030 460
036038 676
036046 702
036054 727
036062 767
036070 875
036078 531
036086 428
036094 8
036610 405
036618 663
036626 549
036634 293
036642 611
036650 258
036658 392
036666 481
036674 975
036682 432
036690 939
036698 533
036706 236
036714 406
036722 829
036730 246
036738 911
036746 406
036754 86
036762 275
036770 562
036778 262
036786 243
036794 841
036802 787
036810 120
036818 105
036826 383
036834 615
036842 408
036850 801
036858 176
036357 138
036365 587
036373 494
036381 229
036389 31
036397 358
036405 351
036413 525
036421 611
036429 103
036437 557
036445 137
036453 704
036461 448
036469 79
036477 232
036485 859
036493 159
036501 807
036509 181
036517 18
036525 810
036533 191
036541 510
036549 391
036557 590
036565 24
036573 373
036581 751
036589 388
036597 551
036605 942
035587 602
035595 904
035603 38
035611 434
035619 852
035627 920
035635 65
035643 296
035651 89
035659 85
035667 340
035675 617
035683 762
035691 954
035699 970
035707 813
035715 75
035723 28
035731 322
035739 22
035747 164
035755 72
035763 562
035771 940
035779 988
035787 483
035795 848
035803 106
035811 790
035819 63
035827 182
035835 250
037127 327
037135 883
037143 383
037151 268
037159 132
037167 76
037175 796
037183 543
037191 210
037199 725
037207 536
037215 796
037223 23
037231 497
037239 126
037247 325
037255 591
037263 156
037271 889
037279 580
037287 855
037295 51
037303 367
037311 606
037319 901
037327 490
037335 292
037343 227
037351 625
037359 978
037367 612
037375 501
035841 704
035849 73
035857 817
035865 275
035873 356
035881 263
035889 232
035897 735
035905 463
035913 122
035921 819
035929 952
035937 139
035945 584
035953 83
035961 840
035969 246
035977 593
035985 363
035993 729
036001 980
036009 534
036017 501
036025 696
036033 478
036041 660
036049 786
036057 711
036065 546
036073 657
036081 215
036089 412
032256 428
032264 682
032272 158
032280 819
032288 10
032296 106
032304 439
032312 119
032320 285
032328 302
032336 414
032344 679
032352 146
032360 448
032368 40
032376 737
032384 578
032392 170
032400 299
032408 82
032416 671
032424 364
032432 841
032440 994
032448 751
032456 477
032464 973
032472 401
032480 164
032488 279
032496 227
032504 298
036100 600
036108 986
036116 940
036124 726
036132 693
036140 2
036148 164
036156 448
036164 2
036172 377
036180 941
036188 519
036196 516
036204 996
036212 671
036220 306
036228 842
036236 903
036244 416
036252 339
036260 976
036268 595
036276 432
036284 908
036292 856
036300 258
036308 540
036316 718
036324 466
036332 578
036340 982
036348 659
036866 28
036874 335
036882 478
036890 311
036898 621
036906 372
036914 643
036922 831
036930 53
036938 924
036946 546
036954 814
036962 674
036970 952
036978 705
036986 824
036994 82
037002 887
037010 788
037018 429
037026 772
037034 322
037042 182
037050 336
037058 441
037066 556
037074 794
037082 890
037090 844
037098 452
037106 540
037114 595
036102 15
036110 454
036118 712
036126 946
036134 87
036142 374
036150 0
036158 641
036166 976
036174 451
036182 761
036190 275
036198 279
036206 732
036214 223
036222 557
036230 695
036238 441
036246 77
036254 21
036262 136
036270 795
036278 465
036286 882
036294 507
036302 512
036310 872
036318 732
036326 729
036334 72
036342 763
036350 722
036613 470
036621 482
036629 375
036637 584
036645 385
036653 624
036661 951
036669 662
036677 923
036685 569
036693 546
036701 128
036709 63
036717 281
036725 940
036733 191
036741 211
036749 196
036757 121
036765 577
036773 257
036781 595
036789 690
036797 232
036805 761
036813 110
036821 557
036829 679
036837 789
036845 187
036853 837
036861 322
035843 343
035851 746
035859 356
035867 96
035875 992
035883 328
035891 735
035899 759
035907 232
035915 436
035923 107
035931 756
035939 855
035947 636
035955 196
035963 579
035971 9
035979 632
035987 810
035995 634
036003 173
036011 664
036019 631
036027 647
036035 461
036043 877
036051 833
036059 459
036067 951
036075 882
036083 277
036091 808
037383 341
037391 529
037399 822
037407 166
037415 515
037423 794
037431 780
037439 443
037447 249
037455 443
037463 707
037471 749
037479 112
037487 308
037495 567
037503 404
037511 223
037519 548
037527 99
037535 933
037543 634
037551 610
037559 51
037567 197
037575 153
037583 744
037591 376
037599 840
037607 660
037615 794
037623 21
037631 491
036097 669
036105 28
036113 649
036121 434
036129 330
036137 172
036145 662
036153 560
036161 764
036169 112
036177 564
036185 926
036193 41
036201 448
036209 875
036217 377
036225 786
036233 917
036241 789
036249 327
036257 317
036265 321
036273 158
036281 581
036289 537
036297 344
036305 845
036313 296
036321 97
036329 758
036337 978
036345 93
032512 412
032520 733
032528 474
032536 601
032544 636
032552 11
032560 204
032568 65
032576 750
032584 840
032592 910
032600 776
032608 632
032616 940
032624 371
032632 373
032640 896
032648 190
032656 343
032664 215
032672 13
032680 305
032688 338
032696 144
032704 286
032712 677
032720 139
032728 268
032736 762
032744 176
032752 975
032760 280
036356 5
036364 194
036372 697
036380 917
036388 645
036396 888
036404 432
036412 501
036420 364
036428 295
036436 274
036444 422
036452 773
036460 311
036468 381
036476 220
036484 999
036492 271
036500 341
036508 568
036516 312
036524 45
036532 47
036540 826
036548 424
036556 564
036564 589
036572 740
036580 923
036588 814
036596 985
036604 332
036358 697
036366 747
036374 60
036382 378
036390 664
036398 700
036406 276
036414 395
036422 73
036430 981
036438 350
036446 559
036454 126
036462 896
036470 213
036478 500
036486 729
036494 471
036502 867
036510 613
036518 931
036526 331
036534 310
036542 669
036550 667
036558 299
036566 228
036574 372
036582 837
036590 651
036598 172
036606 838
037122 244
037130 45
037138 191
037146 458
037154 639
037162 960
037170 876
037178 79
037186 762
037194 339
037202 798
037210 132
037218 461
037226 880
037234 589
037242 270
037250 413
037258 81
037266 103
037274 290
037282 206
037290 922
037298 959
037306 524
037314 939
037322 49
037330 49
037338 171
037346 63
037354 593
037362 825
037370 669
036869 463
036877 277
036885 963
036893 195
036901 15
036909 222
036917 9
036925 380
036933 401
036941 127
036949 80
036957 248
036965 204
036973 412
036981 873
036989 719
036997 753
037005 926
037013 213
037021 987
037029 802
037037 549
037045 632
037053 666
037061 686
037069 322
037077 578
037085 975
037093 223
037101 300
037109 824
037117 374
036099 786
036107 542
036115 61
036123 751
036131 451
036139 216
036147 897
036155 852
036163 6
036171 798
036179 495
036187 127
036195 155
036203 547
036211 755
036219 562
036227 44
036235 553
036243 765
036251 428
036259 463
036267 703
036275 93
036283 751
036291 844
036299 588
036307 327
036315 590
036323 837
036331 540
036339 511
036347 554
037639 753
037647 858
037655 771
037663 187
037671 341
037679 350
037687 400
037695 905
037703 343
037711 288
037719 958
037727 579
037735 722
037743 317
037751 741
037759 913
037767 644
037775 412
037783 849
037791 86
037799 160
037807 182
037815 465
037823 937
037831 628
037839 791
037847 443
037855 360
037863 84
037871 832
037879 288
037887 823
036353 512
036361 887
036369 759
036377 609
036385 621
036393 376
036401 64
036409 836
036417 724
036425 777
036433 205
036441 707
036449 70
036457 646
036465 662
036473 36
036481 633
036489 591
036497 429
036505 915
036513 878
036521 107
036529 832
036537 921
036545 463
036553 406
036561 762
036569 819
036577 801
036585 529
036593 303
036601 570
032768 267
032776 647
032784 522
032792 322
032800 405
032808 717
032816 488
032824 828
032832 506
032840 543
032848 39
032856 529
032864 539
032872 422
032880 775
032888 83
032896 306
032904 80
032912 789
032920 699
032928 539
032936 55
032944 748
032952 11
032960 268
032968 571
032976 714
032984 752
032992 838
033000 734
033008 989
033016 280
036612 747
036620 455
036628 533
036636 929
036644 623
036652 878
036660 215
036668 89
036676 143
036684 313
036692 898
036700 700
036708 10
036716 586
036724 560
036732 535
036740 530
036748 136
036756 245
036764 148
036772 208
036780 683
036788 937
036796 457
036804 513
036812 437
036820 943
036828 837
036836 266
036844 931
036852 359
036860 275
036614 476
036622 436
036630 14
036638 303
036646 511
036654 567
036662 171
036670 816
036678 928
036686 165
036694 69
036702 372
036710 270
036718 649
036726 351
036734 122
036742 545
036750 125
036758 170
036766 73
036774 148
036782 335
036790 856
036798 923
036806 991
036814 280
036822 601
036830 372
036838 625
036846 350
036854 651
036862 893
037125 405
037133 551
037141 987
037149 471
037157 790
037165 657
037173 671
037181 273
037189 788
037197 575
037205 64
037213 204
037221 695
037229 842
037237 206
037245 123
037253 981
037261 213
037269 833
037277 292
037285 36
037293 419
037301 176
037309 445
037317 711
037325 469
037333 996
037341 362
037349 280
037357 711
037365 965
037373 729
037378 431
037386 86
037394 518
037402 659
037410 449
037418 814
037426 640
037434 710
037442 796
037450 624
037458 898
037466 372
037474 25
037482 543
037490 500
037498 248
037506 247
037514 590
037522 328
037530 864
037538 686
037546 500
037554 291
037562 87
037570 411
037578 478
037586 347
037594 789
037602 932
037610 201
037618 318
037626 612
036355 84
036363 297
036371 991
036379 742
036387 465
036395 144
036403 518
036411 776
036419 81
036427 420
036435 494
036443 798
036451 47
036459 1
036467 607
036475 4
036483 221
036491 800
036499 631
036507 800
036515 599
036523 266
036531 243
036539 807
036547 214
036555 266
036563 828
036571 428
036579 853
036587 467
036595 31
036603 236
037895 194
037903 174
037911 852
037919 880
037927 152
037935 916
037943 243
037951 630
037959 219
037967 505
037975 394
037983 881
037991 110
037999 204
038007 319
038015 499
038023 836
038031 24
038039 349
038047 669
038055 924
038063 538
038071 802
038079 741
038087 841
038095 763
038103 225
038111 103
038119 265
038127 878
038135 605
038143 986
036609 751
036617 346
036625 679
036633 469
036641 629
036649 284
036657 894
036665 215
036673 633
036681 611
036689 481
036697 340
036705 818
036713 439
036721 162
036729 135
036737 348
036745 441
036753 501
036761 8
036769 300
036777 195
036785 6
036793 87
036801 736
036809 635
036817 336
036825 767
036833 529
036841 827
036849 620
036857 934
033024 547
033032 522
033040 957
033048 550
033056 540
033064 774
033072 764
033080 929
033088 963
033096 126
033104 689
033112 484
033120 846
033128 418
033136 805
033144 11
033152 393
033160 713
033168 463
033176 252
033184 413
033192 448
033200 775
033208 71
033216 170
033224 432
033232 868
033240 721
033248 599
033256 702
033264 976
033272 368
036868 664
036876 482
036884 964
036892 689
036900 477
036908 310
036916 90
036924 143
036932 749
036940 664
036948 926
036956 460
036964 804
036972 562
036980 324
036988 731
036996 828
037004 350
037012 178
037020 743
037028 373
037036 934
037044 25
037052 966
037060 359
037068 861
037076 326
037084 646
037092 151
037100 391
037108 171
037116 614
036870 289
036878 230
036886 166
036894 801
036902 627
036910 723
036918 937
036926 543
036934 653
036942 855
036950 907
036958 696
036966 676
036974 310
036982 615
036990 282
036998 83
037006 756
037014 112
037022 280
037030 788
037038 323
037046 717
037054 830
037062 465
037070 736
037078 240
037086 796
037094 416
037102 933
037110 271
037118 65
036611 41
036619 787
036627 523
036635 793
036643 171
036651 263
036659 144
036667 520
036675 892
036683 587
036691 975
036699 88
036707 833
036715 678
036723 676
036731 388
036739 391
036747 529
036755 623
036763 408
036771 377
036779 125
036787 641
036795 209
036803 478
036811 493
036819 230
036827 84
036835 152
036843 884
036851 79
036859 614
037381 975
037389 671
037397 692
037405 568
037413 720
037421 613
037429 666
037437 886
037445 8
037453 933
037461 858
037469 404
037477 218
037485 875
037493 753
037501 839
037509 343
037517 852
037525 224
037533 48
037541 111
037549 657
037557 540
037565 301
037573 337
037581 330
037589 171
037597 311
037605 559
037613 345
037621 879
037629 507
038151 430
038159 831
038167 298
038175 295
038183 24
038191 191
038199 773
038207 266
038215 811
038223 711
038231 236
038239 944
038247 671
038255 825
038263 885
038271 432
038279 292
038287 363
038295 144
038303 847
038311 977
038319 480
038327 593
038335 58
038343 624
038351 445
038359 548
038367 255
038375 533
038383 29
038391 658
038399 825
037634 863
037642 614
037650 677
037658 238
037666 114
037674 785
037682 510
037690 397
037698 920
037706 266
037714 705
037722 568
037730 651
037738 832
037746 255
037754 634
037762 814
037770 140
037778 736
037786 45
037794 770
037802 921
037810 180
037818 858
037826 892
037834 176
037842 175
037850 573
037858 194
037866 648
037874 506
037882 169
036865 512
036873 249
036881 690
036889 539
036897 176
036905 757
036913 545
036921 708
036929 106
036937 830
036945 748
036953 810
036961 343
036969 677
036977 529
036985 82
036993 354
037001 250
037009 459
037017 425
037025 552
037033 361
037041 382
037049 483
037057 386
037065 133
037073 161
037081 403
037089 531
037097 274
037105 571
037113 695
033280 487
033288 231
033296 778
033304 569
033312 204
033320 915
033328 714
033336 990
033344 913
033352 996
033360 454
033368 453
033376 825
033384 676
033392 18
033400 495
033408 509
033416 533
033424 163
033432 457
033440 874
033448 268
033456 297
033464 761
033472 757
033480 777
033488 727
033496 701
033504 524
033512 274
033520 290
033528 206
037124 75
037132 708
037140 194
037148 571
037156 309
037164 945
037172 114
037180 213
037188 934
037196 38
037204 903
037212 319
037220 884
037228 22
037236 79
037244 265
037252 539
037260 672
037268 70
037276 627
037284 384
037292 294
037300 208
037308 611
037316 662
037324 868
037332 250
037340 288
037348 638
037356 222
037364 627
037372 803
037126 358
037134 106
037142 838
037150 297
037158 717
037166 635
037174 958
037182 807
037190 861
037198 365
037206 466
037214 730
037222 800
037230 933
037238 647
037246 838
037254 192
037262 622
037270 192
037278 802
037286 123
037294 243
037302 317
037310 4
037318 551
037326 82
037334 739
037342 687
037350 804
037358 729
037366 155
037374 71
036867 692
036875 427
036883 660
036891 406
036899 922
036907 50
036915 478
036923 156
036931 756
036939 48
036947 220
036955 732
036963 774
036971 614
036979 453
036987 911
036995 770
037003 51
037011 369
037019 888
037027 43
037035 181
037043 305
037051 789
037059 733
037067 91
037075 1
037083 311
037091 245
037099 808
037107 712
037115 837
037637 858
037645 43
037653 435
037661 604
037669 727
037677 497
037685 9
037693 604
037701 667
037709 793
037717 665
037725 513
037733 878
037741 474
037749 360
037757 124
037765 727
037773 158
037781 655
037789 249
037797 378
037805 10
037813 782
037821 756
037829 835
037837 424
037845 284
037853 327
037861 121
037869 105
037877 426
037885 900
037890 582
037898 437
037906 446
037914 102
037922 307
037930 130
037938 351
037946 822
037954 82
037962 483
037970 772
037978 383
037986 299
037994 56
038002 540
038010 454
038018 741
038026 369
038034 357
038042 234
038050 574
038058 323
038066 227
038074 585
038082 918
038090 542
038098 331
038106 164
038114 544
038122 430
038130 106
038138 421
038407 595
038415 142
038423 540
038431 911
038439 152
038447 952
038455 603
038463 427
038471 246
038479 317
038487 427
038495 643
038503 503
038511 317
038519 542
038527 1
038535 497
038543 410
038551 299
038559 557
038567 447
038575 921
038583 601
038591 870
038599 61
038607 331
038615 683
038623 113
038631 819
038639 707
038647 106
038655 595
037121 209
037129 416
037137 100
037145 186
037153 388
037161 312
037169 948
037177 17
037185 79
037193 747
037201 585
037209 84
037217 520
037225 772
037233 468
037241 877
037249 462
037257 860
037265 521
037273 775
037281 527
037289 3
037297 864
037305 809
037313 638
037321 29
037329 854
037337 994
037345 221
037353 128
037361 528
037369 953
033536 271
033544 540
033552 25
033560 596
033568 27
033576 573
033584 352
033592 237
033600 665
033608 537
033616 6
033624 297
033632 523
033640 183
033648 30
033656 846
033664 986
033672 392
033680 743
033688 829
033696 191
033704 662
033712 637
033720 757
033728 734
033736 187
033744 464
033752 384
033760 470
033768 994
033776 587
033784 641
037380 558
037388 411
037396 879
037404 310
037412 980
037420 226
037428 15
037436 978
037444 927
037452 725
037460 432
037468 114
037476 868
037484 578
037492 863
037500 347
037508 439
037516 930
037524 584
037532 426
037540 104
037548 547
037556 870
037564 295
037572 742
037580 257
037588 814
037596 534
037604 371
037612 442
037620 473
037628 885
037382 424
037390 227
037398 147
037406 215
037414 273
037422 421
037430 321
037438 333
037446 338
037454 18
037462 46
037470 512
037478 188
037486 877
037494 73
037502 721
037510 496
037518 847
037526 113
037534 431
037542 55
037550 336
037558 720
037566 327
037574 233
037582 953
037590 442
037598 743
037606 404
037614 66
037622 958
037630 41
037123 947
037131 855
037139 387
037147 395
037155 458
037163 167
037171 702
037179 228
037187 202
037195 160
037203 463
037211 468
037219 400
037227 397
037235 516
037243 957
037251 702
037259 712
037267 370
037275 521
037283 219
037291 554
037299 566
037307 663
037315 471
037323 718
037331 565
037339 317
037347 952
037355 50
037363 514
037371 479
037893 952
037901 78
037909 530
037917 848
037925 361
037933 660
037941 283
037949 419
037957 979
037965 682
037973 41
037981 347
037989 284
037997 907
038005 965
038013 473
038021 553
038029 48
038037 799
038045 370
038053 156
038061 240
038069 765
038077 9
038085 51
038093 613
038101 245
038109 988
038117 69
038125 718
038133 832
038141 103
038146 467
038154 147
038162 84
038170 384
038178 425
038186 550
038194 272
038202 130
038210 256
038218 279
038226 723
038234 908
038242 774
038250 695
038258 724
038266 419
038274 124
038282 718
038290 841
038298 560
038306 515
038314 840
038322 907
038330 447
038338 874
038346 663
038354 376
038362 702
038370 346
038378 972
038386 664
038394 456
038663 965
038671 475
038679 714
038687 454
038695 717
038703 593
038711 498
038719 393
038727 764
038735 127
038743 800
038751 558
038759 303
038767 923
038775 984
038783 521
038791 193
038799 514
038807 369
038815 275
038823 209
038831 36
038839 690
038847 810
038855 60
038863 167
038871 996
038879 774
038887 495
038895 622
038903 937
038911 259
037377 605
037385 815
037393 452
037401 731
037409 845
037417 480
037425 734
037433 171
037441 630
037449 493
037457 236
037465 749
037473 337
037481 262
037489 114
037497 757
037505 582
037513 828
037521 349
037529 456
037537 399
037545 837
037553 424
037561 24
037569 904
037577 58
037585 650
037593 434
037601 115
037609 435
037617 36
037625 384
033792 601
033800 747
033808 60
033816 209
033824 808
033832 941
033840 200
033848 748
033856 773
033864 835
033872 830
033880 257
033888 116
033896 191
033904 910
033912 715
033920 935
033928 666
033936 199
033944 36
033952 422
033960 795
033968 373
033976 47
033984 561
033992 769
034000 427
034008 945
034016 797
034024 571
034032 752
034040 834
037379 584
037387 896
037395 455
037403 195
037411 170
037419 885
037427 285
037435 94
037443 749
037451 175
037459 227
037467 460
037475 507
037483 720
037491 931
037499 292
037507 733
037515 211
037523 427
037531 632
037539 672
037547 589
037555 861
037563 548
037571 738
037579 175
037587 787
037595 794
037603 661
037611 434
037619 994
037627 692
037638 191
037646 564
037654 890
037662 586
037670 66
037678 205
037686 973
037694 909
037702 915
037710 587
037718 110
037726 190
037734 792
037742 485
037750 241
037758 570
037766 43
037774 11
037782 987
037790 714
037798 797
037806 838
037814 995
037822 123
037830 314
037838 866
037846 42
037854 313
037862 288
037870 68
037878 292
037886 837
038149 454
038157 653
038165 369
038173 846
038181 696
038189 835
038197 783
038205 181
038213 390
038221 209
038229 229
038237 358
038245 739
038253 226
038261 351
038269 859
038277 847
038285 652
038293 826
038301 336
038309 66
038317 436
038325 468
038333 471
038341 480
038349 623
038357 129
038365 294
038373 525
038381 326
038389 209
038397 621
038919 413
038927 950
038935 619
038943 525
038951 577
038959 105
038967 701
038975 980
038983 414
038991 434
038999 372
039007 790
039015 84
039023 650
039031 300
039039 967
039047 468
039055 700
039063 49
039071 613
039079 150
039087 501
039095 339
039103 227
039111 222
039119 990
039127 9
039135 610
039143 123
039151 827
039159 536
039167 898
037636 908
037644 649
037652 313
037660 746
037668 557
037676 802
037684 161
037692 96
037700 466
037708 265
037716 733
037724 761
037732 472
037740 127
037748 318
037756 267
037764 975
037772 758
037780 791
037788 30
037796 983
037804 484
037812 127
037820 912
037828 322
037836 864
037844 593
037852 388
037860 134
037868 164
037876 503
037884 21
038402 936
038410 195
038418 194
038426 378
038434 881
038442 232
038450 828
038458 389
038466 457
038474 160
038482 639
038490 337
038498 394
038506 548
038514 920
038522 951
038530 721
038538 842
038546 293
038554 366
038562 878
038570 292
038578 555
038586 756
038594 365
038602 27
038610 265
038618 862
038626 457
038634 331
038642 205
038650 910
037633 749
037641 853
037649 789
037657 864
037665 789
037673 266
037681 800
037689 10
037697 324
037705 664
037713 515
037721 532
037729 806
037737 305
037745 878
037753 67
037761 402
037769 966
037777 912
037785 721
037793 201
037801 538
037809 484
037817 587
037825 830
037833 948
037841 207
037849 415
037857 816
037865 43
037873 899
037881 499
034048 464
034056 56
034064 557
034072 78
034080 971
034088 299
034096 949
034104 353
034112 914
034120 100
034128 730
034136 106
034144 387
034152 56
034160 400
034168 244
034176 590
034184 873
034192 606
034200 817
034208 686
034216 735
034224 829
034232 191
034240 907
034248 686
034256 683
034264 267
034272 13
034280 201
034288 602
034296 178
037894 857
037902 204
037910 528
037918 89
037926 881
037934 711
037942 90
037950 429
037958 9
037966 918
037974 298
037982 364
037990 581
037998 974
038006 390
038014 3
038022 377
038030 908
038038 748
038046 817
038054 930
038062 24
038070 959
038078 291
038086 552
038094 336
038102 155
038110 371
038118 635
038126 61
038134 474
038142 87
038405 345
038413 898
038421 764
038429 893
038437 681
038445 328
038453 256
038461 756
038469 798
038477 746
038485 791
038493 763
038501 432
038509 200
038517 305
038525 434
038533 442
038541 58
038549 951
038557 517
038565 411
038573 831
038581 910
038589 895
038597 925
038605 359
038613 3
038621 424
038629 496
038637 832
038645 204
038653 182
038658 202
038666 203
038674 140
038682 350
038690 202
038698 988
038706 402
038714 647
038722 852
038730 96
038738 187
038746 971
038754 625
038762 84
038770 271
038778 217
038786 235
038794 720
038802 964
038810 524
038818 850
038826 875
038834 368
038842 94
038850 647
038858 2
038866 296
038874 860
038882 660
038890 801
038898 689
038906 284
037892 79
037900 977
037908 263
037916 701
037924 50
037932 156
037940 870
037948 912
037956 524
037964 29
037972 419
037980 412
037988 525
037996 543
038004 394
038012 870
038020 727
038028 488
038036 498
038044 305
038052 802
038060 564
038068 853
038076 297
038084 84
038092 619
038100 912
038108 58
038116 181
038124 915
038132 470
038140 377
037635 482
037643 541
037651 758
037659 407
037667 86
037675 260
037683 468
037691 337
037699 159
037707 947
037715 776
037723 142
037731 987
037739 988
037747 983
037755 866
037763 305
037771 159
037779 682
037787 179
037795 128
037803 93
037811 206
037819 275
037827 567
037835 837
037843 449
037851 666
037859 310
037867 359
037875 842
037883 447
039175 39
039183 319
039191 914
039199 319
039207 907
039215 524
039223 464
039231 329
039239 718
039247 308
039255 438
039263 836
039271 147
039279 10
039287 864
039295 612
039303 58
039311 278
039319 757
039327 620
039335 440
039343 714
039351 13
039359 668
039367 244
039375 576
039383 928
039391 527
039399 113
039407 771
039415 182
039423 847
037889 165
037897 349
037905 782
037913 882
037921 803
037929 760
037937 904
037945 230
037953 844
037961 0
037969 563
037977 925
037985 890
037993 12
038001 707
038009 239
038017 783
038025 443
038033 189
038041 48
038049 567
038057 495
038065 87
038073 444
038081 173
038089 966
038097 95
038105 918
038113 320
038121 609
038129 152
038137 48
034304 849
034312 346
034320 913
034328 849
034336 331
034344 354
034352 374
034360 271
034368 574
034376 670
034384 447
034392 707
034400 423
034408 97
034416 666
034424 918
034432 188
034440 335
034448 629
034456 535
034464 630
034472 54
034480 665
034488 570
034496 46
034504 899
034512 939
034520 503
034528 763
034536 290
034544 172
034552 525
038661 593
038669 668
038677 778
038685 294
038693 159
038701 325
038709 883
038717 606
038725 480
038733 948
038741 865
038749 776
038757 602
038765 965
038773 830
038781 847
038789 22
038797 205
038805 202
038813 891
038821 782
038829 638
038837 853
038845 140
038853 437
038861 715
038869 308
038877 703
038885 95
038893 560
038901 534
038909 946
038150 738
038158 749
038166 199
038174 360
038182 139
038190 341
038198 789
038206 272
038214 169
038222 807
038230 543
038238 165
038246 431
038254 354
038262 650
038270 928
038278 455
038286 850
038294 607
038302 224
038310 477
038318 665
038326 708
038334 930
038342 996
038350 140
038358 956
038366 944
038374 898
038382 828
038390 405
038398 85
038914 475
038922 287
038930 743
038938 17
038946 940
038954 369
038962 53
038970 984
038978 311
038986 514
038994 577
039002 494
039010 108
039018 820
039026 250
039034 767
039042 91
039050 703
039058 990
039066 237
039074 615
039082 939
039090 142
039098 288
039106 490
039114 544
039122 856
039130 9
039138 567
039146 468
039154 225
039162 456
037891 241
037899 158
037907 891
037915 628
037923 483
037931 902
037939 677
037947 977
037955 720
037963 346
037971 684
037979 16
037987 963
037995 609
038003 595
038011 391
038019 260
038027 759
038035 864
038043 551
038051 39
038059 146
038067 106
038075 722
038083 219
038091 759
038099 441
038107 442
038115 9
038123 68
038131 317
038139 882
038148 339
038156 300
038164 563
038172 285
038180 630
038188 743
038196 470
038204 810
038212 944
038220 366
038228 468
038236 206
038244 257
038252 722
038260 442
038268 485
038276 283
038284 822
038292 716
038300 338
038308 719
038316 831
038324 355
038332 286
038340 847
038348 87
038356 303
038364 447
038372 600
038380 590
038388 36
038396 71
039431 371
039439 175
039447 787
039455 896
039463 100
039471 834
039479 78
039487 849
039495 222
039503 738
039511 920
039519 840
039527 963
039535 509
039543 99
039551 904
039559 876
039567 625
039575 182
039583 59
039591 899
039599 653
039607 67
039615 451
039623 860
039631 533
039639 478
039647 589
039655 300
039663 134
039671 237
039679 261
038145 241
038153 285
038161 843
038169 795
038177 882
038185 868
038193 687
038201 141
038209 711
038217 193
038225 299
038233 320
038241 266
038249 676
038257 480
038265 242
038273 981
038281 520
038289 880
038297 598
038305 446
038313 86
038321 77
038329 478
038337 327
038345 755
038353 145
038361 561
038369 669
038377 681
038385 761
038393 983
034560 757
034568 965
034576 47
034584 457
034592 846
034600 596
034608 893
034616 526
034624 615
034632 286
034640 637
034648 374
034656 357
034664 216
034672 771
034680 60
034688 130
034696 605
034704 289
034712 197
034720 695
034728 421
034736 733
034744 34
034752 195
034760 469
034768 724
034776 696
034784 69
034792 47
034800 852
034808 681
038917 626
038925 880
038933 138
038941 418
038949 752
038957 177
038965 271
038973 194
038981 494
038989 406
038997 961
039005 475
039013 593
039021 975
039029 332
039037 508
039045 428
039053 427
039061 958
039069 882
039077 647
039085 961
039093 9
039101 897
039109 616
039117 200
039125 389
039133 326
039141 112
039149 584
039157 260
039165 132
038147 683
038155 256
038163 597
038171 684
038179 960
038187 153
038195 160
038203 62
038211 29
038219 943
038227 222
038235 191
038243 623
038251 529
038259 884
038267 325
038275 664
038283 508
038291 417
038299 217
038307 463
038315 184
038323 665
038331 765
038339 64
038347 397
038355 830
038363 664
038371 883
038379 816
038387 336
038395 517
039170 648
039178 127
039186 445
039194 855
039202 95
039210 586
039218 919
039226 385
039234 521
039242 368
039250 582
039258 751
039266 702
039274 272
039282 220
039290 443
039298 337
039306 371
039314 534
039322 768
039330 971
039338 273
039346 960
039354 321
039362 922
039370 368
039378 139
039386 567
039394 345
039402 518
039410 67
039418 73
039687 448
039695 792
039703 61
039711 861
039719 940
039727 783
039735 745
039743 463
039751 643
039759 539
039767 975
039775 336
039783 474
039791 225
039799 780
039807 10
039815 124
039823 799
039831 97
039839 617
039847 686
039855 893
039863 71
039871 879
039879 377
039887 194
039895 141
039903 460
039911 208
039919 998
039927 959
039935 185
038406 345
038414 756
038422 917
038430 75
038438 660
038446 155
038454 731
038462 796
038470 646
038478 620
038486 31
038494 86
038502 976
038510 767
038518 961
038526 269
038534 466
038542 156
038550 408
038558 81
038566 48
038574 302
038582 952
038590 886
038598 727
038606 629
038614 282
038622 265
038630 317
038638 988
038646 314
038654 146
038404 233
038412 65
038420 515
038428 337
038436 686
038444 294
038452 567
038460 656
038468 232
038476 711
038484 837
038492 600
038500 80
038508 646
038516 196
038524 113
038532 63
038540 586
038548 369
038556 205
038564 257
038572 871
038580 708
038588 617
038596 809
038604 557
038612 876
038620 961
038628 678
038636 615
038644 511
038652 196
038401 504
038409 392
038417 925
038425 549
038433 29
038441 92
038449 525
038457 436
038465 220
038473 634
038481 412
038489 111
038497 313
038505 381
038513 76
038521 916
038529 688
038537 805
038545 181
038553 806
038561 696
038569 576
038577 411
038585 328
038593 838
038601 737
038609 538
038617 639
038625 604
038633 663
038641 1
038649 976
034816 595
034824 799
034832 288
034840 198
034848 977
034856 523
034864 103
034872 121
034880 490
034888 914
034896 176
034904 233
034912 982
034920 735
034928 417
034936 608
034944 703
034952 415
034960 984
034968 589
034976 657
034984 342
034992 522
035000 232
035008 872
035016 715
035024 756
035032 374
035040 614
035048 780
035056 602
035064 500
039173 184
039181 434
039189 126
039197 511
039205 628
039213 321
039221 146
039229 934
039237 988
039245 397
039253 781
039261 428
039269 300
039277 866
039285 724
039293 270
039301 867
039309 855
039317 40
039325 443
039333 446
039341 522
039349 285
039357 590
039365 355
039373 12
039381 64
039389 829
039397 378
039405 380
039413 50
039421 992
038403 465
038411 296
038419 973
038427 479
038435 208
038443 153
038451 587
038459 480
038467 121
038475 625
038483 641
038491 652
038499 283
038507 142
038515 441
038523 817
038531 328
038539 62
038547 566
038555 552
038563 993
038571 42
038579 443
038587 611
038595 207
038603 742
038611 282
038619 30
038627 51
038635 909
038643 24
038651 178
039426 305
039434 151
039442 237
039450 869
039458 540
039466 94
039474 964
039482 15
039490 801
039498 502
039506 475
039514 625
039522 482
039530 374
039538 722
039546 348
039554 74
039562 594
039570 743
039578 338
039586 533
039594 626
039602 165
039610 830
039618 664
039626 359
039634 107
039642 613
039650 255
039658 653
039666 187
039674 749
039943 98
039951 190
039959 142
039967 841
039975 435
039983 300
039991 829
039999 441
040007 520
040015 348
040023 608
040031 786
040039 273
040047 778
040055 726
040063 876
040071 194
040079 531
040087 777
040095 183
040103 401
040111 763
040119 562
040127 660
040135 97
040143 540
040151 615
040159 636
040167 869
040175 880
040183 653
040191 820
038662 329
038670 347
038678 111
038686 193
038694 491
038702 927
038710 744
038718 847
038726 944
038734 900
038742 221
038750 759
038758 181
038766 946
038774 478
038782 266
038790 239
038798 105
038806 702
038814 337
038822 955
038830 156
038838 66
038846 427
038854 472
038862 6
038870 320
038878 303
038886 40
038894 335
038902 469
038910 798
038660 767
038668 99
038676 207
038684 440
038692 958
038700 270
038708 369
038716 49
038724 710
038732 756
038740 67
038748 982
038756 223
038764 902
038772 838
038780 877
038788 114
038796 381
038804 303
038812 507
038820 927
038828 889
038836 938
038844 666
038852 624
038860 37
038868 283
038876 89
038884 681
038892 987
038900 990
038908 8
038657 380
038665 255
038673 289
038681 284
038689 330
038697 839
038705 661
038713 596
038721 508
038729 608
038737 764
038745 803
038753 35
038761 280
038769 487
038777 234
038785 28
038793 731
038801 17
038809 662
038817 59
038825 401
038833 883
038841 301
038849 197
038857 607
038865 577
038873 755
038881 47
038889 665
038897 425
038905 8
035072 939
035080 426
035088 326
035096 176
035104 774
035112 383
035120 540
035128 232
035136 211
035144 434
035152 983
035160 944
035168 47
035176 760
035184 272
035192 185
035200 631
035208 659
035216 838
035224 891
035232 885
035240 998
035248 689
035256 763
035264 315
035272 19
035280 222
035288 663
035296 11
035304 233
035312 742
035320 291
039429 314
039437 285
039445 587
039453 389
039461 557
039469 583
039477 233
039485 103
039493 330
039501 105
039509 774
039517 396
039525 782
039533 449
039541 12
039549 264
039557 402
039565 849
039573 281
039581 197
039589 586
039597 209
039605 454
039613 388
039621 558
039629 581
039637 823
039645 456
039653 467
039661 21
039669 803
039677 753
038659 256
038667 293
038675 3
038683 257
038691 913
038699 731
038707 716
038715 243
038723 308
038731 737
038739 409
038747 58
038755 226
038763 117
038771 538
038779 944
038787 79
038795 253
038803 604
038811 788
038819 453
038827 497
038835 607
038843 499
038851 566
038859 317
038867 530
038875 601
038883 173
038891 325
038899 207
038907 992
039682 361
039690 727
039698 930
039706 344
039714 932
039722 887
039730 934
039738 699
039746 387
039754 344
039762 439
039770 176
039778 90
039786 727
039794 87
039802 847
039810 61
039818 300
039826 340
039834 898
039842 674
039850 88
039858 657
039866 75
039874 86
039882 478
039890 376
039898 487
039906 205
039914 514
039922 11
039930 45
040199 618
040207 300
040215 891
040223 931
040231 766
040239 99
040247 962
040255 940
040263 805
040271 473
040279 645
040287 804
040295 592
040303 371
040311 605
040319 279
040327 128
040335 604
040343 714
040351 714
040359 664
040367 883
040375 756
040383 123
040391 704
040399 359
040407 359
040415 691
040423 173
040431 469
040439 86
040447 764
038918 980
038926 652
038934 183
038942 37
038950 163
038958 884
038966 39
038974 365
038982 556
038990 73
038998 115
039006 278
039014 259
039022 908
039030 292
039038 3
039046 695
039054 272
039062 174
039070 788
039078 975
039086 148
039094 956
039102 222
039110 895
039118 487
039126 941
039134 999
039142 9
039150 635
039158 352
039166 21
038916 528
038924 957
038932 823
038940 258
038948 701
038956 480
038964 281
038972 245
038980 563
038988 185
038996 319
039004 424
039012 78
039020 632
039028 195
039036 832
039044 974
039052 975
039060 131
039068 708
039076 478
039084 855
039092 837
039100 699
039108 642
039116 149
039124 904
039132 199
039140 393
039148 591
039156 156
039164 862
038913 551
038921 691
038929 925
038937 183
038945 740
038953 269
038961 24
038969 441
038977 869
038985 752
038993 410
039001 380
039009 661
039017 553
039025 970
039033 586
039041 454
039049 670
039057 575
039065 33
039073 183
039081 6
039089 892
039097 209
039105 127
039113 327
039121 981
039129 992
039137 511
039145 964
039153 575
039161 21
035328 76
035336 795
035344 479
035352 164
035360 748
035368 519
035376 0
035384 575
035392 890
035400 478
035408 806
035416 311
035424 684
035432 356
035440 657
035448 867
035456 558
035464 820
035472 583
035480 381
035488 777
035496 371
035504 703
035512 97
035520 865
035528 963
035536 304
035544 954
035552 418
035560 658
035568 395
035576 163
039685 365
039693 455
039701 67
039709 356
039717 660
039725 902
039733 146
039741 539
039749 503
039757 830
039765 692
039773 572
039781 44
039789 444
039797 528
039805 924
039813 234
039821 500
039829 769
039837 273
039845 309
039853 180
039861 853
039869 755
039877 220
039885 780
039893 683
039901 670
039909 807
039917 148
039925 641
039933 907
038915 99
038923 91
038931 435
038939 918
038947 88
038955 875
038963 579
038971 321
038979 139
038987 116
038995 675
039003 151
039011 437
039019 19
039027 319
039035 633
039043 601
039051 739
039059 22
039067 613
039075 26
039083 774
039091 479
039099 120
039107 589
039115 9
039123 5
039131 720
039139 684
039147 580
039155 331
039163 434
039938 813
039946 583
039954 742
039962 540
039970 545
039978 475
039986 798
039994 479
040002 605
040010 80
040018 857
040026 155
040034 647
040042 371
040050 48
040058 726
040066 64
040074 734
040082 515
040090 326
040098 649
040106 635
040114 261
040122 527
040130 156
040138 947
040146 60
040154 147
040162 405
040170 787
040178 192
040186 876
040455 653
040463 609
040471 557
040479 158
040487 50
040495 333
040503 113
040511 82
040519 500
040527 231
040535 456
040543 552
040551 35
040559 157
040567 198
040575 556
040583 244
040591 180
040599 743
040607 619
040615 691
040623 933
040631 141
040639 895
040647 202
040655 859
040663 214
040671 700
040679 537
040687 543
040695 813
040703 165
039174 723
039182 413
039190 462
039198 93
039206 508
039214 185
039222 199
039230 850
039238 445
039246 691
039254 353
039262 786
039270 171
039278 323
039286 552
039294 47
039302 435
039310 677
039318 192
039326 329
039334 809
039342 738
039350 204
039358 708
039366 666
039374 226
039382 473
039390 727
039398 536
039406 649
039414 372
039422 778
039172 118
039180 509
039188 15
039196 849
039204 431
039212 951
039220 929
039228 390
039236 119
039244 8
039252 174
039260 609
039268 666
039276 866
039284 493
039292 986
039300 849
039308 634
039316 849
039324 152
039332 616
039340 70
039348 7
039356 896
039364 512
039372 722
039380 398
039388 516
039396 184
039404 122
039412 572
039420 518
035584 945
035592 927
035600 387
035608 997
035616 125
035624 621
035632 483
035640 465
035648 37
035656 939
035664 26
035672 174
035680 357
035688 747
035696 942
035704 929
035712 407
035720 241
035728 73
035736 749
035744 354
035752 752
035760 697
035768 473
035776 26
035784 437
035792 44
035800 660
035808 460
035816 659
035824 114
035832 940
039941 743
039949 322
039957 775
039965 548
039973 459
039981 994
039989 266
039997 249
040005 795
040013 693
040021 522
040029 163
040037 986
040045 192
040053 220
040061 500
040069 202
040077 386
040085 628
040093 95
040101 619
040109 923
040117 789
040125 591
040133 34
040141 183
040149 152
040157 92
040165 491
040173 583
040181 928
040189 987
039169 983
039177 900
039185 135
039193 992
039201 783
039209 665
039217 305
039225 530
039233 957
039241 627
039249 767
039257 584
039265 467
039273 512
039281 326
039289 59
039297 499
039305 604
039313 318
039321 284
039329 744
039337 242
039345 897
039353 638
039361 64
039369 445
039377 106
039385 987
039393 187
039401 597
039409 285
039417 973
040711 98
040719 313
040727 669
040735 121
040743 274
040751 30
040759 569
040767 822
040775 203
040783 440
040791 839
040799 898
040807 637
040815 75
040823 716
040831 754
040839 112
040847 950
040855 38
040863 50
040871 635
040879 260
040887 179
040895 129
040903 748
040911 539
040919 569
040927 765
040935 148
040943 107
040951 12
040959 253
040194 213
040202 12
040210 545
040218 258
040226 188
040234 455
040242 417
040250 363
040258 679
040266 27
040274 752
040282 602
040290 416
040298 435
040306 791
040314 259
040322 541
040330 38
040338 707
040346 590
040354 793
040362 27
040370 382
040378 404
040386 588
040394 825
040402 51
040410 149
040418 168
040426 986
040434 349
040442 925
039171 693
039179 740
039187 375
039195 598
039203 670
039211 822
039219 909
039227 168
039235 241
039243 795
039251 262
039259 267
039267 959
039275 27
039283 346
039291 268
039299 569
039307 53
039315 172
039323 591
039331 834
039339 781
039347 836
039355 980
039363 349
039371 911
039379 487
039387 424
039395 228
039403 48
039411 804
039419 876
039430 895
039438 227
039446 779
039454 451
039462 827
039470 253
039478 141
039486 611
039494 515
039502 77
039510 884
039518 903
039526 908
039534 92
039542 195
039550 93
039558 134
039566 787
039574 191
039582 391
039590 710
039598 16
039606 158
039614 42
039622 174
039630 939
039638 971
039646 305
039654 766
039662 857
039670 816
039678 316
039428 755
039436 63
039444 773
039452 677
039460 478
039468 745
039476 369
039484 487
039492 791
039500 338
039508 62
039516 384
039524 316
039532 999
039540 887
039548 902
039556 474
039564 624
039572 408
039580 566
039588 814
039596 18
039604 121
039612 499
039620 631
039628 400
039636 870
039644 885
039652 92
039660 927
039668 276
039676 474
040197 600
040205 520
040213 34
040221 866
040229 401
040237 964
040245 894
040253 583
040261 836
040269 585
040277 328
040285 279
040293 902
040301 401
040309 2
040317 810
040325 476
040333 62
040341 221
040349 913
040357 810
040365 516
040373 634
040381 354
040389 450
040397 152
040405 469
040413 732
040421 404
040429 557
040437 484
040445 628
035840 587
035848 290
035856 137
035864 422
035872 587
035880 664
035888 284
035896 103
035904 418
035912 135
035920 44
035928 491
035936 642
035944 580
035952 798
035960 335
035968 374
035976 604
035984 670
035992 676
036000 789
036008 589
036016 768
036024 866
036032 470
036040 406
036048 666
036056 674
036064 563
036072 655
036080 53
036088 28
039425 297
039433 549
039441 38
039449 56
039457 6
039465 640
039473 591
039481 248
039489 809
039497 56
039505 175
039513 805
039521 420
039529 414
039537 712
039545 347
039553 361
039561 486
039569 117
039577 593
039585 263
039593 746
039601 310
039609 216
039617 13
039625 620
039633 51
039641 922
039649 539
039657 929
039665 380
039673 453
040967 959
040975 461
040983 528
040991 591
040999 171
041007 259
041015 417
041023 153
041031 676
041039 102
041047 930
041055 994
041063 512
041071 833
041079 689
041087 851
041095 204
041103 443
041111 938
041119 138
041127 538
041135 508
041143 261
041151 8
041159 914
041167 737
041175 451
041183 363
041191 620
041199 356
041207 568
041215 971
040450 518
040458 736
040466 347
040474 544
040482 314
040490 234
040498 437
040506 285
040514 955
040522 381
040530 488
040538 497
040546 382
040554 791
040562 58
040570 801
040578 828
040586 32
040594 682
040602 302
040610 117
040618 627
040626 994
040634 832
040642 506
040650 735
040658 898
040666 186
040674 254
040682 933
040690 532
040698 79
039427 583
039435 136
039443 179
039451 900
039459 409
039467 471
039475 138
039483 576
039491 488
039499 670
039507 466
039515 281
039523 567
039531 831
039539 625
039547 5
039555 5
039563 890
039571 843
039579 884
039587 939
039595 519
039603 917
039611 258
039619 683
039627 78
039635 37
039643 984
039651 481
039659 773
039667 266
039675 754
039686 227
039694 276
039702 197
039710 354
039718 236
039726 950
039734 72
039742 185
039750 831
039758 712
039766 272
039774 494
039782 683
039790 99
039798 21
039806 844
039814 81
039822 585
039830 300
039838 502
039846 460
039854 273
039862 929
039870 369
039878 498
039886 901
039894 287
039902 324
039910 163
039918 635
039926 42
039934 575
039684 443
039692 28
039700 7
039708 563
039716 284
039724 612
039732 778
039740 319
039748 915
039756 445
039764 123
039772 19
039780 892
039788 46
039796 21
039804 761
039812 991
039820 667
039828 140
039836 315
039844 156
039852 619
039860 398
039868 112
039876 274
039884 435
039892 940
039900 897
039908 9
039916 371
039924 308
039932 999
040453 184
040461 251
040469 465
040477 199
040485 841
040493 278
040501 779
040509 699
040517 225
040525 500
040533 229
040541 738
040549 422
040557 769
040565 56
040573 785
040581 548
040589 380
040597 301
040605 204
040613 254
040621 764
040629 331
040637 505
040645 719
040653 903
040661 445
040669 368
040677 177
040685 582
040693 599
040701 334
036096 811
036104 841
036112 698
036120 0
036128 5
036136 336
036144 707
036152 672
036160 348
036168 846
036176 468
036184 160
036192 451
036200 415
036208 792
036216 855
036224 996
036232 4
036240 131
036248 170
036256 248
036264 657
036272 955
036280 583
036288 862
036296 468
036304 404
036312 665
036320 3
036328 676
036336 156
036344 490
039681 270
039689 587
039697 379
039705 606
039713 210
039721 227
039729 605
039737 712
039745 21
039753 377
039761 258
039769 812
039777 360
039785 110
039793 732
039801 652
039809 120
039817 940
039825 947
039833 849
039841 246
039849 771
039857 789
039865 109
039873 405
039881 981
039889 851
039897 619
039905 253
039913 346
039921 660
039929 703
041223 850
041231 605
041239 453
041247 889
041255 659
041263 566
041271 926
041279 55
041287 496
041295 630
041303 645
041311 663
041319 580
041327 114
041335 579
041343 840
041351 878
041359 987
041367 989
041375 896
041383 54
041391 932
041399 781
041407 623
041415 286
041423 38
041431 70
041439 853
041447 397
041455 284
041463 962
041471 981
040706 784
040714 637
040722 311
040730 476
040738 84
040746 392
040754 526
040762 865
040770 918
040778 478
040786 561
040794 294
040802 893
040810 58
040818 262
040826 187
040834 992
040842 491
040850 687
040858 25
040866 58
040874 176
040882 229
040890 819
040898 757
040906 844
040914 251
040922 655
040930 134
040938 512
040946 59
040954 145
039683 225
039691 965
039699 299
039707 291
039715 141
039723 659
039731 957
039739 986
039747 10
039755 526
039763 558
039771 383
039779 542
039787 749
039795 684
039803 588
039811 364
039819 756
039827 437
039835 459
039843 939
039851 50
039859 631
039867 666
039875 615
039883 783
039891 845
039899 874
039907 919
039915 234
039923 714
039931 463
039942 237
039950 662
039958 542
039966 997
039974 384
039982 989
039990 739
039998 276
040006 699
040014 666
040022 821
040030 521
040038 891
040046 532
040054 720
040062 271
040070 968
040078 130
040086 524
040094 677
040102 448
040110 537
040118 565
040126 332
040134 822
040142 187
040150 78
040158 711
040166 516
040174 803
040182 778
040190 559
039940 262
039948 597
039956 608
039964 953
039972 106
039980 690
039988 345
039996 889
040004 566
040012 437
040020 418
040028 979
040036 472
040044 828
040052 443
040060 232
040068 723
040076 34
040084 152
040092 116
040100 442
040108 619
040116 98
040124 820
040132 254
040140 898
040148 867
040156 798
040164 334
040172 127
040180 890
040188 455
040709 853
040717 378
040725 203
040733 899
040741 489
040749 885
040757 786
040765 168
040773 218
040781 169
040789 86
040797 949
040805 634
040813 972
040821 633
040829 439
040837 642
040845 645
040853 393
040861 889
040869 959
040877 26
040885 477
040893 984
040901 785
040909 742
040917 8
040925 215
040933 414
040941 794
040949 685
040957 498
036352 203
036360 727
036368 446
036376 382
036384 243
036392 133
036400 538
036408 80
036416 687
036424 959
036432 852
036440 420
036448 253
036456 867
036464 770
036472 310
036480 578
036488 351
036496 862
036504 137
036512 480
036520 220
036528 916
036536 40
036544 860
036552 935
036560 671
036568 454
036576 472
036584 40
036592 786
036600 420
041479 890
041487 190
041495 505
041503 143
041511 4
041519 144
041527 422
041535 313
041543 315
041551 7
041559 405
041567 657
041575 811
041583 845
041591 467
041599 341
041607 476
041615 857
041623 982
041631 993
041639 177
041647 173
041655 354
041663 927
041671 214
041679 125
041687 737
041695 856
041703 310
041711 370
041719 35
041727 171
039937 720
039945 219
039953 824
039961 966
039969 996
039977 339
039985 64
039993 416
040001 325
040009 481
040017 575
040025 457
040033 353
040041 958
040049 299
040057 480
040065 70
040073 371
040081 391
040089 477
040097 842
040105 536
040113 755
040121 571
040129 166
040137 961
040145 105
040153 453
040161 736
040169 967
040177 146
040185 342
039939 503
039947 282
039955 826
039963 989
039971 216
039979 201
039987 348
039995 661
040003 265
040011 57
040019 675
040027 191
040035 26
040043 751
040051 101
040059 852
040067 791
040075 813
040083 193
040091 807
040099 395
040107 762
040115 827
040123 506
040131 683
040139 459
040147 257
040155 565
040163 19
040171 37
040179 358
040187 485
040962 883
040970 104
040978 675
040986 35
040994 21
041002 295
041010 150
041018 260
041026 469
041034 112
041042 280
041050 635
041058 473
041066 779
041074 943
041082 531
041090 994
041098 269
041106 743
041114 136
041122 313
041130 427
041138 519
041146 203
041154 962
041162 855
041170 826
041178 957
041186 601
041194 381
041202 823
041210 976
040198 297
040206 171
040214 778
040222 636
040230 233
040238 731
040246 211
040254 728
040262 768
040270 358
040278 44
040286 866
040294 113
040302 526
040310 169
040318 761
040326 295
040334 427
040342 779
040350 579
040358 26
040366 950
040374 780
040382 678
040390 508
040398 1
040406 910
040414 870
040422 734
040430 431
040438 665
040446 560
040196 470
040204 868
040212 747
040220 883
040228 632
040236 636
040244 855
040252 75
040260 365
040268 691
040276 330
040284 628
040292 423
040300 684
040308 979
040316 707
040324 617
040332 894
040340 147
040348 429
040356 145
040364 653
040372 662
040380 937
040388 107
040396 721
040404 615
040412 892
040420 187
040428 308
040436 447
040444 176
040965 526
040973 19
040981 405
040989 11
040997 205
041005 120
041013 999
041021 619
041029 54
041037 933
041045 901
041053 95
041061 513
041069 522
041077 458
041085 629
041093 245
041101 965
041109 50
041117 752
041125 109
041133 258
041141 56
041149 168
041157 684
041165 176
041173 916
041181 874
041189 853
041197 874
041205 741
041213 68
036608 372
036616 955
036624 690
036632 944
036640 863
036648 763
036656 183
036664 908
036672 92
036680 321
036688 879
036696 846
036704 766
036712 685
036720 83
036728 226
036736 668
036744 915
036752 545
036760 724
036768 960
036776 309
036784 149
036792 983
036800 478
036808 376
036816 344
036824 862
036832 132
036840 506
036848 562
036856 943
040195 286
040203 870
040211 626
040219 742
040227 592
040235 743
040243 116
040251 765
040259 93
040267 882
040275 155
040283 613
040291 512
040299 790
040307 805
040315 560
040323 601
040331 124
040339 89
040347 547
040355 98
040363 773
040371 603
040379 105
040387 494
040395 331
040403 461
040411 760
040419 212
040427 151
040435 414
040443 188
041735 223
041743 42
041751 823
041759 134
041767 275
041775 513
041783 939
041791 29
041799 601
041807 676
041815 521
041823 428
041831 101
041839 90
041847 944
041855 412
041863 802
041871 908
041879 160
041887 927
041895 237
041903 398
041911 654
041919 566
041927 917
041935 521
041943 957
041951 412
041959 258
041967 317
041975 304
041983 62
040193 901
040201 661
040209 370
040217 397
040225 411
040233 227
040241 23
040249 234
040257 780
040265 289
040273 768
040281 465
040289 69
040297 551
040305 178
040313 639
040321 228
040329 523
040337 436
040345 308
040353 224
040361 112
040369 262
040377 257
040385 393
040393 213
040401 288
040409 886
040417 503
040425 821
040433 869
040441 210
041218 575
041226 126
041234 997
041242 715
041250 777
041258 536
041266 318
041274 43
041282 324
041290 806
041298 419
041306 635
041314 299
041322 110
041330 712
041338 466
041346 48
041354 84
041362 298
041370 127
041378 110
041386 275
041394 707
041402 961
041410 341
041418 609
041426 133
041434 582
041442 700
041450 40
041458 333
041466 885
040454 281
040462 670
040470 313
040478 314
040486 432
040494 162
040502 0
040510 698
040518 266
040526 628
040534 598
040542 706
040550 474
040558 811
040566 56
040574 655
040582 352
040590 360
040598 932
040606 950
040614 154
040622 570
040630 347
040638 506
040646 17
040654 974
040662 98
040670 210
040678 604
040686 636
040694 532
040702 197
040452 52
040460 289
040468 386
040476 776
040484 632
040492 847
040500 535
040508 785
040516 766
040524 337
040532 516
040540 382
040548 45
040556 732
040564 303
040572 866
040580 139
040588 386
040596 493
040604 797
040612 87
040620 687
040628 207
040636 921
040644 357
040652 466
040660 482
040668 432
040676 934
040684 491
040692 222
040700 867
041221 462
041229 368
041237 343
041245 335
041253 426
041261 667
041269 34
041277 615
041285 902
041293 150
041301 403
041309 635
041317 105
041325 867
041333 212
041341 131
041349 438
041357 701
041365 38
041373 408
041381 761
041389 973
041397 691
041405 131
041413 91
041421 342
041429 535
041437 816
041445 206
041453 218
041461 209
041469 910
036864 988
036872 872
036880 169
036888 74
036896 891
036904 13
036912 241
036920 728
036928 77
036936 414
036944 853
036952 59
036960 101
036968 828
036976 473
036984 8
036992 378
037000 728
037008 380
037016 38
037024 103
037032 429
037040 496
037048 950
037056 443
037064 513
037072 530
037080 130
037088 692
037096 670
037104 574
037112 898
041991 476
041999 41
042007 85
042015 937
042023 13
042031 642
042039 769
042047 554
042055 769
042063 965
042071 76
042079 432
042087 873
042095 943
042103 72
042111 700
042119 985
042127 839
042135 383
042143 282
042151 721
042159 69
042167 973
042175 852
042183 187
042191 496
042199 797
042207 720
042215 868
042223 105
042231 470
042239 701
040451 0
040459 394
040467 639
040475 15
040483 213
040491 519
040499 346
040507 123
040515 102
040523 504
040531 870
040539 154
040547 204
040555 395
040563 523
040571 488
040579 50
040587 252
040595 151
040603 563
040611 113
040619 918
040627 259
040635 145
040643 90
040651 847
040659 586
040667 646
040675 930
040683 743
040691 616
040699 429
041474 288
041482 163
041490 848
041498 105
041506 59
041514 514
041522 210
041530 522
041538 722
041546 291
041554 167
041562 12
041570 130
041578 809
041586 635
041594 977
041602 63
041610 976
041618 524
041626 10
041634 857
041642 857
041650 643
041658 196
041666 30
041674 43
041682 227
041690 539
041698 930
041706 429
041714 178
041722 144
040449 63
040457 904
040465 73
040473 766
040481 298
040489 809
040497 308
040505 995
040513 439
040521 645
040529 114
040537 737
040545 760
040553 815
040561 743
040569 25
040577 834
040585 886
040593 784
040601 62
040609 847
040617 862
040625 320
040633 437
040641 568
040649 959
040657 235
040665 942
040673 439
040681 790
040689 371
040697 320
040710 396
040718 823
040726 584
040734 157
040742 88
040750 410
040758 828
040766 70
040774 453
040782 343
040790 296
040798 431
040806 496
040814 883
040822 567
040830 649
040838 936
040846 151
040854 386
040862 352
040870 950
040878 606
040886 219
040894 657
040902 144
040910 938
040918 283
040926 798
040934 740
040942 785
040950 745
040958 556
040708 937
040716 795
040724 817
040732 469
040740 153
040748 636
040756 255
040764 427
040772 822
040780 351
040788 618
040796 55
040804 204
040812 318
040820 348
040828 622
040836 665
040844 72
040852 789
040860 50
040868 211
040876 682
040884 145
040892 167
040900 4
040908 667
040916 530
040924 471
040932 784
040940 557
040948 228
040956 475
041477 233
041485 736
041493 502
041501 973
041509 832
041517 945
041525 460
041533 196
041541 422
041549 859
041557 147
041565 813
041573 264
041581 678
041589 797
041597 466
041605 608
041613 35
041621 876
041629 868
041637 14
041645 377
041653 193
041661 577
041669 642
041677 549
041685 89
041693 894
041701 983
041709 406
041717 59
041725 122
040707 844
040715 753
040723 769
040731 605
040739 172
040747 527
040755 690
040763 345
040771 647
040779 881
040787 446
040795 564
040803 668
040811 484
040819 710
040827 895
040835 177
040843 761
040851 962
040859 47
040867 312
040875 670
040883 7
040891 251
040899 417
040907 130
040915 31
040923 149
040931 118
040939 936
040947 632
040955 519
042247 160
042255 116
042263 177
042271 941
042279 950
042287 146
042295 817
042303 591
042311 797
042319 197
042327 351
042335 955
042343 930
042351 3
042359 35
042367 62
042375 870
042383 43
042391 974
042399 340
042407 77
042415 137
042423 369
042431 108
042439 161
042447 750
042455 883
042463 976
042471 337
042479 240
042487 278
042495 593
037120 675
037128 345
037136 934
037144 811
037152 892
037160 161
037168 11
037176 922
037184 632
037192 240
037200 837
037208 709
037216 415
037224 579
037232 876
037240 237
037248 181
037256 291
037264 644
037272 761
037280 662
037288 244
037296 879
037304 674
037312 32
037320 13
037328 284
037336 131
037344 318
037352 105
037360 675
037368 572
041730 929
041738 346
041746 2
041754 32
041762 849
041770 724
041778 748
041786 511
041794 91
041802 945
041810 867
041818 504
041826 195
041834 458
041842 332
041850 584
041858 531
041866 804
041874 812
041882 908
041890 76
041898 290
041906 76
041914 13
041922 674
041930 283
041938 974
041946 330
041954 69
041962 958
041970 765
041978 548
040705 214
040713 314
040721 855
040729 951
040737 134
040745 616
040753 214
040761 523
040769 935
040777 112
040785 709
040793 940
040801 885
040809 796
040817 766
040825 324
040833 33
040841 484
040849 451
040857 495
040865 833
040873 946
040881 232
040889 945
040897 494
040905 172
040913 950
040921 718
040929 665
040937 218
040945 400
040953 833
040966 753
040974 154
040982 263
040990 605
040998 173
041006 776
041014 623
041022 127
041030 567
041038 780
041046 365
041054 937
041062 30
041070 274
041078 548
041086 941
041094 597
041102 598
041110 746
041118 298
041126 65
041134 28
041142 960
041150 566
041158 864
041166 265
041174 439
041182 519
041190 637
041198 42
041206 573
041214 776
040964 378
040972 661
040980 299
040988 502
040996 729
041004 588
041012 106
041020 115
041028 608
041036 682
041044 274
041052 959
041060 705
041068 716
041076 764
041084 848
041092 487
041100 243
041108 573
041116 633
041124 246
041132 659
041140 211
041148 251
041156 176
041164 437
041172 87
041180 543
041188 263
041196 955
041204 346
041212 51
041733 295
041741 336
041749 278
041757 804
041765 765
041773 267
041781 260
041789 960
041797 408
041805 965
041813 605
041821 582
041829 382
041837 203
041845 301
041853 845
041861 916
041869 278
041877 387
041885 252
041893 673
041901 279
041909 626
041917 852
041925 361
041933 94
041941 515
041949 885
041957 232
041965 368
041973 713
041981 380
042503 161
042511 303
042519 455
042527 694
042535 92
042543 699
042551 630
042559 527
042567 209
042575 458
042583 829
042591 784
042599 694
042607 730
042615 639
042623 652
042631 494
042639 163
042647 293
042655 954
042663 17
042671 312
042679 955
042687 471
042695 509
042703 365
042711 714
042719 283
042727 823
042735 868
042743 574
042751 482
040963 335
040971 217
040979 937
040987 278
040995 808
041003 142
041011 443
041019 56
041027 251
041035 322
041043 470
041051 569
041059 107
041067 339
041075 987
041083 220
041091 498
041099 576
041107 820
041115 229
041123 147
041131 288
041139 230
041147 143
041155 685
041163 324
041171 168
041179 318
041187 551
041195 847
041203 266
041211 294
037376 922
037384 634
037392 536
037400 567
037408 382
037416 565
037424 262
037432 839
037440 437
037448 214
037456 39
037464 152
037472 79
037480 828
037488 57
037496 539
037504 702
037512 754
037520 729
037528 770
037536 123
037544 613
037552 329
037560 265
037568 192
037576 29
037584 939
037592 625
037600 18
037608 56
037616 140
037624 30
041986 737
041994 963
042002 269
042010 152
042018 470
042026 79
042034 773
042042 816
042050 634
042058 657
042066 655
042074 896
042082 98
042090 647
042098 904
042106 501
042114 457
042122 591
042130 259
042138 138
042146 318
042154 835
042162 919
042170 104
042178 627
042186 811
042194 545
042202 571
042210 33
042218 519
042226 730
042234 419
040961 863
040969 773
040977 14
040985 876
040993 372
041001 738
041009 124
041017 136
041025 405
041033 675
041041 885
041049 416
041057 267
041065 456
041073 728
041081 925
041089 785
041097 33
041105 269
041113 958
041121 515
041129 864
041137 231
041145 702
041153 306
041161 952
041169 527
041177 729
041185 308
041193 748
041201 249
041209 504
041222 276
041230 196
041238 687
041246 930
041254 818
041262 149
041270 240
041278 196
041286 277
041294 314
041302 111
041310 56
041318 208
041326 210
041334 18
041342 655
041350 56
041358 236
041366 163
041374 113
041382 872
041390 125
041398 16
041406 665
041414 155
041422 957
041430 768
041438 960
041446 768
041454 575
041462 882
041470 848
041220 796
041228 173
041236 321
041244 639
041252 576
041260 51
041268 967
041276 223
041284 566
041292 518
041300 80
041308 403
041316 430
041324 660
041332 990
041340 991
041348 972
041356 427
041364 922
041372 477
041380 153
041388 18
041396 83
041404 475
041412 496
041420 587
041428 638
041436 276
041444 747
041452 655
041460 147
041468 576
041989 283
041997 439
042005 637
042013 981
042021 844
042029 230
042037 375
042045 308
042053 641
042061 898
042069 562
042077 879
042085 123
042093 681
042101 350
042109 367
042117 541
042125 98
042133 932
042141 482
042149 642
042157 371
042165 947
042173 137
042181 560
042189 847
042197 361
042205 377
042213 250
042221 619
042229 433
042237 253
042759 463
042767 32
042775 779
042783 124
042791 957
042799 472
042807 267
042815 258
042823 927
042831 700
042839 349
042847 753
042855 744
042863 287
042871 559
042879 963
042887 702
042895 695
042903 290
042911 618
042919 206
042927 824
042935 989
042943 804
042951 677
042959 707
042967 930
042975 306
042983 314
042991 109
042999 8
043007 543
041219 229
041227 212
041235 109
041243 283
041251 991
041259 791
041267 328
041275 816
041283 213
041291 97
041299 204
041307 474
041315 836
041323 76
041331 991
041339 550
041347 387
041355 8
041363 111
041371 446
041379 261
041387 864
041395 317
041403 984
041411 569
041419 61
041427 129
041435 697
041443 378
041451 656
041459 343
041467 751
037632 94
037640 360
037648 69
037656 909
037664 989
037672 964
037680 56
037688 703
037696 925
037704 473
037712 49
037720 957
037728 170
037736 336
037744 285
037752 649
037760 610
037768 861
037776 376
037784 880
037792 56
037800 659
037808 918
037816 156
037824 425
037832 255
037840 992
037848 305
037856 111
037864 335
037872 82
037880 141
042242 165
042250 843
042258 558
042266 288
042274 564
042282 724
042290 798
042298 381
042306 195
042314 257
042322 322
042330 848
042338 162
042346 84
042354 413
042362 232
042370 515
042378 103
042386 207
042394 674
042402 829
042410 445
042418 153
042426 391
042434 54
042442 231
042450 245
042458 507
042466 140
042474 166
042482 687
042490 857
041217 855
041225 858
041233 122
041241 52
041249 477
041257 328
041265 272
041273 23
041281 50
041289 115
041297 490
041305 624
041313 636
041321 442
041329 631
041337 868
041345 335
041353 64
041361 487
041369 992
041377 204
041385 457
041393 119
041401 51
041409 531
041417 55
041425 215
041433 941
041441 644
041449 968
041457 547
041465 50
041478 660
041486 881
041494 371
041502 230
041510 385
041518 871
041526 337
041534 795
041542 415
041550 672
041558 841
041566 724
041574 56
041582 287
041590 655
041598 862
041606 677
041614 474
041622 970
041630 47
041638 852
041646 992
041654 170
041662 184
041670 184
041678 371
041686 174
041694 675
041702 432
041710 508
041718 702
041726 920
041476 948
041484 517
041492 836
041500 106
041508 264
041516 972
041524 702
041532 986
041540 408
041548 895
041556 622
041564 218
041572 199
041580 438
041588 24
041596 74
041604 428
041612 477
041620 394
041628 667
041636 889
041644 957
041652 873
041660 114
041668 443
041676 137
041684 762
041692 596
041700 724
041708 299
041716 300
041724 422
042245 362
042253 484
042261 345
042269 731
042277 788
042285 348
042293 888
042301 729
042309 103
042317 977
042325 808
042333 121
042341 847
042349 575
042357 248
042365 235
042373 337
042381 387
042389 472
042397 34
042405 463
042413 738
042421 463
042429 511
042437 546
042445 232
042453 76
042461 916
042469 800
042477 552
042485 880
042493 615
041475 306
041483 221
041491 686
041499 565
041507 18
041515 942
041523 772
041531 768
041539 187
041547 255
041555 694
041563 707
041571 896
041579 54
041587 963
041595 136
041603 911
041611 484
041619 434
041627 234
041635 976
041643 296
041651 419
041659 949
041667 154
041675 898
041683 507
041691 478
041699 422
041707 793
041715 885
041723 97
043015 374
043023 19
043031 604
043039 558
043047 468
043055 13
043063 146
043071 550
043079 329
043087 64
043095 93
043103 404
043111 398
043119 60
043127 223
043135 571
043143 218
043151 461
043159 164
043167 636
043175 679
043183 659
043191 166
043199 84
043207 91
043215 800
043223 58
043231 227
043239 901
043247 918
043255 540
043263 689
037888 414
037896 533
037904 527
037912 996
037920 183
037928 330
037936 284
037944 31
037952 975
037960 501
037968 925
037976 519
037984 526
037992 604
038000 221
038008 989
038016 167
038024 54
038032 398
038040 916
038048 588
038056 653
038064 235
038072 961
038080 72
038088 871
038096 232
038104 93
038112 456
038120 939
038128 19
038136 984
042498 59
042506 18
042514 166
042522 204
042530 544
042538 195
042546 618
042554 987
042562 735
042570 998
042578 425
042586 475
042594 543
042602 804
042610 363
042618 598
042626 121
042634 329
042642 42
042650 168
042658 347
042666 227
042674 273
042682 791
042690 6
042698 87
042706 132
042714 93
042722 178
042730 674
042738 926
042746 82
041473 393
041481 604
041489 130
041497 465
041505 372
041513 789
041521 359
041529 452
041537 724
041545 790
041553 158
041561 445
041569 228
041577 817
041585 164
041593 421
041601 614
041609 32
041617 364
041625 40
041633 108
041641 41
041649 183
041657 982
041665 469
041673 539
041681 483
041689 487
041697 24
041705 543
041713 867
041721 746
041734 423
041742 262
041750 533
041758 698
041766 837
041774 455
041782 834
041790 28
041798 602
041806 768
041814 505
041822 473
041830 145
041838 442
041846 13
041854 756
041862 806
041870 395
041878 581
041886 745
041894 513
041902 364
041910 641
041918 92
041926 279
041934 557
041942 908
041950 402
041958 874
041966 8
041974 800
041982 381
041732 41
041740 544
041748 75
041756 532
041764 251
041772 107
041780 550
041788 306
041796 202
041804 105
041812 570
041820 791
041828 698
041836 961
041844 267
041852 603
041860 784
041868 900
041876 42
041884 220
041892 949
041900 210
041908 114
041916 999
041924 439
041932 135
041940 331
041948 512
041956 292
041964 932
041972 641
041980 833
042501 344
042509 392
042517 541
042525 364
042533 399
042541 470
042549 805
042557 853
042565 511
042573 795
042581 712
042589 986
042597 972
042605 646
042613 487
042621 433
042629 572
042637 651
042645 229
042653 693
042661 962
042669 362
042677 635
042685 215
042693 886
042701 499
042709 966
042717 897
042725 422
042733 415
042741 659
042749 27
041731 993
041739 182
041747 363
041755 917
041763 344
041771 213
041779 830
041787 443
041795 35
041803 787
041811 462
041819 294
041827 402
041835 399
041843 748
041851 378
041859 253
041867 17
041875 525
041883 853
041891 744
041899 516
041907 136
041915 391
041923 553
041931 483
041939 963
041947 142
041955 414
041963 861
041971 584
041979 600
043271 921
043279 996
043287 967
043295 43
043303 857
043311 840
043319 515
043327 917
043335 261
043343 602
043351 380
043359 565
043367 977
043375 852
043383 118
043391 72
043399 259
043407 20
043415 710
043423 640
043431 528
043439 698
043447 440
043455 894
043463 492
043471 508
043479 163
043487 515
043495 742
043503 170
043511 750
043519 614
042754 552
042762 438
042770 912
042778 287
042786 980
042794 235
042802 962
042810 439
042818 873
042826 147
042834 490
042842 291
042850 603
042858 575
042866 201
042874 286
042882 265
042890 523
042898 479
042906 331
042914 678
042922 347
042930 227
042938 569
042946 651
042954 362
042962 802
042970 413
042978 106
042986 630
042994 16
043002 706
038144 809
038152 73
038160 238
038168 271
038176 409
038184 428
038192 592
038200 938
038208 8
038216 129
038224 793
038232 622
038240 582
038248 617
038256 111
038264 951
038272 810
038280 171
038288 856
038296 908
038304 36
038312 952
038320 925
038328 507
038336 436
038344 755
038352 930
038360 676
038368 409
038376 963
038384 519
038392 555
041729 351
041737 793
041745 695
041753 266
041761 922
041769 35
041777 407
041785 37
041793 254
041801 1
041809 825
041817 946
041825 896
041833 246
041841 851
041849 808
041857 629
041865 962
041873 636
041881 859
041889 340
041897 499
041905 901
041913 474
041921 668
041929 894
041937 305
041945 109
041953 873
041961 330
041969 257
041977 880
041990 529
041998 209
042006 82
042014 646
042022 790
042030 453
042038 498
042046 523
042054 246
042062 295
042070 442
042078 992
042086 893
042094 505
042102 291
042110 977
042118 497
042126 605
042134 824
042142 281
042150 157
042158 419
042166 244
042174 62
042182 741
042190 410
042198 976
042206 810
042214 40
042222 590
042230 885
042238 840
041988 309
041996 864
042004 261
042012 51
042020 303
042028 303
042036 223
042044 334
042052 710
042060 892
042068 548
042076 138
042084 829
042092 462
042100 941
042108 133
042116 264
042124 72
042132 853
042140 601
042148 648
042156 912
042164 702
042172 32
042180 210
042188 463
042196 626
042204 154
042212 371
042220 444
042228 245
042236 332
042757 852
042765 337
042773 42
042781 317
042789 405
042797 536
042805 793
042813 261
042821 820
042829 493
042837 864
042845 148
042853 965
042861 495
042869 301
042877 541
042885 627
042893 857
042901 136
042909 663
042917 155
042925 587
042933 556
042941 359
042949 193
042957 261
042965 186
042973 96
042981 435
042989 143
042997 354
043005 47
041987 798
041995 657
042003 1
042011 707
042019 650
042027 163
042035 304
042043 255
042051 278
042059 902
042067 830
042075 293
042083 304
042091 960
042099 957
042107 958
042115 595
042123 983
042131 870
042139 82
042147 769
042155 731
042163 652
042171 92
042179 924
042187 151
042195 445
042203 755
042211 278
042219 877
042227 983
042235 796
043527 211
043535 256
043543 501
043551 422
043559 158
043567 84
043575 32
043583 659
043591 643
043599 875
043607 78
043615 915
043623 380
043631 55
043639 956
043647 791
043655 366
043663 58
043671 986
043679 799
043687 684
043695 964
043703 103
043711 896
043719 249
043727 19
043735 82
043743 872
043751 788
043759 410
043767 970
043775 776
043010 93
043018 156
043026 33
043034 445
043042 984
043050 38
043058 20
043066 718
043074 824
043082 69
043090 578
043098 685
043106 885
043114 454
043122 18
043130 749
043138 833
043146 775
043154 77
043162 722
043170 259
043178 161
043186 807
043194 891
043202 426
043210 842
043218 190
043226 565
043234 424
043242 693
043250 572
043258 738
038400 366
038408 162
038416 93
038424 495
038432 575
038440 901
038448 801
038456 332
038464 449
038472 57
038480 353
038488 341
038496 638
038504 444
038512 950
038520 790
038528 896
038536 955
038544 698
038552 893
038560 732
038568 375
038576 90
038584 525
038592 120
038600 1
038608 453
038616 300
038624 58
038632 289
038640 235
038648 577
041985 318
041993 960
042001 492
042009 1
042017 828
042025 613
042033 489
042041 15
042049 696
042057 861
042065 910
042073 983
042081 175
042089 471
042097 950
042105 552
042113 559
042121 714
042129 854
042137 547
042145 641
042153 68
042161 505
042169 521
042177 250
042185 88
042193 228
042201 612
042209 193
042217 956
042225 151
042233 875
042246 629
042254 449
042262 654
042270 976
042278 699
042286 620
042294 590
042302 814
042310 914
042318 447
042326 778
042334 135
042342 68
042350 652
042358 108
042366 827
042374 572
042382 787
042390 801
042398 199
042406 843
042414 111
042422 860
042430 164
042438 150
042446 300
042454 113
042462 862
042470 955
042478 660
042486 388
042494 275
042244 140
042252 31
042260 321
042268 389
042276 888
042284 571
042292 771
042300 46
042308 99
042316 653
042324 675
042332 211
042340 133
042348 470
042356 405
042364 467
042372 769
042380 641
042388 588
042396 500
042404 575
042412 453
042420 980
042428 896
042436 86
042444 743
042452 31
042460 943
042468 298
042476 103
042484 855
042492 636
043013 419
043021 606
043029 770
043037 663
043045 581
043053 447
043061 190
043069 632
043077 609
043085 257
043093 613
043101 286
043109 370
043117 311
043125 4
043133 609
043141 757
043149 671
043157 170
043165 990
043173 541
043181 406
043189 533
043197 537
043205 122
043213 259
043221 658
043229 8
043237 622
043245 674
043253 2
043261 807
042243 184
042251 43
042259 377
042267 802
042275 873
042283 792
042291 679
042299 776
042307 758
042315 205
042323 308
042331 210
042339 581
042347 398
042355 502
042363 838
042371 698
042379 406
042387 854
042395 487
042403 258
042411 550
042419 39
042427 773
042435 678
042443 671
042451 878
042459 402
042467 941
042475 771
042483 236
042491 726
043783 951
043791 635
043799 674
043807 712
043815 248
043823 129
043831 179
043839 174
043847 214
043855 28
043863 462
043871 669
043879 899
043887 236
043895 163
043903 912
043911 628
043919 803
043927 847
043935 950
043943 326
043951 801
043959 474
043967 768
043975 104
043983 997
043991 789
043999 787
044007 623
044015 49
044023 801
044031 540
043266 69
043274 318
043282 323
043290 155
043298 234
043306 679
043314 311
043322 699
043330 229
043338 50
043346 111
043354 79
043362 950
043370 212
043378 353
043386 990
043394 543
043402 600
043410 556
043418 90
043426 425
043434 834
043442 920
043450 246
043458 797
043466 54
043474 69
043482 640
043490 976
043498 349
043506 23
043514 90
038656 607
038664 879
038672 318
038680 824
038688 113
038696 858
038704 623
038712 795
038720 191
038728 801
038736 336
038744 105
038752 839
038760 947
038768 571
038776 281
038784 706
038792 930
038800 141
038808 173
038816 498
038824 843
038832 648
038840 534
038848 590
038856 936
038864 630
038872 848
038880 507
038888 480
038896 243
038904 326
042241 349
042249 679
042257 389
042265 109
042273 446
042281 924
042289 516
042297 54
042305 808
042313 306
042321 561
042329 299
042337 973
042345 807
042353 559
042361 741
042369 68
042377 643
042385 540
042393 692
042401 259
042409 338
042417 656
042425 738
042433 592
042441 311
042449 980
042457 283
042465 624
042473 587
042481 264
042489 740
042502 57
042510 295
042518 419
042526 585
042534 889
042542 457
042550 760
042558 373
042566 766
042574 80
042582 678
042590 862
042598 223
042606 843
042614 338
042622 422
042630 273
042638 545
042646 746
042654 331
042662 799
042670 828
042678 278
042686 553
042694 343
042702 91
042710 732
042718 638
042726 750
042734 526
042742 545
042750 241
042500 720
042508 549
042516 962
042524 135
042532 459
042540 252
042548 13
042556 365
042564 137
042572 8
042580 515
042588 741
042596 747
042604 997
042612 409
042620 740
042628 170
042636 433
042644 695
042652 93
042660 850
042668 687
042676 830
042684 934
042692 638
042700 728
042708 739
042716 215
042724 36
042732 163
042740 566
042748 349
043269 738
043277 413
043285 7
043293 327
043301 478
043309 321
043317 82
043325 300
043333 538
043341 835
043349 618
043357 659
043365 922
043373 225
043381 179
043389 736
043397 342
043405 127
043413 267
043421 405
043429 126
043437 511
043445 544
043453 652
043461 854
043469 423
043477 390
043485 208
043493 55
043501 407
043509 749
043517 858
042499 367
042507 12
042515 747
042523 740
042531 576
042539 174
042547 325
042555 362
042563 272
042571 721
042579 596
042587 904
042595 819
042603 800
042611 46
042619 576
042627 438
042635 230
042643 466
042651 965
042659 889
042667 804
042675 64
042683 131
042691 188
042699 50
042707 243
042715 621
042723 389
042731 726
042739 674
042747 347
044039 768
044047 613
044055 895
044063 203
044071 960
044079 161
044087 0
044095 793
044103 908
044111 516
044119 67
044127 200
044135 329
044143 357
044151 386
044159 328
044167 487
044175 482
044183 323
044191 273
044199 742
044207 951
044215 136
044223 839
044231 960
044239 548
044247 751
044255 82
044263 652
044271 52
044279 614
044287 281
043522 627
043530 139
043538 185
043546 123
043554 759
043562 828
043570 90
043578 543
043586 474
043594 932
043602 761
043610 71
043618 793
043626 460
043634 535
043642 342
043650 131
043658 825
043666 399
043674 569
043682 256
043690 405
043698 983
043706 529
043714 834
043722 14
043730 766
043738 811
043746 556
043754 718
043762 425
043770 848
042497 98
042505 430
042513 91
042521 232
042529 30
042537 876
042545 767
042553 657
042561 618
042569 29
042577 814
042585 704
042593 611
042601 405
042609 961
042617 271
042625 482
042633 410
042641 38
042649 886
042657 191
042665 217
042673 44
042681 476
042689 492
042697 680
042705 185
042713 634
042721 890
042729 945
042737 894
042745 911
038912 469
038920 939
038928 553
038936 827
038944 693
038952 353
038960 455
038968 543
038976 748
038984 863
038992 842
039000 439
039008 822
039016 420
039024 680
039032 114
039040 944
039048 678
039056 402
039064 776
039072 596
039080 415
039088 182
039096 831
039104 532
039112 25
039120 400
039128 193
039136 36
039144 334
039152 397
039160 675
042758 105
042766 549
042774 964
042782 414
042790 511
042798 846
042806 804
042814 654
042822 603
042830 371
042838 988
042846 983
042854 474
042862 323
042870 362
042878 530
042886 302
042894 763
042902 8
042910 586
042918 885
042926 544
042934 169
042942 361
042950 445
042958 487
042966 296
042974 790
042982 275
042990 690
042998 815
043006 658
043525 583
043533 945
043541 110
043549 18
043557 618
043565 940
043573 345
043581 938
043589 210
043597 788
043605 397
043613 165
043621 411
043629 686
043637 329
043645 693
043653 760
043661 138
043669 567
043677 528
043685 497
043693 281
043701 509
043709 964
043717 560
043725 51
043733 910
043741 270
043749 709
043757 970
043765 575
043773 730
042756 197
042764 31
042772 646
042780 701
042788 500
042796 464
042804 608
042812 807
042820 254
042828 507
042836 398
042844 449
042852 384
042860 97
042868 551
042876 226
042884 772
042892 705
042900 180
042908 435
042916 986
042924 98
042932 118
042940 930
042948 421
042956 197
042964 672
042972 706
042980 761
042988 529
042996 306
043004 577
042755 689
042763 770
042771 799
042779 460
042787 594
042795 821
042803 326
042811 640
042819 117
042827 336
042835 930
042843 539
042851 959
042859 526
042867 495
042875 760
042883 50
042891 870
042899 190
042907 212
042915 177
042923 758
042931 257
042939 831
042947 104
042955 132
042963 324
042971 499
042979 974
042987 201
042995 625
043003 202
044295 718
044303 860
044311 289
044319 572
044327 172
044335 285
044343 560
044351 858
044359 41
044367 557
044375 34
044383 942
044391 501
044399 148
044407 308
044415 929
044423 163
044431 86
044439 791
044447 892
044455 60
044463 680
044471 26
044479 853
044487 43
044495 724
044503 15
044511 748
044519 279
044527 897
044535 320
044543 549
039168 748
039176 640
039184 138
039192 994
039200 971
039208 541
039216 628
039224 31
039232 390
039240 600
039248 263
039256 213
039264 947
039272 979
039280 649
039288 788
039296 574
039304 16
039312 971
039320 703
039328 253
039336 324
039344 757
039352 933
039360 958
039368 377
039376 402
039384 5
039392 344
039400 739
039408 877
039416 397
042753 748
042761 798
042769 982
042777 239
042785 355
042793 630
042801 129
042809 541
042817 249
042825 950
042833 133
042841 547
042849 784
042857 727
042865 971
042873 443
042881 932
042889 806
042897 454
042905 737
042913 613
042921 505
042929 639
042937 346
042945 705
042953 814
042961 357
042969 234
042977 528
042985 83
042993 219
043001 845
043778 862
043786 435
043794 388
043802 677
043810 503
043818 75
043826 220
043834 223
043842 457
043850 277
043858 726
043866 800
043874 292
043882 581
043890 228
043898 851
043906 874
043914 377
043922 321
043930 878
043938 125
043946 942
043954 578
043962 389
043970 699
043978 900
043986 862
043994 888
044002 915
044010 794
044018 652
044026 696
043014 440
043022 757
043030 769
043038 541
043046 31
043054 168
043062 292
043070 38
043078 596
043086 132
043094 736
043102 105
043110 458
043118 96
043126 886
043134 281
043142 546
043150 195
043158 977
043166 624
043174 238
043182 301
043190 789
043198 334
043206 91
043214 182
043222 931
043230 37
043238 794
043246 977
043254 322
043262 874
043781 69
043789 308
043797 422
043805 591
043813 372
043821 483
043829 853
043837 876
043845 496
043853 295
043861 518
043869 555
043877 37
043885 8
043893 63
043901 83
043909 261
043917 604
043925 981
043933 257
043941 453
043949 564
043957 247
043965 580
043973 538
043981 701
043989 798
043997 647
044005 341
044013 575
044021 579
044029 814
043012 374
043020 580
043028 795
043036 70
043044 242
043052 879
043060 260
043068 308
043076 742
043084 139
043092 182
043100 312
043108 63
043116 214
043124 182
043132 594
043140 496
043148 754
043156 155
043164 849
043172 563
043180 816
043188 257
043196 714
043204 780
043212 817
043220 702
043228 737
043236 500
043244 749
043252 480
043260 857
043011 425
043019 158
043027 178
043035 478
043043 29
043051 895
043059 730
043067 639
043075 429
043083 162
043091 607
043099 790
043107 19
043115 777
043123 108
043131 563
043139 827
043147 64
043155 413
043163 878
043171 691
043179 961
043187 642
043195 242
043203 152
043211 714
043219 618
043227 796
043235 66
043243 313
043251 581
043259 537
044551 461
044559 979
044567 432
044575 820
044583 48
044591 770
044599 337
044607 152
044615 751
044623 359
044631 482
044639 831
044647 82
044655 764
044663 651
044671 927
044679 861
044687 247
044695 31
044703 630
044711 454
044719 794
044727 784
044735 809
044743 64
044751 537
044759 30
044767 435
044775 663
044783 739
044791 224
044799 568
039424 855
039432 380
039440 573
039448 389
039456 767
039464 158
039472 757
039480 452
039488 976
039496 146
039504 902
039512 880
039520 193
039528 327
039536 623
039544 892
039552 916
039560 987
039568 545
039576 364
039584 606
039592 132
039600 38
039608 948
039616 578
039624 359
039632 479
039640 950
039648 634
039656 214
039664 817
039672 978
043009 715
043017 659
043025 765
043033 467
043041 41
043049 424
043057 212
043065 768
043073 508
043081 474
043089 517
043097 459
043105 555
043113 500
043121 265
043129 792
043137 163
043145 83
043153 396
043161 610
043169 467
043177 763
043185 680
043193 929
043201 79
043209 538
043217 657
043225 874
043233 373
043241 941
043249 69
043257 687
044034 678
044042 424
044050 383
044058 280
044066 92
044074 706
044082 912
044090 593
044098 279
044106 800
044114 77
044122 517
044130 434
044138 221
044146 127
044154 930
044162 958
044170 465
044178 888
044186 653
044194 614
044202 292
044210 218
044218 776
044226 662
044234 90
044242 759
044250 845
044258 687
044266 503
044274 45
044282 154
043270 125
043278 206
043286 23
043294 533
043302 856
043310 178
043318 631
043326 411
043334 288
043342 195
043350 208
043358 767
043366 400
043374 63
043382 122
043390 928
043398 91
043406 933
043414 713
043422 993
043430 680
043438 563
043446 233
043454 367
043462 674
043470 823
043478 826
043486 758
043494 136
043502 827
043510 947
043518 410
044037 210
044045 624
044053 361
044061 616
044069 596
044077 780
044085 510
044093 48
044101 160
044109 799
044117 63
044125 49
044133 421
044141 105
044149 705
044157 412
044165 802
044173 573
044181 145
044189 908
044197 461
044205 52
044213 11
044221 191
044229 552
044237 386
044245 337
044253 200
044261 926
044269 420
044277 544
044285 887
043268 792
043276 878
043284 991
043292 408
043300 310
043308 690
043316 947
043324 760
043332 672
043340 89
043348 607
043356 925
043364 256
043372 454
043380 79
043388 449
043396 116
043404 656
043412 277
043420 141
043428 566
043436 388
043444 60
043452 145
043460 18
043468 163
043476 46
043484 310
043492 688
043500 728
043508 808
043516 717
043267 3
043275 567
043283 131
043291 768
043299 872
043307 934
043315 642
043323 434
043331 794
043339 170
043347 949
043355 490
043363 442
043371 837
043379 55
043387 859
043395 908
043403 847
043411 539
043419 243
043427 599
043435 545
043443 447
043451 667
043459 129
043467 391
043475 115
043483 179
043491 75
043499 602
043507 360
043515 708
044807 342
044815 142
044823 556
044831 279
044839 549
044847 424
044855 837
044863 385
044871 449
044879 996
044887 634
044895 274
044903 979
044911 403
044919 59
044927 742
044935 741
044943 772
044951 581
044959 690
044967 689
044975 310
044983 793
044991 393
044999 815
045007 857
045015 381
045023 677
045031 687
045039 867
045047 536
045055 827
043265 683
043273 638
043281 632
043289 731
043297 648
043305 1
043313 24
043321 795
043329 530
043337 523
043345 357
043353 189
043361 692
043369 729
043377 802
043385 115
043393 662
043401 759
043409 265
043417 380
043425 116
043433 417
043441 440
043449 630
043457 179
043465 876
043473 549
043481 136
043489 505
043497 914
043505 677
043513 290
039680 19
039688 168
039696 891
039704 88
039712 791
039720 603
039728 242
039736 265
039744 901
039752 295
039760 436
039768 200
039776 964
039784 969
039792 369
039800 607
039808 997
039816 707
039824 425
039832 404
039840 796
039848 743
039856 530
039864 211
039872 336
039880 766
039888 90
039896 287
039904 884
039912 138
039920 713
039928 526
044290 319
044298 805
044306 396
044314 61
044322 251
044330 571
044338 875
044346 211
044354 517
044362 913
044370 96
044378 476
044386 20
044394 421
044402 65
044410 6
044418 432
044426 736
044434 348
044442 259
044450 71
044458 950
044466 213
044474 203
044482 98
044490 562
044498 174
044506 864
044514 902
044522 158
044530 57
044538 728
043526 364
043534 919
043542 531
043550 424
043558 388
043566 346
043574 442
043582 409
043590 574
043598 383
043606 353
043614 201
043622 905
043630 917
043638 892
043646 550
043654 705
043662 190
043670 520
043678 935
043686 866
043694 551
043702 186
043710 672
043718 184
043726 47
043734 728
043742 69
043750 992
043758 150
043766 254
043774 500
044293 623
044301 346
044309 936
044317 503
044325 382
044333 55
044341 408
044349 196
044357 800
044365 616
044373 579
044381 455
044389 548
044397 581
044405 246
044413 999
044421 823
044429 322
044437 647
044445 939
044453 673
044461 907
044469 311
044477 630
044485 185
044493 894
044501 941
044509 226
044517 13
044525 52
044533 462
044541 873
043524 872
043532 643
043540 659
043548 258
043556 531
043564 688
043572 312
043580 345
043588 689
043596 993
043604 740
043612 510
043620 16
043628 637
043636 815
043644 313
043652 659
043660 326
043668 337
043676 532
043684 475
043692 548
043700 304
043708 317
043716 539
043724 125
043732 781
043740 140
043748 456
043756 780
043764 585
043772 921
043523 955
043531 32
043539 880
043547 886
043555 571
043563 656
043571 355
043579 415
043587 637
043595 549
043603 951
043611 438
043619 737
043627 203
043635 791
043643 519
043651 111
043659 821
043667 201
043675 748
043683 148
043691 593
043699 471
043707 581
043715 972
043723 775
043731 713
043739 227
043747 306
043755 610
043763 121
043771 409
045063 139
045071 383
045079 753
045087 533
045095 109
045103 832
045111 760
045119 596
045127 141
045135 189
045143 985
045151 599
045159 95
045167 781
045175 399
045183 151
045191 814
045199 871
045207 531
045215 233
045223 772
045231 440
045239 842
045247 868
045255 24
045263 933
045271 136
045279 875
045287 552
045295 92
045303 693
045311 800
039936 157
039944 528
039952 821
039960 868
039968 843
039976 954
039984 669
039992 147
040000 718
040008 567
040016 872
040024 499
040032 576
040040 299
040048 342
040056 535
040064 395
040072 997
040080 38
040088 283
040096 891
040104 448
040112 843
040120 735
040128 133
040136 607
040144 808
040152 267
040160 721
040168 851
040176 357
040184 562
043521 384
043529 637
043537 785
043545 419
043553 792
043561 147
043569 381
043577 273
043585 166
043593 397
043601 934
043609 865
043617 435
043625 422
043633 125
043641 813
043649 940
043657 60
043665 873
043673 933
043681 891
043689 191
043697 860
043705 65
043713 692
043721 559
043729 638
043737 289
043745 797
043753 908
043761 702
043769 138
044546 471
044554 537
044562 516
044570 187
044578 975
044586 474
044594 873
044602 624
044610 681
044618 562
044626 595
044634 518
044642 399
044650 952
044658 43
044666 433
044674 431
044682 326
044690 896
044698 853
044706 408
044714 894
044722 408
044730 10
044738 110
044746 372
044754 476
044762 209
044770 71
044778 591
044786 429
044794 190
043782 540
043790 292
043798 351
043806 950
043814 161
043822 158
043830 1
043838 119
043846 766
043854 687
043862 908
043870 852
043878 544
043886 35
043894 166
043902 590
043910 576
043918 611
043926 157
043934 416
043942 694
043950 244
043958 262
043966 6
043974 538
043982 306
043990 238
043998 576
044006 122
044014 34
044022 707
044030 418
044549 461
044557 412
044565 683
044573 548
044581 442
044589 710
044597 564
044605 119
044613 969
044621 710
044629 590
044637 975
044645 404
044653 472
044661 778
044669 814
044677 716
044685 241
044693 12
044701 156
044709 249
044717 942
044725 894
044733 756
044741 534
044749 29
044757 616
044765 322
044773 86
044781 680
044789 10
044797 409
043780 253
043788 835
043796 759
043804 984
043812 645
043820 381
043828 907
043836 98
043844 587
043852 316
043860 410
043868 259
043876 434
043884 718
043892 918
043900 169
043908 204
043916 954
043924 345
043932 994
043940 408
043948 417
043956 512
043964 485
043972 354
043980 59
043988 599
043996 142
044004 673
044012 427
044020 174
044028 478
043779 322
043787 423
043795 208
043803 910
043811 581
043819 376
043827 52
043835 376
043843 216
043851 688
043859 465
043867 111
043875 299
043883 685
043891 783
043899 369
043907 12
043915 977
043923 770
043931 864
043939 804
043947 759
043955 542
043963 63
043971 510
043979 727
043987 267
043995 18
044003 782
044011 90
044019 593
044027 178
045319 35
045327 735
045335 376
045343 343
045351 190
045359 306
045367 140
045375 623
045383 295
045391 990
045399 363
045407 224
045415 516
045423 973
045431 683
045439 497
045447 33
045455 641
045463 889
045471 701
045479 472
045487 772
045495 807
045503 828
045511 713
045519 355
045527 648
045535 286
045543 235
045551 182
045559 175
045567 680
040192 608
040200 249
040208 649
040216 858
040224 867
040232 136
040240 796
040248 53
040256 216
040264 788
040272 638
040280 150
040288 429
040296 925
040304 845
040312 452
040320 513
040328 275
040336 195
040344 456
040352 383
040360 142
040368 996
040376 713
040384 647
040392 917
040400 253
040408 995
040416 323
040424 351
040432 253
040440 213
043777 106
043785 134
043793 769
043801 545
043809 386
043817 238
043825 407
043833 534
043841 595
043849 231
043857 3
043865 107
043873 212
043881 690
043889 878
043897 125
043905 276
043913 438
043921 807
043929 303
043937 467
043945 795
043953 970
043961 880
043969 736
043977 186
043985 920
043993 465
044001 692
044009 631
044017 813
044025 752
044802 537
044810 411
044818 505
044826 286
044834 592
044842 489
044850 196
044858 645
044866 304
044874 205
044882 219
044890 128
044898 799
044906 906
044914 566
044922 662
044930 255
044938 440
044946 450
044954 248
044962 625
044970 66
044978 299
044986 79
044994 588
045002 148
045010 570
045018 65
045026 186
045034 861
045042 738
045050 561
044038 183
044046 71
044054 185
044062 790
044070 766
044078 896
044086 478
044094 455
044102 966
044110 213
044118 710
044126 782
044134 569
044142 39
044150 154
044158 679
044166 651
044174 573
044182 427
044190 348
044198 634
044206 518
044214 296
044222 277
044230 320
044238 777
044246 662
044254 294
044262 312
044270 192
044278 426
044286 579
044805 584
044813 858
044821 886
044829 439
044837 184
044845 76
044853 928
044861 262
044869 476
044877 934
044885 35
044893 700
044901 82
044909 173
044917 329
044925 733
044933 917
044941 443
044949 538
044957 816
044965 451
044973 514
044981 964
044989 860
044997 212
045005 829
045013 363
045021 391
045029 624
045037 776
045045 717
045053 619
044036 272
044044 128
044052 369
044060 145
044068 705
044076 244
044084 559
044092 311
044100 519
044108 687
044116 875
044124 248
044132 391
044140 405
044148 204
044156 327
044164 321
044172 124
044180 544
044188 799
044196 795
044204 447
044212 658
044220 58
044228 967
044236 53
044244 528
044252 407
044260 623
044268 965
044276 69
044284 804
044035 94
044043 983
044051 717
044059 200
044067 156
044075 696
044083 127
044091 525
044099 448
044107 200
044115 141
044123 6
044131 25
044139 760
044147 477
044155 32
044163 772
044171 411
044179 445
044187 686
044195 382
044203 724
044211 834
044219 390
044227 810
044235 840
044243 982
044251 905
044259 68
044267 409
044275 528
044283 826
045575 575
045583 276
045591 491
045599 116
045607 170
045615 282
045623 12
045631 941
045639 903
045647 152
045655 926
045663 190
045671 182
045679 36
045687 848
045695 432
045703 942
045711 703
045719 607
045727 349
045735 307
045743 364
045751 458
045759 204
045767 437
045775 948
045783 489
045791 695
045799 909
045807 252
045815 813
045823 549
040448 874
040456 599
040464 925
040472 141
040480 319
040488 586
040496 43
040504 359
040512 597
040520 301
040528 813
040536 169
040544 945
040552 92
040560 648
040568 310
040576 44
040584 675
040592 14
040600 890
040608 264
040616 943
040624 543
040632 532
040640 789
040648 746
040656 475
040664 210
040672 961
040680 306
040688 396
040696 393
044033 252
044041 32
044049 583
044057 57
044065 215
044073 621
044081 422
044089 97
044097 506
044105 75
044113 641
044121 25
044129 291
044137 379
044145 452
044153 788
044161 904
044169 419
044177 316
044185 549
044193 925
044201 972
044209 543
044217 852
044225 374
044233 242
044241 404
044249 901
044257 841
044265 766
044273 75
044281 237
045058 443
045066 731
045074 336
045082 916
045090 373
045098 303
045106 661
045114 603
045122 153
045130 501
045138 773
045146 523
045154 935
045162 923
045170 765
045178 827
045186 857
045194 751
045202 16
045210 696
045218 29
045226 787
045234 985
045242 290
045250 436
045258 787
045266 534
045274 746
045282 12
045290 196
045298 116
045306 163
044294 425
044302 230
044310 817
044318 543
044326 658
044334 172
044342 35
044350 392
044358 112
044366 858
044374 858
044382 548
044390 630
044398 975
044406 426
044414 282
044422 873
044430 6
044438 467
044446 28
044454 790
044462 276
044470 916
044478 761
044486 773
044494 50
044502 51
044510 348
044518 175
044526 385
044534 144
044542 908
045061 249
045069 630
045077 364
045085 908
045093 166
045101 639
045109 429
045117 544
045125 402
045133 649
045141 1
045149 596
045157 440
045165 561
045173 58
045181 422
045189 692
045197 162
045205 527
045213 241
045221 886
045229 78
045237 730
045245 802
045253 359
045261 215
045269 443
045277 614
045285 362
045293 217
045301 121
045309 514
044292 781
044300 414
044308 172
044316 935
044324 452
044332 277
044340 6
044348 866
044356 402
044364 489
044372 431
044380 559
044388 270
044396 581
044404 408
044412 210
044420 439
044428 212
044436 186
044444 839
044452 21
044460 871
044468 68
044476 39
044484 982
044492 997
044500 506
044508 273
044516 169
044524 603
044532 516
044540 111
044291 566
044299 299
044307 725
044315 476
044323 942
044331 610
044339 442
044347 669
044355 567
044363 920
044371 633
044379 127
044387 158
044395 861
044403 363
044411 158
044419 448
044427 176
044435 480
044443 195
044451 46
044459 761
044467 124
044475 243
044483 936
044491 467
044499 110
044507 807
044515 9
044523 584
044531 974
044539 752
045831 424
045839 204
045847 416
045855 551
045863 540
045871 707
045879 956
045887 457
045895 453
045903 183
045911 772
045919 596
045927 288
045935 860
045943 572
045951 105
045959 709
045967 886
045975 659
045983 37
045991 508
045999 918
046007 610
046015 66
046023 705
046031 648
046039 265
046047 741
046055 255
046063 768
046071 547
046079 182
044289 319
044297 257
044305 489
044313 882
044321 147
044329 68
044337 755
044345 435
044353 667
044361 511
044369 586
044377 882
044385 108
044393 952
044401 158
044409 932
044417 671
044425 245
044433 918
044441 556
044449 818
044457 913
044465 889
044473 672
044481 37
044489 805
044497 295
044505 314
044513 662
044521 729
044529 651
044537 103
040704 800
040712 571
040720 264
040728 703
040736 10
040744 589
040752 295
040760 815
040768 698
040776 877
040784 500
040792 199
040800 397
040808 493
040816 670
040824 10
040832 788
040840 339
040848 66
040856 378
040864 339
040872 55
040880 20
040888 629
040896 478
040904 656
040912 912
040920 214
040928 475
040936 789
040944 680
040952 382
045314 221
045322 652
045330 97
045338 622
045346 194
045354 730
045362 518
045370 116
045378 634
045386 142
045394 979
045402 571
045410 455
045418 774
045426 151
045434 627
045442 937
045450 865
045458 822
045466 203
045474 847
045482 265
045490 67
045498 5
045506 220
045514 858
045522 33
045530 651
045538 509
045546 306
045554 484
045562 578
044550 624
044558 178
044566 13
044574 233
044582 683
044590 585
044598 656
044606 637
044614 222
044622 2
044630 999
044638 736
044646 541
044654 365
044662 139
044670 58
044678 316
044686 364
044694 963
044702 399
044710 718
044718 354
044726 267
044734 511
044742 678
044750 668
044758 55
044766 787
044774 604
044782 125
044790 420
044798 73
045317 371
045325 794
045333 941
045341 981
045349 722
045357 338
045365 478
045373 969
045381 16
045389 707
045397 258
045405 1
045413 476
045421 150
045429 667
045437 949
045445 680
045453 443
045461 554
045469 578
045477 946
045485 670
045493 465
045501 61
045509 472
045517 827
045525 644
045533 204
045541 282
045549 284
045557 449
045565 101
044548 457
044556 184
044564 300
044572 397
044580 227
044588 524
044596 782
044604 812
044612 413
044620 462
044628 221
044636 831
044644 697
044652 95
044660 817
044668 754
044676 584
044684 949
044692 116
044700 10
044708 686
044716 374
044724 653
044732 809
044740 883
044748 158
044756 260
044764 998
044772 970
044780 622
044788 212
044796 945
044547 151
044555 726
044563 986
044571 232
044579 483
044587 605
044595 68
044603 320
044611 446
044619 275
044627 964
044635 632
044643 849
044651 953
044659 143
044667 450
044675 70
044683 818
044691 78
044699 959
044707 248
044715 6
044723 968
044731 621
044739 669
044747 571
044755 585
044763 584
044771 755
044779 552
044787 744
044795 29
046087 363
046095 904
046103 744
046111 660
046119 496
046127 263
046135 810
046143 431
046151 131
046159 127
046167 390
046175 574
046183 582
046191 455
046199 573
046207 401
046215 115
046223 386
046231 719
046239 786
046247 544
046255 403
046263 819
046271 255
046279 835
046287 417
046295 598
046303 376
046311 687
046319 962
046327 955
046335 354
044545 90
044553 739
044561 672
044569 76
044577 968
044585 204
044593 974
044601 345
044609 683
044617 508
044625 662
044633 506
044641 374
044649 396
044657 525
044665 32
044673 258
044681 172
044689 882
044697 137
044705 52
044713 697
044721 898
044729 259
044737 63
044745 428
044753 352
044761 735
044769 80
044777 559
044785 848
044793 415
040960 619
040968 855
040976 762
040984 156
040992 124
041000 214
041008 975
041016 706
041024 590
041032 637
041040 70
041048 810
041056 230
041064 984
041072 712
041080 230
041088 682
041096 1
041104 619
041112 95
041120 297
041128 577
041136 181
041144 557
041152 805
041160 476
041168 393
041176 49
041184 920
041192 20
041200 229
041208 271
045570 911
045578 900
045586 994
045594 237
045602 536
045610 330
045618 232
045626 7
045634 591
045642 393
045650 345
045658 618
045666 503
045674 200
045682 506
045690 887
045698 617
045706 491
045714 136
045722 306
045730 908
045738 75
045746 710
045754 382
045762 941
045770 553
045778 478
045786 73
045794 576
045802 20
045810 825
045818 56
045573 878
045581 42
045589 978
045597 486
045605 897
045613 476
045621 587
045629 461
045637 545
045645 930
045653 9
045661 917
045669 528
045677 938
045685 188
045693 322
045701 445
045709 589
045717 841
045725 85
045733 758
045741 107
045749 178
045757 949
045765 42
045773 605
045781 768
045789 226
045797 404
045805 89
045813 453
045821 33
044806 287
044814 806
044822 556
044830 676
044838 430
044846 900
044854 666
044862 394
044870 364
044878 413
044886 922
044894 718
044902 629
044910 754
044918 18
044926 54
044934 697
044942 59
044950 742
044958 847
044966 889
044974 382
044982 573
044990 939
044998 921
045006 411
045014 524
045022 56
045030 200
045038 633
045046 495
045054 634
044804 96
044812 511
044820 997
044828 754
044836 409
044844 639
044852 138
044860 442
044868 79
044876 180
044884 454
044892 914
044900 693
044908 554
044916 510
044924 388
044932 710
044940 961
044948 588
044956 318
044964 668
044972 789
044980 934
044988 190
044996 663
045004 390
045012 429
045020 175
045028 143
045036 22
045044 270
045052 894
044803 545
044811 760
044819 62
044827 160
044835 716
044843 578
044851 9
044859 749
044867 888
044875 12
044883 352
044891 334
044899 912
044907 289
044915 328
044923 483
044931 636
044939 382
044947 681
044955 311
044963 110
044971 428
044979 743
044987 458
044995 901
045003 957
045011 369
045019 445
045027 450
045035 215
045043 295
045051 403
046343 7
046351 887
046359 486
046367 736
046375 287
046383 368
046391 924
046399 645
046407 611
046415 229
046423 734
046431 864
046439 724
046447 544
046455 38
046463 485
046471 685
046479 409
046487 868
046495 887
046503 921
046511 893
046519 930
046527 840
046535 702
046543 485
046551 39
046559 932
046567 109
046575 294
046583 568
046591 131
044801 563
044809 215
044817 618
044825 857
044833 941
044841 201
044849 688
044857 501
044865 795
044873 312
044881 719
044889 173
044897 923
044905 928
044913 903
044921 682
044929 854
044937 563
044945 593
044953 345
044961 937
044969 485
044977 707
044985 711
044993 870
045001 884
045009 9
045017 67
045025 573
045033 486
045041 119
045049 989
041216 34
041224 257
041232 724
041240 183
041248 63
041256 965
041264 829
041272 385
041280 966
041288 327
041296 691
041304 99
041312 344
041320 353
041328 957
041336 23
041344 390
041352 63
041360 887
041368 626
041376 219
041384 776
041392 938
041400 265
041408 843
041416 32
041424 345
041432 863
041440 760
041448 105
041456 414
041464 119
045826 618
045834 521
045842 950
045850 159
045858 395
045866 942
045874 124
045882 526
045890 465
045898 494
045906 990
045914 528
045922 549
045930 945
045938 909
045946 8
045954 198
045962 712
045970 833
045978 723
045986 253
045994 473
046002 163
046010 449
046018 136
046026 963
046034 180
046042 466
046050 936
046058 874
046066 926
046074 5
045829 789
045837 659
045845 932
045853 431
045861 282
045869 703
045877 526
045885 776
045893 861
045901 193
045909 274
045917 505
045925 975
045933 34
045941 184
045949 867
045957 746
045965 663
045973 497
045981 585
045989 596
045997 253
046005 735
046013 575
046021 50
046029 618
046037 348
046045 153
046053 559
046061 138
046069 889
046077 939
045062 849
045070 380
045078 382
045086 201
045094 886
045102 705
045110 982
045118 324
045126 276
045134 986
045142 344
045150 559
045158 820
045166 398
045174 649
045182 29
045190 939
045198 137
045206 494
045214 480
045222 946
045230 468
045238 270
045246 802
045254 128
045262 343
045270 960
045278 254
045286 988
045294 35
045302 282
045310 229
045060 107
045068 764
045076 408
045084 568
045092 108
045100 509
045108 208
045116 746
045124 988
045132 239
045140 47
045148 273
045156 66
045164 378
045172 752
045180 44
045188 136
045196 289
045204 786
045212 111
045220 716
045228 332
045236 895
045244 93
045252 837
045260 268
045268 693
045276 688
045284 202
045292 932
045300 706
045308 358
045059 834
045067 110
045075 189
045083 395
045091 316
045099 589
045107 819
045115 284
045123 278
045131 194
045139 619
045147 753
045155 738
045163 462
045171 726
045179 746
045187 93
045195 673
045203 80
045211 187
045219 714
045227 258
045235 674
045243 325
045251 701
045259 299
045267 743
045275 447
045283 484
045291 824
045299 697
045307 655
046599 672
046607 460
046615 117
046623 53
046631 675
046639 945
046647 366
046655 483
046663 689
046671 492
046679 452
046687 323
046695 574
046703 0
046711 257
046719 186
046727 662
046735 520
046743 450
046751 272
046759 102
046767 687
046775 816
046783 801
046791 233
046799 319
046807 856
046815 405
046823 194
046831 325
046839 460
046847 53
045057 191
045065 938
045073 855
045081 778
045089 567
045097 467
045105 133
045113 938
045121 502
045129 326
045137 772
045145 674
045153 392
045161 370
045169 34
045177 434
045185 404
045193 17
045201 107
045209 294
045217 603
045225 556
045233 677
045241 170
045249 667
045257 275
045265 251
045273 951
045281 987
045289 382
045297 658
045305 649
041472 364
041480 917
041488 383
041496 320
041504 443
041512 938
041520 4
041528 899
041536 951
041544 26
041552 681
041560 703
041568 526
041576 801
041584 241
041592 647
041600 27
041608 505
041616 160
041624 314
041632 606
041640 283
041648 743
041656 420
041664 264
041672 737
041680 60
041688 633
041696 701
041704 28
041712 839
041720 495
046082 184
046090 97
046098 827
046106 883
046114 465
046122 981
046130 255
046138 944
046146 376
046154 348
046162 404
046170 350
046178 505
046186 425
046194 608
046202 305
046210 822
046218 185
046226 564
046234 647
046242 29
046250 723
046258 81
046266 111
046274 946
046282 552
046290 480
046298 56
046306 552
046314 666
046322 599
046330 877
046085 853
046093 662
046101 869
046109 753
046117 242
046125 731
046133 873
046141 118
046149 681
046157 878
046165 77
046173 462
046181 463
046189 159
046197 137
046205 935
046213 869
046221 472
046229 66
046237 749
046245 682
046253 579
046261 23
046269 601
046277 597
046285 826
046293 139
046301 61
046309 913
046317 328
046325 296
046333 294
045318 433
045326 318
045334 882
045342 359
045350 128
045358 967
045366 432
045374 432
045382 28
045390 355
045398 60
045406 840
045414 21
045422 921
045430 627
045438 394
045446 814
045454 216
045462 913
045470 833
045478 254
045486 1
045494 531
045502 707
045510 621
045518 44
045526 819
045534 832
045542 609
045550 471
045558 160
045566 621
045315 916
045323 53
045331 497
045339 980
045347 777
045355 817
045363 391
045371 996
045379 413
045387 886
045395 368
045403 524
045411 50
045419 457
045427 508
045435 986
045443 378
045451 240
045459 887
045467 809
045475 341
045483 501
045491 844
045499 520
045507 213
045515 653
045523 40
045531 168
045539 110
045547 217
045555 190
045563 991
046855 564
046863 53
046871 227
046879 592
046887 325
046895 554
046903 436
046911 607
046919 743
046927 61
046935 550
046943 834
046951 751
046959 844
046967 616
046975 329
046983 229
046991 601
046999 954
047007 670
047015 46
047023 216
047031 550
047039 975
047047 574
047055 989
047063 970
047071 901
047079 24
047087 588
047095 571
047103 768
045316 132
045324 570
045332 986
045340 578
045348 974
045356 887
045364 718
045372 817
045380 419
045388 736
045396 974
045404 630
045412 425
045420 981
045428 448
045436 740
045444 174
045452 802
045460 334
045468 190
045476 753
045484 546
045492 495
045500 137
045508 184
045516 854
045524 132
045532 339
045540 111
045548 954
045556 408
045564 144
045313 131
045321 236
045329 969
045337 167
045345 649
045353 840
045361 320
045369 343
045377 455
045385 139
045393 557
045401 435
045409 31
045417 913
045425 129
045433 391
045441 21
045449 798
045457 753
045465 477
045473 210
045481 261
045489 89
045497 261
045505 297
045513 229
045521 739
045529 645
045537 114
045545 844
045553 627
045561 660
046338 467
046346 317
046354 498
046362 707
046370 993
046378 423
046386 938
046394 429
046402 890
046410 937
046418 505
046426 435
046434 429
046442 445
046450 994
046458 893
046466 473
046474 272
046482 684
046490 188
046498 766
046506 834
046514 888
046522 27
046530 933
046538 136
046546 994
046554 347
046562 971
046570 137
046578 585
046586 723
041728 395
041736 161
041744 224
041752 574
041760 70
041768 625
041776 467
041784 20
041792 772
041800 842
041808 332
041816 650
041824 689
041832 252
041840 750
041848 957
041856 991
041864 721
041872 680
041880 878
041888 513
041896 776
041904 736
041912 412
041920 180
041928 111
041936 360
041944 731
041952 540
041960 533
041968 627
041976 677
046341 305
046349 226
046357 210
046365 165
046373 144
046381 165
046389 305
046397 283
046405 549
046413 379
046421 809
046429 906
046437 616
046445 357
046453 323
046461 857
046469 771
046477 376
046485 42
046493 92
046501 270
046509 954
046517 63
046525 681
046533 673
046541 731
046549 239
046557 575
046565 328
046573 791
046581 448
046589 800
045574 720
045582 119
045590 762
045598 978
045606 263
045614 752
045622 630
045630 126
045638 52
045646 978
045654 278
045662 368
045670 904
045678 266
045686 541
045694 607
045702 273
045710 97
045718 999
045726 232
045734 666
045742 687
045750 508
045758 904
045766 941
045774 4
045782 731
045790 594
045798 713
045806 312
045814 706
045822 532
045571 358
045579 124
045587 776
045595 146
045603 216
045611 894
045619 999
045627 423
045635 533
045643 155
045651 949
045659 797
045667 497
045675 982
045683 525
045691 252
045699 149
045707 194
045715 963
045723 319
045731 175
045739 145
045747 10
045755 717
045763 482
045771 558
045779 829
045787 82
045795 875
045803 68
045811 41
045819 185
045572 928
045580 698
045588 277
045596 511
045604 765
045612 600
045620 57
045628 279
045636 769
045644 20
045652 274
045660 488
045668 520
045676 148
045684 15
045692 728
045700 593
045708 94
045716 199
045724 587
045732 221
045740 178
045748 731
045756 397
045764 457
045772 86
045780 376
045788 507
045796 645
045804 375
045812 125
045820 230
047111 59
047119 491
047127 687
047135 659
047143 894
047151 24
047159 37
047167 744
047175 789
047183 840
047191 664
047199 716
047207 51
047215 587
047223 974
047231 605
047239 209
047247 942
047255 878
047263 128
047271 483
047279 160
047287 313
047295 120
047303 710
047311 600
047319 813
047327 856
047335 710
047343 110
047351 479
047359 184
045569 818
045577 217
045585 323
045593 847
045601 280
045609 841
045617 193
045625 68
045633 147
045641 444
045649 546
045657 817
045665 918
045673 739
045681 228
045689 256
045697 240
045705 230
045713 345
045721 869
045729 1
045737 432
045745 471
045753 267
045761 50
045769 972
045777 580
045785 508
045793 49
045801 256
045809 561
045817 582
046594 643
046602 127
046610 427
046618 880
046626 933
046634 372
046642 784
046650 34
046658 599
046666 159
046674 765
046682 246
046690 380
046698 389
046706 432
046714 633
046722 901
046730 194
046738 433
046746 839
046754 103
046762 529
046770 939
046778 605
046786 100
046794 965
046802 718
046810 958
046818 111
046826 347
046834 590
046842 847
041984 304
041992 759
042000 449
042008 146
042016 186
042024 151
042032 433
042040 844
042048 561
042056 296
042064 298
042072 671
042080 540
042088 874
042096 496
042104 870
042112 706
042120 846
042128 524
042136 443
042144 290
042152 738
042160 595
042168 312
042176 58
042184 828
042192 950
042200 139
042208 68
042216 832
042224 820
042232 136
046597 565
046605 33
046613 538
046621 585
046629 251
046637 486
046645 9
046653 648
046661 979
046669 241
046677 228
046685 388
046693 541
046701 467
046709 677
046717 623
046725 426
046733 547
046741 50
046749 952
046757 466
046765 262
046773 43
046781 650
046789 182
046797 461
046805 114
046813 951
046821 673
046829 978
046837 620
046845 252
045830 381
045838 518
045846 787
045854 738
045862 994
045870 190
045878 240
045886 282
045894 961
045902 123
045910 633
045918 302
045926 314
045934 611
045942 490
045950 247
045958 122
045966 63
045974 117
045982 158
045990 823
045998 681
046006 158
046014 199
046022 693
046030 999
046038 843
046046 531
046054 87
046062 139
046070 467
046078 188
045827 220
045835 241
045843 648
045851 70
045859 6
045867 463
045875 48
045883 95
045891 771
045899 779
045907 337
045915 237
045923 81
045931 731
045939 0
045947 613
045955 266
045963 459
045971 469
045979 943
045987 941
045995 233
046003 532
046011 707
046019 616
046027 389
046035 308
046043 183
046051 330
046059 614
046067 963
046075 959
045828 350
045836 159
045844 830
045852 852
045860 152
045868 628
045876 50
045884 417
045892 5
045900 433
045908 691
045916 236
045924 428
045932 492
045940 289
045948 890
045956 302
045964 666
045972 837
045980 112
045988 157
045996 688
046004 21
046012 470
046020 704
046028 93
046036 816
046044 651
046052 964
046060 290
046068 434
046076 403
047367 835
047375 260
047383 766
047391 369
047399 396
047407 957
047415 474
047423 182
047431 277
047439 392
047447 805
047455 118
047463 980
047471 464
047479 695
047487 176
047495 392
047503 599
047511 484
047519 475
047527 251
047535 220
047543 182
047551 583
047559 640
047567 111
047575 588
047583 470
047591 537
047599 678
047607 373
047615 141
045825 777
045833 175
045841 260
045849 194
045857 233
045865 238
045873 542
045881 796
045889 970
045897 275
045905 274
045913 806
045921 452
045929 292
045937 838
045945 935
045953 285
045961 886
045969 866
045977 713
045985 692
045993 496
046001 812
046009 144
046017 736
046025 899
046033 896
046041 604
046049 180
046057 835
046065 519
046073 674
046850 275
046858 106
046866 491
046874 18
046882 506
046890 218
046898 554
046906 767
046914 728
046922 653
046930 928
046938 352
046946 537
046954 511
046962 561
046970 74
046978 462
046986 659
046994 798
047002 690
047010 76
047018 573
047026 218
047034 982
047042 846
047050 118
047058 709
047066 432
047074 878
047082 109
047090 72
047098 346
042240 668
042248 31
042256 754
042264 121
042272 221
042280 174
042288 925
042296 411
042304 164
042312 346
042320 179
042328 583
042336 855
042344 943
042352 123
042360 947
042368 255
042376 485
042384 304
042392 616
042400 319
042408 766
042416 326
042424 116
042432 908
042440 975
042448 843
042456 953
042464 571
042472 477
042480 830
042488 916
046853 646
046861 580
046869 913
046877 575
046885 321
046893 87
046901 435
046909 929
046917 515
046925 643
046933 592
046941 477
046949 980
046957 434
046965 409
046973 111
046981 810
046989 774
046997 866
047005 99
047013 415
047021 899
047029 91
047037 198
047045 813
047053 370
047061 162
047069 740
047077 113
047085 673
047093 37
047101 705
046086 680
046094 0
046102 806
046110 140
046118 533
046126 880
046134 576
046142 70
046150 580
046158 645
046166 720
046174 927
046182 376
046190 800
046198 188
046206 667
046214 669
046222 813
046230 40
046238 418
046246 65
046254 897
046262 27
046270 443
046278 818
046286 825
046294 443
046302 528
046310 722
046318 156
046326 433
046334 476
046083 999
046091 137
046099 82
046107 972
046115 976
046123 606
046131 206
046139 831
046147 18
046155 659
046163 352
046171 494
046179 143
046187 431
046195 114
046203 253
046211 148
046219 626
046227 805
046235 198
046243 872
046251 365
046259 300
046267 339
046275 27
046283 943
046291 665
046299 545
046307 479
046315 59
046323 286
046331 342
047623 199
047631 298
047639 429
047647 548
047655 851
047663 201
047671 788
047679 655
047687 952
047695 439
047703 489
047711 833
047719 39
047727 371
047735 66
047743 373
047751 505
047759 980
047767 110
047775 43
047783 302
047791 75
047799 125
047807 885
047815 347
047823 878
047831 158
047839 906
047847 56
047855 770
047863 442
047871 665
046084 531
046092 849
046100 610
046108 277
046116 498
046124 39
046132 936
046140 690
046148 243
046156 453
046164 642
046172 83
046180 752
046188 916
046196 571
046204 113
046212 378
046220 799
046228 697
046236 992
046244 83
046252 436
046260 549
046268 423
046276 554
046284 960
046292 80
046300 397
046308 773
046316 279
046324 201
046332 484
046081 853
046089 924
046097 441
046105 752
046113 741
046121 695
046129 682
046137 512
046145 768
046153 371
046161 251
046169 606
046177 232
046185 281
046193 584
046201 796
046209 413
046217 482
046225 358
046233 132
046241 382
046249 723
046257 876
046265 699
046273 280
046281 366
046289 500
046297 816
046305 295
046313 412
046321 780
046329 220
047109 69
047117 396
047125 945
047133 171
047141 148
047149 144
047157 461
047165 5
047173 38
047181 317
047189 133
047197 901
047205 548
047213 435
047221 601
047229 24
047237 689
047245 820
047253 917
047261 730
047269 911
047277 712
047285 851
047293 614
047301 336
047309 650
047317 638
047325 114
047333 701
047341 24
047349 837
047357 546
046339 415
046347 381
046355 499
046363 269
046371 159
046379 720
046387 754
046395 873
046403 15
046411 284
046419 792
046427 429
046435 14
046443 828
046451 585
046459 56
046467 485
046475 486
046483 227
046491 605
046499 150
046507 949
046515 168
046523 498
046531 211
046539 817
046547 643
046555 899
046563 774
046571 810
046579 901
046587 750
042496 62
042504 436
042512 78
042520 944
042528 56
042536 586
042544 616
042552 809
042560 987
042568 417
042576 968
042584 803
042592 732
042600 101
042608 452
042616 62
042624 613
042632 589
042640 945
042648 932
042656 97
042664 672
042672 600
042680 668
042688 723
042696 661
042704 478
042712 595
042720 903
042728 614
042736 875
042744 256
046342 660
046350 541
046358 283
046366 594
046374 95
046382 405
046390 447
046398 64
046406 109
046414 529
046422 639
046430 485
046438 662
046446 292
046454 344
046462 394
046470 13
046478 193
046486 371
046494 145
046502 303
046510 703
046518 273
046526 23
046534 921
046542 766
046550 963
046558 17
046566 338
046574 28
046582 342
046590 365
047106 837
047114 836
047122 856
047130 275
047138 166
047146 399
047154 312
047162 877
047170 998
047178 314
047186 652
047194 843
047202 410
047210 778
047218 314
047226 648
047234 375
047242 396
047250 860
047258 76
047266 200
047274 333
047282 336
047290 75
047298 956
047306 897
047314 697
047322 530
047330 559
047338 613
047346 852
047354 654
047879 382
047887 889
047895 941
047903 632
047911 179
047919 202
047927 158
047935 704
047943 15
047951 839
047959 279
047967 448
047975 940
047983 701
047991 569
047999 316
048007 535
048015 385
048023 136
048031 241
048039 87
048047 589
048055 47
048063 939
048071 242
048079 367
048087 11
048095 888
048103 744
048111 483
048119 931
048127 193
046340 836
046348 781
046356 210
046364 117
046372 213
046380 902
046388 452
046396 122
046404 379
046412 76
046420 435
046428 931
046436 951
046444 812
046452 655
046460 297
046468 185
046476 802
046484 963
046492 358
046500 482
046508 525
046516 387
046524 199
046532 737
046540 389
046548 648
046556 556
046564 552
046572 259
046580 437
046588 372
047365 750
047373 88
047381 415
047389 845
047397 267
047405 298
047413 87
047421 598
047429 203
047437 138
047445 476
047453 394
047461 480
047469 839
047477 705
047485 473
047493 382
047501 233
047509 570
047517 927
047525 310
047533 490
047541 373
047549 625
047557 955
047565 694
047573 637
047581 732
047589 139
047597 998
047605 11
047613 672
046337 596
046345 652
046353 105
046361 22
046369 659
046377 565
046385 213
046393 418
046401 815
046409 420
046417 94
046425 614
046433 28
046441 692
046449 563
046457 109
046465 740
046473 590
046481 277
046489 0
046497 749
046505 13
046513 516
046521 660
046529 889
046537 599
046545 194
046553 790
046561 507
046569 720
046577 14
046585 781
046595 132
046603 75
046611 42
046619 295
046627 514
046635 980
046643 338
046651 975
046659 365
046667 434
046675 374
046683 539
046691 400
046699 251
046707 528
046715 902
046723 171
046731 873
046739 743
046747 435
046755 308
046763 277
046771 820
046779 755
046787 831
046795 835
046803 965
046811 754
046819 421
046827 311
046835 593
046843 234
042752 218
042760 860
042768 421
042776 262
042784 810
042792 861
042800 999
042808 614
042816 170
042824 871
042832 337
042840 405
042848 755
042856 546
042864 65
042872 723
042880 854
042888 994
042896 394
042904 542
042912 568
042920 338
042928 176
042936 361
042944 229
042952 669
042960 525
042968 606
042976 197
042984 764
042992 8
043000 694
047362 63
047370 913
047378 847
047386 176
047394 540
047402 993
047410 372
047418 487
047426 860
047434 587
047442 82
047450 832
047458 793
047466 674
047474 301
047482 263
047490 956
047498 908
047506 873
047514 432
047522 366
047530 578
047538 216
047546 857
047554 715
047562 583
047570 897
047578 838
047586 653
047594 368
047602 522
047610 455
046598 700
046606 860
046614 404
046622 961
046630 328
046638 20
046646 697
046654 913
046662 91
046670 843
046678 976
046686 873
046694 299
046702 274
046710 494
046718 594
046726 278
046734 782
046742 283
046750 995
046758 643
046766 915
046774 98
046782 256
046790 61
046798 676
046806 288
046814 739
046822 967
046830 545
046838 995
046846 87
046596 867
046604 704
046612 675
046620 66
046628 569
046636 378
046644 557
046652 474
046660 70
046668 581
046676 6
046684 229
046692 142
046700 670
046708 528
046716 742
046724 354
046732 533
046740 213
046748 81
046756 472
046764 392
046772 823
046780 792
046788 353
046796 645
046804 962
046812 188
046820 700
046828 392
046836 265
046844 726
048135 351
048143 697
048151 286
048159 619
048167 547
048175 168
048183 325
048191 159
048199 95
048207 966
048215 450
048223 397
048231 661
048239 430
048247 860
048255 424
048263 773
048271 137
048279 119
048287 879
048295 823
048303 740
048311 80
048319 924
048327 645
048335 121
048343 521
048351 373
048359 617
048367 837
048375 546
048383 494
047621 193
047629 134
047637 879
047645 6
047653 26
047661 603
047669 746
047677 791
047685 272
047693 426
047701 490
047709 533
047717 821
047725 2
047733 242
047741 549
047749 683
047757 139
047765 51
047773 366
047781 128
047789 292
047797 113
047805 293
047813 569
047821 106
047829 902
047837 791
047845 838
047853 906
047861 104
047869 332
046851 327
046859 489
046867 349
046875 51
046883 153
046891 294
046899 613
046907 941
046915 124
046923 953
046931 932
046939 126
046947 519
046955 929
046963 344
046971 281
046979 554
046987 745
046995 57
047003 834
047011 879
047019 960
047027 21
047035 814
047043 679
047051 84
047059 717
047067 66
047075 290
047083 446
047091 558
047099 455
046593 287
046601 925
046609 360
046617 226
046625 239
046633 415
046641 982
046649 153
046657 29
046665 612
046673 357
046681 572
046689 706
046697 972
046705 193
046713 687
046721 42
046729 609
046737 768
046745 443
046753 205
046761 663
046769 208
046777 815
046785 311
046793 559
046801 843
046809 786
046817 391
046825 283
046833 952
046841 482
043008 522
043016 164
043024 453
043032 821
043040 924
043048 70
043056 957
043064 286
043072 433
043080 852
043088 784
043096 731
043104 910
043112 242
043120 561
043128 983
043136 726
043144 489
043152 687
043160 456
043168 446
043176 936
043184 294
043192 66
043200 955
043208 155
043216 13
043224 371
043232 72
043240 277
043248 413
043256 960
047618 56
047626 232
047634 977
047642 920
047650 139
047658 503
047666 507
047674 558
047682 289
047690 844
047698 607
047706 833
047714 721
047722 342
047730 992
047738 36
047746 590
047754 802
047762 813
047770 409
047778 124
047786 799
047794 274
047802 362
047810 953
047818 349
047826 602
047834 219
047842 896
047850 961
047858 77
047866 555
046854 176
046862 874
046870 172
046878 112
046886 659
046894 927
046902 983
046910 128
046918 157
046926 941
046934 324
046942 546
046950 616
046958 733
046966 650
046974 801
046982 935
046990 238
046998 237
047006 635
047014 574
047022 972
047030 530
047038 864
047046 307
047054 975
047062 0
047070 183
047078 209
047086 933
047094 596
047102 960
046852 349
046860 288
046868 113
046876 219
046884 515
046892 278
046900 280
046908 256
046916 839
046924 872
046932 300
046940 710
046948 344
046956 235
046964 301
046972 898
046980 225
046988 433
046996 382
047004 321
047012 516
047020 67
047028 275
047036 241
047044 69
047052 180
047060 962
047068 973
047076 724
047084 30
047092 31
047100 758
048391 90
048399 952
048407 103
048415 930
048423 281
048431 280
048439 832
048447 713
048455 222
048463 179
048471 198
048479 796
048487 427
048495 498
048503 334
048511 2
048519 47
048527 572
048535 657
048543 470
048551 755
048559 96
048567 144
048575 722
048583 500
048591 524
048599 71
048607 367
048615 668
048623 821
048631 500
048639 539
047107 660
047115 731
047123 636
047131 996
047139 160
047147 117
047155 959
047163 123
047171 612
047179 802
047187 868
047195 559
047203 813
047211 519
047219 146
047227 961
047235 903
047243 876
047251 897
047259 567
047267 526
047275 355
047283 970
047291 828
047299 344
047307 599
047315 318
047323 393
047331 324
047339 733
047347 284
047355 887
047877 408
047885 881
047893 445
047901 882
047909 740
047917 596
047925 123
047933 7
047941 301
047949 640
047957 356
047965 423
047973 761
047981 705
047989 964
047997 246
048005 686
048013 663
048021 843
048029 625
048037 915
048045 40
048053 869
048061 858
048069 211
048077 179
048085 923
048093 742
048101 169
048109 760
048117 887
048125 323
046849 344
046857 415
046865 364
046873 116
046881 117
046889 41
046897 423
046905 825
046913 336
046921 471
046929 727
046937 437
046945 890
046953 319
046961 319
046969 22
046977 590
046985 841
046993 725
047001 525
047009 814
047017 352
047025 667
047033 645
047041 328
047049 425
047057 495
047065 604
047073 800
047081 580
047089 45
047097 951
043264 624
043272 295
043280 231
043288 725
043296 924
043304 403
043312 575
043320 550
043328 46
043336 702
043344 620
043352 587
043360 841
043368 941
043376 643
043384 600
043392 799
043400 973
043408 898
043416 588
043424 198
043432 399
043440 910
043448 842
043456 543
043464 158
043472 257
043480 912
043488 347
043496 113
043504 728
043512 88
047874 477
047882 115
047890 913
047898 922
047906 414
047914 713
047922 812
047930 668
047938 666
047946 805
047954 983
047962 984
047970 916
047978 848
047986 314
047994 785
048002 129
048010 241
048018 326
048026 89
048034 457
048042 203
048050 683
048058 179
048066 278
048074 784
048082 544
048090 146
048098 848
048106 494
048114 185
048122 875
047110 416
047118 178
047126 429
047134 624
047142 490
047150 663
047158 423
047166 626
047174 60
047182 26
047190 505
047198 516
047206 118
047214 995
047222 683
047230 217
047238 535
047246 464
047254 358
047262 764
047270 973
047278 817
047286 345
047294 494
047302 406
047310 840
047318 572
047326 511
047334 863
047342 238
047350 852
047358 612
047108 220
047116 546
047124 334
047132 443
047140 191
047148 997
047156 622
047164 718
047172 861
047180 161
047188 344
047196 401
047204 772
047212 317
047220 790
047228 965
047236 78
047244 849
047252 724
047260 92
047268 108
047276 697
047284 973
047292 414
047300 574
047308 161
047316 166
047324 123
047332 899
047340 677
047348 313
047356 241
048647 21
048655 528
048663 937
048671 852
048679 334
048687 477
048695 161
048703 748
048711 715
048719 450
048727 743
048735 845
048743 694
048751 958
048759 295
048767 900
048775 890
048783 773
048791 153
048799 193
048807 539
048815 101
048823 133
048831 802
048839 53
048847 405
048855 187
048863 214
048871 373
048879 815
048887 470
048895 513
047363 524
047371 646
047379 986
047387 995
047395 102
047403 285
047411 9
047419 578
047427 479
047435 227
047443 243
047451 241
047459 298
047467 893
047475 161
047483 22
047491 359
047499 1
047507 533
047515 293
047523 221
047531 415
047539 720
047547 694
047555 5
047563 925
047571 315
047579 351
047587 617
047595 735
047603 530
047611 658
048133 277
048141 243
048149 321
048157 948
048165 523
048173 898
048181 476
048189 990
048197 480
048205 852
048213 612
048221 514
048229 138
048237 2
048245 200
048253 695
048261 424
048269 450
048277 119
048285 988
048293 883
048301 700
048309 318
048317 795
048325 261
048333 886
048341 421
048349 201
048357 821
048365 436
048373 432
048381 870
047105 42
047113 205
047121 341
047129 23
047137 611
047145 503
047153 243
047161 746
047169 546
047177 553
047185 386
047193 98
047201 167
047209 19
047217 664
047225 830
047233 805
047241 86
047249 594
047257 924
047265 382
047273 572
047281 87
047289 599
047297 572
047305 742
047313 121
047321 87
047329 188
047337 221
047345 720
047353 501
043520 600
043528 206
043536 697
043544 75
043552 969
043560 451
043568 834
043576 370
043584 818
043592 132
043600 828
043608 262
043616 253
043624 118
043632 437
043640 138
043648 194
043656 868
043664 695
043672 670
043680 801
043688 342
043696 485
043704 368
043712 489
043720 786
043728 732
043736 222
043744 518
043752 384
043760 412
043768 457
048130 517
048138 811
048146 209
048154 179
048162 816
048170 839
048178 520
048186 173
048194 351
048202 790
048210 187
048218 356
048226 538
048234 795
048242 65
048250 489
048258 815
048266 804
048274 29
048282 761
048290 464
048298 154
048306 776
048314 251
048322 823
048330 401
048338 670
048346 654
048354 448
048362 612
048370 836
048378 982
047366 902
047374 702
047382 544
047390 226
047398 50
047406 531
047414 147
047422 725
047430 800
047438 635
047446 47
047454 373
047462 210
047470 462
047478 941
047486 902
047494 259
047502 146
047510 661
047518 789
047526 369
047534 309
047542 973
047550 24
047558 418
047566 610
047574 743
047582 747
047590 12
047598 817
047606 624
047614 144
047364 255
047372 341
047380 24
047388 736
047396 347
047404 472
047412 893
047420 201
047428 933
047436 938
047444 379
047452 587
047460 288
047468 637
047476 317
047484 762
047492 682
047500 99
047508 236
047516 21
047524 354
047532 344
047540 46
047548 889
047556 408
047564 257
047572 27
047580 619
047588 67
047596 416
047604 447
047612 214
048903 754
048911 682
048919 350
048927 880
048935 20
048943 569
048951 899
048959 18
048967 307
048975 671
048983 567
048991 486
048999 483
049007 345
049015 735
049023 538
049031 221
049039 947
049047 464
049055 514
049063 644
049071 487
049079 302
049087 47
049095 88
049103 605
049111 443
049119 301
049127 889
049135 521
049143 288
049151 320
047619 450
047627 730
047635 585
047643 147
047651 743
047659 318
047667 423
047675 924
047683 69
047691 766
047699 629
047707 973
047715 327
047723 309
047731 48
047739 656
047747 230
047755 186
047763 161
047771 529
047779 757
047787 663
047795 592
047803 687
047811 842
047819 549
047827 709
047835 284
047843 627
047851 580
047859 788
047867 625
048389 365
048397 641
048405 266
048413 74
048421 653
048429 620
048437 658
048445 967
048453 798
048461 885
048469 775
048477 175
048485 225
048493 831
048501 399
048509 888
048517 962
048525 560
048533 77
048541 261
048549 316
048557 720
048565 942
048573 367
048581 56
048589 884
048597 120
048605 126
048613 573
048621 559
048629 228
048637 661
047361 322
047369 134
047377 425
047385 797
047393 448
047401 215
047409 149
047417 637
047425 379
047433 883
047441 798
047449 577
047457 875
047465 238
047473 781
047481 577
047489 866
047497 5
047505 982
047513 807
047521 449
047529 647
047537 407
047545 122
047553 486
047561 401
047569 791
047577 641
047585 413
047593 403
047601 210
047609 861
048386 203
048394 283
048402 436
048410 787
048418 448
048426 475
048434 211
048442 651
048450 361
048458 375
048466 766
048474 635
048482 18
048490 782
048498 115
048506 230
048514 859
048522 105
048530 80
048538 946
048546 433
048554 943
048562 499
048570 392
048578 421
048586 708
048594 53
048602 951
048610 37
048618 232
048626 905
048634 54
043776 355
043784 950
043792 774
043800 180
043808 617
043816 930
043824 578
043832 353
043840 699
043848 279
043856 886
043864 66
043872 0
043880 521
043888 888
043896 361
043904 145
043912 756
043920 518
043928 63
043936 814
043944 50
043952 60
043960 551
043968 970
043976 878
043984 182
043992 960
044000 561
044008 192
044016 629
044024 875
047620 230
047628 322
047636 869
047644 12
047652 880
047660 425
047668 806
047676 693
047684 78
047692 941
047700 95
047708 313
047716 768
047724 762
047732 945
047740 32
047748 775
047756 213
047764 425
047772 642
047780 261
047788 764
047796 815
047804 899
047812 240
047820 407
047828 17
047836 249
047844 945
047852 762
047860 863
047868 317
047622 508
047630 862
047638 757
047646 400
047654 617
047662 758
047670 212
047678 998
047686 201
047694 505
047702 338
047710 731
047718 987
047726 854
047734 210
047742 818
047750 156
047758 119
047766 417
047774 783
047782 683
047790 7
047798 381
047806 87
047814 370
047822 502
047830 887
047838 580
047846 201
047854 3
047862 258
047870 432
049159 928
049167 639
049175 850
049183 91
049191 199
049199 658
049207 157
049215 511
049223 39
049231 527
049239 613
049247 808
049255 888
049263 109
049271 551
049279 793
049287 527
049295 400
049303 810
049311 448
049319 715
049327 305
049335 524
049343 534
049351 735
049359 23
049367 790
049375 601
049383 944
049391 770
049399 805
049407 928
047875 706
047883 891
047891 488
047899 437
047907 729
047915 705
047923 737
047931 442
047939 500
047947 880
047955 856
047963 806
047971 117
047979 608
047987 711
047995 932
048003 45
048011 177
048019 189
048027 830
048035 325
048043 124
048051 894
048059 997
048067 220
048075 527
048083 378
048091 397
048099 201
048107 72
048115 181
048123 622
048645 53
048653 950
048661 837
048669 716
048677 723
048685 933
048693 574
048701 628
048709 586
048717 402
048725 312
048733 536
048741 595
048749 243
048757 180
048765 255
048773 482
048781 383
048789 296
048797 783
048805 956
048813 580
048821 951
048829 104
048837 271
048845 828
048853 438
048861 796
048869 315
048877 882
048885 587
048893 430
047617 386
047625 521
047633 991
047641 820
047649 930
047657 790
047665 491
047673 367
047681 907
047689 50
047697 187
047705 597
047713 524
047721 874
047729 554
047737 980
047745 460
047753 541
047761 516
047769 143
047777 155
047785 611
047793 602
047801 727
047809 211
047817 863
047825 370
047833 647
047841 909
047849 313
047857 839
047865 602
048642 73
048650 221
048658 88
048666 617
048674 749
048682 119
048690 17
048698 501
048706 563
048714 341
048722 306
048730 129
048738 279
048746 852
048754 304
048762 825
048770 397
048778 877
048786 459
048794 959
048802 258
048810 531
048818 186
048826 462
048834 35
048842 312
048850 804
048858 313
048866 404
048874 187
048882 421
048890 934
044032 725
044040 916
044048 859
044056 7
044064 752
044072 425
044080 212
044088 804
044096 430
044104 740
044112 961
044120 808
044128 601
044136 449
044144 726
044152 517
044160 264
044168 895
044176 467
044184 997
044192 806
044200 30
044208 308
044216 471
044224 555
044232 72
044240 851
044248 127
044256 909
044264 390
044272 170
044280 216
047876 192
047884 221
047892 767
047900 105
047908 219
047916 175
047924 22
047932 456
047940 335
047948 915
047956 418
047964 141
047972 252
047980 292
047988 222
047996 6
048004 957
048012 106
048020 273
048028 598
048036 2
048044 181
048052 800
048060 471
048068 316
048076 402
048084 289
048092 43
048100 462
048108 829
048116 412
048124 314
047878 760
047886 446
047894 195
047902 656
047910 383
047918 824
047926 379
047934 575
047942 875
047950 696
047958 922
047966 932
047974 682
047982 867
047990 40
047998 742
048006 586
048014 697
048022 324
048030 879
048038 266
048046 506
048054 70
048062 792
048070 893
048078 153
048086 641
048094 438
048102 532
048110 34
048118 88
048126 380
049415 419
049423 964
049431 618
049439 76
049447 881
049455 60
049463 741
049471 713
049479 668
049487 316
049495 156
049503 349
049511 439
049519 932
049527 119
049535 912
049543 805
049551 594
049559 909
049567 431
049575 397
049583 953
049591 108
049599 454
049607 554
049615 108
049623 863
049631 723
049639 924
049647 448
049655 458
049663 367
048131 499
048139 465
048147 90
048155 148
048163 478
048171 482
048179 559
048187 651
048195 157
048203 261
048211 770
048219 410
048227 571
048235 7
048243 575
048251 971
048259 489
048267 391
048275 48
048283 153
048291 872
048299 873
048307 542
048315 273
048323 103
048331 552
048339 789
048347 688
048355 857
048363 426
048371 676
048379 657
048901 590
048909 990
048917 361
048925 215
048933 684
048941 961
048949 78
048957 486
048965 39
048973 645
048981 819
048989 933
048997 809
049005 164
049013 426
049021 171
049029 55
049037 379
049045 798
049053 520
049061 237
049069 274
049077 241
049085 242
049093 62
049101 909
049109 500
049117 256
049125 468
049133 757
049141 368
049149 163
048898 618
048906 2
048914 844
048922 620
048930 604
048938 436
048946 430
048954 122
048962 50
048970 589
048978 775
048986 710
048994 111
049002 563
049010 437
049018 289
049026 32
049034 348
049042 84
049050 685
049058 329
049066 52
049074 254
049082 21
049090 588
049098 232
049106 72
049114 985
049122 7
049130 602
049138 450
049146 619
047873 606
047881 616
047889 388
047897 480
047905 481
047913 187
047921 547
047929 345
047937 844
047945 675
047953 766
047961 758
047969 951
047977 144
047985 536
047993 247
048001 554
048009 837
048017 282
048025 781
048033 174
048041 27
048049 625
048057 237
048065 247
048073 921
048081 155
048089 621
048097 736
048105 153
048113 187
048121 370
048132 855
048140 929
048148 517
048156 51
048164 464
048172 334
048180 671
048188 638
048196 569
048204 57
048212 78
048220 439
048228 330
048236 705
048244 872
048252 348
048260 969
048268 916
048276 74
048284 483
048292 574
048300 394
048308 373
048316 616
048324 165
048332 160
048340 99
048348 777
048356 73
048364 340
048372 895
048380 870
044288 219
044296 520
044304 806
044312 630
044320 668
044328 307
044336 125
044344 115
044352 49
044360 795
044368 414
044376 354
044384 151
044392 441
044400 72
044408 823
044416 159
044424 55
044432 38
044440 843
044448 146
044456 671
044464 253
044472 321
044480 944
044488 383
044496 756
044504 459
044512 667
044520 851
044528 343
044536 44
048134 308
048142 460
048150 742
048158 72
048166 124
048174 448
048182 508
048190 894
048198 219
048206 725
048214 709
048222 196
048230 198
048238 220
048246 248
048254 46
048262 115
048270 28
048278 17
048286 568
048294 485
048302 719
048310 527
048318 287
048326 267
048334 369
048342 368
048350 651
048358 516
048366 747
048374 938
048382 846
049671 326
049679 542
049687 982
049695 630
049703 79
049711 439
049719 523
049727 47
049735 416
049743 394
049751 725
049759 985
049767 972
049775 590
049783 124
049791 472
049799 17
049807 641
049815 150
049823 760
049831 764
049839 588
049847 328
049855 599
049863 670
049871 167
049879 229
049887 786
049895 454
049903 911
049911 592
049919 974
049157 662
049165 771
049173 195
049181 583
049189 334
049197 641
049205 257
049213 234
049221 521
049229 890
049237 980
049245 51
049253 818
049261 604
049269 896
049277 369
049285 255
049293 747
049301 56
049309 182
049317 483
049325 876
049333 427
049341 468
049349 294
049357 123
049365 295
049373 735
049381 287
049389 177
049397 528
049405 37
048387 905
048395 93
048403 919
048411 887
048419 95
048427 153
048435 428
048443 487
048451 672
048459 900
048467 838
048475 959
048483 435
048491 692
048499 785
048507 445
048515 667
048523 877
048531 984
048539 737
048547 561
048555 125
048563 255
048571 13
048579 450
048587 335
048595 873
048603 371
048611 973
048619 321
048627 926
048635 213
049154 118
049162 676
049170 643
049178 74
049186 199
049194 796
049202 256
049210 304
049218 804
049226 537
049234 633
049242 267
049250 360
049258 189
049266 858
049274 198
049282 754
049290 808
049298 727
049306 760
049314 275
049322 588
049330 317
049338 535
049346 852
049354 743
049362 711
049370 674
049378 125
049386 784
049394 109
049402 126
048129 794
048137 750
048145 898
048153 705
048161 676
048169 949
048177 579
048185 53
048193 990
048201 479
048209 817
048217 551
048225 539
048233 684
048241 864
048249 731
048257 924
048265 541
048273 583
048281 376
048289 393
048297 894
048305 692
048313 719
048321 839
048329 681
048337 679
048345 281
048353 787
048361 15
048369 303
048377 108
044544 530
044552 270
044560 268
044568 716
044576 378
044584 390
044592 922
044600 739
044608 0
044616 552
044624 555
044632 13
044640 472
044648 673
044656 218
044664 653
044672 622
044680 645
044688 650
044696 400
044704 703
044712 325
044720 944
044728 483
044736 211
044744 600
044752 456
044760 588
044768 785
044776 590
044784 723
044792 826
048388 746
048396 243
048404 659
048412 685
048420 679
048428 582
048436 50
048444 33
048452 690
048460 68
048468 442
048476 294
048484 625
048492 912
048500 467
048508 911
048516 763
048524 776
048532 496
048540 537
048548 84
048556 826
048564 355
048572 305
048580 178
048588 69
048596 27
048604 921
048612 338
048620 454
048628 413
048636 236
048390 806
048398 293
048406 464
048414 517
048422 339
048430 769
048438 69
048446 890
048454 738
048462 649
048470 648
048478 325
048486 637
048494 850
048502 645
048510 159
048518 484
048526 514
048534 565
048542 501
048550 970
048558 211
048566 878
048574 319
048582 348
048590 922
048598 860
048606 863
048614 547
048622 678
048630 525
048638 900
049927 176
049935 165
049943 529
049951 235
049959 502
049967 243
049975 41
049983 699
049991 297
049999 640
050007 90
050015 226
050023 669
050031 375
050039 633
050047 377
050055 177
050063 244
050071 505
050079 338
050087 720
050095 899
050103 282
050111 242
050119 179
050127 460
050135 273
050143 679
050151 269
050159 8
050167 501
050175 641
049413 174
049421 229
049429 612
049437 995
049445 325
049453 924
049461 829
049469 373
049477 879
049485 755
049493 447
049501 498
049509 379
049517 987
049525 383
049533 521
049541 297
049549 811
049557 799
049565 762
049573 512
049581 935
049589 737
049597 313
049605 954
049613 633
049621 932
049629 232
049637 804
049645 619
049653 870
049661 597
048643 218
048651 146
048659 151
048667 562
048675 352
048683 786
048691 405
048699 530
048707 880
048715 628
048723 912
048731 395
048739 702
048747 583
048755 904
048763 885
048771 422
048779 996
048787 992
048795 617
048803 883
048811 592
048819 789
048827 954
048835 547
048843 10
048851 930
048859 485
048867 201
048875 223
048883 382
048891 84
049410 153
049418 347
049426 484
049434 982
049442 599
049450 905
049458 645
049466 687
049474 38
049482 861
049490 78
049498 532
049506 255
049514 203
049522 475
049530 949
049538 757
049546 0
049554 344
049562 500
049570 931
049578 755
049586 57
049594 162
049602 877
049610 292
049618 313
049626 403
049634 241
049642 205
049650 728
049658 227
048385 709
048393 505
048401 913
048409 40
048417 569
048425 851
048433 675
048441 847
048449 366
048457 878
048465 493
048473 895
048481 827
048489 325
048497 684
048505 630
048513 126
048521 453
048529 229
048537 570
048545 190
048553 541
048561 855
048569 897
048577 590
048585 70
048593 18
048601 491
048609 243
048617 774
048625 260
048633 8
048644 463
048652 243
048660 49
048668 103
048676 568
048684 573
048692 164
048700 395
048708 991
048716 144
048724 312
048732 862
048740 467
048748 365
048756 827
048764 314
048772 724
048780 62
048788 270
048796 457
048804 973
048812 444
048820 736
048828 375
048836 233
048844 919
048852 733
048860 122
048868 656
048876 827
048884 447
048892 237
044800 512
044808 175
044816 386
044824 723
044832 170
044840 141
044848 470
044856 627
044864 607
044872 877
044880 600
044888 121
044896 275
044904 382
044912 520
044920 711
044928 901
044936 224
044944 662
044952 670
044960 997
044968 427
044976 286
044984 76
044992 654
045000 995
045008 767
045016 397
045024 256
045032 773
045040 520
045048 494
048646 304
048654 266
048662 357
048670 554
048678 155
048686 548
048694 27
048702 102
048710 608
048718 456
048726 87
048734 592
048742 744
048750 31
048758 706
048766 201
048774 865
048782 582
048790 344
048798 739
048806 860
048814 612
048822 383
048830 601
048838 88
048846 878
048854 178
048862 482
048870 544
048878 826
048886 6
048894 494
049669 864
049677 878
049685 225
049693 401
049701 312
049709 219
049717 334
049725 900
049733 986
049741 507
049749 64
049757 622
049765 382
049773 779
049781 166
049789 618
049797 814
049805 126
049813 337
049821 764
049829 531
049837 379
049845 52
049853 574
049861 509
049869 675
049877 949
049885 385
049893 60
049901 920
049909 730
049917 496
048899 798
048907 593
048915 55
048923 946
048931 698
048939 309
048947 128
048955 64
048963 171
048971 740
048979 561
048987 649
048995 656
049003 920
049011 823
049019 313
049027 125
049035 921
049043 319
049051 692
049059 537
049067 550
049075 787
049083 412
049091 482
049099 910
049107 408
049115 865
049123 151
049131 487
049139 957
049147 767
049666 663
049674 814
049682 993
049690 380
049698 35
049706 85
049714 27
049722 309
049730 802
049738 268
049746 694
049754 709
049762 48
049770 775
049778 201
049786 297
049794 597
049802 337
049810 293
049818 991
049826 12
049834 413
049842 322
049850 98
049858 237
049866 73
049874 710
049882 439
049890 56
049898 171
049906 337
049914 65
048641 655
048649 750
048657 7
048665 144
048673 813
048681 680
048689 68
048697 532
048705 193
048713 543
048721 242
048729 72
048737 580
048745 203
048753 579
048761 0
048769 740
048777 292
048785 817
048793 752
048801 685
048809 757
048817 820
048825 682
048833 90
048841 122
048849 962
048857 129
048865 885
048873 783
048881 895
048889 741
045056 749
045064 214
045072 394
045080 840
045088 524
045096 903
045104 296
045112 963
045120 250
045128 894
045136 431
045144 634
045152 980
045160 680
045168 473
045176 791
045184 787
045192 107
045200 239
045208 615
045216 85
045224 16
045232 445
045240 275
045248 454
045256 470
045264 414
045272 912
045280 659
045288 77
045296 566
045304 951
048900 528
048908 383
048916 995
048924 317
048932 568
048940 324
048948 241
048956 935
048964 578
048972 34
048980 351
048988 390
048996 117
049004 859
049012 948
049020 389
049028 767
049036 124
049044 91
049052 503
049060 83
049068 650
049076 362
049084 728
049092 594
049100 412
049108 691
049116 236
049124 496
049132 284
049140 730
049148 822
048902 677
048910 634
048918 84
048926 346
048934 286
048942 733
048950 484
048958 338
048966 295
048974 638
048982 690
048990 905
048998 909
049006 665
049014 232
049022 220
049030 835
049038 293
049046 888
049054 261
049062 282
049070 909
049078 224
049086 784
049094 890
049102 812
049110 721
049118 261
049126 749
049134 643
049142 867
049150 672
049925 929
049933 80
049941 990
049949 144
049957 908
049965 728
049973 812
049981 181
049989 425
049997 944
050005 307
050013 164
050021 818
050029 511
050037 280
050045 178
050053 797
050061 245
050069 819
050077 982
050085 473
050093 355
050101 794
050109 937
050117 565
050125 903
050133 833
050141 852
050149 616
050157 636
050165 144
050173 757
049155 551
049163 370
049171 660
049179 341
049187 758
049195 636
049203 283
049211 139
049219 765
049227 239
049235 674
049243 907
049251 387
049259 488
049267 925
049275 644
049283 986
049291 999
049299 45
049307 36
049315 506
049323 317
049331 858
049339 598
049347 272
049355 675
049363 799
049371 465
049379 752
049387 167
049395 922
049403 528
049922 101
049930 163
049938 263
049946 117
049954 970
049962 242
049970 834
049978 684
049986 171
049994 852
050002 654
050010 864
050018 554
050026 96
050034 793
050042 915
050050 251
050058 348
050066 734
050074 852
050082 882
050090 104
050098 121
050106 201
050114 735
050122 614
050130 807
050138 125
050146 159
050154 746
050162 162
050170 92
048897 569
048905 689
048913 524
048921 639
048929 610
048937 212
048945 617
048953 116
048961 595
048969 621
048977 209
048985 937
048993 557
049001 662
049009 126
049017 792
049025 941
049033 285
049041 473
049049 903
049057 227
049065 73
049073 370
049081 5
049089 328
049097 883
049105 48
049113 768
049121 400
049129 146
049137 739
049145 597
049156 714
049164 240
049172 882
049180 952
049188 353
049196 533
049204 961
049212 586
049220 9
049228 212
049236 279
049244 262
049252 980
049260 810
049268 388
049276 384
049284 368
049292 579
049300 512
049308 578
049316 603
049324 821
049332 491
049340 379
049348 81
049356 22
049364 821
049372 489
049380 226
049388 740
049396 825
049404 373
049158 595
049166 393
049174 493
049182 374
049190 69
049198 86
049206 268
049214 839
049222 557
049230 959
049238 970
049246 687
049254 474
049262 356
049270 372
049278 93
049286 519
049294 189
049302 523
049310 593
049318 285
049326 214
049334 318
049342 816
049350 171
049358 184
049366 985
049374 902
049382 464
049390 630
049398 63
049406 99
045312 300
045320 127
045328 628
045336 445
045344 884
045352 526
045360 934
045368 70
045376 785
045384 902
045392 621
045400 559
045408 710
045416 946
045424 679
045432 503
045440 952
045448 978
045456 499
045464 921
045472 252
045480 87
045488 755
045496 562
045504 615
045512 46
045520 998
045528 162
045536 885
045544 660
045552 316
045560 115
049411 436
049419 828
049427 868
049435 246
049443 320
049451 464
049459 968
049467 438
049475 498
049483 610
049491 578
049499 794
049507 713
049515 76
049523 82
049531 431
049539 561
049547 293
049555 530
049563 801
049571 433
049579 190
049587 474
049595 422
049603 241
049611 552
049619 912
049627 91
049635 789
049643 241
049651 221
049659 539
049153 885
049161 888
049169 841
049177 467
049185 111
049193 164
049201 892
049209 992
049217 467
049225 357
049233 140
049241 367
049249 749
049257 673
049265 98
049273 386
049281 397
049289 467
049297 126
049305 901
049313 683
049321 842
049329 961
049337 477
049345 80
049353 711
049361 279
049369 990
049377 839
049385 501
049393 187
049401 621
049412 183
049420 0
049428 667
049436 565
049444 283
049452 481
049460 246
049468 308
049476 914
049484 442
049492 69
049500 58
049508 263
049516 467
049524 533
049532 988
049540 915
049548 349
049556 871
049564 377
049572 615
049580 882
049588 45
049596 331
049604 884
049612 707
049620 176
049628 818
049636 381
049644 155
049652 683
049660 619
049414 948
049422 855
049430 166
049438 980
049446 230
049454 875
049462 777
049470 242
049478 429
049486 949
049494 105
049502 36
049510 136
049518 115
049526 676
049534 996
049542 821
049550 51
049558 696
049566 985
049574 681
049582 412
049590 743
049598 585
049606 418
049614 515
049622 8
049630 632
049638 964
049646 400
049654 628
049662 389
045568 685
045576 386
045584 544
045592 965
045600 486
045608 403
045616 307
045624 982
045632 962
045640 434
045648 776
045656 966
045664 387
045672 480
045680 510
045688 262
045696 282
045704 813
045712 842
045720 645
045728 522
045736 906
045744 492
045752 172
045760 135
045768 251
045776 398
045784 624
045792 314
045800 278
045808 838
045816 770
049667 368
049675 198
049683 882
049691 289
049699 404
049707 571
049715 362
049723 956
049731 442
049739 168
049747 566
049755 519
049763 416
049771 678
049779 786
049787 805
049795 475
049803 981
049811 794
049819 559
049827 624
049835 732
049843 833
049851 127
049859 769
049867 937
049875 490
049883 899
049891 912
049899 69
049907 801
049915 754
049409 658
049417 744
049425 100
049433 887
049441 824
049449 91
049457 327
049465 35
049473 32
049481 958
049489 600
049497 630
049505 306
049513 224
049521 343
049529 22
049537 460
049545 59
049553 833
049561 378
049569 941
049577 625
049585 652
049593 362
049601 828
049609 451
049617 40
049625 882
049633 843
049641 662
049649 875
049657 870
049668 886
049676 917
049684 724
049692 743
049700 156
049708 413
049716 474
049724 106
049732 350
049740 720
049748 859
049756 798
049764 546
049772 981
049780 866
049788 499
049796 907
049804 993
049812 337
049820 428
049828 325
049836 940
049844 581
049852 77
049860 144
049868 117
049876 562
049884 177
049892 260
049900 755
049908 643
049916 279
049670 774
049678 653
049686 759
049694 110
049702 559
049710 981
049718 221
049726 817
049734 800
049742 615
049750 221
049758 896
049766 812
049774 185
049782 256
049790 422
049798 936
049806 669
049814 129
049822 830
049830 420
049838 65
049846 693
049854 885
049862 887
049870 248
049878 770
049886 507
049894 560
049902 928
049910 698
049918 204
045824 393
045832 522
045840 720
045848 604
045856 53
045864 597
045872 241
045880 367
045888 293
045896 761
045904 983
045912 61
045920 830
045928 842
045936 769
045944 711
045952 750
045960 860
045968 589
045976 714
045984 634
045992 385
046000 736
046008 23
046016 743
046024 455
046032 128
046040 143
046048 909
046056 25
046064 223
046072 491
049923 991
049931 938
049939 779
049947 986
049955 913
049963 73
049971 551
049979 962
049987 357
049995 79
050003 78
050011 834
050019 655
050027 280
050035 619
050043 179
050051 394
050059 543
050067 650
050075 422
050083 246
050091 721
050099 671
050107 266
050115 403
050123 94
050131 406
050139 773
050147 994
050155 662
050163 721
050171 314
049665 805
049673 940
049681 227
049689 134
049697 204
049705 94
049713 74
049721 105
049729 460
049737 81
049745 570
049753 703
049761 616
049769 459
049777 758
049785 460
049793 120
049801 262
049809 605
049817 8
049825 9
049833 349
049841 352
049849 866
049857 655
049865 490
049873 46
049881 207
049889 733
049897 943
049905 554
049913 283
049924 217
049932 875
049940 492
049948 612
049956 985
049964 243
049972 875
049980 133
049988 939
049996 408
050004 194
050012 287
050020 532
050028 776
050036 840
050044 122
050052 167
050060 257
050068 87
050076 787
050084 833
050092 786
050100 191
050108 181
050116 743
050124 389
050132 215
050140 877
050148 132
050156 329
050164 441
050172 697
049926 592
049934 487
049942 667
049950 738
049958 732
049966 602
049974 773
049982 766
049990 145
049998 87
050006 435
050014 124
050022 242
050030 597
050038 768
050046 599
050054 398
050062 685
050070 317
050078 242
050086 891
050094 415
050102 684
050110 337
050118 371
050126 233
050134 631
050142 295
050150 412
050158 582
050166 404
050174 78
046080 897
046088 875
046096 425
046104 595
046112 586
046120 625
046128 430
046136 715
046144 167
046152 798
046160 738
046168 33
046176 412
046184 699
046192 254
046200 133
046208 985
046216 883
046224 296
046232 217
046240 691
046248 761
046256 2
046264 869
046272 91
046280 162
046288 401
046296 101
046304 768
046312 978
046320 918
046328 566
049921 194
049929 920
049937 902
049945 735
049953 973
049961 808
049969 208
049977 252
049985 534
049993 73
050001 901
050009 393
050017 373
050025 522
050033 813
050041 386
050049 909
050057 714
050065 296
050073 255
050081 480
050089 148
050097 825
050105 752
050113 230
050121 90
050129 236
050137 751
050145 203
050153 708
050161 152
050169 72
046336 335
046344 148
046352 246
046360 332
046368 510
046376 322
046384 725
046392 877
046400 813
046408 135
046416 27
046424 543
046432 354
046440 848
046448 788
046456 78
046464 221
046472 771
046480 677
046488 815
046496 196
046504 762
046512 78
046520 744
046528 723
046536 770
046544 717
046552 437
046560 34
046568 862
046576 956
046584 933
046592 712
046600 279
046608 67
046616 139
046624 102
046632 949
046640 679
046648 493
046656 317
046664 124
046672 402
046680 765
046688 468
046696 232
046704 248
046712 772
046720 7
046728 442
046736 372
046744 514
046752 838
046760 860
046768 842
046776 993
046784 130
046792 223
046800 755
046808 958
046816 78
046824 133
046832 965
046840 763
046848 597
046856 449
046864 162
046872 954
046880 149
046888 815
046896 303
046904 924
046912 212
046920 796
046928 430
046936 798
046944 116
046952 8
046960 48
046968 624
046976 488
046984 523
046992 269
047000 429
047008 908
047016 782
047024 808
047032 97
047040 589
047048 777
047056 27
047064 724
047072 429
047080 669
047088 941
047096 14
047104 75
047112 231
047120 975
047128 824
047136 879
047144 223
047152 368
047160 681
047168 362
047176 375
047184 561
047192 4
047200 585
047208 209
047216 676
047224 313
047232 169
047240 457
047248 107
047256 579
047264 219
047272 183
047280 332
047288 117
047296 473
047304 76
047312 904
047320 265
047328 123
047336 802
047344 19
047352 274
047360 187
047368 108
047376 682
047384 845
047392 932
047400 468
047408 812
047416 31
047424 947
047432 147
047440 961
047448 491
047456 9
047464 125
047472 14
047480 219
047488 989
047496 851
047504 353
047512 12
047520 499
047528 776
047536 683
047544 395
047552 262
047560 394
047568 766
047576 737
047584 310
047592 748
047600 521
047608 594
047616 271
047624 198
047632 821
047640 410
047648 393
047656 264
047664 291
047672 881
047680 236
047688 224
047696 749
047704 650
047712 601
047720 682
047728 92
047736 293
047744 4
047752 421
047760 225
047768 927
047776 582
047784 922
047792 31
047800 811
047808 291
047816 665
047824 735
047832 695
047840 515
047848 602
047856 972
047864 75
047872 473
047880 451
047888 825
047896 246
047904 63
047912 712
047920 879
047928 222
047936 562
047944 201
047952 118
047960 154
047968 718
047976 680
047984 857
047992 996
048000 776
048008 54
048016 625
048024 579
048032 500
048040 904
048048 982
048056 571
048064 515
048072 683
048080 784
048088 340
048096 905
048104 117
048112 249
048120 518
048128 693
048136 440
048144 465
048152 526
048160 870
048168 81
048176 605
048184 94
048192 237
048200 451
048208 242
048216 656
048224 65
048232 850
048240 300
048248 650
048256 708
048264 296
048272 807
048280 5
048288 712
048296 659
048304 231
048312 120
048320 658
048328 382
048336 716
048344 160
048352 6
048360 666
048368 937
048376 927
048384 604
048392 800
048400 374
048408 220
048416 309
048424 697
048432 115
048440 478
048448 573
048456 499
048464 537
048472 675
048480 495
048488 587
048496 66
048504 239
048512 222
048520 228
048528 449
048536 318
048544 534
048552 140
048560 771
048568 892
048576 863
048584 949
048592 422
048600 401
048608 372
048616 307
048624 340
048632 721
048640 567
048648 62
048656 763
048664 583
048672 120
048680 105
048688 20
048696 694
048704 804
048712 277
048720 569
048728 456
048736 587
048744 28
048752 365
048760 77
048768 941
048776 52
048784 9
048792 134
048800 134
048808 913
048816 158
048824 664
048832 40
048840 882
048848 951
048856 594
048864 654
048872 399
048880 456
048888 541
048896 648
048904 493
048912 70
048920 902
048928 540
048936 206
048944 842
048952 302
048960 733
048968 307
048976 643
048984 603
048992 648
049000 294
049008 835
049016 990
049024 488
049032 72
049040 338
049048 434
049056 196
049064 413
049072 578
049080 65
049088 304
049096 736
049104 937
049112 183
049120 812
049128 919
049136 341
049144 736
049152 673
049160 667
049168 137
049176 578
049184 856
049192 157
049200 395
049208 87
049216 881
049224 18
049232 806
049240 362
049248 636
049256 515
049264 582
049272 580
049280 860
049288 205
049296 787
049304 541
049312 271
049320 74
049328 154
049336 28
049344 326
049352 926
049360 689
049368 498
049376 248
049384 756
049392 910
049400 37
049408 440
049416 739
049424 205
049432 502
049440 377
049448 601
049456 696
049464 446
049472 81
049480 847
049488 657
049496 470
049504 705
049512 952
049520 834
049528 260
049536 775
049544 997
049552 300
049560 851
049568 109
049576 194
049584 496
049592 114
049600 614
049608 681
049616 74
049624 382
049632 555
049640 862
049648 280
049656 785
049664 133
049672 937
049680 201
049688 814
049696 917
049704 178
049712 437
049720 971
049728 539
049736 829
049744 855
049752 700
049760 707
049768 700
049776 271
049784 635
049792 914
049800 786
049808 994
049816 791
049824 706
049832 999
049840 705
049848 416
049856 339
049864 28
049872 404
049880 965
049888 344
049896 508
049904 708
049912 801
049920 180
049928 719
049936 415
049944 706
049952 887
049960 129
049968 581
049976 606
049984 731
049992 481
050000 728
050008 469
050016 789
050024 680
050032 944
050040 586
050048 140
050056 665
050064 736
050072 405
050080 120
050088 473
050096 845
050104 900
050112 773
050120 974
050128 779
050136 940
050144 38
050152 709
050160 921
050168 44
