000003 551
000011 149
000019 991
000027 759
000035 961
000043 851
000051 707
000059 976
000067 722
000075 762
000083 693
000091 824
000099 323
000107 106
000115 60
000123 574
000131 76
000139 935
000147 198
000155 367
000163 764
000171 607
000179 112
000187 356
000195 930
000203 683
000211 906
000219 845
000227 708
000235 288
000243 806
000251 62
000001 32
000009 450
000017 999
000025 127
000033 256
000041 366
000049 11
000057 281
000065 693
000073 689
000081 808
000089 754
000097 229
000105 779
000113 478
000121 266
000129 782
000137 257
000145 191
000153 940
000161 642
000169 996
000177 983
000185 492
000193 774
000201 550
000209 443
000217 379
000225 886
000233 978
000241 50
000249 481
000005 317
000013 124
000021 211
000029 370
000037 112
000045 976
000053 483
000061 470
000069 935
000077 742
000085 439
000093 942
000101 298
000109 488
000117 923
000125 909
000133 857
000141 449
000149 476
000157 410
000165 49
000173 200
000181 226
000189 596
000197 876
000205 811
000213 115
000221 113
000229 559
000237 648
000245 275
000253 830
000007 437
000015 728
000023 945
000031 793
000039 25
000047 793
000055 916
000063 352
000071 846
000079 331
000087 438
000095 853
000103 13
000111 12
000119 744
000127 931
000135 284
000143 92
000151 192
000159 110
000167 785
000175 681
000183 776
000191 603
000199 976
000207 126
000215 660
000223 39
000231 991
000239 618
000247 821
000255 63
000002 629
000010 374
000018 970
000026 230
000034 907
000042 679
000050 740
000058 551
000066 436
000074 456
000082 186
000090 554
000098 130
000106 219
000114 96
000122 882
000130 542
000138 542
000146 407
000154 6
000162 15
000170 420
000178 689
000186 362
000194 664
000202 7
000210 277
000218 1
000226 82
000234 322
000242 510
000250 324
000004 721
000012 321
000020 981
000028 172
000036 711
000044 954
000052 722
000060 391
000068 482
000076 329
000084 542
000092 793
000100 656
000108 550
000116 358
000124 620
000132 597
000140 432
000148 137
000156 27
000164 891
000172 458
000180 616
000188 393
000196 468
000204 978
000212 121
000220 246
000228 370
000236 300
000244 907
000252 287
000006 227
000014 928
000022 648
000030 466
000038 35
000046 816
000054 505
000062 294
000070 238
000078 127
000086 56
000094 45
000102 19
000110 162
000118 921
000126 507
000134 571
000142 883
000150 124
000158 663
000166 353
000174 452
000182 662
000190 167
000198 527
000206 674
000214 244
000222 127
000230 435
000238 830
000246 810
000254 804
000259 989
000267 541
000275 160
000283 190
000291 161
000299 639
000307 102
000315 961
000323 930
000331 367
000339 627
000347 886
000355 282
000363 137
000371 925
000379 417
000387 411
000395 174
000403 299
000411 474
000419 179
000427 33
000435 658
000443 801
000451 797
000459 426
000467 495
000475 191
000483 779
000491 245
000499 595
000507 68
000257 458
000265 816
000273 975
000281 997
000289 878
000297 124
000305 136
000313 339
000321 355
000329 491
000337 825
000345 655
000353 379
000361 799
000369 982
000377 100
000385 958
000393 479
000401 198
000409 846
000417 517
000425 433
000433 677
000441 559
000449 846
000457 236
000465 276
000473 116
000481 126
000489 701
000497 34
000505 632
000261 813
000269 429
000277 676
000285 620
000293 220
000301 798
000309 822
000317 160
000325 18
000333 46
000341 402
000349 623
000357 795
000365 368
000373 390
000381 304
000389 202
000397 17
000405 677
000413 52
000421 859
000429 164
000437 903
000445 487
000453 947
000461 175
000469 813
000477 354
000485 996
000493 697
000501 100
000509 45
000263 487
000271 635
000279 637
000287 880
000295 978
000303 660
000311 665
000319 911
000327 124
000335 411
000343 998
000351 463
000359 189
000367 993
000375 294
000383 975
000391 967
000399 715
000407 928
000415 216
000423 16
000431 347
000439 912
000447 46
000455 691
000463 249
000471 246
000479 121
000487 392
000495 744
000503 256
000511 564
000260 705
000268 417
000276 255
000284 485
000292 161
000300 291
000308 796
000316 555
000324 397
000332 220
000340 370
000348 101
000356 577
000364 625
000372 140
000380 95
000388 192
000396 447
000404 196
000412 778
000420 384
000428 460
000436 454
000444 222
000452 81
000460 460
000468 446
000476 422
000484 214
000492 546
000500 117
000508 661
000258 680
000266 299
000274 109
000282 996
000290 841
000298 79
000306 510
000314 598
000322 234
000330 741
000338 198
000346 811
000354 675
000362 844
000370 320
000378 458
000386 334
000394 428
000402 16
000410 68
000418 990
000426 3
000434 817
000442 105
000450 239
000458 564
000466 619
000474 120
000482 548
000490 838
000498 424
000506 333
000262 177
000270 938
000278 296
000286 415
000294 49
000302 726
000310 816
000318 45
000326 220
000334 853
000342 696
000350 88
000358 535
000366 759
000374 910
000382 344
000390 250
000398 156
000406 2
000414 354
000422 927
000430 486
000438 981
000446 874
000454 272
000462 541
000470 142
000478 745
000486 6
000494 373
000502 183
000510 525
000513 616
000521 298
000529 297
000537 497
000545 314
000553 458
000561 8
000569 993
000577 495
000585 435
000593 125
000601 290
000609 927
000617 301
000625 861
000633 824
000641 584
000649 264
000657 704
000665 775
000673 401
000681 193
000689 155
000697 82
000705 920
000713 737
000721 40
000729 756
000737 570
000745 389
000753 407
000761 523
000515 264
000523 174
000531 881
000539 662
000547 514
000555 111
000563 430
000571 872
000579 907
000587 44
000595 795
000603 21
000611 433
000619 234
000627 906
000635 752
000643 891
000651 56
000659 771
000667 652
000675 251
000683 884
000691 857
000699 645
000707 107
000715 847
000723 906
000731 604
000739 297
000747 710
000755 529
000763 231
000517 70
000525 132
000533 694
000541 592
000549 264
000557 490
000565 908
000573 440
000581 804
000589 281
000597 702
000605 159
000613 714
000621 218
000629 584
000637 71
000645 82
000653 619
000661 775
000669 786
000677 440
000685 724
000693 480
000701 444
000709 935
000717 662
000725 381
000733 158
000741 710
000749 529
000757 366
000765 258
000519 547
000527 513
000535 750
000543 242
000551 413
000559 127
000567 757
000575 245
000583 9
000591 875
000599 782
000607 957
000615 713
000623 420
000631 699
000639 674
000647 143
000655 190
000663 680
000671 33
000679 621
000687 405
000695 108
000703 889
000711 824
000719 680
000727 73
000735 173
000743 693
000751 414
000759 407
000767 856
000518 351
000526 632
000534 255
000542 853
000550 543
000558 234
000566 957
000574 714
000582 413
000590 425
000598 877
000606 535
000614 838
000622 246
000630 680
000638 743
000646 731
000654 936
000662 796
000670 221
000678 419
000686 42
000694 918
000702 547
000710 507
000718 8
000726 513
000734 52
000742 981
000750 253
000758 409
000766 429
000516 990
000524 754
000532 876
000540 523
000548 702
000556 616
000564 717
000572 432
000580 153
000588 835
000596 266
000604 434
000612 28
000620 748
000628 805
000636 91
000644 195
000652 733
000660 197
000668 433
000676 960
000684 850
000692 279
000700 320
000708 711
000716 303
000724 148
000732 781
000740 34
000748 367
000756 539
000764 308
000514 239
000522 849
000530 190
000538 713
000546 562
000554 106
000562 311
000570 679
000578 154
000586 912
000594 120
000602 574
000610 223
000618 557
000626 630
000634 717
000642 362
000650 991
000658 726
000666 40
000674 422
000682 634
000690 615
000698 146
000706 337
000714 859
000722 255
000730 528
000738 113
000746 680
000754 967
000762 437
000769 876
000777 279
000785 978
000793 420
000801 707
000809 26
000817 475
000825 255
000833 865
000841 486
000849 12
000857 195
000865 631
000873 829
000881 126
000889 551
000897 953
000905 289
000913 422
000921 21
000929 698
000937 330
000945 321
000953 912
000961 881
000969 43
000977 27
000985 191
000993 640
001001 576
001009 571
001017 983
000771 452
000779 743
000787 532
000795 535
000803 515
000811 849
000819 78
000827 830
000835 632
000843 897
000851 696
000859 575
000867 134
000875 625
000883 880
000891 19
000899 252
000907 75
000915 172
000923 618
000931 416
000939 923
000947 780
000955 888
000963 878
000971 201
000979 961
000987 365
000995 279
001003 651
001011 39
001019 719
000775 812
000783 127
000791 100
000799 172
000807 686
000815 422
000823 874
000831 915
000839 962
000847 353
000855 508
000863 107
000871 221
000879 402
000887 518
000895 240
000903 639
000911 97
000919 334
000927 883
000935 178
000943 144
000951 427
000959 144
000967 698
000975 550
000983 298
000991 305
000999 685
001007 167
001015 239
001023 626
000773 550
000781 335
000789 661
000797 458
000805 953
000813 579
000821 696
000829 804
000837 455
000845 724
000853 309
000861 262
000869 51
000877 986
000885 572
000893 581
000901 625
000909 262
000917 554
000925 505
000933 601
000941 728
000949 145
000957 353
000965 400
000973 233
000981 141
000989 792
000997 889
001005 754
001013 887
001021 698
000774 972
000782 314
000790 501
000798 543
000806 904
000814 842
000822 761
000830 742
000838 498
000846 142
000854 20
000862 98
000870 997
000878 279
000886 46
000894 396
000902 90
000910 884
000918 679
000926 630
000934 917
000942 498
000950 75
000958 65
000966 851
000974 638
000982 551
000990 225
000998 12
001006 401
001014 256
001022 429
000772 826
000780 43
000788 100
000796 489
000804 925
000812 699
000820 763
000828 426
000836 581
000844 319
000852 613
000860 933
000868 467
000876 515
000884 855
000892 798
000900 766
000908 52
000916 879
000924 733
000932 744
000940 549
000948 332
000956 27
000964 371
000972 154
000980 268
000988 61
000996 723
001004 444
001012 703
001020 342
000770 360
000778 147
000786 222
000794 824
000802 331
000810 980
000818 411
000826 449
000834 64
000842 344
000850 452
000858 692
000866 355
000874 593
000882 716
000890 391
000898 332
000906 906
000914 786
000922 603
000930 454
000938 589
000946 563
000954 24
000962 308
000970 757
000978 830
000986 217
000994 453
001002 453
001010 32
001018 949
001025 766
001033 52
001041 168
001049 901
001057 832
001065 916
001073 634
001081 559
001089 317
001097 532
001105 566
001113 391
001121 200
001129 594
001137 482
001145 256
001153 454
001161 985
001169 500
001177 106
001185 986
001193 616
001201 920
001209 364
001217 446
001225 282
001233 335
001241 822
001249 161
001257 179
001265 602
001273 274
001027 335
001035 241
001043 384
001051 227
001059 986
001067 162
001075 444
001083 557
001091 456
001099 232
001107 787
001115 22
001123 314
001131 391
001139 265
001147 425
001155 890
001163 373
001171 883
001179 438
001187 176
001195 967
001203 423
001211 118
001219 184
001227 800
001235 282
001243 960
001251 430
001259 560
001267 452
001275 644
001029 594
001037 689
001045 693
001053 110
001061 270
001069 583
001077 989
001085 177
001093 852
001101 446
001109 212
001117 888
001125 597
001133 128
001141 307
001149 721
001157 287
001165 959
001173 173
001181 11
001189 352
001197 383
001205 410
001213 718
001221 318
001229 418
001237 819
001245 641
001253 182
001261 941
001269 190
001277 63
001031 267
001039 637
001047 2
001055 593
001063 612
001071 46
001079 808
001087 390
001095 562
001103 188
001111 620
001119 710
001127 119
001135 470
001143 468
001151 322
001159 505
001167 621
001175 283
001183 756
001191 610
001199 905
001207 723
001215 122
001223 387
001231 661
001239 870
001247 380
001255 30
001263 765
001271 740
001279 878
001028 164
001036 117
001044 852
001052 982
001060 516
001068 224
001076 115
001084 286
001092 493
001100 582
001108 82
001116 105
001124 141
001132 699
001140 654
001148 900
001156 285
001164 703
001172 739
001180 572
001188 995
001196 55
001204 781
001212 455
001220 205
001228 465
001236 178
001244 182
001252 392
001260 72
001268 395
001276 795
001030 140
001038 885
001046 821
001054 446
001062 579
001070 617
001078 179
001086 870
001094 517
001102 269
001110 884
001118 487
001126 552
001134 79
001142 567
001150 526
001158 63
001166 349
001174 8
001182 67
001190 936
001198 189
001206 555
001214 764
001222 62
001230 712
001238 212
001246 404
001254 251
001262 338
001270 364
001278 335
001026 709
001034 500
001042 614
001050 954
001058 369
001066 343
001074 201
001082 413
001090 311
001098 649
001106 774
001114 336
001122 505
001130 326
001138 218
001146 449
001154 440
001162 958
001170 892
001178 253
001186 502
001194 152
001202 714
001210 828
001218 392
001226 172
001234 889
001242 713
001250 471
001258 27
001266 275
001274 316
001281 736
001289 505
001297 195
001305 896
001313 653
001321 654
001329 122
001337 364
001345 840
001353 675
001361 194
001369 507
001377 677
001385 409
001393 652
001401 855
001409 290
001417 826
001425 555
001433 320
001441 459
001449 156
001457 728
001465 101
001473 836
001481 646
001489 953
001497 444
001505 625
001513 268
001521 212
001529 428
001283 91
001291 827
001299 404
001307 214
001315 349
001323 940
001331 965
001339 506
001347 888
001355 350
001363 827
001371 538
001379 335
001387 487
001395 272
001403 608
001411 223
001419 672
001427 646
001435 831
001443 387
001451 155
001459 511
001467 255
001475 502
001483 43
001491 212
001499 582
001507 195
001515 407
001523 366
001531 339
001287 283
001295 797
001303 597
001311 94
001319 671
001327 457
001335 914
001343 497
001351 817
001359 174
001367 572
001375 751
001383 783
001391 468
001399 43
001407 992
001415 286
001423 442
001431 617
001439 763
001447 968
001455 735
001463 491
001471 651
001479 570
001487 937
001495 411
001503 507
001511 987
001519 121
001527 427
001535 645
001285 535
001293 736
001301 633
001309 11
001317 512
001325 148
001333 678
001341 532
001349 844
001357 873
001365 807
001373 82
001381 822
001389 224
001397 717
001405 570
001413 570
001421 22
001429 857
001437 913
001445 717
001453 815
001461 811
001469 853
001477 396
001485 361
001493 702
001501 172
001509 662
001517 729
001525 848
001533 866
001284 256
001292 806
001300 225
001308 159
001316 764
001324 116
001332 45
001340 8
001348 0
001356 515
001364 260
001372 262
001380 578
001388 691
001396 886
001404 510
001412 602
001420 292
001428 214
001436 340
001444 138
001452 661
001460 430
001468 612
001476 328
001484 386
001492 299
001500 155
001508 462
001516 638
001524 849
001532 759
001286 387
001294 883
001302 801
001310 796
001318 419
001326 326
001334 627
001342 821
001350 800
001358 853
001366 312
001374 143
001382 503
001390 571
001398 642
001406 393
001414 734
001422 566
001430 235
001438 143
001446 701
001454 141
001462 402
001470 688
001478 689
001486 482
001494 623
001502 855
001510 566
001518 783
001526 775
001534 462
001282 218
001290 146
001298 734
001306 533
001314 429
001322 292
001330 654
001338 946
001346 173
001354 487
001362 138
001370 339
001378 663
001386 774
001394 411
001402 550
001410 86
001418 352
001426 731
001434 417
001442 121
001450 337
001458 499
001466 877
001474 91
001482 65
001490 228
001498 951
001506 296
001514 73
001522 100
001530 487
001537 55
001545 771
001553 915
001561 951
001569 407
001577 970
001585 970
001593 628
001601 875
001609 561
001617 772
001625 838
001633 790
001641 192
001649 779
001657 830
001665 853
001673 156
001681 827
001689 827
001697 599
001705 751
001713 322
001721 562
001729 644
001737 415
001745 895
001753 359
001761 985
001769 374
001777 873
001785 483
001539 828
001547 600
001555 581
001563 282
001571 232
001579 596
001587 453
001595 54
001603 765
001611 222
001619 134
001627 793
001635 429
001643 872
001651 59
001659 830
001667 306
001675 272
001683 881
001691 108
001699 847
001707 508
001715 237
001723 67
001731 415
001739 229
001747 546
001755 135
001763 531
001771 858
001779 793
001787 145
001543 136
001551 594
001559 875
001567 795
001575 851
001583 43
001591 371
001599 702
001607 140
001615 246
001623 663
001631 844
001639 531
001647 911
001655 709
001663 566
001671 623
001679 81
001687 363
001695 409
001703 972
001711 294
001719 104
001727 395
001735 726
001743 766
001751 473
001759 16
001767 464
001775 911
001783 166
001791 211
001541 621
001549 42
001557 646
001565 164
001573 363
001581 979
001589 896
001597 296
001605 497
001613 255
001621 22
001629 186
001637 133
001645 887
001653 157
001661 748
001669 41
001677 112
001685 473
001693 998
001701 77
001709 13
001717 846
001725 719
001733 863
001741 314
001749 692
001757 153
001765 530
001773 581
001781 211
001789 741
001540 929
001548 324
001556 528
001564 71
001572 908
001580 966
001588 78
001596 634
001604 868
001612 659
001620 951
001628 800
001636 50
001644 746
001652 338
001660 669
001668 536
001676 830
001684 409
001692 7
001700 21
001708 389
001716 778
001724 659
001732 578
001740 834
001748 613
001756 986
001764 220
001772 26
001780 916
001788 818
001538 111
001546 286
001554 939
001562 64
001570 775
001578 421
001586 925
001594 15
001602 75
001610 613
001618 172
001626 57
001634 454
001642 432
001650 376
001658 87
001666 701
001674 836
001682 718
001690 240
001698 288
001706 958
001714 312
001722 788
001730 993
001738 655
001746 889
001754 807
001762 113
001770 810
001778 412
001786 891
001542 818
001550 134
001558 90
001566 935
001574 79
001582 13
001590 332
001598 900
001606 596
001614 829
001622 996
001630 572
001638 854
001646 214
001654 32
001662 438
001670 770
001678 631
001686 948
001694 338
001702 669
001710 841
001718 702
001726 105
001734 523
001742 866
001750 828
001758 373
001766 863
001774 401
001782 550
001790 847
001793 479
001801 473
001809 92
001817 279
001825 270
001833 561
001841 798
001849 906
001857 235
001865 129
001873 135
001881 257
001889 115
001897 638
001905 908
001913 258
001921 135
001929 804
001937 678
001945 454
001953 681
001961 620
001969 493
001977 6
001985 18
001993 822
002001 660
002009 457
002017 717
002025 251
002033 78
002041 531
001795 833
001803 396
001811 276
001819 745
001827 212
001835 119
001843 770
001851 27
001859 446
001867 480
001875 248
001883 230
001891 280
001899 36
001907 48
001915 907
001923 199
001931 398
001939 865
001947 414
001955 228
001963 341
001971 127
001979 337
001987 633
001995 173
002003 823
002011 156
002019 65
002027 845
002035 429
002043 816
001799 870
001807 118
001815 140
001823 146
001831 478
001839 681
001847 84
001855 368
001863 350
001871 578
001879 956
001887 116
001895 184
001903 856
001911 800
001919 914
001927 826
001935 88
001943 938
001951 997
001959 949
001967 67
001975 171
001983 675
001991 16
001999 920
002007 547
002015 505
002023 61
002031 948
002039 677
002047 448
001797 455
001805 655
001813 375
001821 990
001829 760
001837 979
001845 804
001853 101
001861 929
001869 87
001877 228
001885 247
001893 686
001901 671
001909 224
001917 797
001925 626
001933 189
001941 559
001949 293
001957 320
001965 168
001973 737
001981 636
001989 279
001997 118
002005 654
002013 451
002021 968
002029 639
002037 869
002045 35
001796 442
001804 956
001812 705
001820 132
001828 58
001836 618
001844 719
001852 828
001860 985
001868 861
001876 207
001884 470
001892 237
001900 829
001908 860
001916 754
001924 359
001932 424
001940 839
001948 212
001956 85
001964 222
001972 414
001980 872
001988 992
001996 550
002004 484
002012 770
002020 557
002028 30
002036 470
002044 414
001794 858
001802 899
001810 748
001818 87
001826 993
001834 8
001842 679
001850 178
001858 128
001866 118
001874 160
001882 508
001890 180
001898 394
001906 757
001914 57
001922 66
001930 697
001938 240
001946 170
001954 872
001962 574
001970 817
001978 639
001986 540
001994 450
002002 969
002010 510
002018 529
002026 956
002034 159
002042 480
001798 287
001806 413
001814 512
001822 670
001830 975
001838 321
001846 287
001854 215
001862 897
001870 148
001878 683
001886 911
001894 493
001902 855
001910 388
001918 901
001926 947
001934 409
001942 646
001950 33
001958 658
001966 955
001974 441
001982 861
001990 219
001998 190
002006 928
002014 704
002022 598
002030 141
002038 839
002046 55
002051 450
002059 806
002067 358
002075 55
002083 952
002091 982
002099 792
002107 718
002115 637
002123 644
002131 277
002139 136
002147 483
002155 18
002163 939
002171 843
002179 917
002187 219
002195 53
002203 797
002211 914
002219 45
002227 14
002235 991
002243 669
002251 847
002259 115
002267 408
002275 549
002283 740
002291 620
002299 446
002049 305
002057 561
002065 494
002073 568
002081 789
002089 566
002097 359
002105 541
002113 144
002121 192
002129 945
002137 994
002145 600
002153 858
002161 459
002169 906
002177 845
002185 258
002193 157
002201 470
002209 940
002217 134
002225 846
002233 579
002241 62
002249 885
002257 818
002265 525
002273 284
002281 341
002289 171
002297 507
002055 412
002063 565
002071 280
002079 787
002087 864
002095 802
002103 698
002111 79
002119 273
002127 746
002135 766
002143 693
002151 328
002159 798
002167 701
002175 380
002183 156
002191 509
002199 909
002207 150
002215 31
002223 676
002231 529
002239 459
002247 77
002255 142
002263 105
002271 743
002279 435
002287 57
002295 654
002303 117
002053 92
002061 852
002069 271
002077 495
002085 897
002093 710
002101 361
002109 734
002117 658
002125 16
002133 44
002141 922
002149 866
002157 420
002165 248
002173 962
002181 731
002189 436
002197 295
002205 708
002213 650
002221 656
002229 15
002237 80
002245 277
002253 182
002261 675
002269 647
002277 13
002285 762
002293 878
002301 597
002052 710
002060 360
002068 92
002076 47
002084 265
002092 887
002100 39
002108 315
002116 788
002124 659
002132 204
002140 519
002148 809
002156 871
002164 40
002172 441
002180 307
002188 494
002196 482
002204 178
002212 886
002220 773
002228 483
002236 836
002244 530
002252 86
002260 410
002268 423
002276 34
002284 913
002292 715
002300 289
002050 146
002058 164
002066 279
002074 667
002082 762
002090 662
002098 946
002106 586
002114 540
002122 516
002130 21
002138 291
002146 193
002154 407
002162 697
002170 710
002178 832
002186 747
002194 72
002202 703
002210 446
002218 94
002226 136
002234 481
002242 585
002250 820
002258 829
002266 793
002274 625
002282 488
002290 31
002298 970
002054 128
002062 35
002070 871
002078 139
002086 785
002094 442
002102 105
002110 386
002118 769
002126 490
002134 179
002142 403
002150 310
002158 21
002166 702
002174 692
002182 346
002190 637
002198 719
002206 246
002214 325
002222 220
002230 93
002238 289
002246 569
002254 714
002262 703
002270 562
002278 555
002286 291
002294 365
002302 30
002307 315
002315 872
002323 43
002331 982
002339 188
002347 315
002355 333
002363 239
002371 470
002379 207
002387 548
002395 40
002403 881
002411 639
002419 110
002427 796
002435 462
002443 255
002451 15
002459 980
002467 791
002475 399
002483 769
002491 616
002499 518
002507 127
002515 808
002523 33
002531 31
002539 260
002547 587
002555 575
002305 623
002313 333
002321 972
002329 347
002337 468
002345 357
002353 93
002361 729
002369 746
002377 411
002385 695
002393 500
002401 539
002409 495
002417 185
002425 467
002433 983
002441 704
002449 396
002457 825
002465 675
002473 685
002481 558
002489 633
002497 519
002505 47
002513 353
002521 107
002529 764
002537 553
002545 813
002553 158
002311 235
002319 600
002327 880
002335 791
002343 603
002351 319
002359 430
002367 292
002375 468
002383 954
002391 933
002399 280
002407 465
002415 910
002423 43
002431 648
002439 924
002447 989
002455 537
002463 579
002471 563
002479 504
002487 171
002495 819
002503 361
002511 747
002519 449
002527 541
002535 366
002543 728
002551 959
002559 853
002309 284
002317 951
002325 326
002333 366
002341 349
002349 207
002357 501
002365 696
002373 84
002381 326
002389 997
002397 991
002405 572
002413 545
002421 541
002429 37
002437 560
002445 580
002453 105
002461 304
002469 506
002477 654
002485 849
002493 433
002501 580
002509 116
002517 977
002525 0
002533 417
002541 599
002549 951
002557 611
002308 906
002316 806
002324 641
002332 405
002340 999
002348 324
002356 862
002364 171
002372 170
002380 550
002388 560
002396 780
002404 474
002412 582
002420 903
002428 43
002436 148
002444 641
002452 603
002460 228
002468 149
002476 472
002484 120
002492 603
002500 99
002508 617
002516 399
002524 77
002532 68
002540 250
002548 962
002556 603
002306 960
002314 556
002322 591
002330 820
002338 584
002346 284
002354 236
002362 414
002370 384
002378 528
002386 438
002394 69
002402 677
002410 798
002418 878
002426 149
002434 638
002442 575
002450 296
002458 677
002466 696
002474 563
002482 451
002490 221
002498 198
002506 972
002514 21
002522 515
002530 555
002538 732
002546 109
002554 795
002310 323
002318 519
002326 525
002334 72
002342 507
002350 250
002358 635
002366 6
002374 339
002382 481
002390 7
002398 233
002406 413
002414 938
002422 346
002430 79
002438 976
002446 912
002454 497
002462 617
002470 88
002478 16
002486 535
002494 839
002502 852
002510 405
002518 587
002526 788
002534 118
002542 6
002550 538
002558 175
002563 0
002571 771
002579 63
002587 875
002595 461
002603 542
002611 839
002619 384
002627 676
002635 354
002643 557
002651 946
002659 748
002667 878
002675 713
002683 219
002691 28
002699 470
002707 947
002715 367
002723 148
002731 78
002739 995
002747 886
002755 275
002763 806
002771 16
002779 303
002787 948
002795 130
002803 874
002811 812
002561 428
002569 452
002577 585
002585 819
002593 59
002601 866
002609 8
002617 167
002625 159
002633 741
002641 179
002649 137
002657 122
002665 587
002673 574
002681 165
002689 127
002697 382
002705 83
002713 406
002721 808
002729 357
002737 886
002745 538
002753 877
002761 176
002769 323
002777 797
002785 799
002793 269
002801 862
002809 53
002565 659
002573 161
002581 353
002589 938
002597 138
002605 855
002613 743
002621 258
002629 884
002637 409
002645 707
002653 138
002661 807
002669 396
002677 994
002685 983
002693 968
002701 612
002709 230
002717 365
002725 163
002733 134
002741 74
002749 752
002757 923
002765 396
002773 380
002781 997
002789 183
002797 930
002805 642
002813 817
002567 185
002575 359
002583 442
002591 634
002599 92
002607 671
002615 698
002623 276
002631 51
002639 234
002647 283
002655 161
002663 280
002671 278
002679 105
002687 444
002695 367
002703 271
002711 266
002719 576
002727 364
002735 672
002743 461
002751 791
002759 831
002767 529
002775 779
002783 767
002791 417
002799 429
002807 808
002815 403
002564 702
002572 288
002580 390
002588 425
002596 599
002604 139
002612 453
002620 739
002628 296
002636 300
002644 640
002652 636
002660 514
002668 934
002676 219
002684 272
002692 366
002700 520
002708 839
002716 289
002724 649
002732 957
002740 511
002748 118
002756 167
002764 809
002772 167
002780 673
002788 844
002796 222
002804 2
002812 98
002562 508
002570 538
002578 623
002586 439
002594 478
002602 560
002610 349
002618 714
002626 404
002634 696
002642 300
002650 447
002658 946
002666 166
002674 933
002682 693
002690 377
002698 905
002706 928
002714 822
002722 978
002730 386
002738 198
002746 390
002754 26
002762 31
002770 689
002778 72
002786 210
002794 413
002802 74
002810 42
002566 161
002574 86
002582 351
002590 112
002598 575
002606 863
002614 776
002622 68
002630 502
002638 245
002646 867
002654 593
002662 802
002670 229
002678 929
002686 32
002694 226
002702 961
002710 622
002718 938
002726 213
002734 673
002742 837
002750 323
002758 38
002766 437
002774 56
002782 298
002790 288
002798 904
002806 419
002814 860
002819 247
002827 776
002835 948
002843 164
002851 438
002859 822
002867 862
002875 654
002883 358
002891 616
002899 909
002907 877
002915 814
002923 125
002931 908
002939 936
002947 215
002955 619
002963 683
002971 932
002979 8
002987 740
002995 524
003003 376
003011 358
003019 777
003027 509
003035 830
003043 375
003051 701
003059 750
003067 314
002817 976
002825 763
002833 448
002841 466
002849 633
002857 835
002865 904
002873 325
002881 737
002889 770
002897 606
002905 475
002913 76
002921 182
002929 456
002937 752
002945 406
002953 900
002961 115
002969 634
002977 684
002985 217
002993 11
003001 180
003009 210
003017 917
003025 265
003033 124
003041 319
003049 760
003057 653
003065 86
002821 769
002829 490
002837 993
002845 305
002853 179
002861 988
002869 735
002877 704
002885 14
002893 93
002901 700
002909 425
002917 556
002925 186
002933 801
002941 55
002949 51
002957 188
002965 985
002973 811
002981 999
002989 481
002997 552
003005 13
003013 696
003021 549
003029 197
003037 40
003045 589
003053 566
003061 642
003069 928
002823 470
002831 172
002839 860
002847 848
002855 195
002863 250
002871 96
002879 557
002887 469
002895 632
002903 786
002911 226
002919 281
002927 580
002935 220
002943 815
002951 623
002959 972
002967 671
002975 846
002983 219
002991 937
002999 0
003007 550
003015 26
003023 680
003031 128
003039 453
003047 779
003055 155
003063 961
003071 908
002820 654
002828 408
002836 820
002844 70
002852 301
002860 960
002868 719
002876 403
002884 664
002892 819
002900 708
002908 447
002916 400
002924 445
002932 781
002940 388
002948 869
002956 760
002964 204
002972 765
002980 79
002988 846
002996 723
003004 785
003012 377
003020 611
003028 839
003036 533
003044 978
003052 927
003060 302
003068 238
002818 809
002826 703
002834 754
002842 64
002850 82
002858 521
002866 717
002874 771
002882 990
002890 914
002898 930
002906 846
002914 957
002922 711
002930 695
002938 95
002946 806
002954 484
002962 116
002970 161
002978 634
002986 723
002994 510
003002 562
003010 702
003018 715
003026 608
003034 278
003042 42
003050 146
003058 816
003066 466
002822 34
002830 880
002838 733
002846 548
002854 716
002862 123
002870 612
002878 91
002886 163
002894 296
002902 814
002910 497
002918 484
002926 408
002934 485
002942 576
002950 572
002958 54
002966 514
002974 6
002982 955
002990 977
002998 321
003006 424
003014 513
003022 36
003030 827
003038 569
003046 267
003054 531
003062 502
003070 25
003075 670
003083 996
003091 825
003099 827
003107 990
003115 83
003123 231
003131 193
003139 0
003147 633
003155 334
003163 787
003171 550
003179 861
003187 713
003195 812
003203 891
003211 20
003219 188
003227 340
003235 876
003243 799
003251 439
003259 385
003267 907
003275 55
003283 921
003291 422
003299 107
003307 131
003315 668
003323 44
003073 241
003081 743
003089 105
003097 856
003105 664
003113 746
003121 999
003129 113
003137 581
003145 803
003153 807
003161 406
003169 88
003177 599
003185 924
003193 906
003201 64
003209 808
003217 673
003225 75
003233 988
003241 605
003249 921
003257 809
003265 373
003273 485
003281 914
003289 435
003297 433
003305 717
003313 696
003321 137
003077 499
003085 397
003093 408
003101 127
003109 218
003117 586
003125 54
003133 601
003141 518
003149 1
003157 864
003165 224
003173 955
003181 607
003189 691
003197 619
003205 83
003213 584
003221 374
003229 296
003237 697
003245 588
003253 57
003261 579
003269 415
003277 16
003285 885
003293 745
003301 111
003309 205
003317 441
003325 576
003079 152
003087 848
003095 818
003103 272
003111 448
003119 43
003127 646
003135 879
003143 713
003151 256
003159 468
003167 587
003175 21
003183 274
003191 529
003199 573
003207 549
003215 110
003223 50
003231 786
003239 145
003247 892
003255 541
003263 381
003271 886
003279 974
003287 58
003295 41
003303 443
003311 283
003319 506
003327 353
003076 536
003084 307
003092 622
003100 571
003108 121
003116 428
003124 85
003132 970
003140 457
003148 218
003156 396
003164 820
003172 526
003180 909
003188 184
003196 780
003204 89
003212 784
003220 227
003228 914
003236 192
003244 390
003252 233
003260 619
003268 194
003276 769
003284 479
003292 427
003300 348
003308 89
003316 396
003324 26
003074 583
003082 329
003090 64
003098 218
003106 832
003114 44
003122 624
003130 494
003138 574
003146 947
003154 572
003162 755
003170 58
003178 771
003186 673
003194 633
003202 672
003210 106
003218 888
003226 428
003234 239
003242 940
003250 225
003258 545
003266 700
003274 781
003282 241
003290 37
003298 995
003306 505
003314 859
003322 709
003078 755
003086 236
003094 571
003102 103
003110 691
003118 432
003126 247
003134 554
003142 633
003150 256
003158 623
003166 27
003174 68
003182 312
003190 302
003198 187
003206 329
003214 84
003222 785
003230 111
003238 153
003246 149
003254 457
003262 731
003270 129
003278 18
003286 565
003294 644
003302 829
003310 499
003318 669
003326 294
003331 204
003339 528
003347 624
003355 878
003363 884
003371 631
003379 589
003387 709
003395 451
003403 155
003411 422
003419 701
003427 220
003435 389
003443 209
003451 165
003459 598
003467 283
003475 84
003483 252
003491 439
003499 328
003507 404
003515 55
003523 787
003531 867
003539 372
003547 412
003555 320
003563 263
003571 658
003579 157
003329 613
003337 689
003345 224
003353 986
003361 476
003369 920
003377 196
003385 553
003393 837
003401 942
003409 49
003417 909
003425 885
003433 960
003441 620
003449 2
003457 949
003465 752
003473 302
003481 518
003489 716
003497 864
003505 725
003513 780
003521 350
003529 743
003537 694
003545 592
003553 848
003561 142
003569 842
003577 936
003333 192
003341 306
003349 798
003357 12
003365 32
003373 567
003381 211
003389 340
003397 519
003405 895
003413 654
003421 859
003429 48
003437 719
003445 462
003453 551
003461 786
003469 350
003477 840
003485 721
003493 44
003501 110
003509 27
003517 490
003525 806
003533 533
003541 890
003549 238
003557 117
003565 757
003573 909
003581 300
003335 389
003343 582
003351 169
003359 790
003367 458
003375 713
003383 302
003391 77
003399 661
003407 971
003415 984
003423 372
003431 889
003439 893
003447 268
003455 308
003463 383
003471 255
003479 626
003487 241
003495 756
003503 427
003511 182
003519 186
003527 262
003535 593
003543 475
003551 118
003559 849
003567 581
003575 111
003583 720
003332 598
003340 337
003348 227
003356 635
003364 381
003372 644
003380 537
003388 432
003396 991
003404 945
003412 232
003420 917
003428 587
003436 838
003444 787
003452 465
003460 599
003468 615
003476 341
003484 675
003492 888
003500 943
003508 730
003516 755
003524 402
003532 23
003540 868
003548 345
003556 399
003564 634
003572 429
003580 923
003330 460
003338 308
003346 854
003354 490
003362 746
003370 25
003378 644
003386 990
003394 226
003402 420
003410 831
003418 852
003426 478
003434 597
003442 412
003450 939
003458 488
003466 586
003474 677
003482 28
003490 149
003498 455
003506 844
003514 828
003522 603
003530 100
003538 784
003546 398
003554 642
003562 300
003570 747
003578 766
003334 78
003342 677
003350 906
003358 260
003366 882
003374 632
003382 1
003390 951
003398 66
003406 531
003414 329
003422 437
003430 10
003438 43
003446 639
003454 135
003462 924
003470 702
003478 289
003486 105
003494 229
003502 663
003510 92
003518 986
003526 749
003534 398
003542 750
003550 27
003558 575
003566 241
003574 260
003582 567
003587 546
003595 71
003603 478
003611 760
003619 805
003627 389
003635 241
003643 867
003651 369
003659 648
003667 499
003675 79
003683 694
003691 578
003699 294
003707 799
003715 456
003723 715
003731 154
003739 987
003747 627
003755 477
003763 835
003771 362
003779 503
003787 201
003795 594
003803 405
003811 161
003819 568
003827 870
003835 676
003585 864
003593 283
003601 589
003609 992
003617 984
003625 441
003633 445
003641 173
003649 376
003657 704
003665 685
003673 831
003681 209
003689 280
003697 293
003705 709
003713 601
003721 974
003729 68
003737 799
003745 566
003753 800
003761 5
003769 488
003777 989
003785 252
003793 844
003801 418
003809 437
003817 589
003825 113
003833 7
003591 460
003599 618
003607 453
003615 381
003623 981
003631 744
003639 62
003647 779
003655 604
003663 969
003671 24
003679 17
003687 332
003695 371
003703 434
003711 373
003719 802
003727 399
003735 788
003743 673
003751 808
003759 758
003767 605
003775 78
003783 52
003791 323
003799 207
003807 544
003815 607
003823 434
003831 482
003839 666
003589 483
003597 722
003605 582
003613 218
003621 764
003629 616
003637 205
003645 780
003653 474
003661 95
003669 852
003677 89
003685 905
003693 942
003701 844
003709 247
003717 323
003725 731
003733 602
003741 259
003749 126
003757 953
003765 317
003773 615
003781 567
003789 233
003797 66
003805 454
003813 732
003821 586
003829 355
003837 78
003588 758
003596 220
003604 792
003612 285
003620 295
003628 961
003636 65
003644 426
003652 353
003660 51
003668 451
003676 21
003684 504
003692 658
003700 16
003708 201
003716 44
003724 514
003732 12
003740 54
003748 383
003756 859
003764 590
003772 647
003780 409
003788 733
003796 241
003804 525
003812 734
003820 251
003828 549
003836 413
003586 356
003594 653
003602 22
003610 488
003618 365
003626 335
003634 168
003642 408
003650 115
003658 911
003666 257
003674 69
003682 419
003690 204
003698 233
003706 429
003714 458
003722 340
003730 203
003738 263
003746 913
003754 924
003762 77
003770 502
003778 181
003786 772
003794 215
003802 499
003810 81
003818 856
003826 956
003834 280
003590 451
003598 447
003606 960
003614 399
003622 498
003630 699
003638 973
003646 449
003654 967
003662 203
003670 360
003678 847
003686 910
003694 651
003702 371
003710 566
003718 535
003726 193
003734 54
003742 884
003750 109
003758 467
003766 94
003774 48
003782 5
003790 947
003798 463
003806 369
003814 616
003822 120
003830 410
003838 547
003843 366
003851 594
003859 429
003867 834
003875 647
003883 651
003891 845
003899 25
003907 109
003915 848
003923 574
003931 580
003939 222
003947 5
003955 376
003963 848
003971 392
003979 363
003987 303
003995 230
004003 398
004011 612
004019 51
004027 270
004035 649
004043 583
004051 376
004059 217
004067 248
004075 744
004083 539
004091 192
003841 218
003849 719
003857 695
003865 775
003873 780
003881 637
003889 225
003897 84
003905 992
003913 997
003921 768
003929 331
003937 339
003945 803
003953 616
003961 654
003969 739
003977 876
003985 959
003993 127
004001 594
004009 105
004017 484
004025 289
004033 120
004041 925
004049 533
004057 576
004065 52
004073 219
004081 722
004089 165
003845 780
003853 181
003861 715
003869 20
003877 877
003885 51
003893 922
003901 142
003909 517
003917 528
003925 158
003933 189
003941 4
003949 124
003957 734
003965 346
003973 510
003981 289
003989 999
003997 320
004005 857
004013 977
004021 813
004029 820
004037 794
004045 443
004053 959
004061 174
004069 955
004077 199
004085 680
004093 582
003847 289
003855 656
003863 957
003871 535
003879 606
003887 992
003895 564
003903 357
003911 391
003919 131
003927 374
003935 718
003943 163
003951 591
003959 28
003967 460
003975 429
003983 331
003991 522
003999 94
004007 69
004015 875
004023 844
004031 481
004039 614
004047 265
004055 952
004063 206
004071 355
004079 353
004087 882
004095 153
000000 541
000008 97
000016 191
000024 172
000032 553
000040 604
000048 103
000056 733
000064 842
000072 633
000080 190
000088 717
000096 798
000104 284
000112 678
000120 208
000128 164
000136 611
000144 922
000152 191
000160 912
000168 457
000176 451
000184 275
000192 734
000200 937
000208 376
000216 202
000224 807
000232 739
000240 990
000248 935
003844 764
003852 296
003860 675
003868 240
003876 964
003884 214
003892 458
003900 301
003908 494
003916 412
003924 310
003932 169
003940 230
003948 989
003956 781
003964 55
003972 63
003980 822
003988 459
003996 897
004004 259
004012 640
004020 82
004028 800
004036 620
004044 409
004052 106
004060 455
004068 244
004076 60
004084 223
004092 812
003842 869
003850 72
003858 668
003866 807
003874 794
003882 934
003890 416
003898 337
003906 557
003914 596
003922 262
003930 725
003938 498
003946 222
003954 117
003962 913
003970 659
003978 149
003986 146
003994 225
004002 381
004010 114
004018 968
004026 515
004034 812
004042 713
004050 6
004058 293
004066 833
004074 386
004082 966
004090 919
003846 983
003854 712
003862 944
003870 112
003878 471
003886 157
003894 100
003902 640
003910 663
003918 543
003926 861
003934 30
003942 402
003950 177
003958 546
003966 182
003974 371
003982 400
003990 621
003998 414
004006 606
004014 45
004022 616
004030 303
004038 553
004046 844
004054 791
004062 7
004070 383
004078 605
004086 822
004094 917
004099 900
004107 217
004115 842
004123 690
004131 608
004139 710
004147 412
004155 179
004163 553
004171 14
004179 765
004187 449
004195 240
004203 617
004211 925
004219 978
004227 315
004235 483
004243 371
004251 250
004259 909
004267 764
004275 802
004283 978
004291 111
004299 827
004307 481
004315 629
004323 830
004331 827
004339 313
004347 603
004097 181
004105 479
004113 351
004121 82
004129 637
004137 310
004145 897
004153 735
004161 767
004169 316
004177 559
004185 165
004193 742
004201 522
004209 638
004217 408
004225 665
004233 123
004241 265
004249 775
004257 105
004265 685
004273 686
004281 492
004289 357
004297 214
004305 196
004313 332
004321 494
004329 536
004337 250
004345 228
004101 793
004109 615
004117 186
004125 518
004133 837
004141 480
004149 108
004157 988
004165 632
004173 763
004181 134
004189 89
004197 573
004205 631
004213 32
004221 279
004229 689
004237 524
004245 79
004253 356
004261 641
004269 207
004277 978
004285 824
004293 320
004301 715
004309 252
004317 957
004325 886
004333 630
004341 839
004349 126
004103 521
004111 691
004119 622
004127 548
004135 671
004143 526
004151 397
004159 263
004167 878
004175 847
004183 35
004191 56
004199 429
004207 397
004215 648
004223 481
004231 660
004239 492
004247 929
004255 891
004263 523
004271 726
004279 278
004287 540
004295 33
004303 220
004311 838
004319 137
004327 990
004335 356
004343 219
004351 57
000256 923
000264 479
000272 988
000280 805
000288 934
000296 817
000304 566
000312 663
000320 591
000328 672
000336 345
000344 272
000352 377
000360 94
000368 409
000376 751
000384 116
000392 505
000400 89
000408 811
000416 8
000424 526
000432 579
000440 258
000448 929
000456 855
000464 124
000472 797
000480 555
000488 97
000496 575
000504 134
004100 657
004108 572
004116 72
004124 769
004132 645
004140 38
004148 558
004156 549
004164 18
004172 312
004180 551
004188 608
004196 496
004204 478
004212 331
004220 341
004228 503
004236 725
004244 676
004252 222
004260 557
004268 550
004276 386
004284 834
004292 172
004300 520
004308 956
004316 942
004324 445
004332 594
004340 833
004348 488
004355 131
004363 489
004371 252
004379 774
004387 539
004395 113
004403 154
004411 215
004419 973
004427 106
004435 998
004443 175
004451 246
004459 8
004467 923
004475 19
004483 289
004491 581
004499 312
004507 917
004515 52
004523 574
004531 85
004539 856
004547 394
004555 595
004563 108
004571 67
004579 20
004587 529
004595 268
004603 698
004098 618
004106 841
004114 693
004122 169
004130 703
004138 665
004146 280
004154 772
004162 636
004170 975
004178 385
004186 829
004194 110
004202 464
004210 777
004218 309
004226 678
004234 923
004242 690
004250 97
004258 50
004266 716
004274 46
004282 281
004290 577
004298 978
004306 941
004314 17
004322 136
004330 438
004338 698
004346 925
004102 811
004110 868
004118 73
004126 445
004134 164
004142 47
004150 960
004158 54
004166 468
004174 4
004182 448
004190 777
004198 514
004206 901
004214 560
004222 503
004230 858
004238 17
004246 349
004254 457
004262 553
004270 601
004278 142
004286 461
004294 942
004302 435
004310 360
004318 710
004326 879
004334 766
004342 246
004350 290
004353 668
004361 392
004369 292
004377 429
004385 655
004393 848
004401 548
004409 695
004417 257
004425 561
004433 76
004441 124
004449 489
004457 134
004465 909
004473 689
004481 946
004489 853
004497 167
004505 773
004513 221
004521 728
004529 776
004537 319
004545 893
004553 531
004561 58
004569 165
004577 599
004585 647
004593 654
004601 642
004357 23
004365 625
004373 777
004381 437
004389 492
004397 634
004405 232
004413 603
004421 278
004429 808
004437 244
004445 685
004453 43
004461 347
004469 871
004477 728
004485 516
004493 373
004501 153
004509 46
004517 254
004525 417
004533 256
004541 397
004549 863
004557 872
004565 384
004573 961
004581 942
004589 961
004597 966
004605 273
004359 196
004367 908
004375 109
004383 205
004391 500
004399 483
004407 2
004415 627
004423 375
004431 422
004439 784
004447 870
004455 321
004463 387
004471 715
004479 380
004487 317
004495 300
004503 950
004511 784
004519 320
004527 373
004535 441
004543 663
004551 792
004559 241
004567 49
004575 7
004583 974
004591 343
004599 580
004607 492
000512 485
000520 719
000528 831
000536 171
000544 571
000552 57
000560 810
000568 356
000576 639
000584 800
000592 261
000600 477
000608 630
000616 551
000624 190
000632 968
000640 772
000648 997
000656 904
000664 851
000672 433
000680 598
000688 257
000696 769
000704 84
000712 502
000720 760
000728 501
000736 925
000744 969
000752 859
000760 9
004356 237
004364 289
004372 798
004380 858
004388 536
004396 543
004404 118
004412 941
004420 384
004428 4
004436 288
004444 577
004452 223
004460 620
004468 980
004476 40
004484 322
004492 712
004500 288
004508 624
004516 567
004524 427
004532 823
004540 223
004548 475
004556 519
004564 647
004572 749
004580 101
004588 230
004596 359
004604 701
004611 368
004619 638
004627 73
004635 810
004643 184
004651 812
004659 936
004667 592
004675 386
004683 204
004691 180
004699 406
004707 724
004715 222
004723 956
004731 607
004739 987
004747 35
004755 27
004763 819
004771 965
004779 157
004787 678
004795 426
004803 896
004811 508
004819 524
004827 550
004835 472
004843 197
004851 112
004859 282
004354 640
004362 685
004370 515
004378 172
004386 778
004394 397
004402 43
004410 614
004418 143
004426 687
004434 470
004442 932
004450 535
004458 913
004466 301
004474 950
004482 837
004490 874
004498 921
004506 841
004514 865
004522 348
004530 33
004538 404
004546 810
004554 584
004562 932
004570 813
004578 222
004586 640
004594 259
004602 147
004609 247
004617 209
004625 992
004633 4
004641 629
004649 215
004657 408
004665 934
004673 283
004681 967
004689 681
004697 655
004705 998
004713 996
004721 396
004729 973
004737 646
004745 83
004753 46
004761 816
004769 867
004777 896
004785 353
004793 195
004801 279
004809 83
004817 427
004825 91
004833 614
004841 976
004849 906
004857 877
004358 430
004366 453
004374 79
004382 295
004390 940
004398 171
004406 403
004414 331
004422 373
004430 650
004438 211
004446 976
004454 830
004462 23
004470 850
004478 524
004486 743
004494 386
004502 555
004510 80
004518 816
004526 238
004534 900
004542 406
004550 606
004558 996
004566 616
004574 859
004582 364
004590 196
004598 486
004606 752
004613 956
004621 645
004629 486
004637 68
004645 644
004653 88
004661 295
004669 7
004677 302
004685 94
004693 363
004701 560
004709 844
004717 68
004725 260
004733 543
004741 880
004749 17
004757 829
004765 149
004773 958
004781 239
004789 978
004797 605
004805 33
004813 386
004821 253
004829 331
004837 368
004845 972
004853 599
004861 542
004615 163
004623 682
004631 735
004639 756
004647 435
004655 82
004663 855
004671 668
004679 603
004687 354
004695 917
004703 283
004711 934
004719 696
004727 679
004735 43
004743 393
004751 443
004759 538
004767 575
004775 854
004783 655
004791 476
004799 832
004807 425
004815 702
004823 580
004831 392
004839 761
004847 70
004855 284
004863 631
000768 748
000776 67
000784 32
000792 747
000800 248
000808 109
000816 957
000824 725
000832 716
000840 16
000848 306
000856 561
000864 82
000872 633
000880 915
000888 886
000896 191
000904 668
000912 720
000920 260
000928 86
000936 803
000944 627
000952 847
000960 261
000968 276
000976 286
000984 432
000992 884
001000 505
001008 153
001016 984
004612 756
004620 555
004628 70
004636 645
004644 326
004652 456
004660 144
004668 927
004676 514
004684 144
004692 385
004700 512
004708 912
004716 286
004724 284
004732 720
004740 214
004748 304
004756 720
004764 780
004772 500
004780 563
004788 793
004796 718
004804 762
004812 514
004820 429
004828 918
004836 491
004844 443
004852 942
004860 632
004867 283
004875 760
004883 610
004891 46
004899 597
004907 51
004915 689
004923 446
004931 199
004939 132
004947 0
004955 5
004963 838
004971 75
004979 486
004987 428
004995 815
005003 955
005011 377
005019 982
005027 148
005035 327
005043 39
005051 625
005059 569
005067 335
005075 53
005083 489
005091 671
005099 899
005107 816
005115 690
004865 539
004873 426
004881 698
004889 208
004897 185
004905 174
004913 631
004921 612
004929 988
004937 791
004945 540
004953 170
004961 580
004969 997
004977 508
004985 927
004993 249
005001 776
005009 429
005017 806
005025 702
005033 207
005041 426
005049 975
005057 656
005065 284
005073 635
005081 907
005089 359
005097 114
005105 316
005113 959
004614 388
004622 185
004630 758
004638 556
004646 535
004654 382
004662 368
004670 680
004678 994
004686 643
004694 571
004702 603
004710 3
004718 227
004726 912
004734 229
004742 738
004750 559
004758 949
004766 836
004774 907
004782 736
004790 937
004798 940
004806 82
004814 742
004822 909
004830 643
004838 427
004846 896
004854 875
004862 557
004869 259
004877 363
004885 80
004893 300
004901 533
004909 644
004917 609
004925 645
004933 985
004941 798
004949 966
004957 249
004965 56
004973 755
004981 976
004989 995
004997 352
005005 169
005013 894
005021 86
005029 164
005037 886
005045 665
005053 260
005061 314
005069 335
005077 675
005085 347
005093 389
005101 964
005109 989
005117 444
004610 80
004618 6
004626 796
004634 660
004642 239
004650 440
004658 481
004666 633
004674 86
004682 326
004690 113
004698 670
004706 631
004714 559
004722 552
004730 328
004738 105
004746 262
004754 308
004762 109
004770 559
004778 660
004786 135
004794 625
004802 840
004810 700
004818 338
004826 556
004834 435
004842 774
004850 285
004858 263
004871 531
004879 875
004887 820
004895 592
004903 253
004911 191
004919 267
004927 167
004935 277
004943 909
004951 86
004959 876
004967 633
004975 597
004983 111
004991 888
004999 549
005007 788
005015 548
005023 807
005031 504
005039 116
005047 534
005055 832
005063 493
005071 577
005079 841
005087 372
005095 474
005103 832
005111 513
005119 214
001024 644
001032 408
001040 455
001048 47
001056 115
001064 775
001072 790
001080 551
001088 900
001096 503
001104 818
001112 695
001120 799
001128 162
001136 356
001144 816
001152 246
001160 526
001168 490
001176 139
001184 806
001192 896
001200 624
001208 60
001216 19
001224 455
001232 917
001240 963
001248 813
001256 493
001264 808
001272 152
004868 718
004876 672
004884 643
004892 512
004900 615
004908 802
004916 840
004924 56
004932 199
004940 565
004948 518
004956 443
004964 965
004972 562
004980 617
004988 818
004996 614
005004 305
005012 989
005020 307
005028 433
005036 659
005044 585
005052 631
005060 539
005068 831
005076 898
005084 590
005092 356
005100 983
005108 66
005116 676
005123 954
005131 540
005139 271
005147 32
005155 172
005163 345
005171 18
005179 494
005187 783
005195 374
005203 140
005211 269
005219 215
005227 547
005235 955
005243 821
005251 878
005259 324
005267 814
005275 147
005283 489
005291 744
005299 485
005307 337
005315 855
005323 459
005331 514
005339 521
005347 290
005355 487
005363 904
005371 273
005121 17
005129 355
005137 196
005145 366
005153 71
005161 168
005169 346
005177 900
005185 876
005193 127
005201 90
005209 539
005217 637
005225 277
005233 825
005241 305
005249 553
005257 971
005265 694
005273 951
005281 63
005289 453
005297 135
005305 671
005313 319
005321 642
005329 865
005337 862
005345 250
005353 996
005361 376
005369 62
005125 354
005133 474
005141 524
005149 777
005157 638
005165 342
005173 778
005181 344
005189 301
005197 667
005205 956
005213 537
005221 621
005229 866
005237 88
005245 936
005253 542
005261 142
005269 506
005277 684
005285 534
005293 960
005301 197
005309 520
005317 503
005325 225
005333 516
005341 215
005349 146
005357 698
005365 502
005373 443
004870 513
004878 570
004886 44
004894 531
004902 941
004910 300
004918 612
004926 699
004934 87
004942 775
004950 898
004958 713
004966 386
004974 402
004982 987
004990 197
004998 150
005006 172
005014 36
005022 976
005030 473
005038 533
005046 537
005054 305
005062 143
005070 473
005078 387
005086 213
005094 35
005102 896
005110 109
005118 194
005127 106
005135 231
005143 843
005151 601
005159 396
005167 400
005175 410
005183 922
005191 505
005199 321
005207 321
005215 640
005223 276
005231 792
005239 133
005247 8
005255 140
005263 297
005271 527
005279 73
005287 630
005295 344
005303 637
005311 77
005319 432
005327 200
005335 900
005343 101
005351 638
005359 777
005367 755
005375 717
004866 268
004874 94
004882 326
004890 495
004898 853
004906 729
004914 704
004922 922
004930 562
004938 439
004946 669
004954 506
004962 205
004970 269
004978 70
004986 605
004994 636
005002 731
005010 78
005018 855
005026 95
005034 936
005042 632
005050 298
005058 339
005066 604
005074 337
005082 839
005090 152
005098 335
005106 857
005114 356
001280 859
001288 551
001296 121
001304 213
001312 323
001320 707
001328 615
001336 325
001344 955
001352 704
001360 218
001368 233
001376 411
001384 752
001392 705
001400 254
001408 206
001416 789
001424 62
001432 627
001440 767
001448 63
001456 911
001464 99
001472 428
001480 80
001488 320
001496 886
001504 903
001512 740
001520 143
001528 82
005379 373
005387 327
005395 298
005403 104
005411 361
005419 413
005427 454
005435 702
005443 41
005451 165
005459 418
005467 366
005475 630
005483 939
005491 926
005499 531
005507 616
005515 91
005523 73
005531 50
005539 811
005547 210
005555 220
005563 490
005571 692
005579 375
005587 3
005595 767
005603 888
005611 820
005619 764
005627 206
005124 897
005132 354
005140 796
005148 951
005156 364
005164 292
005172 540
005180 86
005188 313
005196 771
005204 106
005212 64
005220 399
005228 414
005236 854
005244 644
005252 604
005260 590
005268 516
005276 83
005284 633
005292 645
005300 795
005308 901
005316 876
005324 981
005332 17
005340 93
005348 905
005356 602
005364 764
005372 605
005377 617
005385 173
005393 369
005401 976
005409 331
005417 657
005425 352
005433 420
005441 96
005449 59
005457 59
005465 155
005473 254
005481 413
005489 42
005497 977
005505 658
005513 662
005521 669
005529 699
005537 714
005545 581
005553 684
005561 943
005569 603
005577 544
005585 22
005593 427
005601 593
005609 107
005617 886
005625 507
005381 887
005389 69
005397 813
005405 933
005413 124
005421 285
005429 663
005437 653
005445 800
005453 303
005461 490
005469 410
005477 812
005485 861
005493 743
005501 121
005509 119
005517 886
005525 819
005533 251
005541 48
005549 644
005557 809
005565 131
005573 348
005581 80
005589 371
005597 441
005605 877
005613 371
005621 57
005629 117
005383 980
005391 526
005399 439
005407 588
005415 492
005423 205
005431 381
005439 96
005447 928
005455 850
005463 295
005471 646
005479 881
005487 223
005495 119
005503 53
005511 323
005519 583
005527 675
005535 836
005543 486
005551 908
005559 444
005567 932
005575 86
005583 186
005591 54
005599 196
005607 715
005615 860
005623 148
005631 691
005126 844
005134 942
005142 863
005150 129
005158 732
005166 140
005174 523
005182 805
005190 847
005198 716
005206 815
005214 323
005222 414
005230 132
005238 417
005246 286
005254 310
005262 14
005270 281
005278 658
005286 99
005294 845
005302 597
005310 350
005318 759
005326 390
005334 121
005342 810
005350 277
005358 204
005366 791
005374 461
005122 261
005130 241
005138 459
005146 846
005154 423
005162 285
005170 294
005178 761
005186 20
005194 965
005202 203
005210 427
005218 565
005226 952
005234 863
005242 617
005250 731
005258 863
005266 239
005274 839
005282 569
005290 411
005298 174
005306 455
005314 161
005322 934
005330 820
005338 802
005346 628
005354 202
005362 244
005370 754
001536 328
001544 31
001552 562
001560 695
001568 255
001576 770
001584 483
001592 140
001600 905
001608 714
001616 60
001624 854
001632 441
001640 521
001648 338
001656 732
001664 502
001672 95
001680 770
001688 128
001696 96
001704 723
001712 78
001720 68
001728 885
001736 827
001744 952
001752 193
001760 11
001768 695
001776 673
001784 411
005635 459
005643 295
005651 732
005659 844
005667 212
005675 81
005683 604
005691 149
005699 794
005707 521
005715 725
005723 592
005731 92
005739 730
005747 986
005755 852
005763 734
005771 238
005779 595
005787 857
005795 390
005803 467
005811 86
005819 902
005827 452
005835 793
005843 167
005851 522
005859 263
005867 942
005875 471
005883 430
005380 509
005388 74
005396 188
005404 926
005412 581
005420 362
005428 890
005436 511
005444 279
005452 515
005460 807
005468 884
005476 980
005484 254
005492 383
005500 240
005508 699
005516 610
005524 720
005532 804
005540 307
005548 640
005556 417
005564 861
005572 886
005580 590
005588 833
005596 915
005604 241
005612 488
005620 991
005628 141
005633 531
005641 566
005649 221
005657 220
005665 379
005673 690
005681 685
005689 739
005697 543
005705 324
005713 24
005721 371
005729 184
005737 793
005745 414
005753 655
005761 651
005769 127
005777 800
005785 49
005793 514
005801 315
005809 524
005817 916
005825 79
005833 821
005841 170
005849 875
005857 31
005865 566
005873 58
005881 334
005637 440
005645 422
005653 308
005661 780
005669 964
005677 607
005685 484
005693 412
005701 297
005709 604
005717 953
005725 436
005733 818
005741 338
005749 223
005757 873
005765 371
005773 417
005781 629
005789 170
005797 361
005805 647
005813 508
005821 231
005829 202
005837 822
005845 719
005853 872
005861 952
005869 338
005877 677
005885 200
005639 568
005647 593
005655 714
005663 296
005671 872
005679 169
005687 560
005695 614
005703 441
005711 29
005719 982
005727 369
005735 330
005743 101
005751 690
005759 113
005767 197
005775 350
005783 657
005791 79
005799 476
005807 386
005815 471
005823 69
005831 195
005839 741
005847 670
005855 467
005863 825
005871 959
005879 144
005887 49
005382 449
005390 312
005398 435
005406 286
005414 787
005422 58
005430 291
005438 158
005446 629
005454 985
005462 427
005470 438
005478 633
005486 995
005494 661
005502 175
005510 104
005518 478
005526 425
005534 357
005542 872
005550 893
005558 907
005566 258
005574 974
005582 272
005590 170
005598 871
005606 595
005614 773
005622 270
005630 322
005378 516
005386 743
005394 13
005402 951
005410 742
005418 269
005426 861
005434 768
005442 127
005450 85
005458 413
005466 547
005474 482
005482 624
005490 518
005498 815
005506 70
005514 214
005522 283
005530 937
005538 566
005546 94
005554 609
005562 395
005570 50
005578 616
005586 304
005594 919
005602 491
005610 337
005618 743
005626 567
001792 232
001800 139
001808 582
001816 242
001824 540
001832 283
001840 353
001848 986
001856 195
001864 917
001872 153
001880 331
001888 307
001896 665
001904 324
001912 170
001920 37
001928 290
001936 576
001944 353
001952 156
001960 981
001968 804
001976 977
001984 323
001992 381
002000 187
002008 949
002016 181
002024 971
002032 228
002040 957
005891 515
005899 190
005907 359
005915 126
005923 843
005931 992
005939 947
005947 192
005955 156
005963 141
005971 551
005979 728
005987 579
005995 677
006003 406
006011 463
006019 944
006027 90
006035 214
006043 121
006051 713
006059 452
006067 237
006075 621
006083 96
006091 591
006099 99
006107 566
006115 217
006123 433
006131 103
006139 661
005636 205
005644 39
005652 812
005660 963
005668 193
005676 673
005684 107
005692 914
005700 826
005708 707
005716 458
005724 996
005732 376
005740 741
005748 893
005756 523
005764 516
005772 197
005780 835
005788 659
005796 701
005804 162
005812 647
005820 39
005828 344
005836 448
005844 85
005852 504
005860 220
005868 672
005876 661
005884 169
005889 652
005897 19
005905 451
005913 319
005921 783
005929 974
005937 468
005945 868
005953 157
005961 196
005969 640
005977 23
005985 153
005993 312
006001 602
006009 393
006017 172
006025 981
006033 42
006041 887
006049 652
006057 748
006065 111
006073 729
006081 398
006089 922
006097 672
006105 539
006113 953
006121 839
006129 794
006137 995
005893 916
005901 715
005909 5
005917 665
005925 452
005933 77
005941 909
005949 882
005957 527
005965 881
005973 347
005981 331
005989 692
005997 437
006005 653
006013 746
006021 144
006029 794
006037 554
006045 350
006053 664
006061 367
006069 139
006077 401
006085 763
006093 307
006101 2
006109 579
006117 740
006125 949
006133 570
006141 971
005895 169
005903 136
005911 488
005919 160
005927 231
005935 807
005943 331
005951 651
005959 179
005967 717
005975 649
005983 849
005991 229
005999 971
006007 575
006015 789
006023 153
006031 912
006039 391
006047 597
006055 882
006063 896
006071 391
006079 271
006087 694
006095 962
006103 380
006111 840
006119 206
006127 489
006135 986
006143 325
005638 19
005646 106
005654 297
005662 862
005670 640
005678 971
005686 848
005694 972
005702 846
005710 763
005718 434
005726 612
005734 799
005742 857
005750 394
005758 518
005766 276
005774 78
005782 321
005790 465
005798 912
005806 1
005814 672
005822 519
005830 358
005838 531
005846 580
005854 452
005862 44
005870 984
005878 168
005886 555
005634 154
005642 87
005650 908
005658 400
005666 52
005674 394
005682 132
005690 530
005698 763
005706 897
005714 478
005722 734
005730 975
005738 261
005746 126
005754 377
005762 240
005770 599
005778 628
005786 740
005794 378
005802 63
005810 353
005818 689
005826 585
005834 7
005842 623
005850 492
005858 32
005866 965
005874 512
005882 649
002048 152
002056 390
002064 482
002072 243
002080 430
002088 398
002096 89
002104 584
002112 306
002120 877
002128 60
002136 17
002144 268
002152 28
002160 910
002168 704
002176 28
002184 182
002192 685
002200 252
002208 796
002216 361
002224 991
002232 588
002240 522
002248 237
002256 366
002264 820
002272 542
002280 76
002288 627
002296 623
006147 675
006155 276
006163 347
006171 454
006179 919
006187 985
006195 383
006203 383
006211 265
006219 621
006227 602
006235 208
006243 521
006251 114
006259 668
006267 777
006275 135
006283 168
006291 20
006299 632
006307 803
006315 14
006323 596
006331 141
006339 958
006347 383
006355 25
006363 22
006371 649
006379 103
006387 131
006395 202
006145 866
006153 607
006161 190
006169 811
006177 39
006185 663
006193 874
006201 472
006209 829
006217 998
006225 690
006233 626
006241 159
006249 73
006257 395
006265 324
006273 378
006281 436
006289 113
006297 533
006305 96
006313 59
006321 633
006329 722
006337 399
006345 319
006353 150
006361 143
006369 307
006377 61
006385 18
006393 143
005892 696
005900 226
005908 617
005916 105
005924 506
005932 335
005940 28
005948 320
005956 574
005964 164
005972 243
005980 228
005988 542
005996 557
006004 10
006012 541
006020 620
006028 534
006036 126
006044 929
006052 599
006060 921
006068 216
006076 300
006084 4
006092 895
006100 91
006108 48
006116 466
006124 311
006132 190
006140 286
006149 513
006157 757
006165 888
006173 956
006181 782
006189 366
006197 652
006205 58
006213 195
006221 77
006229 559
006237 895
006245 709
006253 863
006261 243
006269 845
006277 849
006285 471
006293 302
006301 776
006309 702
006317 299
006325 543
006333 661
006341 894
006349 809
006357 833
006365 850
006373 742
006381 863
006389 664
006397 586
006151 52
006159 489
006167 268
006175 53
006183 574
006191 305
006199 557
006207 175
006215 430
006223 58
006231 589
006239 836
006247 365
006255 230
006263 463
006271 872
006279 581
006287 706
006295 856
006303 320
006311 690
006319 567
006327 937
006335 758
006343 152
006351 961
006359 930
006367 707
006375 125
006383 429
006391 292
006399 240
005894 793
005902 541
005910 828
005918 59
005926 568
005934 522
005942 46
005950 550
005958 471
005966 971
005974 269
005982 997
005990 786
005998 372
006006 451
006014 234
006022 662
006030 93
006038 574
006046 645
006054 880
006062 804
006070 552
006078 596
006086 710
006094 435
006102 568
006110 687
006118 144
006126 403
006134 88
006142 607
005890 41
005898 50
005906 285
005914 13
005922 216
005930 732
005938 734
005946 37
005954 136
005962 298
005970 816
005978 106
005986 577
005994 712
006002 900
006010 338
006018 253
006026 841
006034 486
006042 166
006050 182
006058 382
006066 221
006074 604
006082 592
006090 78
006098 385
006106 944
006114 874
006122 398
006130 95
006138 749
006403 114
006411 35
006419 752
006427 382
006435 336
006443 264
006451 148
006459 784
006467 478
006475 946
006483 739
006491 299
006499 394
006507 886
006515 393
006523 819
006531 108
006539 456
006547 447
006555 83
006563 48
006571 690
006579 909
006587 559
006595 814
006603 710
006611 754
006619 622
006627 69
006635 906
006643 285
006651 891
002304 775
002312 199
002320 156
002328 899
002336 157
002344 752
002352 86
002360 78
002368 13
002376 448
002384 751
002392 119
002400 423
002408 825
002416 129
002424 690
002432 691
002440 90
002448 484
002456 57
002464 676
002472 996
002480 210
002488 221
002496 79
002504 737
002512 339
002520 583
002528 422
002536 220
002544 753
002552 531
006401 358
006409 785
006417 587
006425 954
006433 762
006441 475
006449 156
006457 842
006465 509
006473 14
006481 154
006489 299
006497 153
006505 68
006513 964
006521 534
006529 352
006537 482
006545 436
006553 736
006561 444
006569 284
006577 247
006585 786
006593 363
006601 996
006609 156
006617 891
006625 983
006633 545
006641 100
006649 421
006148 694
006156 486
006164 627
006172 155
006180 378
006188 553
006196 340
006204 313
006212 967
006220 381
006228 807
006236 521
006244 824
006252 699
006260 958
006268 814
006276 757
006284 887
006292 747
006300 153
006308 797
006316 622
006324 438
006332 968
006340 865
006348 734
006356 885
006364 773
006372 160
006380 855
006388 196
006396 505
006405 954
006413 354
006421 970
006429 933
006437 135
006445 530
006453 771
006461 503
006469 477
006477 112
006485 919
006493 771
006501 895
006509 939
006517 780
006525 431
006533 579
006541 104
006549 782
006557 646
006565 789
006573 237
006581 690
006589 434
006597 777
006605 361
006613 827
006621 837
006629 935
006637 662
006645 357
006653 680
006407 559
006415 646
006423 528
006431 81
006439 824
006447 703
006455 189
006463 411
006471 587
006479 962
006487 143
006495 396
006503 844
006511 835
006519 502
006527 372
006535 193
006543 95
006551 65
006559 924
006567 546
006575 818
006583 692
006591 352
006599 17
006607 984
006615 404
006623 452
006631 772
006639 88
006647 260
006655 414
006150 857
006158 274
006166 518
006174 42
006182 784
006190 747
006198 22
006206 201
006214 869
006222 809
006230 219
006238 536
006246 120
006254 651
006262 938
006270 922
006278 185
006286 201
006294 806
006302 517
006310 531
006318 822
006326 412
006334 944
006342 481
006350 375
006358 69
006366 898
006374 94
006382 20
006390 89
006398 711
006146 844
006154 98
006162 166
006170 197
006178 902
006186 373
006194 161
006202 968
006210 918
006218 280
006226 871
006234 557
006242 471
006250 841
006258 633
006266 327
006274 452
006282 215
006290 709
006298 436
006306 62
006314 81
006322 785
006330 472
006338 913
006346 394
006354 747
006362 722
006370 531
006378 576
006386 322
006394 459
006659 442
006667 179
006675 650
006683 109
006691 230
006699 517
006707 116
006715 792
006723 748
006731 810
006739 244
006747 428
006755 879
006763 29
006771 696
006779 72
006787 789
006795 170
006803 302
006811 770
006819 201
006827 20
006835 25
006843 549
006851 505
006859 204
006867 588
006875 369
006883 210
006891 131
006899 591
006907 517
002560 639
002568 908
002576 944
002584 218
002592 319
002600 519
002608 518
002616 251
002624 578
002632 797
002640 176
002648 851
002656 820
002664 378
002672 67
002680 759
002688 926
002696 612
002704 284
002712 660
002720 552
002728 766
002736 705
002744 138
002752 509
002760 921
002768 602
002776 977
002784 389
002792 122
002800 747
002808 336
006657 644
006665 126
006673 243
006681 429
006689 549
006697 829
006705 977
006713 722
006721 748
006729 549
006737 688
006745 44
006753 37
006761 68
006769 603
006777 492
006785 210
006793 511
006801 331
006809 253
006817 84
006825 595
006833 965
006841 975
006849 803
006857 500
006865 416
006873 690
006881 479
006889 932
006897 42
006905 102
006663 582
006671 13
006679 652
006687 722
006695 295
006703 430
006711 841
006719 90
006727 622
006735 424
006743 892
006751 119
006759 143
006767 485
006775 780
006783 379
006791 947
006799 877
006807 910
006815 269
006823 27
006831 375
006839 220
006847 808
006855 706
006863 864
006871 162
006879 708
006887 301
006895 910
006903 925
006911 919
006404 908
006412 874
006420 831
006428 167
006436 989
006444 383
006452 817
006460 64
006468 64
006476 596
006484 694
006492 109
006500 46
006508 866
006516 856
006524 860
006532 760
006540 746
006548 246
006556 13
006564 79
006572 863
006580 167
006588 603
006596 450
006604 369
006612 87
006620 235
006628 843
006636 603
006644 348
006652 582
006661 825
006669 709
006677 707
006685 853
006693 130
006701 162
006709 199
006717 712
006725 670
006733 879
006741 922
006749 689
006757 352
006765 560
006773 563
006781 215
006789 114
006797 599
006805 698
006813 362
006821 568
006829 852
006837 645
006845 368
006853 387
006861 206
006869 518
006877 73
006885 473
006893 5
006901 809
006909 729
006406 7
006414 798
006422 101
006430 692
006438 976
006446 236
006454 139
006462 601
006470 467
006478 24
006486 882
006494 748
006502 686
006510 592
006518 379
006526 400
006534 882
006542 997
006550 732
006558 448
006566 779
006574 427
006582 205
006590 85
006598 372
006606 746
006614 424
006622 563
006630 825
006638 7
006646 209
006654 243
006402 641
006410 492
006418 323
006426 6
006434 710
006442 301
006450 751
006458 943
006466 965
006474 85
006482 654
006490 365
006498 339
006506 931
006514 764
006522 902
006530 267
006538 236
006546 913
006554 624
006562 407
006570 243
006578 958
006586 876
006594 86
006602 736
006610 495
006618 734
006626 526
006634 29
006642 371
006650 396
006915 715
006923 42
006931 482
006939 571
006947 428
006955 676
006963 151
006971 565
006979 867
006987 526
006995 788
007003 566
007011 874
007019 419
007027 671
007035 27
007043 927
007051 681
007059 742
007067 957
007075 37
007083 797
007091 843
007099 899
007107 744
007115 838
007123 689
007131 255
007139 786
007147 581
007155 121
007163 204
002816 477
002824 647
002832 201
002840 347
002848 367
002856 518
002864 878
002872 190
002880 930
002888 939
002896 357
002904 919
002912 910
002920 542
002928 237
002936 723
002944 869
002952 75
002960 159
002968 600
002976 478
002984 22
002992 607
003000 548
003008 958
003016 845
003024 798
003032 797
003040 573
003048 82
003056 234
003064 740
006913 510
006921 712
006929 850
006937 239
006945 53
006953 956
006961 679
006969 659
006977 979
006985 554
006993 376
007001 794
007009 977
007017 29
007025 981
007033 762
007041 58
007049 733
007057 710
007065 323
007073 572
007081 597
007089 117
007097 770
007105 268
007113 179
007121 398
007129 973
007137 663
007145 989
007153 643
007161 894
006919 762
006927 15
006935 531
006943 632
006951 805
006959 588
006967 645
006975 75
006983 971
006991 538
006999 336
007007 990
007015 94
007023 935
007031 505
007039 290
007047 435
007055 41
007063 711
007071 152
007079 887
007087 199
007095 131
007103 535
007111 504
007119 101
007127 852
007135 152
007143 275
007151 167
007159 191
007167 922
006917 663
006925 487
006933 573
006941 624
006949 862
006957 505
006965 150
006973 106
006981 918
006989 875
006997 26
007005 194
007013 534
007021 15
007029 645
007037 147
007045 138
007053 540
007061 339
007069 151
007077 834
007085 213
007093 405
007101 281
007109 57
007117 83
007125 608
007133 489
007141 94
007149 625
007157 829
007165 346
006660 1
006668 748
006676 339
006684 395
006692 679
006700 147
006708 642
006716 36
006724 820
006732 364
006740 112
006748 620
006756 996
006764 140
006772 408
006780 980
006788 219
006796 584
006804 915
006812 800
006820 161
006828 315
006836 913
006844 123
006852 795
006860 501
006868 994
006876 891
006884 728
006892 637
006900 420
006908 38
006662 29
006670 841
006678 96
006686 840
006694 259
006702 374
006710 307
006718 329
006726 808
006734 470
006742 222
006750 651
006758 997
006766 615
006774 273
006782 949
006790 583
006798 501
006806 135
006814 39
006822 718
006830 234
006838 684
006846 114
006854 211
006862 667
006870 460
006878 973
006886 9
006894 891
006902 960
006910 758
006658 144
006666 962
006674 363
006682 200
006690 298
006698 416
006706 685
006714 26
006722 499
006730 171
006738 566
006746 338
006754 383
006762 401
006770 246
006778 258
006786 127
006794 465
006802 375
006810 866
006818 798
006826 141
006834 11
006842 421
006850 99
006858 180
006866 453
006874 654
006882 328
006890 924
006898 720
006906 655
007171 471
007179 94
007187 579
007195 944
007203 554
007211 399
007219 765
007227 686
007235 561
007243 993
007251 507
007259 30
007267 358
007275 339
007283 334
007291 4
007299 369
007307 691
007315 364
007323 779
007331 862
007339 483
007347 718
007355 96
007363 75
007371 823
007379 441
007387 913
007395 598
007403 180
007411 97
007419 811
003072 707
003080 814
003088 366
003096 287
003104 847
003112 249
003120 396
003128 564
003136 694
003144 940
003152 746
003160 252
003168 927
003176 932
003184 566
003192 228
003200 480
003208 949
003216 844
003224 692
003232 935
003240 35
003248 117
003256 306
003264 184
003272 644
003280 108
003288 17
003296 853
003304 846
003312 979
003320 753
007175 23
007183 963
007191 621
007199 70
007207 221
007215 778
007223 298
007231 949
007239 176
007247 503
007255 165
007263 805
007271 404
007279 550
007287 382
007295 656
007303 193
007311 645
007319 628
007327 664
007335 744
007343 997
007351 386
007359 99
007367 437
007375 318
007383 164
007391 684
007399 445
007407 20
007415 154
007423 941
006916 697
006924 706
006932 578
006940 111
006948 595
006956 454
006964 595
006972 957
006980 83
006988 958
006996 236
007004 797
007012 270
007020 835
007028 24
007036 942
007044 150
007052 766
007060 60
007068 987
007076 537
007084 872
007092 251
007100 618
007108 757
007116 755
007124 735
007132 15
007140 751
007148 52
007156 805
007164 957
007169 157
007177 79
007185 63
007193 230
007201 234
007209 632
007217 356
007225 313
007233 828
007241 523
007249 672
007257 920
007265 163
007273 152
007281 685
007289 312
007297 217
007305 455
007313 761
007321 872
007329 900
007337 438
007345 863
007353 989
007361 245
007369 810
007377 175
007385 888
007393 21
007401 578
007409 279
007417 630
007173 346
007181 625
007189 964
007197 468
007205 286
007213 121
007221 776
007229 670
007237 191
007245 906
007253 68
007261 953
007269 443
007277 469
007285 480
007293 868
007301 595
007309 951
007317 94
007325 562
007333 838
007341 803
007349 826
007357 792
007365 926
007373 364
007381 250
007389 705
007397 468
007405 850
007413 281
007421 160
006918 976
006926 863
006934 166
006942 134
006950 336
006958 459
006966 867
006974 571
006982 90
006990 334
006998 526
007006 245
007014 399
007022 375
007030 966
007038 196
007046 61
007054 774
007062 32
007070 956
007078 506
007086 933
007094 751
007102 468
007110 375
007118 714
007126 737
007134 806
007142 202
007150 56
007158 421
007166 489
006914 408
006922 967
006930 798
006938 297
006946 374
006954 226
006962 338
006970 365
006978 36
006986 310
006994 698
007002 960
007010 682
007018 821
007026 751
007034 619
007042 933
007050 962
007058 334
007066 390
007074 488
007082 470
007090 515
007098 721
007106 907
007114 851
007122 722
007130 812
007138 804
007146 866
007154 990
007162 126
007427 570
007435 285
007443 929
007451 466
007459 58
007467 762
007475 799
007483 913
007491 837
007499 439
007507 665
007515 604
007523 612
007531 695
007539 385
007547 17
007555 118
007563 569
007571 459
007579 769
007587 832
007595 442
007603 580
007611 749
007619 975
007627 812
007635 399
007643 369
007651 520
007659 696
007667 107
007675 923
003328 889
003336 350
003344 573
003352 554
003360 954
003368 441
003376 914
003384 52
003392 944
003400 15
003408 515
003416 969
003424 675
003432 906
003440 186
003448 142
003456 175
003464 345
003472 181
003480 244
003488 296
003496 91
003504 124
003512 239
003520 810
003528 842
003536 79
003544 312
003552 494
003560 813
003568 832
003576 574
007431 495
007439 637
007447 750
007455 963
007463 379
007471 593
007479 447
007487 742
007495 547
007503 327
007511 847
007519 177
007527 868
007535 383
007543 932
007551 564
007559 413
007567 583
007575 761
007583 112
007591 662
007599 197
007607 694
007615 418
007623 471
007631 165
007639 895
007647 392
007655 828
007663 293
007671 932
007679 212
007425 650
007433 43
007441 440
007449 449
007457 296
007465 568
007473 394
007481 291
007489 407
007497 804
007505 451
007513 111
007521 443
007529 893
007537 356
007545 930
007553 390
007561 585
007569 835
007577 195
007585 539
007593 600
007601 920
007609 535
007617 364
007625 15
007633 629
007641 65
007649 55
007657 400
007665 754
007673 342
007429 35
007437 91
007445 363
007453 942
007461 397
007469 736
007477 204
007485 276
007493 927
007501 55
007509 403
007517 872
007525 220
007533 18
007541 494
007549 468
007557 972
007565 320
007573 825
007581 393
007589 543
007597 251
007605 566
007613 65
007621 589
007629 584
007637 99
007645 510
007653 725
007661 76
007669 188
007677 916
007172 808
007180 766
007188 726
007196 981
007204 314
007212 355
007220 302
007228 824
007236 750
007244 2
007252 205
007260 785
007268 257
007276 638
007284 555
007292 277
007300 368
007308 828
007316 202
007324 716
007332 240
007340 156
007348 961
007356 362
007364 137
007372 21
007380 928
007388 33
007396 971
007404 109
007412 486
007420 474
007174 537
007182 626
007190 489
007198 786
007206 687
007214 220
007222 782
007230 613
007238 877
007246 389
007254 246
007262 521
007270 823
007278 704
007286 548
007294 608
007302 374
007310 559
007318 529
007326 954
007334 798
007342 87
007350 429
007358 87
007366 84
007374 182
007382 888
007390 877
007398 176
007406 798
007414 283
007422 954
007170 631
007178 16
007186 374
007194 797
007202 135
007210 921
007218 231
007226 580
007234 974
007242 753
007250 703
007258 443
007266 384
007274 724
007282 936
007290 811
007298 645
007306 654
007314 581
007322 886
007330 857
007338 79
007346 763
007354 620
007362 22
007370 439
007378 110
007386 761
007394 144
007402 170
007410 509
007418 91
007683 403
007691 240
007699 21
007707 622
007715 655
007723 392
007731 280
007739 599
007747 8
007755 563
007763 519
007771 662
007779 481
007787 740
007795 526
007803 271
007811 736
007819 472
007827 586
007835 75
007843 44
007851 556
007859 376
007867 716
007875 660
007883 990
007891 762
007899 632
007907 757
007915 455
007923 487
007931 805
007687 614
007695 688
007703 293
007711 816
007719 522
007727 818
007735 548
007743 304
007751 969
007759 551
007767 45
007775 659
007783 526
007791 258
007799 812
007807 669
007815 659
007823 994
007831 824
007839 88
007847 607
007855 308
007863 909
007871 252
007879 719
007887 520
007895 838
007903 437
007911 911
007919 424
007927 434
007935 661
003584 982
003592 133
003600 788
003608 639
003616 769
003624 528
003632 928
003640 644
003648 602
003656 354
003664 12
003672 728
003680 770
003688 91
003696 246
003704 442
003712 413
003720 677
003728 296
003736 450
003744 591
003752 961
003760 375
003768 315
003776 313
003784 336
003792 522
003800 662
003808 937
003816 819
003824 731
003832 747
007681 212
007689 231
007697 121
007705 555
007713 408
007721 1
007729 949
007737 872
007745 352
007753 928
007761 707
007769 758
007777 147
007785 613
007793 612
007801 54
007809 780
007817 528
007825 619
007833 905
007841 64
007849 332
007857 149
007865 649
007873 348
007881 457
007889 18
007897 565
007905 251
007913 421
007921 53
007929 466
007685 120
007693 997
007701 131
007709 895
007717 94
007725 743
007733 49
007741 813
007749 616
007757 32
007765 25
007773 670
007781 196
007789 314
007797 803
007805 814
007813 429
007821 202
007829 780
007837 382
007845 993
007853 232
007861 456
007869 764
007877 914
007885 5
007893 487
007901 568
007909 494
007917 683
007925 944
007933 984
007428 419
007436 875
007444 394
007452 662
007460 462
007468 172
007476 735
007484 487
007492 36
007500 823
007508 503
007516 104
007524 451
007532 616
007540 982
007548 503
007556 905
007564 40
007572 756
007580 505
007588 102
007596 470
007604 431
007612 794
007620 899
007628 16
007636 148
007644 993
007652 775
007660 67
007668 167
007676 732
007430 596
007438 436
007446 398
007454 348
007462 304
007470 514
007478 988
007486 211
007494 39
007502 669
007510 331
007518 933
007526 284
007534 636
007542 986
007550 826
007558 45
007566 12
007574 153
007582 745
007590 376
007598 798
007606 145
007614 471
007622 665
007630 353
007638 10
007646 978
007654 483
007662 387
007670 633
007678 55
007426 94
007434 636
007442 799
007450 179
007458 171
007466 576
007474 154
007482 759
007490 597
007498 597
007506 980
007514 762
007522 347
007530 555
007538 192
007546 772
007554 376
007562 128
007570 51
007578 771
007586 552
007594 25
007602 128
007610 755
007618 912
007626 845
007634 353
007642 84
007650 504
007658 830
007666 388
007674 307
007939 178
007947 995
007955 983
007963 733
007971 782
007979 652
007987 475
007995 354
008003 261
008011 743
008019 609
008027 227
008035 167
008043 823
008051 68
008059 989
008067 94
008075 313
008083 962
008091 208
008099 44
008107 271
008115 609
008123 627
008131 842
008139 565
008147 307
008155 575
008163 978
008171 935
008179 363
008187 708
007937 94
007945 883
007953 733
007961 427
007969 375
007977 819
007985 705
007993 264
008001 553
008009 883
008017 811
008025 817
008033 676
008041 55
008049 709
008057 388
008065 628
008073 619
008081 259
008089 70
008097 906
008105 909
008113 85
008121 934
008129 414
008137 8
008145 670
008153 119
008161 514
008169 839
008177 699
008185 585
007943 571
007951 251
007959 366
007967 291
007975 503
007983 394
007991 740
007999 912
008007 810
008015 626
008023 676
008031 279
008039 297
008047 837
008055 233
008063 925
008071 8
008079 413
008087 252
008095 620
008103 290
008111 626
008119 35
008127 310
008135 665
008143 79
008151 571
008159 641
008167 396
008175 423
008183 351
008191 991
003840 632
003848 349
003856 817
003864 942
003872 822
003880 200
003888 903
003896 571
003904 692
003912 855
003920 672
003928 189
003936 843
003944 55
003952 380
003960 796
003968 922
003976 775
003984 482
003992 485
004000 483
004008 650
004016 384
004024 855
004032 21
004040 903
004048 444
004056 440
004064 651
004072 998
004080 436
004088 924
007941 11
007949 137
007957 68
007965 996
007973 72
007981 670
007989 88
007997 26
008005 788
008013 159
008021 48
008029 884
008037 781
008045 645
008053 660
008061 283
008069 611
008077 661
008085 895
008093 504
008101 985
008109 837
008117 894
008125 675
008133 648
008141 872
008149 301
008157 23
008165 149
008173 462
008181 68
008189 998
007684 469
007692 422
007700 557
007708 757
007716 471
007724 964
007732 662
007740 777
007748 211
007756 493
007764 481
007772 47
007780 854
007788 117
007796 878
007804 586
007812 401
007820 303
007828 820
007836 869
007844 473
007852 856
007860 906
007868 688
007876 812
007884 936
007892 739
007900 520
007908 137
007916 975
007924 231
007932 231
007686 501
007694 984
007702 657
007710 899
007718 342
007726 669
007734 547
007742 941
007750 547
007758 83
007766 633
007774 156
007782 225
007790 65
007798 419
007806 325
007814 870
007822 693
007830 103
007838 576
007846 67
007854 868
007862 235
007870 690
007878 39
007886 50
007894 193
007902 674
007910 990
007918 995
007926 815
007934 0
007682 557
007690 931
007698 714
007706 713
007714 461
007722 872
007730 437
007738 210
007746 395
007754 548
007762 988
007770 136
007778 334
007786 881
007794 731
007802 937
007810 447
007818 932
007826 872
007834 126
007842 289
007850 494
007858 879
007866 909
007874 356
007882 367
007890 744
007898 123
007906 422
007914 471
007922 900
007930 210
008195 648
008203 477
008211 351
008219 588
008227 933
008235 731
008243 988
008251 914
008259 340
008267 938
008275 526
008283 730
008291 713
008299 811
008307 241
008315 832
008323 640
008331 760
008339 316
008347 100
008355 243
008363 237
008371 331
008379 695
008387 739
008395 960
008403 796
008411 277
008419 323
008427 462
008435 865
008443 326
008199 64
008207 137
008215 18
008223 970
008231 11
008239 367
008247 347
008255 892
008263 859
008271 415
008279 363
008287 848
008295 865
008303 211
008311 638
008319 911
008327 841
008335 574
008343 882
008351 580
008359 720
008367 818
008375 268
008383 430
008391 382
008399 56
008407 630
008415 122
008423 30
008431 258
008439 428
008447 696
008193 378
008201 103
008209 708
008217 587
008225 655
008233 361
008241 777
008249 294
008257 467
008265 543
008273 890
008281 916
008289 752
008297 895
008305 243
008313 950
008321 488
008329 432
008337 975
008345 253
008353 976
008361 752
008369 929
008377 649
008385 206
008393 154
008401 115
008409 381
008417 855
008425 614
008433 96
008441 579
004096 541
004104 858
004112 53
004120 763
004128 241
004136 573
004144 135
004152 197
004160 252
004168 784
004176 147
004184 995
004192 733
004200 507
004208 269
004216 561
004224 850
004232 320
004240 607
004248 521
004256 158
004264 108
004272 28
004280 102
004288 354
004296 126
004304 62
004312 282
004320 74
004328 362
004336 477
004344 577
008197 750
008205 58
008213 419
008221 741
008229 290
008237 919
008245 84
008253 124
008261 750
008269 913
008277 531
008285 335
008293 52
008301 273
008309 702
008317 645
008325 385
008333 744
008341 158
008349 996
008357 212
008365 239
008373 60
008381 161
008389 463
008397 648
008405 574
008413 275
008421 884
008429 338
008437 348
008445 979
007940 894
007948 276
007956 266
007964 680
007972 4
007980 593
007988 770
007996 20
008004 957
008012 883
008020 70
008028 726
008036 716
008044 740
008052 343
008060 29
008068 686
008076 823
008084 546
008092 26
008100 807
008108 624
008116 771
008124 590
008132 738
008140 745
008148 809
008156 546
008164 229
008172 160
008180 137
008188 700
007942 313
007950 766
007958 458
007966 4
007974 808
007982 892
007990 637
007998 342
008006 269
008014 749
008022 160
008030 795
008038 125
008046 777
008054 273
008062 331
008070 764
008078 523
008086 833
008094 916
008102 459
008110 238
008118 897
008126 441
008134 738
008142 36
008150 123
008158 929
008166 285
008174 963
008182 134
008190 691
008451 352
008459 404
008467 368
008475 800
008483 173
008491 603
008499 115
008507 848
008515 322
008523 845
008531 295
008539 435
008547 935
008555 140
008563 846
008571 617
008579 536
008587 35
008595 281
008603 243
008611 400
008619 853
008627 267
008635 750
008643 34
008651 663
008659 67
008667 50
008675 839
008683 153
008691 398
008699 9
007938 479
007946 244
007954 465
007962 519
007970 370
007978 658
007986 555
007994 833
008002 321
008010 943
008018 110
008026 89
008034 936
008042 274
008050 965
008058 946
008066 175
008074 438
008082 964
008090 68
008098 914
008106 900
008114 779
008122 237
008130 129
008138 990
008146 425
008154 345
008162 607
008170 6
008178 463
008186 451
008449 79
008457 352
008465 710
008473 211
008481 143
008489 369
008497 904
008505 791
008513 46
008521 728
008529 585
008537 493
008545 198
008553 231
008561 399
008569 476
008577 341
008585 116
008593 478
008601 934
008609 248
008617 435
008625 665
008633 232
008641 840
008649 992
008657 877
008665 191
008673 404
008681 209
008689 785
008697 644
008455 429
008463 422
008471 189
008479 167
008487 534
008495 155
008503 879
008511 195
008519 920
008527 699
008535 969
008543 818
008551 157
008559 595
008567 144
008575 926
008583 384
008591 672
008599 288
008607 842
008615 889
008623 575
008631 233
008639 499
008647 577
008655 749
008663 986
008671 789
008679 99
008687 341
008695 891
008703 89
008453 612
008461 324
008469 981
008477 95
008485 578
008493 362
008501 36
008509 505
008517 679
008525 932
008533 676
008541 999
008549 339
008557 881
008565 997
008573 778
008581 10
008589 799
008597 777
008605 722
008613 548
008621 879
008629 144
008637 363
008645 224
008653 620
008661 577
008669 300
008677 484
008685 981
008693 982
008701 778
004352 623
004360 813
004368 462
004376 841
004384 884
004392 800
004400 122
004408 243
004416 842
004424 326
004432 192
004440 414
004448 532
004456 58
004464 825
004472 901
004480 570
004488 244
004496 170
004504 391
004512 72
004520 993
004528 527
004536 831
004544 749
004552 825
004560 295
004568 804
004576 823
004584 526
004592 170
004600 795
008198 181
008206 180
008214 267
008222 860
008230 124
008238 138
008246 590
008254 180
008262 74
008270 220
008278 468
008286 481
008294 298
008302 422
008310 732
008318 38
008326 883
008334 510
008342 746
008350 690
008358 662
008366 67
008374 547
008382 357
008390 47
008398 767
008406 899
008414 56
008422 900
008430 919
008438 280
008446 411
008196 555
008204 913
008212 509
008220 231
008228 926
008236 823
008244 991
008252 772
008260 935
008268 853
008276 291
008284 946
008292 21
008300 822
008308 349
008316 406
008324 706
008332 656
008340 206
008348 157
008356 970
008364 27
008372 959
008380 161
008388 867
008396 102
008404 948
008412 902
008420 255
008428 63
008436 174
008444 984
008194 661
008202 890
008210 148
008218 457
008226 500
008234 383
008242 706
008250 339
008258 286
008266 33
008274 852
008282 507
008290 273
008298 945
008306 698
008314 993
008322 844
008330 146
008338 319
008346 623
008354 888
008362 825
008370 682
008378 160
008386 179
008394 980
008402 983
008410 47
008418 37
008426 802
008434 203
008442 223
008707 186
008715 516
008723 734
008731 849
008739 884
008747 300
008755 588
008763 624
008771 216
008779 652
008787 444
008795 661
008803 280
008811 139
008819 584
008827 670
008835 587
008843 307
008851 988
008859 757
008867 943
008875 918
008883 599
008891 119
008899 123
008907 34
008915 412
008923 740
008931 794
008939 235
008947 701
008955 668
008705 255
008713 246
008721 954
008729 963
008737 385
008745 477
008753 13
008761 726
008769 202
008777 361
008785 59
008793 964
008801 678
008809 23
008817 170
008825 12
008833 401
008841 25
008849 790
008857 519
008865 941
008873 730
008881 525
008889 917
008897 993
008905 222
008913 932
008921 783
008929 61
008937 748
008945 362
008953 751
008711 703
008719 281
008727 783
008735 592
008743 564
008751 915
008759 914
008767 473
008775 25
008783 14
008791 210
008799 767
008807 283
008815 457
008823 997
008831 873
008839 503
008847 550
008855 622
008863 746
008871 560
008879 302
008887 208
008895 730
008903 439
008911 123
008919 409
008927 572
008935 226
008943 707
008951 538
008959 580
008709 603
008717 877
008725 309
008733 124
008741 108
008749 351
008757 919
008765 255
008773 571
008781 231
008789 731
008797 931
008805 77
008813 393
008821 1
008829 231
008837 344
008845 24
008853 314
008861 758
008869 531
008877 262
008885 942
008893 516
008901 132
008909 147
008917 325
008925 364
008933 52
008941 620
008949 244
008957 924
004608 556
004616 264
004624 400
004632 414
004640 599
004648 193
004656 375
004664 611
004672 34
004680 775
004688 997
004696 497
004704 640
004712 511
004720 9
004728 999
004736 717
004744 692
004752 34
004760 549
004768 487
004776 157
004784 681
004792 419
004800 67
004808 953
004816 514
004824 742
004832 309
004840 850
004848 637
004856 695
008454 134
008462 497
008470 727
008478 655
008486 158
008494 804
008502 527
008510 498
008518 348
008526 206
008534 649
008542 755
008550 991
008558 804
008566 166
008574 219
008582 384
008590 842
008598 538
008606 514
008614 520
008622 655
008630 618
008638 85
008646 479
008654 545
008662 917
008670 152
008678 185
008686 819
008694 373
008702 204
008452 385
008460 906
008468 269
008476 739
008484 459
008492 414
008500 130
008508 46
008516 484
008524 91
008532 648
008540 415
008548 443
008556 938
008564 377
008572 743
008580 190
008588 88
008596 388
008604 633
008612 109
008620 342
008628 760
008636 897
008644 520
008652 573
008660 473
008668 177
008676 25
008684 591
008692 560
008700 570
008963 471
008971 19
008979 201
008987 292
008995 105
009003 85
009011 496
009019 661
009027 781
009035 75
009043 552
009051 731
009059 684
009067 623
009075 971
009083 973
009091 957
009099 296
009107 461
009115 86
009123 494
009131 858
009139 246
009147 389
009155 675
009163 24
009171 103
009179 623
009187 471
009195 209
009203 937
009211 882
008450 882
008458 302
008466 876
008474 884
008482 617
008490 207
008498 730
008506 799
008514 132
008522 59
008530 112
008538 669
008546 366
008554 528
008562 471
008570 45
008578 191
008586 57
008594 872
008602 800
008610 413
008618 527
008626 945
008634 471
008642 664
008650 866
008658 219
008666 789
008674 313
008682 598
008690 43
008698 22
008961 112
008969 66
008977 552
008985 148
008993 111
009001 753
009009 942
009017 978
009025 17
009033 67
009041 310
009049 728
009057 651
009065 888
009073 345
009081 110
009089 267
009097 391
009105 54
009113 374
009121 617
009129 445
009137 543
009145 343
009153 624
009161 809
009169 635
009177 702
009185 527
009193 880
009201 764
009209 588
008967 436
008975 728
008983 611
008991 72
008999 876
009007 40
009015 656
009023 314
009031 211
009039 643
009047 29
009055 667
009063 814
009071 709
009079 958
009087 510
009095 195
009103 848
009111 837
009119 163
009127 458
009135 131
009143 273
009151 745
009159 98
009167 182
009175 416
009183 931
009191 587
009199 551
009207 728
009215 194
008965 246
008973 504
008981 812
008989 701
008997 914
009005 239
009013 326
009021 173
009029 896
009037 362
009045 458
009053 403
009061 192
009069 75
009077 129
009085 141
009093 523
009101 697
009109 991
009117 984
009125 740
009133 37
009141 134
009149 5
009157 641
009165 35
009173 152
009181 999
009189 659
009197 419
009205 387
009213 605
004864 826
004872 216
004880 580
004888 361
004896 215
004904 367
004912 455
004920 711
004928 784
004936 713
004944 406
004952 525
004960 267
004968 568
004976 844
004984 625
004992 624
005000 899
005008 791
005016 95
005024 384
005032 22
005040 563
005048 208
005056 171
005064 267
005072 579
005080 832
005088 834
005096 612
005104 753
005112 804
008710 19
008718 420
008726 952
008734 857
008742 55
008750 921
008758 677
008766 934
008774 572
008782 853
008790 655
008798 850
008806 471
008814 720
008822 98
008830 308
008838 549
008846 585
008854 901
008862 565
008870 449
008878 846
008886 621
008894 684
008902 401
008910 734
008918 20
008926 576
008934 574
008942 555
008950 945
008958 508
008708 867
008716 993
008724 947
008732 709
008740 907
008748 212
008756 402
008764 79
008772 770
008780 103
008788 534
008796 512
008804 526
008812 551
008820 130
008828 485
008836 249
008844 199
008852 590
008860 79
008868 815
008876 68
008884 340
008892 472
008900 589
008908 454
008916 273
008924 637
008932 587
008940 392
008948 574
008956 387
009219 234
009227 334
009235 133
009243 99
009251 533
009259 963
009267 597
009275 283
009283 840
009291 88
009299 239
009307 858
009315 517
009323 586
009331 23
009339 543
009347 915
009355 688
009363 242
009371 411
009379 92
009387 302
009395 956
009403 300
009411 56
009419 80
009427 498
009435 36
009443 721
009451 130
009459 25
009467 402
008706 573
008714 554
008722 785
008730 390
008738 791
008746 590
008754 681
008762 868
008770 154
008778 164
008786 30
008794 579
008802 637
008810 763
008818 705
008826 462
008834 770
008842 188
008850 400
008858 75
008866 485
008874 297
008882 910
008890 163
008898 613
008906 108
008914 681
008922 306
008930 999
008938 309
008946 584
008954 832
009217 37
009225 980
009233 30
009241 356
009249 582
009257 925
009265 535
009273 585
009281 369
009289 201
009297 695
009305 454
009313 225
009321 509
009329 283
009337 71
009345 910
009353 603
009361 985
009369 68
009377 202
009385 918
009393 819
009401 14
009409 83
009417 119
009425 948
009433 347
009441 683
009449 652
009457 578
009465 74
009221 892
009229 502
009237 95
009245 412
009253 350
009261 950
009269 822
009277 394
009285 747
009293 11
009301 452
009309 672
009317 182
009325 998
009333 173
009341 135
009349 967
009357 69
009365 723
009373 311
009381 383
009389 741
009397 135
009405 632
009413 946
009421 531
009429 553
009437 477
009445 685
009453 513
009461 17
009469 595
009223 485
009231 640
009239 713
009247 275
009255 926
009263 667
009271 8
009279 180
009287 854
009295 186
009303 842
009311 995
009319 922
009327 943
009335 71
009343 877
009351 580
009359 794
009367 619
009375 944
009383 118
009391 827
009399 916
009407 783
009415 603
009423 165
009431 376
009439 542
009447 565
009455 71
009463 862
009471 562
005120 42
005128 199
005136 986
005144 457
005152 491
005160 281
005168 620
005176 868
005184 138
005192 841
005200 976
005208 584
005216 781
005224 613
005232 624
005240 0
005248 123
005256 789
005264 672
005272 695
005280 956
005288 571
005296 534
005304 702
005312 254
005320 753
005328 840
005336 510
005344 608
005352 820
005360 363
005368 156
008966 639
008974 656
008982 990
008990 226
008998 219
009006 953
009014 279
009022 406
009030 764
009038 754
009046 448
009054 865
009062 761
009070 198
009078 862
009086 622
009094 577
009102 342
009110 479
009118 381
009126 75
009134 612
009142 598
009150 176
009158 939
009166 42
009174 703
009182 761
009190 829
009198 482
009206 566
009214 781
008964 67
008972 65
008980 138
008988 689
008996 226
009004 284
009012 462
009020 368
009028 400
009036 971
009044 604
009052 458
009060 611
009068 406
009076 118
009084 443
009092 105
009100 167
009108 905
009116 53
009124 568
009132 615
009140 683
009148 571
009156 929
009164 561
009172 339
009180 878
009188 342
009196 557
009204 715
009212 438
009475 905
009483 762
009491 569
009499 455
009507 595
009515 954
009523 134
009531 912
009539 561
009547 432
009555 371
009563 336
009571 365
009579 253
009587 577
009595 766
009603 568
009611 856
009619 960
009627 944
009635 312
009643 607
009651 507
009659 834
009667 305
009675 322
009683 806
009691 890
009699 615
009707 281
009715 115
009723 855
008962 34
008970 283
008978 319
008986 928
008994 321
009002 514
009010 204
009018 860
009026 916
009034 253
009042 62
009050 268
009058 546
009066 274
009074 742
009082 730
009090 723
009098 380
009106 639
009114 488
009122 555
009130 392
009138 448
009146 909
009154 263
009162 687
009170 821
009178 206
009186 767
009194 270
009202 842
009210 500
009473 761
009481 513
009489 771
009497 809
009505 750
009513 902
009521 675
009529 4
009537 573
009545 923
009553 95
009561 700
009569 38
009577 237
009585 602
009593 989
009601 52
009609 256
009617 581
009625 450
009633 918
009641 539
009649 880
009657 843
009665 788
009673 686
009681 153
009689 498
009697 420
009705 781
009713 185
009721 657
009479 838
009487 443
009495 563
009503 474
009511 402
009519 131
009527 625
009535 598
009543 952
009551 691
009559 274
009567 998
009575 907
009583 846
009591 592
009599 748
009607 783
009615 169
009623 191
009631 21
009639 735
009647 816
009655 424
009663 96
009671 264
009679 657
009687 69
009695 803
009703 350
009711 560
009719 715
009727 854
009477 570
009485 91
009493 636
009501 636
009509 647
009517 705
009525 237
009533 892
009541 22
009549 692
009557 850
009565 717
009573 840
009581 561
009589 506
009597 706
009605 671
009613 199
009621 694
009629 501
009637 787
009645 497
009653 425
009661 302
009669 371
009677 56
009685 363
009693 738
009701 532
009709 220
009717 314
009725 165
005376 668
005384 576
005392 932
005400 249
005408 622
005416 951
005424 842
005432 528
005440 837
005448 500
005456 458
005464 946
005472 745
005480 806
005488 939
005496 800
005504 466
005512 351
005520 767
005528 242
005536 259
005544 426
005552 21
005560 461
005568 538
005576 163
005584 207
005592 513
005600 978
005608 166
005616 871
005624 495
009222 21
009230 383
009238 768
009246 226
009254 84
009262 247
009270 51
009278 874
009286 21
009294 928
009302 466
009310 914
009318 397
009326 79
009334 876
009342 649
009350 206
009358 517
009366 117
009374 777
009382 850
009390 806
009398 563
009406 650
009414 808
009422 177
009430 958
009438 538
009446 603
009454 485
009462 423
009470 430
009220 238
009228 39
009236 473
009244 25
009252 276
009260 495
009268 940
009276 374
009284 616
009292 922
009300 88
009308 616
009316 162
009324 894
009332 556
009340 586
009348 342
009356 870
009364 444
009372 108
009380 347
009388 97
009396 109
009404 898
009412 775
009420 333
009428 392
009436 935
009444 78
009452 291
009460 55
009468 556
009731 615
009739 40
009747 565
009755 201
009763 98
009771 154
009779 126
009787 808
009795 349
009803 24
009811 638
009819 390
009827 70
009835 48
009843 387
009851 859
009859 812
009867 997
009875 702
009883 877
009891 399
009899 300
009907 524
009915 376
009923 427
009931 30
009939 872
009947 730
009955 358
009963 724
009971 296
009979 564
009218 900
009226 891
009234 513
009242 733
009250 818
009258 446
009266 490
009274 476
009282 337
009290 674
009298 773
009306 824
009314 585
009322 978
009330 80
009338 301
009346 953
009354 17
009362 826
009370 214
009378 640
009386 505
009394 926
009402 442
009410 515
009418 406
009426 529
009434 680
009442 923
009450 109
009458 673
009466 813
009729 328
009737 72
009745 207
009753 496
009761 533
009769 228
009777 137
009785 222
009793 828
009801 532
009809 687
009817 181
009825 219
009833 963
009841 259
009849 728
009857 341
009865 211
009873 849
009881 472
009889 427
009897 894
009905 852
009913 574
009921 271
009929 600
009937 624
009945 727
009953 942
009961 506
009969 786
009977 677
009733 561
009741 231
009749 245
009757 288
009765 662
009773 755
009781 712
009789 458
009797 378
009805 482
009813 89
009821 36
009829 662
009837 874
009845 411
009853 542
009861 270
009869 506
009877 823
009885 307
009893 638
009901 685
009909 888
009917 595
009925 841
009933 729
009941 882
009949 534
009957 201
009965 790
009973 51
009981 446
009735 360
009743 446
009751 776
009759 615
009767 745
009775 721
009783 266
009791 913
009799 833
009807 459
009815 114
009823 467
009831 602
009839 244
009847 831
009855 404
009863 319
009871 544
009879 92
009887 923
009895 762
009903 838
009911 469
009919 904
009927 415
009935 547
009943 828
009951 336
009959 354
009967 667
009975 470
009983 198
005632 159
005640 903
005648 316
005656 801
005664 508
005672 442
005680 135
005688 413
005696 75
005704 873
005712 349
005720 677
005728 625
005736 196
005744 552
005752 964
005760 966
005768 241
005776 802
005784 373
005792 973
005800 977
005808 96
005816 203
005824 54
005832 472
005840 539
005848 966
005856 499
005864 530
005872 44
005880 62
009478 849
009486 387
009494 364
009502 592
009510 617
009518 456
009526 788
009534 396
009542 598
009550 52
009558 500
009566 155
009574 295
009582 916
009590 691
009598 962
009606 879
009614 179
009622 732
009630 344
009638 601
009646 326
009654 875
009662 842
009670 516
009678 663
009686 943
009694 794
009702 222
009710 773
009718 209
009726 998
009476 499
009484 253
009492 79
009500 154
009508 221
009516 379
009524 914
009532 121
009540 639
009548 726
009556 660
009564 743
009572 560
009580 497
009588 292
009596 643
009604 686
009612 34
009620 147
009628 969
009636 276
009644 209
009652 972
009660 859
009668 284
009676 307
009684 776
009692 487
009700 734
009708 640
009716 679
009724 975
009987 997
009995 273
010003 819
010011 848
010019 623
010027 924
010035 230
010043 937
010051 356
010059 310
010067 633
010075 882
010083 690
010091 193
010099 238
010107 533
010115 363
010123 444
010131 26
010139 895
010147 955
010155 571
010163 556
010171 503
010179 32
010187 546
010195 290
010203 145
010211 14
010219 755
010227 348
010235 887
009474 353
009482 892
009490 83
009498 41
009506 193
009514 651
009522 386
009530 797
009538 788
009546 580
009554 461
009562 981
009570 532
009578 376
009586 567
009594 247
009602 361
009610 672
009618 117
009626 738
009634 57
009642 678
009650 128
009658 522
009666 211
009674 870
009682 355
009690 250
009698 423
009706 270
009714 724
009722 55
009985 64
009993 374
010001 601
010009 387
010017 407
010025 535
010033 40
010041 59
010049 119
010057 275
010065 667
010073 44
010081 475
010089 763
010097 144
010105 273
010113 156
010121 596
010129 105
010137 187
010145 830
010153 127
010161 292
010169 0
010177 276
010185 931
010193 276
010201 227
010209 641
010217 354
010225 738
010233 704
009991 766
009999 15
010007 322
010015 519
010023 735
010031 218
010039 814
010047 800
010055 876
010063 294
010071 160
010079 477
010087 722
010095 146
010103 55
010111 792
010119 385
010127 343
010135 111
010143 834
010151 859
010159 34
010167 828
010175 97
010183 645
010191 902
010199 497
010207 241
010215 890
010223 166
010231 861
010239 902
009989 442
009997 532
010005 86
010013 254
010021 450
010029 595
010037 666
010045 113
010053 206
010061 709
010069 974
010077 242
010085 663
010093 791
010101 393
010109 808
010117 846
010125 538
010133 571
010141 77
010149 372
010157 689
010165 473
010173 623
010181 658
010189 172
010197 599
010205 175
010213 849
010221 552
010229 962
010237 788
005888 86
005896 505
005904 275
005912 25
005920 773
005928 58
005936 876
005944 796
005952 155
005960 423
005968 879
005976 682
005984 250
005992 811
006000 940
006008 215
006016 459
006024 950
006032 919
006040 202
006048 777
006056 750
006064 955
006072 438
006080 439
006088 416
006096 332
006104 969
006112 32
006120 769
006128 503
006136 830
009734 896
009742 75
009750 524
009758 197
009766 80
009774 403
009782 906
009790 296
009798 228
009806 931
009814 386
009822 206
009830 466
009838 136
009846 360
009854 899
009862 84
009870 290
009878 173
009886 600
009894 582
009902 150
009910 256
009918 737
009926 129
009934 67
009942 609
009950 473
009958 539
009966 293
009974 829
009982 106
009732 354
009740 274
009748 681
009756 336
009764 306
009772 111
009780 534
009788 156
009796 899
009804 291
009812 937
009820 990
009828 911
009836 580
009844 50
009852 273
009860 118
009868 511
009876 193
009884 834
009892 654
009900 772
009908 326
009916 991
009924 272
009932 352
009940 500
009948 759
009956 318
009964 39
009972 941
009980 945
010243 984
010251 243
010259 106
010267 820
010275 471
010283 167
010291 105
010299 64
010307 424
010315 605
010323 747
010331 993
010339 709
010347 472
010355 147
010363 555
010371 450
010379 804
010387 407
010395 946
010403 796
010411 625
010419 295
010427 434
010435 957
010443 542
010451 975
010459 912
010467 395
010475 67
010483 457
010491 913
009730 733
009738 390
009746 466
009754 831
009762 816
009770 642
009778 92
009786 614
009794 627
009802 706
009810 620
009818 718
009826 678
009834 102
009842 998
009850 762
009858 464
009866 808
009874 673
009882 205
009890 245
009898 146
009906 149
009914 186
009922 948
009930 42
009938 550
009946 371
009954 105
009962 979
009970 513
009978 0
010241 434
010249 325
010257 294
010265 817
010273 945
010281 117
010289 456
010297 15
010305 497
010313 659
010321 644
010329 306
010337 790
010345 627
010353 553
010361 131
010369 756
010377 38
010385 698
010393 141
010401 170
010409 528
010417 282
010425 283
010433 316
010441 647
010449 262
010457 82
010465 711
010473 488
010481 79
010489 484
010247 127
010255 308
010263 171
010271 960
010279 819
010287 342
010295 455
010303 557
010311 184
010319 713
010327 745
010335 664
010343 517
010351 502
010359 70
010367 820
010375 581
010383 951
010391 234
010399 188
010407 791
010415 773
010423 821
010431 341
010439 630
010447 31
010455 937
010463 278
010471 476
010479 67
010487 36
010495 805
010245 885
010253 477
010261 778
010269 838
010277 937
010285 440
010293 48
010301 933
010309 464
010317 841
010325 824
010333 306
010341 706
010349 804
010357 744
010365 57
010373 325
010381 273
010389 470
010397 893
010405 595
010413 237
010421 898
010429 488
010437 887
010445 307
010453 984
010461 711
010469 720
010477 203
010485 423
010493 612
006144 985
006152 503
006160 567
006168 985
006176 401
006184 272
006192 354
006200 339
006208 921
006216 374
006224 969
006232 344
006240 913
006248 228
006256 93
006264 350
006272 197
006280 574
006288 616
006296 194
006304 144
006312 534
006320 237
006328 464
006336 854
006344 66
006352 115
006360 789
006368 586
006376 842
006384 892
006392 502
009988 747
009996 898
010004 212
010012 81
010020 405
010028 87
010036 540
010044 843
010052 925
010060 931
010068 722
010076 685
010084 772
010092 678
010100 474
010108 566
010116 245
010124 962
010132 467
010140 0
010148 329
010156 374
010164 568
010172 252
010180 631
010188 783
010196 778
010204 105
010212 454
010220 280
010228 95
010236 945
009990 641
009998 690
010006 105
010014 227
010022 748
010030 809
010038 441
010046 793
010054 223
010062 908
010070 852
010078 352
010086 975
010094 414
010102 505
010110 237
010118 574
010126 803
010134 512
010142 808
010150 350
010158 90
010166 995
010174 595
010182 531
010190 19
010198 102
010206 643
010214 723
010222 768
010230 320
010238 598
010499 154
010507 276
010515 505
010523 814
010531 726
010539 12
010547 644
010555 302
010563 295
010571 11
010579 125
010587 816
010595 95
010603 341
010611 306
010619 602
010627 165
010635 952
010643 494
010651 478
010659 127
010667 224
010675 823
010683 218
010691 723
010699 824
010707 491
010715 294
010723 471
010731 828
010739 622
010747 175
009986 293
009994 957
010002 722
010010 234
010018 259
010026 935
010034 728
010042 798
010050 766
010058 592
010066 773
010074 332
010082 923
010090 534
010098 890
010106 683
010114 428
010122 948
010130 967
010138 657
010146 5
010154 317
010162 850
010170 35
010178 349
010186 785
010194 596
010202 749
010210 212
010218 190
010226 800
010234 175
010497 844
010505 294
010513 680
010521 863
010529 409
010537 404
010545 239
010553 903
010561 988
010569 507
010577 196
010585 413
010593 643
010601 430
010609 810
010617 87
010625 458
010633 17
010641 550
010649 568
010657 196
010665 916
010673 18
010681 414
010689 991
010697 621
010705 973
010713 491
010721 913
010729 647
010737 668
010745 537
010501 184
010509 555
010517 406
010525 672
010533 808
010541 448
010549 929
010557 883
010565 243
010573 744
010581 512
010589 711
010597 511
010605 320
010613 458
010621 837
010629 367
010637 446
010645 160
010653 332
010661 277
010669 397
010677 370
010685 462
010693 519
010701 252
010709 214
010717 799
010725 756
010733 293
010741 36
010749 193
010503 87
010511 671
010519 538
010527 842
010535 513
010543 816
010551 639
010559 795
010567 643
010575 298
010583 427
010591 298
010599 303
010607 550
010615 178
010623 109
010631 982
010639 711
010647 434
010655 495
010663 529
010671 811
010679 505
010687 537
010695 74
010703 230
010711 158
010719 234
010727 31
010735 19
010743 233
010751 473
006400 701
006408 797
006416 123
006424 194
006432 308
006440 83
006448 910
006456 424
006464 803
006472 555
006480 738
006488 645
006496 747
006504 597
006512 686
006520 224
006528 133
006536 603
006544 39
006552 202
006560 726
006568 468
006576 555
006584 493
006592 889
006600 665
006608 57
006616 692
006624 689
006632 805
006640 424
006648 523
010755 215
010763 58
010771 959
010779 531
010787 843
010795 675
010803 668
010811 696
010819 285
010827 416
010835 801
010843 265
010851 780
010859 565
010867 501
010875 25
010883 31
010891 549
010899 656
010907 868
010915 903
010923 533
010931 693
010939 538
010947 426
010955 43
010963 211
010971 120
010979 209
010987 404
010995 792
011003 842
010244 554
010252 5
010260 71
010268 742
010276 601
010284 707
010292 117
010300 285
010308 420
010316 820
010324 93
010332 967
010340 684
010348 360
010356 800
010364 355
010372 532
010380 31
010388 475
010396 977
010404 985
010412 418
010420 686
010428 583
010436 668
010444 597
010452 642
010460 575
010468 785
010476 879
010484 156
010492 792
010246 491
010254 541
010262 280
010270 751
010278 248
010286 2
010294 823
010302 247
010310 392
010318 543
010326 962
010334 71
010342 603
010350 257
010358 58
010366 386
010374 569
010382 664
010390 79
010398 990
010406 477
010414 608
010422 223
010430 539
010438 154
010446 381
010454 879
010462 880
010470 404
010478 537
010486 991
010494 840
010242 696
010250 5
010258 197
010266 877
010274 572
010282 749
010290 490
010298 401
010306 424
010314 870
010322 430
010330 659
010338 104
010346 414
010354 39
010362 844
010370 922
010378 190
010386 350
010394 318
010402 735
010410 451
010418 236
010426 130
010434 746
010442 286
010450 817
010458 307
010466 434
010474 43
010482 952
010490 299
010753 424
010761 677
010769 817
010777 140
010785 925
010793 124
010801 799
010809 177
010817 158
010825 338
010833 380
010841 929
010849 874
010857 256
010865 93
010873 517
010881 553
010889 472
010897 159
010905 339
010913 895
010921 440
010929 487
010937 907
010945 2
010953 199
010961 14
010969 852
010977 923
010985 619
010993 427
011001 536
010757 299
010765 752
010773 240
010781 399
010789 755
010797 908
010805 276
010813 310
010821 427
010829 971
010837 943
010845 72
010853 31
010861 189
010869 952
010877 40
010885 956
010893 562
010901 289
010909 186
010917 50
010925 676
010933 926
010941 806
010949 276
010957 194
010965 172
010973 19
010981 653
010989 19
010997 342
011005 452
010759 564
010767 377
010775 232
010783 285
010791 972
010799 761
010807 325
010815 550
010823 562
010831 547
010839 279
010847 324
010855 204
010863 585
010871 150
010879 331
010887 369
010895 800
010903 371
010911 848
010919 156
010927 333
010935 601
010943 985
010951 565
010959 520
010967 702
010975 115
010983 124
010991 61
010999 153
011007 380
006656 475
006664 788
006672 716
006680 953
006688 730
006696 385
006704 228
006712 134
006720 479
006728 953
006736 209
006744 625
006752 370
006760 118
006768 595
006776 95
006784 850
006792 415
006800 632
006808 455
006816 135
006824 864
006832 861
006840 23
006848 416
006856 599
006864 269
006872 73
006880 112
006888 441
006896 295
006904 330
011011 790
011019 112
011027 668
011035 983
011043 181
011051 541
011059 437
011067 264
011075 781
011083 760
011091 141
011099 617
011107 647
011115 162
011123 123
011131 584
011139 277
011147 790
011155 244
011163 863
011171 106
011179 778
011187 604
011195 691
011203 226
011211 463
011219 215
011227 888
011235 83
011243 120
011251 487
011259 691
010502 224
010510 337
010518 837
010526 179
010534 342
010542 848
010550 346
010558 382
010566 162
010574 572
010582 997
010590 437
010598 859
010606 135
010614 294
010622 521
010630 372
010638 267
010646 604
010654 239
010662 827
010670 641
010678 81
010686 979
010694 863
010702 218
010710 377
010718 919
010726 593
010734 540
010742 568
010750 322
010500 318
010508 787
010516 469
010524 650
010532 264
010540 42
010548 988
010556 9
010564 794
010572 964
010580 140
010588 241
010596 745
010604 603
010612 672
010620 488
010628 471
010636 985
010644 556
010652 388
010660 557
010668 797
010676 632
010684 604
010692 765
010700 987
010708 320
010716 117
010724 371
010732 4
010740 348
010748 786
010498 880
010506 839
010514 690
010522 642
010530 760
010538 664
010546 275
010554 293
010562 326
010570 525
010578 155
010586 322
010594 2
010602 34
010610 514
010618 468
010626 867
010634 457
010642 36
010650 210
010658 647
010666 455
010674 643
010682 375
010690 142
010698 797
010706 385
010714 656
010722 60
010730 37
010738 910
010746 421
011009 9
011017 539
011025 581
011033 80
011041 417
011049 754
011057 709
011065 406
011073 165
011081 595
011089 404
011097 95
011105 403
011113 525
011121 225
011129 806
011137 897
011145 360
011153 792
011161 144
011169 599
011177 199
011185 719
011193 249
011201 315
011209 969
011217 893
011225 921
011233 215
011241 324
011249 304
011257 589
011013 259
011021 698
011029 912
011037 99
011045 855
011053 498
011061 286
011069 95
011077 63
011085 208
011093 209
011101 995
011109 531
011117 443
011125 333
011133 65
011141 672
011149 914
011157 412
011165 940
011173 329
011181 159
011189 722
011197 914
011205 967
011213 23
011221 874
011229 558
011237 172
011245 303
011253 930
011261 222
011015 739
011023 76
011031 706
011039 164
011047 705
011055 509
011063 234
011071 101
011079 106
011087 997
011095 625
011103 382
011111 647
011119 200
011127 929
011135 163
011143 700
011151 418
011159 598
011167 617
011175 974
011183 419
011191 726
011199 871
011207 175
011215 518
011223 251
011231 604
011239 340
011247 116
011255 912
011263 788
006912 736
006920 247
006928 756
006936 33
006944 912
006952 274
006960 28
006968 929
006976 351
006984 389
006992 636
007000 604
007008 884
007016 245
007024 190
007032 82
007040 720
007048 152
007056 537
007064 648
007072 543
007080 259
007088 391
007096 910
007104 301
007112 728
007120 627
007128 729
007136 885
007144 518
007152 348
007160 802
011267 439
011275 40
011283 506
011291 798
011299 627
011307 780
011315 413
011323 511
011331 340
011339 402
011347 403
011355 503
011363 918
011371 188
011379 296
011387 807
011395 269
011403 212
011411 327
011419 79
011427 518
011435 637
011443 979
011451 813
011459 656
011467 377
011475 636
011483 327
011491 490
011499 249
011507 764
011515 565
010758 632
010766 344
010774 432
010782 222
010790 400
010798 811
010806 889
010814 439
010822 150
010830 962
010838 746
010846 871
010854 612
010862 240
010870 871
010878 166
010886 388
010894 611
010902 52
010910 163
010918 431
010926 501
010934 503
010942 507
010950 202
010958 906
010966 79
010974 735
010982 560
010990 744
010998 776
011006 392
010756 315
010764 679
010772 764
010780 850
010788 634
010796 374
010804 956
010812 372
010820 8
010828 20
010836 507
010844 409
010852 37
010860 377
010868 132
010876 245
010884 156
010892 104
010900 779
010908 363
010916 660
010924 167
010932 595
010940 825
010948 93
010956 629
010964 29
010972 134
010980 536
010988 192
010996 949
011004 314
011265 376
011273 813
011281 900
011289 47
011297 869
011305 952
011313 472
011321 64
011329 907
011337 919
011345 85
011353 973
011361 485
011369 739
011377 105
011385 983
011393 313
011401 242
011409 454
011417 541
011425 492
011433 85
011441 33
011449 563
011457 732
011465 105
011473 983
011481 83
011489 286
011497 805
011505 795
011513 269
010754 164
010762 21
010770 614
010778 788
010786 183
010794 638
010802 595
010810 466
010818 111
010826 126
010834 273
010842 273
010850 334
010858 628
010866 511
010874 601
010882 656
010890 683
010898 340
010906 970
010914 176
010922 754
010930 604
010938 755
010946 171
010954 940
010962 34
010970 610
010978 572
010986 161
010994 290
011002 245
011269 529
011277 99
011285 516
011293 450
011301 864
011309 543
011317 177
011325 597
011333 322
011341 386
011349 910
011357 382
011365 336
011373 53
011381 233
011389 19
011397 302
011405 807
011413 759
011421 151
011429 718
011437 688
011445 91
011453 250
011461 305
011469 998
011477 420
011485 230
011493 971
011501 747
011509 554
011517 452
011271 449
011279 434
011287 226
011295 37
011303 863
011311 669
011319 25
011327 874
011335 249
011343 570
011351 12
011359 892
011367 810
011375 727
011383 423
011391 73
011399 950
011407 968
011415 479
011423 860
011431 228
011439 230
011447 707
011455 205
011463 274
011471 644
011479 615
011487 125
011495 29
011503 894
011511 976
011519 944
007168 682
007176 184
007184 387
007192 970
007200 537
007208 500
007216 248
007224 713
007232 900
007240 706
007248 290
007256 874
007264 350
007272 492
007280 169
007288 710
007296 793
007304 197
007312 537
007320 208
007328 89
007336 63
007344 193
007352 111
007360 723
007368 366
007376 489
007384 260
007392 155
007400 233
007408 713
007416 535
011523 18
011531 747
011539 100
011547 987
011555 430
011563 729
011571 229
011579 579
011587 7
011595 245
011603 31
011611 465
011619 888
011627 166
011635 979
011643 250
011651 867
011659 717
011667 400
011675 734
011683 84
011691 14
011699 225
011707 496
011715 309
011723 6
011731 519
011739 655
011747 944
011755 875
011763 913
011771 908
011014 963
011022 582
011030 845
011038 292
011046 931
011054 535
011062 247
011070 712
011078 495
011086 974
011094 203
011102 606
011110 576
011118 966
011126 932
011134 902
011142 482
011150 845
011158 687
011166 733
011174 103
011182 717
011190 335
011198 615
011206 637
011214 753
011222 816
011230 708
011238 293
011246 802
011254 498
011262 563
011012 995
011020 184
011028 124
011036 838
011044 350
011052 695
011060 931
011068 593
011076 944
011084 39
011092 892
011100 969
011108 260
011116 310
011124 327
011132 714
011140 75
011148 176
011156 192
011164 174
011172 502
011180 552
011188 930
011196 30
011204 512
011212 506
011220 471
011228 304
011236 153
011244 254
011252 953
011260 204
011521 347
011529 444
011537 960
011545 219
011553 478
011561 445
011569 471
011577 716
011585 28
011593 321
011601 887
011609 515
011617 368
011625 888
011633 622
011641 162
011649 981
011657 175
011665 784
011673 879
011681 787
011689 544
011697 690
011705 267
011713 483
011721 447
011729 876
011737 558
011745 366
011753 66
011761 245
011769 933
011010 44
011018 768
011026 528
011034 197
011042 424
011050 877
011058 627
011066 836
011074 227
011082 327
011090 665
011098 838
011106 781
011114 853
011122 379
011130 762
011138 618
011146 209
011154 902
011162 681
011170 769
011178 161
011186 836
011194 199
011202 451
011210 349
011218 110
011226 8
011234 65
011242 313
011250 235
011258 956
011525 7
011533 772
011541 193
011549 904
011557 110
011565 477
011573 725
011581 81
011589 574
011597 802
011605 158
011613 681
011621 657
011629 458
011637 455
011645 796
011653 245
011661 896
011669 953
011677 856
011685 168
011693 459
011701 149
011709 918
011717 501
011725 32
011733 627
011741 788
011749 186
011757 753
011765 113
011773 280
011527 926
011535 542
011543 388
011551 434
011559 733
011567 204
011575 993
011583 356
011591 932
011599 472
011607 469
011615 272
011623 575
011631 878
011639 872
011647 943
011655 865
011663 743
011671 780
011679 571
011687 623
011695 273
011703 632
011711 848
011719 259
011727 266
011735 592
011743 946
011751 262
011759 210
011767 905
011775 156
007424 516
007432 481
007440 727
007448 763
007456 289
007464 962
007472 773
007480 418
007488 442
007496 456
007504 885
007512 74
007520 962
007528 631
007536 160
007544 49
007552 511
007560 800
007568 590
007576 74
007584 424
007592 144
007600 126
007608 706
007616 446
007624 936
007632 362
007640 814
007648 740
007656 839
007664 382
007672 585
011779 18
011787 83
011795 626
011803 819
011811 86
011819 796
011827 495
011835 437
011843 654
011851 228
011859 848
011867 810
011875 222
011883 847
011891 545
011899 738
011907 50
011915 460
011923 766
011931 112
011939 427
011947 281
011955 218
011963 975
011971 327
011979 435
011987 368
011995 659
012003 234
012011 753
012019 251
012027 370
011270 377
011278 709
011286 310
011294 23
011302 639
011310 908
011318 556
011326 403
011334 751
011342 150
011350 577
011358 863
011366 534
011374 319
011382 30
011390 751
011398 399
011406 700
011414 656
011422 630
011430 190
011438 948
011446 796
011454 543
011462 577
011470 492
011478 922
011486 770
011494 349
011502 362
011510 243
011518 730
011268 372
011276 432
011284 462
011292 843
011300 478
011308 38
011316 678
011324 972
011332 536
011340 76
011348 389
011356 717
011364 770
011372 74
011380 245
011388 62
011396 254
011404 93
011412 570
011420 121
011428 492
011436 555
011444 799
011452 380
011460 237
011468 234
011476 394
011484 564
011492 559
011500 282
011508 832
011516 448
011777 721
011785 921
011793 292
011801 488
011809 95
011817 829
011825 778
011833 579
011841 689
011849 692
011857 448
011865 955
011873 984
011881 136
011889 302
011897 709
011905 60
011913 586
011921 761
011929 684
011937 513
011945 7
011953 378
011961 574
011969 586
011977 898
011985 966
011993 172
012001 71
012009 665
012017 916
012025 639
011266 199
011274 547
011282 56
011290 814
011298 935
011306 839
011314 609
011322 75
011330 177
011338 114
011346 289
011354 275
011362 539
011370 780
011378 864
011386 439
011394 431
011402 501
011410 303
011418 804
011426 94
011434 153
011442 513
011450 336
011458 420
011466 636
011474 596
011482 291
011490 491
011498 998
011506 628
011514 868
011781 530
011789 968
011797 620
011805 627
011813 998
011821 662
011829 266
011837 773
011845 633
011853 107
011861 648
011869 898
011877 957
011885 314
011893 817
011901 906
011909 942
011917 542
011925 737
011933 184
011941 879
011949 204
011957 903
011965 396
011973 860
011981 268
011989 376
011997 59
012005 243
012013 518
012021 782
012029 403
011783 253
011791 8
011799 841
011807 879
011815 403
011823 645
011831 945
011839 627
011847 181
011855 686
011863 820
011871 757
011879 80
011887 251
011895 681
011903 986
011911 797
011919 904
011927 181
011935 255
011943 650
011951 72
011959 459
011967 718
011975 758
011983 344
011991 306
011999 258
012007 609
012015 19
012023 221
012031 698
012035 355
012043 878
012051 358
012059 994
012067 725
012075 608
012083 899
012091 276
012099 437
012107 53
012115 316
012123 273
012131 262
012139 925
012147 578
012155 745
012163 326
012171 93
012179 410
012187 727
012195 571
012203 203
012211 608
012219 947
012227 825
012235 209
012243 161
012251 732
012259 661
012267 269
012275 188
012283 139
007680 372
007688 353
007696 563
007704 400
007712 387
007720 512
007728 419
007736 468
007744 222
007752 92
007760 350
007768 992
007776 882
007784 58
007792 473
007800 547
007808 447
007816 974
007824 660
007832 156
007840 862
007848 855
007856 432
007864 897
007872 75
007880 467
007888 29
007896 828
007904 95
007912 977
007920 409
007928 525
011526 864
011534 376
011542 747
011550 747
011558 451
011566 836
011574 984
011582 654
011590 42
011598 952
011606 565
011614 244
011622 245
011630 258
011638 97
011646 41
011654 166
011662 9
011670 100
011678 136
011686 94
011694 126
011702 979
011710 840
011718 159
011726 349
011734 583
011742 941
011750 524
011758 580
011766 634
011774 724
012033 895
012041 748
012049 443
012057 390
012065 227
012073 539
012081 767
012089 238
012097 216
012105 641
012113 818
012121 93
012129 877
012137 126
012145 248
012153 343
012161 206
012169 788
012177 330
012185 847
012193 731
012201 26
012209 790
012217 619
012225 873
012233 512
012241 936
012249 737
012257 387
012265 936
012273 184
012281 47
011524 875
011532 836
011540 568
011548 228
011556 321
011564 651
011572 868
011580 943
011588 70
011596 605
011604 139
011612 698
011620 432
011628 207
011636 229
011644 878
011652 81
011660 772
011668 216
011676 891
011684 720
011692 880
011700 294
011708 701
011716 604
011724 442
011732 407
011740 359
011748 776
011756 501
011764 66
011772 396
011522 871
011530 709
011538 54
011546 171
011554 623
011562 261
011570 332
011578 644
011586 937
011594 187
011602 45
011610 994
011618 533
011626 607
011634 563
011642 873
011650 547
011658 582
011666 152
011674 462
011682 137
011690 488
011698 668
011706 820
011714 788
011722 548
011730 602
011738 82
011746 933
011754 146
011762 1
011770 622
012037 391
012045 79
012053 482
012061 320
012069 689
012077 74
012085 917
012093 141
012101 808
012109 235
012117 280
012125 48
012133 202
012141 786
012149 662
012157 114
012165 794
012173 300
012181 451
012189 95
012197 708
012205 928
012213 120
012221 669
012229 305
012237 718
012245 109
012253 342
012261 767
012269 217
012277 156
012285 107
012039 729
012047 671
012055 2
012063 297
012071 289
012079 905
012087 102
012095 152
012103 355
012111 844
012119 334
012127 809
012135 953
012143 447
012151 803
012159 159
012167 964
012175 270
012183 969
012191 675
012199 865
012207 848
012215 245
012223 87
012231 131
012239 728
012247 91
012255 970
012263 442
012271 368
012279 630
012287 971
012291 348
012299 519
012307 174
012315 624
012323 293
012331 116
012339 348
012347 781
012355 894
012363 363
012371 661
012379 121
012387 185
012395 548
012403 564
012411 19
012419 154
012427 716
012435 923
012443 64
012451 215
012459 85
012467 543
012475 831
012483 599
012491 537
012499 622
012507 593
012515 746
012523 948
012531 106
012539 243
007936 325
007944 801
007952 857
007960 251
007968 0
007976 242
007984 286
007992 769
008000 233
008008 975
008016 18
008024 186
008032 890
008040 479
008048 193
008056 397
008064 307
008072 55
008080 602
008088 4
008096 9
008104 872
008112 697
008120 135
008128 1
008136 57
008144 479
008152 695
008160 96
008168 554
008176 738
008184 101
011782 109
011790 381
011798 277
011806 751
011814 37
011822 739
011830 487
011838 143
011846 805
011854 98
011862 465
011870 436
011878 17
011886 134
011894 581
011902 812
011910 968
011918 35
011926 989
011934 927
011942 759
011950 802
011958 910
011966 214
011974 153
011982 810
011990 105
011998 274
012006 68
012014 35
012022 541
012030 861
011780 890
011788 425
011796 149
011804 22
011812 348
011820 933
011828 569
011836 831
011844 292
011852 699
011860 281
011868 459
011876 671
011884 387
011892 880
011900 33
011908 697
011916 452
011924 163
011932 652
011940 873
011948 190
011956 735
011964 666
011972 535
011980 304
011988 669
011996 256
012004 228
012012 935
012020 220
012028 936
012289 838
012297 519
012305 535
012313 779
012321 986
012329 519
012337 452
012345 101
012353 955
012361 707
012369 162
012377 934
012385 134
012393 316
012401 939
012409 260
012417 55
012425 763
012433 959
012441 759
012449 180
012457 421
012465 152
012473 74
012481 891
012489 594
012497 956
012505 862
012513 927
012521 442
012529 764
012537 799
011778 786
011786 96
011794 243
011802 106
011810 418
011818 871
011826 110
011834 354
011842 68
011850 382
011858 960
011866 312
011874 432
011882 55
011890 567
011898 508
011906 962
011914 661
011922 743
011930 230
011938 796
011946 393
011954 612
011962 576
011970 149
011978 279
011986 750
011994 548
012002 716
012010 757
012018 63
012026 233
012293 664
012301 497
012309 207
012317 973
012325 824
012333 763
012341 185
012349 2
012357 465
012365 111
012373 279
012381 524
012389 853
012397 68
012405 960
012413 424
012421 657
012429 60
012437 541
012445 827
012453 377
012461 585
012469 263
012477 400
012485 501
012493 700
012501 716
012509 153
012517 231
012525 694
012533 430
012541 621
012295 763
012303 549
012311 722
012319 769
012327 245
012335 745
012343 621
012351 644
012359 380
012367 576
012375 386
012383 444
012391 84
012399 24
012407 345
012415 690
012423 656
012431 549
012439 546
012447 971
012455 407
012463 961
012471 868
012479 242
012487 655
012495 715
012503 566
012511 700
012519 739
012527 498
012535 866
012543 956
012547 153
012555 973
012563 824
012571 21
012579 615
012587 856
012595 53
012603 960
012611 897
012619 341
012627 169
012635 655
012643 249
012651 258
012659 850
012667 389
012675 995
012683 246
012691 3
012699 666
012707 184
012715 164
012723 78
012731 583
012739 42
012747 609
012755 431
012763 770
012771 711
012779 125
012787 162
012795 499
008192 777
008200 623
008208 202
008216 996
008224 496
008232 739
008240 854
008248 537
008256 105
008264 790
008272 412
008280 125
008288 819
008296 891
008304 586
008312 394
008320 324
008328 509
008336 892
008344 317
008352 642
008360 746
008368 822
008376 746
008384 176
008392 614
008400 148
008408 739
008416 981
008424 862
008432 957
008440 176
012545 875
012553 211
012561 10
012569 690
012577 647
012585 717
012593 430
012601 209
012609 837
012617 761
012625 101
012633 797
012641 313
012649 805
012657 736
012665 568
012673 653
012681 132
012689 704
012697 355
012705 235
012713 578
012721 141
012729 753
012737 58
012745 130
012753 571
012761 475
012769 897
012777 261
012785 138
012793 177
012038 493
012046 925
012054 777
012062 675
012070 809
012078 751
012086 669
012094 229
012102 168
012110 468
012118 752
012126 721
012134 550
012142 923
012150 728
012158 702
012166 428
012174 305
012182 160
012190 852
012198 526
012206 35
012214 271
012222 956
012230 271
012238 558
012246 498
012254 443
012262 875
012270 959
012278 200
012286 470
012036 755
012044 938
012052 429
012060 39
012068 658
012076 578
012084 322
012092 445
012100 913
012108 59
012116 379
012124 265
012132 80
012140 390
012148 752
012156 161
012164 920
012172 51
012180 563
012188 870
012196 23
012204 925
012212 624
012220 38
012228 629
012236 380
012244 384
012252 241
012260 815
012268 555
012276 422
012284 2
012034 566
012042 187
012050 372
012058 773
012066 149
012074 627
012082 851
012090 98
012098 571
012106 634
012114 176
012122 724
012130 518
012138 534
012146 712
012154 845
012162 368
012170 131
012178 919
012186 120
012194 307
012202 225
012210 157
012218 661
012226 936
012234 723
012242 333
012250 788
012258 673
012266 837
012274 864
012282 564
012549 52
012557 77
012565 89
012573 405
012581 445
012589 263
012597 801
012605 103
012613 530
012621 889
012629 930
012637 101
012645 646
012653 118
012661 424
012669 877
012677 468
012685 116
012693 187
012701 585
012709 788
012717 336
012725 15
012733 115
012741 503
012749 309
012757 957
012765 877
012773 150
012781 603
012789 750
012797 102
012551 672
012559 152
012567 867
012575 727
012583 103
012591 182
012599 877
012607 126
012615 902
012623 928
012631 484
012639 121
012647 340
012655 66
012663 895
012671 357
012679 901
012687 251
012695 398
012703 948
012711 582
012719 620
012727 388
012735 584
012743 836
012751 182
012759 306
012767 251
012775 908
012783 183
012791 615
012799 310
012803 719
012811 770
012819 809
012827 465
012835 103
012843 8
012851 757
012859 176
012867 30
012875 291
012883 199
012891 543
012899 859
012907 885
012915 221
012923 125
012931 939
012939 906
012947 880
012955 213
012963 799
012971 191
012979 254
012987 234
012995 301
013003 299
013011 515
013019 801
013027 931
013035 552
013043 538
013051 342
008448 851
008456 804
008464 158
008472 55
008480 670
008488 673
008496 294
008504 736
008512 935
008520 490
008528 112
008536 679
008544 634
008552 86
008560 735
008568 915
008576 521
008584 704
008592 790
008600 407
008608 677
008616 403
008624 913
008632 767
008640 956
008648 442
008656 409
008664 458
008672 107
008680 559
008688 105
008696 887
012801 207
012809 563
012817 20
012825 814
012833 4
012841 244
012849 122
012857 242
012865 250
012873 263
012881 413
012889 171
012897 339
012905 840
012913 486
012921 569
012929 790
012937 685
012945 342
012953 637
012961 291
012969 193
012977 54
012985 533
012993 891
013001 661
013009 159
013017 801
013025 948
013033 44
013041 396
013049 150
012294 960
012302 564
012310 310
012318 653
012326 276
012334 503
012342 758
012350 326
012358 504
012366 994
012374 623
012382 672
012390 468
012398 501
012406 74
012414 170
012422 799
012430 899
012438 245
012446 94
012454 223
012462 791
012470 0
012478 635
012486 81
012494 786
012502 934
012510 161
012518 796
012526 39
012534 178
012542 676
012292 533
012300 632
012308 481
012316 112
012324 128
012332 725
012340 719
012348 520
012356 704
012364 758
012372 2
012380 411
012388 944
012396 757
012404 164
012412 825
012420 300
012428 334
012436 44
012444 35
012452 149
012460 260
012468 6
012476 248
012484 841
012492 104
012500 217
012508 163
012516 623
012524 544
012532 520
012540 589
012290 783
012298 798
012306 233
012314 133
012322 489
012330 677
012338 589
012346 717
012354 151
012362 220
012370 482
012378 999
012386 483
012394 138
012402 123
012410 993
012418 437
012426 161
012434 380
012442 339
012450 211
012458 238
012466 323
012474 506
012482 391
012490 606
012498 720
012506 732
012514 16
012522 494
012530 326
012538 112
012805 4
012813 271
012821 838
012829 225
012837 556
012845 83
012853 932
012861 483
012869 360
012877 379
012885 33
012893 946
012901 622
012909 152
012917 905
012925 245
012933 153
012941 865
012949 521
012957 228
012965 776
012973 897
012981 740
012989 87
012997 850
013005 86
013013 718
013021 319
013029 623
013037 225
013045 402
013053 765
012807 56
012815 86
012823 207
012831 693
012839 653
012847 447
012855 943
012863 250
012871 411
012879 644
012887 965
012895 321
012903 971
012911 671
012919 142
012927 61
012935 777
012943 336
012951 905
012959 197
012967 710
012975 608
012983 257
012991 250
012999 789
013007 237
013015 435
013023 941
013031 581
013039 519
013047 266
013055 235
013059 449
013067 147
013075 533
013083 356
013091 563
013099 876
013107 18
013115 899
013123 235
013131 407
013139 667
013147 41
013155 565
013163 749
013171 89
013179 427
013187 573
013195 978
013203 971
013211 614
013219 866
013227 795
013235 503
013243 760
013251 245
013259 352
013267 852
013275 978
013283 304
013291 884
013299 891
013307 576
008704 967
008712 684
008720 361
008728 176
008736 294
008744 530
008752 224
008760 12
008768 565
008776 408
008784 247
008792 482
008800 455
008808 143
008816 906
008824 842
008832 568
008840 142
008848 27
008856 747
008864 59
008872 343
008880 617
008888 351
008896 397
008904 979
008912 809
008920 513
008928 211
008936 999
008944 872
008952 947
013057 563
013065 602
013073 360
013081 238
013089 36
013097 967
013105 55
013113 454
013121 93
013129 17
013137 748
013145 348
013153 93
013161 566
013169 372
013177 148
013185 347
013193 890
013201 938
013209 870
013217 130
013225 887
013233 476
013241 57
013249 858
013257 345
013265 985
013273 921
013281 636
013289 875
013297 552
013305 835
012548 769
012556 918
012564 990
012572 739
012580 414
012588 230
012596 45
012604 140
012612 283
012620 330
012628 831
012636 428
012644 549
012652 516
012660 952
012668 987
012676 740
012684 599
012692 251
012700 821
012708 633
012716 58
012724 313
012732 999
012740 841
012748 973
012756 786
012764 665
012772 679
012780 908
012788 813
012796 235
012550 111
012558 636
012566 376
012574 969
012582 75
012590 121
012598 74
012606 955
012614 701
012622 474
012630 246
012638 992
012646 387
012654 614
012662 989
012670 853
012678 447
012686 996
012694 88
012702 774
012710 49
012718 847
012726 712
012734 616
012742 30
012750 727
012758 914
012766 385
012774 42
012782 112
012790 126
012798 476
013061 796
013069 230
013077 311
013085 468
013093 992
013101 516
013109 744
013117 99
013125 405
013133 902
013141 778
013149 89
013157 579
013165 591
013173 103
013181 574
013189 913
013197 103
013205 712
013213 2
013221 415
013229 927
013237 678
013245 53
013253 827
013261 141
013269 533
013277 439
013285 819
013293 901
013301 295
013309 682
012546 645
012554 927
012562 67
012570 738
012578 790
012586 471
012594 658
012602 617
012610 214
012618 393
012626 32
012634 792
012642 775
012650 787
012658 367
012666 170
012674 374
012682 205
012690 752
012698 363
012706 846
012714 591
012722 692
012730 30
012738 681
012746 276
012754 738
012762 122
012770 142
012778 451
012786 520
012794 262
013063 779
013071 245
013079 901
013087 886
013095 587
013103 158
013111 150
013119 392
013127 622
013135 48
013143 8
013151 760
013159 118
013167 379
013175 810
013183 858
013191 256
013199 517
013207 136
013215 798
013223 188
013231 362
013239 568
013247 311
013255 803
013263 185
013271 299
013279 437
013287 636
013295 955
013303 64
013311 152
013315 555
013323 707
013331 927
013339 152
013347 695
013355 597
013363 803
013371 145
013379 594
013387 219
013395 883
013403 134
013411 480
013419 549
013427 303
013435 628
013443 709
013451 612
013459 557
013467 204
013475 286
013483 468
013491 749
013499 391
013507 896
013515 360
013523 205
013531 87
013539 668
013547 743
013555 712
013563 519
008960 410
008968 850
008976 223
008984 964
008992 476
009000 383
009008 871
009016 42
009024 279
009032 565
009040 810
009048 780
009056 606
009064 972
009072 957
009080 702
009088 362
009096 973
009104 202
009112 175
009120 446
009128 61
009136 835
009144 351
009152 373
009160 563
009168 708
009176 901
009184 859
009192 231
009200 107
009208 663
013313 640
013321 480
013329 627
013337 171
013345 699
013353 795
013361 477
013369 767
013377 624
013385 275
013393 484
013401 309
013409 461
013417 609
013425 142
013433 634
013441 810
013449 373
013457 524
013465 878
013473 529
013481 777
013489 869
013497 272
013505 698
013513 98
013521 534
013529 659
013537 962
013545 537
013553 247
013561 371
012806 478
012814 180
012822 957
012830 676
012838 775
012846 759
012854 431
012862 304
012870 3
012878 699
012886 151
012894 51
012902 860
012910 211
012918 238
012926 270
012934 123
012942 896
012950 967
012958 609
012966 84
012974 172
012982 370
012990 818
012998 976
013006 968
013014 984
013022 872
013030 15
013038 686
013046 809
013054 730
012804 750
012812 530
012820 936
012828 932
012836 878
012844 579
012852 541
012860 31
012868 223
012876 163
012884 862
012892 176
012900 383
012908 834
012916 206
012924 961
012932 709
012940 285
012948 730
012956 524
012964 319
012972 238
012980 782
012988 352
012996 494
013004 62
013012 728
013020 397
013028 864
013036 365
013044 463
013052 855
012802 318
012810 711
012818 222
012826 817
012834 503
012842 851
012850 343
012858 842
012866 269
012874 607
012882 298
012890 709
012898 366
012906 800
012914 787
012922 717
012930 53
012938 470
012946 235
012954 382
012962 640
012970 140
012978 637
012986 697
012994 807
013002 4
013010 526
013018 727
013026 747
013034 986
013042 411
013050 298
013317 159
013325 911
013333 355
013341 12
013349 485
013357 992
013365 278
013373 363
013381 27
013389 341
013397 489
013405 444
013413 771
013421 292
013429 889
013437 478
013445 549
013453 413
013461 376
013469 999
013477 347
013485 98
013493 843
013501 866
013509 628
013517 495
013525 428
013533 656
013541 973
013549 784
013557 963
013565 380
013319 380
013327 995
013335 388
013343 868
013351 743
013359 297
013367 193
013375 169
013383 243
013391 823
013399 613
013407 965
013415 623
013423 25
013431 514
013439 901
013447 486
013455 623
013463 176
013471 536
013479 151
013487 47
013495 301
013503 456
013511 735
013519 349
013527 938
013535 132
013543 639
013551 117
013559 517
013567 914
013571 43
013579 124
013587 244
013595 37
013603 362
013611 519
013619 789
013627 3
013635 970
013643 118
013651 364
013659 881
013667 180
013675 337
013683 474
013691 689
013699 316
013707 886
013715 946
013723 14
013731 305
013739 971
013747 893
013755 147
013763 378
013771 125
013779 103
013787 331
013795 397
013803 159
013811 214
013819 144
013569 165
013577 324
013585 576
013593 535
013601 640
013609 691
013617 454
013625 178
013633 270
013641 205
013649 262
013657 430
013665 813
013673 348
013681 50
013689 315
013697 805
013705 1
013713 19
013721 75
013729 648
013737 592
013745 965
013753 58
013761 613
013769 680
013777 27
013785 669
013793 914
013801 828
013809 251
013817 622
009216 268
009224 634
009232 383
009240 473
009248 736
009256 70
009264 800
009272 262
009280 363
009288 865
009296 558
009304 641
009312 110
009320 826
009328 766
009336 239
009344 274
009352 398
009360 826
009368 660
009376 958
009384 36
009392 573
009400 754
009408 501
009416 444
009424 970
009432 22
009440 987
009448 746
009456 993
009464 635
013062 496
013070 857
013078 860
013086 747
013094 714
013102 815
013110 429
013118 815
013126 304
013134 948
013142 465
013150 815
013158 237
013166 600
013174 486
013182 171
013190 387
013198 843
013206 4
013214 87
013222 381
013230 486
013238 26
013246 906
013254 79
013262 908
013270 208
013278 567
013286 135
013294 582
013302 687
013310 18
013060 544
013068 319
013076 199
013084 9
013092 301
013100 756
013108 576
013116 273
013124 927
013132 190
013140 561
013148 320
013156 759
013164 632
013172 412
013180 359
013188 301
013196 864
013204 729
013212 507
013220 273
013228 680
013236 109
013244 631
013252 316
013260 80
013268 429
013276 633
013284 106
013292 521
013300 788
013308 232
013573 17
013581 500
013589 509
013597 410
013605 453
013613 756
013621 341
013629 538
013637 520
013645 12
013653 436
013661 771
013669 351
013677 348
013685 903
013693 976
013701 279
013709 770
013717 776
013725 205
013733 904
013741 600
013749 562
013757 233
013765 80
013773 999
013781 702
013789 185
013797 343
013805 150
013813 648
013821 799
013575 474
013583 522
013591 865
013599 734
013607 347
013615 1
013623 55
013631 804
013639 446
013647 741
013655 230
013663 830
013671 690
013679 340
013687 881
013695 394
013703 285
013711 787
013719 246
013727 319
013735 852
013743 596
013751 434
013759 815
013767 410
013775 977
013783 615
013791 350
013799 371
013807 240
013815 588
013823 613
013058 258
013066 782
013074 265
013082 370
013090 39
013098 263
013106 331
013114 579
013122 910
013130 2
013138 598
013146 160
013154 983
013162 424
013170 396
013178 574
013186 957
013194 160
013202 349
013210 754
013218 313
013226 241
013234 379
013242 535
013250 724
013258 741
013266 56
013274 981
013282 331
013290 296
013298 14
013306 708
013827 563
013835 343
013843 771
013851 370
013859 211
013867 292
013875 581
013883 799
013891 705
013899 724
013907 650
013915 792
013923 358
013931 43
013939 841
013947 553
013955 364
013963 145
013971 482
013979 373
013987 315
013995 891
014003 417
014011 993
014019 629
014027 763
014035 145
014043 556
014051 405
014059 922
014067 267
014075 917
013825 370
013833 905
013841 296
013849 312
013857 842
013865 730
013873 185
013881 871
013889 737
013897 972
013905 458
013913 598
013921 821
013929 855
013937 724
013945 566
013953 747
013961 237
013969 808
013977 5
013985 215
013993 26
014001 386
014009 5
014017 197
014025 298
014033 31
014041 330
014049 791
014057 797
014065 539
014073 965
009472 46
009480 650
009488 882
009496 794
009504 705
009512 256
009520 82
009528 172
009536 992
009544 594
009552 840
009560 720
009568 299
009576 146
009584 928
009592 322
009600 492
009608 128
009616 652
009624 947
009632 328
009640 687
009648 76
009656 254
009664 76
009672 989
009680 763
009688 564
009696 165
009704 422
009712 708
009720 375
013318 757
013326 370
013334 878
013342 877
013350 802
013358 754
013366 86
013374 201
013382 410
013390 662
013398 540
013406 243
013414 581
013422 317
013430 311
013438 914
013446 443
013454 827
013462 738
013470 586
013478 659
013486 201
013494 457
013502 417
013510 645
013518 787
013526 934
013534 698
013542 882
013550 229
013558 585
013566 959
013316 918
013324 265
013332 918
013340 168
013348 515
013356 593
013364 102
013372 251
013380 296
013388 209
013396 611
013404 434
013412 915
013420 337
013428 902
013436 290
013444 489
013452 858
013460 419
013468 762
013476 49
013484 191
013492 973
013500 811
013508 962
013516 881
013524 848
013532 361
013540 135
013548 924
013556 992
013564 545
013829 329
013837 900
013845 415
013853 262
013861 780
013869 537
013877 215
013885 69
013893 110
013901 821
013909 702
013917 467
013925 761
013933 445
013941 373
013949 232
013957 87
013965 877
013973 778
013981 225
013989 845
013997 708
014005 463
014013 346
014021 863
014029 678
014037 914
014045 123
014053 652
014061 589
014069 606
014077 327
013314 333
013322 857
013330 199
013338 363
013346 709
013354 285
013362 492
013370 746
013378 513
013386 226
013394 276
013402 541
013410 187
013418 566
013426 426
013434 800
013442 33
013450 341
013458 383
013466 376
013474 708
013482 506
013490 368
013498 956
013506 131
013514 522
013522 651
013530 277
013538 456
013546 445
013554 221
013562 843
013831 513
013839 142
013847 289
013855 566
013863 216
013871 638
013879 855
013887 781
013895 340
013903 665
013911 692
013919 561
013927 928
013935 43
013943 266
013951 870
013959 219
013967 744
013975 424
013983 543
013991 642
013999 882
014007 144
014015 194
014023 520
014031 113
014039 747
014047 850
014055 402
014063 293
014071 24
014079 590
014083 471
014091 491
014099 190
014107 346
014115 110
014123 604
014131 912
014139 988
014147 631
014155 295
014163 529
014171 117
014179 351
014187 120
014195 691
014203 860
014211 605
014219 629
014227 931
014235 486
014243 495
014251 878
014259 366
014267 267
014275 569
014283 972
014291 737
014299 680
014307 984
014315 719
014323 83
014331 632
014081 190
014089 648
014097 57
014105 416
014113 987
014121 384
014129 74
014137 972
014145 993
014153 687
014161 357
014169 229
014177 362
014185 142
014193 129
014201 192
014209 337
014217 165
014225 740
014233 792
014241 364
014249 768
014257 456
014265 754
014273 699
014281 857
014289 558
014297 749
014305 770
014313 230
014321 64
014329 429
009728 625
009736 831
009744 98
009752 593
009760 712
009768 412
009776 596
009784 108
009792 334
009800 78
009808 782
009816 660
009824 268
009832 674
009840 514
009848 129
009856 743
009864 644
009872 278
009880 847
009888 79
009896 471
009904 340
009912 601
009920 202
009928 32
009936 940
009944 337
009952 819
009960 263
009968 235
009976 747
013574 98
013582 360
013590 975
013598 649
013606 535
013614 888
013622 783
013630 950
013638 532
013646 631
013654 983
013662 607
013670 287
013678 908
013686 96
013694 522
013702 821
013710 92
013718 240
013726 227
013734 311
013742 567
013750 398
013758 339
013766 75
013774 489
013782 955
013790 58
013798 644
013806 620
013814 7
013822 956
013572 956
013580 36
013588 486
013596 823
013604 721
013612 679
013620 939
013628 199
013636 998
013644 625
013652 662
013660 676
013668 766
013676 693
013684 627
013692 695
013700 175
013708 868
013716 425
013724 702
013732 729
013740 193
013748 546
013756 647
013764 939
013772 513
013780 164
013788 520
013796 205
013804 17
013812 136
013820 0
014085 674
014093 129
014101 470
014109 794
014117 871
014125 546
014133 998
014141 647
014149 151
014157 203
014165 17
014173 423
014181 94
014189 323
014197 354
014205 320
014213 663
014221 650
014229 192
014237 520
014245 119
014253 797
014261 361
014269 444
014277 722
014285 79
014293 76
014301 694
014309 332
014317 353
014325 394
014333 788
013570 394
013578 977
013586 798
013594 948
013602 8
013610 592
013618 248
013626 901
013634 856
013642 874
013650 99
013658 558
013666 528
013674 415
013682 900
013690 278
013698 57
013706 615
013714 182
013722 838
013730 949
013738 541
013746 115
013754 571
013762 610
013770 827
013778 930
013786 229
013794 475
013802 105
013810 528
013818 568
014087 874
014095 297
014103 678
014111 947
014119 542
014127 381
014135 987
014143 549
014151 613
014159 414
014167 815
014175 239
014183 234
014191 175
014199 342
014207 626
014215 74
014223 613
014231 901
014239 334
014247 286
014255 379
014263 429
014271 870
014279 728
014287 436
014295 927
014303 487
014311 575
014319 933
014327 210
014335 173
014339 958
014347 771
014355 193
014363 799
014371 46
014379 362
014387 167
014395 633
014403 502
014411 177
014419 456
014427 892
014435 63
014443 487
014451 422
014459 916
014467 248
014475 446
014483 216
014491 321
014499 459
014507 764
014515 940
014523 970
014531 982
014539 924
014547 805
014555 480
014563 268
014571 291
014579 478
014587 497
014337 674
014345 611
014353 691
014361 607
014369 600
014377 830
014385 131
014393 555
014401 816
014409 148
014417 547
014425 792
014433 229
014441 882
014449 43
014457 516
014465 267
014473 546
014481 289
014489 506
014497 445
014505 739
014513 169
014521 721
014529 556
014537 192
014545 338
014553 770
014561 74
014569 514
014577 666
014585 502
009984 847
009992 321
010000 755
010008 943
010016 457
010024 836
010032 350
010040 785
010048 742
010056 730
010064 574
010072 582
010080 179
010088 402
010096 482
010104 864
010112 310
010120 789
010128 435
010136 999
010144 120
010152 377
010160 510
010168 953
010176 655
010184 598
010192 189
010200 189
010208 138
010216 283
010224 671
010232 967
013830 330
013838 102
013846 554
013854 179
013862 18
013870 309
013878 467
013886 191
013894 241
013902 858
013910 735
013918 649
013926 557
013934 504
013942 561
013950 154
013958 657
013966 541
013974 924
013982 367
013990 442
013998 137
014006 424
014014 122
014022 134
014030 669
014038 661
014046 83
014054 560
014062 885
014070 904
014078 999
013828 748
013836 413
013844 18
013852 52
013860 522
013868 528
013876 112
013884 207
013892 222
013900 778
013908 931
013916 442
013924 294
013932 713
013940 130
013948 674
013956 938
013964 197
013972 793
013980 720
013988 653
013996 63
014004 618
014012 80
014020 960
014028 464
014036 497
014044 609
014052 505
014060 719
014068 811
014076 602
014341 315
014349 543
014357 255
014365 642
014373 67
014381 267
014389 618
014397 211
014405 27
014413 102
014421 915
014429 725
014437 799
014445 934
014453 229
014461 111
014469 710
014477 300
014485 442
014493 423
014501 592
014509 992
014517 96
014525 799
014533 774
014541 139
014549 372
014557 22
014565 885
014573 522
014581 301
014589 291
014343 972
014351 513
014359 758
014367 431
014375 195
014383 801
014391 569
014399 924
014407 830
014415 824
014423 138
014431 915
014439 195
014447 404
014455 390
014463 900
014471 462
014479 630
014487 196
014495 438
014503 963
014511 332
014519 2
014527 407
014535 567
014543 241
014551 969
014559 888
014567 419
014575 856
014583 859
014591 282
013826 10
013834 248
013842 815
013850 963
013858 408
013866 344
013874 489
013882 869
013890 420
013898 384
013906 827
013914 533
013922 513
013930 105
013938 130
013946 78
013954 802
013962 355
013970 748
013978 525
013986 643
013994 486
014002 972
014010 466
014018 938
014026 223
014034 600
014042 689
014050 831
014058 629
014066 784
014074 859
014595 560
014603 640
014611 538
014619 167
014627 307
014635 656
014643 48
014651 899
014659 352
014667 998
014675 768
014683 203
014691 57
014699 169
014707 966
014715 360
014723 837
014731 204
014739 228
014747 704
014755 859
014763 433
014771 102
014779 931
014787 136
014795 578
014803 861
014811 585
014819 46
014827 916
014835 636
014843 721
014593 489
014601 852
014609 239
014617 179
014625 939
014633 719
014641 478
014649 165
014657 325
014665 921
014673 611
014681 298
014689 19
014697 351
014705 248
014713 3
014721 341
014729 893
014737 251
014745 461
014753 69
014761 297
014769 627
014777 586
014785 730
014793 488
014801 817
014809 397
014817 909
014825 3
014833 898
014841 962
010240 545
010248 524
010256 547
010264 563
010272 557
010280 689
010288 750
010296 795
010304 320
010312 675
010320 982
010328 857
010336 803
010344 857
010352 232
010360 700
010368 261
010376 359
010384 657
010392 869
010400 111
010408 260
010416 524
010424 245
010432 573
010440 866
010448 559
010456 651
010464 900
010472 692
010480 927
010488 95
014086 669
014094 301
014102 580
014110 620
014118 147
014126 437
014134 224
014142 15
014150 782
014158 294
014166 521
014174 902
014182 272
014190 316
014198 746
014206 135
014214 207
014222 97
014230 176
014238 550
014246 505
014254 580
014262 170
014270 829
014278 483
014286 635
014294 632
014302 678
014310 203
014318 524
014326 190
014334 826
014597 390
014605 717
014613 214
014621 736
014629 990
014637 728
014645 832
014653 643
014661 961
014669 856
014677 373
014685 532
014693 167
014701 91
014709 154
014717 491
014725 636
014733 252
014741 590
014749 543
014757 223
014765 366
014773 513
014781 820
014789 839
014797 21
014805 304
014813 391
014821 181
014829 721
014837 170
014845 684
014084 835
014092 599
014100 608
014108 464
014116 553
014124 392
014132 584
014140 732
014148 186
014156 476
014164 665
014172 961
014180 336
014188 408
014196 809
014204 855
014212 284
014220 206
014228 550
014236 244
014244 72
014252 595
014260 193
014268 791
014276 950
014284 997
014292 593
014300 219
014308 870
014316 155
014324 729
014332 817
014082 746
014090 33
014098 564
014106 681
014114 276
014122 178
014130 338
014138 924
014146 967
014154 276
014162 148
014170 281
014178 730
014186 203
014194 445
014202 223
014210 911
014218 748
014226 837
014234 966
014242 109
014250 742
014258 637
014266 275
014274 690
014282 242
014290 610
014298 359
014306 786
014314 585
014322 564
014330 874
014599 180
014607 876
014615 737
014623 457
014631 301
014639 443
014647 465
014655 282
014663 324
014671 556
014679 493
014687 266
014695 980
014703 346
014711 113
014719 640
014727 678
014735 630
014743 98
014751 163
014759 373
014767 310
014775 126
014783 593
014791 193
014799 951
014807 52
014815 212
014823 811
014831 379
014839 414
014847 723
014851 496
014859 60
014867 429
014875 818
014883 636
014891 788
014899 19
014907 143
014915 493
014923 640
014931 618
014939 861
014947 405
014955 503
014963 188
014971 830
014979 295
014987 686
014995 687
015003 195
015011 395
015019 942
015027 88
015035 822
015043 777
015051 166
015059 981
015067 504
015075 826
015083 923
015091 515
015099 874
014853 918
014861 718
014869 622
014877 603
014885 98
014893 248
014901 363
014909 844
014917 649
014925 22
014933 612
014941 861
014949 369
014957 639
014965 329
014973 281
014981 715
014989 863
014997 97
015005 46
015013 312
015021 238
015029 337
015037 300
015045 740
015053 619
015061 698
015069 294
015077 709
015085 538
015093 974
015101 369
014342 405
014350 447
014358 401
014366 759
014374 201
014382 968
014390 278
014398 255
014406 467
014414 131
014422 631
014430 986
014438 224
014446 378
014454 447
014462 816
014470 655
014478 339
014486 214
014494 929
014502 266
014510 409
014518 756
014526 163
014534 530
014542 260
014550 150
014558 113
014566 301
014574 472
014582 374
014590 119
014340 720
014348 5
014356 767
014364 622
014372 435
014380 974
014388 615
014396 690
014404 506
014412 815
014420 11
014428 504
014436 225
014444 935
014452 86
014460 911
014468 284
014476 893
014484 756
014492 160
014500 467
014508 354
014516 969
014524 804
014532 921
014540 331
014548 925
014556 845
014564 548
014572 554
014580 782
014588 896
014849 717
014857 812
014865 104
014873 590
014881 136
014889 399
014897 75
014905 878
014913 3
014921 900
014929 974
014937 461
014945 356
014953 624
014961 700
014969 217
014977 149
014985 426
014993 181
015001 969
015009 25
015017 692
015025 3
015033 337
015041 777
015049 873
015057 316
015065 751
015073 482
015081 658
015089 305
015097 791
014855 601
014863 791
014871 284
014879 757
014887 357
014895 561
014903 343
014911 124
014919 597
014927 427
014935 615
014943 347
014951 542
014959 423
014967 209
014975 836
014983 262
014991 23
014999 995
015007 66
015015 739
015023 449
015031 170
015039 385
015047 43
015055 875
015063 498
015071 687
015079 662
015087 994
015095 282
015103 981
010496 128
010504 71
010512 692
010520 474
010528 718
010536 992
010544 386
010552 283
010560 570
010568 564
010576 97
010584 67
010592 163
010600 464
010608 94
010616 486
010624 896
010632 686
010640 950
010648 667
010656 84
010664 268
010672 152
010680 271
010688 100
010696 513
010704 820
010712 847
010720 715
010728 897
010736 900
010744 673
014338 0
014346 14
014354 296
014362 454
014370 274
014378 795
014386 466
014394 677
014402 86
014410 822
014418 751
014426 656
014434 281
014442 723
014450 620
014458 147
014466 690
014474 263
014482 775
014490 724
014498 274
014506 612
014514 794
014522 521
014530 596
014538 912
014546 305
014554 210
014562 117
014570 352
014578 902
014586 291
015107 233
015115 71
015123 669
015131 217
015139 176
015147 540
015155 378
015163 332
015171 204
015179 300
015187 322
015195 522
015203 992
015211 881
015219 84
015227 576
015235 333
015243 344
015251 499
015259 595
015267 425
015275 432
015283 867
015291 761
015299 455
015307 311
015315 344
015323 261
015331 152
015339 878
015347 789
015355 475
015109 770
015117 603
015125 113
015133 482
015141 812
015149 655
015157 920
015165 879
015173 423
015181 837
015189 312
015197 5
015205 504
015213 840
015221 967
015229 273
015237 148
015245 468
015253 831
015261 448
015269 443
015277 108
015285 599
015293 24
015301 961
015309 324
015317 682
015325 426
015333 355
015341 90
015349 957
015357 62
014598 98
014606 896
014614 749
014622 427
014630 240
014638 65
014646 953
014654 127
014662 340
014670 980
014678 406
014686 283
014694 422
014702 136
014710 324
014718 325
014726 40
014734 966
014742 726
014750 807
014758 227
014766 102
014774 543
014782 951
014790 475
014798 675
014806 516
014814 568
014822 834
014830 759
014838 784
014846 144
014596 632
014604 120
014612 659
014620 136
014628 999
014636 178
014644 94
014652 887
014660 539
014668 752
014676 406
014684 181
014692 726
014700 502
014708 815
014716 702
014724 982
014732 451
014740 688
014748 579
014756 101
014764 175
014772 11
014780 373
014788 673
014796 197
014804 995
014812 736
014820 384
014828 618
014836 851
014844 230
015105 388
015113 445
015121 694
015129 962
015137 810
015145 174
015153 680
015161 537
015169 623
015177 271
015185 540
015193 588
015201 260
015209 365
015217 219
015225 573
015233 834
015241 213
015249 464
015257 472
015265 909
015273 792
015281 283
015289 524
015297 269
015305 579
015313 292
015321 422
015329 92
015337 776
015345 193
015353 206
015111 557
015119 885
015127 910
015135 788
015143 540
015151 968
015159 940
015167 184
015175 779
015183 975
015191 578
015199 382
015207 518
015215 516
015223 890
015231 196
015239 692
015247 13
015255 202
015263 452
015271 970
015279 144
015287 889
015295 273
015303 752
015311 268
015319 936
015327 16
015335 977
015343 767
015351 639
015359 589
010752 412
010760 597
010768 863
010776 852
010784 558
010792 382
010800 850
010808 926
010816 74
010824 114
010832 808
010840 821
010848 877
010856 606
010864 639
010872 182
010880 430
010888 149
010896 560
010904 867
010912 64
010920 525
010928 73
010936 898
010944 113
010952 158
010960 535
010968 168
010976 904
010984 827
010992 551
011000 428
014594 121
014602 188
014610 733
014618 661
014626 67
014634 779
014642 537
014650 805
014658 108
014666 540
014674 154
014682 521
014690 251
014698 247
014706 712
014714 634
014722 864
014730 187
014738 849
014746 743
014754 872
014762 402
014770 861
014778 532
014786 999
014794 757
014802 598
014810 756
014818 275
014826 702
014834 89
014842 604
015363 108
015371 45
015379 188
015387 731
015395 412
015403 352
015411 428
015419 749
015427 976
015435 175
015443 521
015451 62
015459 36
015467 926
015475 699
015483 7
015491 584
015499 766
015507 850
015515 672
015523 24
015531 771
015539 348
015547 440
015555 581
015563 171
015571 988
015579 341
015587 14
015595 933
015603 672
015611 340
015365 867
015373 750
015381 632
015389 183
015397 405
015405 23
015413 179
015421 831
015429 578
015437 310
015445 900
015453 679
015461 551
015469 941
015477 949
015485 933
015493 406
015501 699
015509 649
015517 135
015525 883
015533 179
015541 624
015549 310
015557 560
015565 50
015573 697
015581 146
015589 597
015597 626
015605 162
015613 142
014854 405
014862 736
014870 76
014878 472
014886 75
014894 319
014902 195
014910 927
014918 226
014926 379
014934 858
014942 415
014950 667
014958 825
014966 943
014974 313
014982 420
014990 812
014998 627
015006 779
015014 137
015022 737
015030 522
015038 438
015046 279
015054 456
015062 974
015070 201
015078 909
015086 401
015094 554
015102 582
014852 406
014860 404
014868 168
014876 638
014884 713
014892 790
014900 739
014908 772
014916 606
014924 30
014932 470
014940 460
014948 30
014956 134
014964 503
014972 597
014980 359
014988 481
014996 305
015004 501
015012 601
015020 883
015028 350
015036 791
015044 547
015052 446
015060 15
015068 445
015076 164
015084 442
015092 792
015100 972
015367 912
015375 210
015383 504
015391 641
015399 332
015407 918
015415 590
015423 518
015431 307
015439 55
015447 463
015455 721
015463 750
015471 398
015479 498
015487 397
015495 656
015503 904
015511 303
015519 801
015527 468
015535 839
015543 618
015551 506
015559 721
015567 108
015575 443
015583 354
015591 112
015599 865
015607 509
015615 381
015361 846
015369 237
015377 101
015385 31
015393 13
015401 554
015409 732
015417 978
015425 425
015433 849
015441 984
015449 583
015457 416
015465 169
015473 170
015481 476
015489 892
015497 96
015505 104
015513 864
015521 446
015529 897
015537 306
015545 420
015553 266
015561 952
015569 912
015577 864
015585 599
015593 525
015601 819
015609 207
011008 215
011016 348
011024 378
011032 660
011040 792
011048 18
011056 881
011064 79
011072 94
011080 737
011088 383
011096 62
011104 506
011112 836
011120 511
011128 578
011136 224
011144 344
011152 159
011160 248
011168 328
011176 720
011184 77
011192 556
011200 711
011208 45
011216 152
011224 388
011232 970
011240 285
011248 14
011256 36
014850 569
014858 813
014866 402
014874 702
014882 79
014890 948
014898 822
014906 227
014914 625
014922 147
014930 463
014938 949
014946 839
014954 430
014962 222
014970 209
014978 333
014986 334
014994 160
015002 873
015010 173
015018 38
015026 89
015034 935
015042 397
015050 447
015058 547
015066 936
015074 165
015082 824
015090 61
015098 916
015619 251
015627 954
015635 974
015643 939
015651 114
015659 384
015667 318
015675 346
015683 739
015691 830
015699 901
015707 820
015715 418
015723 745
015731 787
015739 651
015747 212
015755 12
015763 425
015771 663
015779 370
015787 286
015795 420
015803 113
015811 652
015819 693
015827 116
015835 946
015843 987
015851 861
015859 220
015867 675
015621 451
015629 414
015637 701
015645 683
015653 146
015661 402
015669 830
015677 906
015685 498
015693 205
015701 353
015709 421
015717 58
015725 147
015733 102
015741 35
015749 276
015757 752
015765 279
015773 939
015781 85
015789 60
015797 122
015805 819
015813 302
015821 241
015829 699
015837 158
015845 785
015853 765
015861 629
015869 308
015110 13
015118 398
015126 644
015134 870
015142 372
015150 188
015158 473
015166 406
015174 145
015182 42
015190 407
015198 793
015206 320
015214 889
015222 434
015230 851
015238 694
015246 378
015254 603
015262 884
015270 387
015278 843
015286 582
015294 239
015302 357
015310 430
015318 834
015326 257
015334 454
015342 819
015350 394
015358 584
015108 663
015116 690
015124 987
015132 952
015140 63
015148 132
015156 225
015164 719
015172 733
015180 822
015188 100
015196 535
015204 816
015212 727
015220 853
015228 682
015236 524
015244 317
015252 498
015260 723
015268 974
015276 224
015284 416
015292 35
015300 374
015308 989
015316 910
015324 541
015332 78
015340 579
015348 75
015356 811
015623 810
015631 331
015639 742
015647 596
015655 178
015663 591
015671 732
015679 707
015687 357
015695 39
015703 945
015711 556
015719 99
015727 234
015735 112
015743 100
015751 99
015759 708
015767 755
015775 76
015783 316
015791 20
015799 263
015807 583
015815 650
015823 876
015831 637
015839 627
015847 697
015855 704
015863 536
015871 716
015617 533
015625 982
015633 329
015641 314
015649 722
015657 181
015665 923
015673 101
015681 802
015689 378
015697 582
015705 166
015713 396
015721 206
015729 81
015737 281
015745 822
015753 926
015761 960
015769 964
015777 240
015785 29
015793 152
015801 702
015809 79
015817 191
015825 433
015833 863
015841 326
015849 777
015857 40
015865 781
011264 128
011272 507
011280 837
011288 250
011296 978
011304 769
011312 395
011320 47
011328 430
011336 482
011344 345
011352 576
011360 705
011368 633
011376 873
011384 286
011392 875
011400 529
011408 473
011416 370
011424 466
011432 98
011440 171
011448 980
011456 470
011464 346
011472 322
011480 752
011488 53
011496 63
011504 452
011512 972
015106 212
015114 972
015122 505
015130 711
015138 177
015146 985
015154 740
015162 123
015170 372
015178 194
015186 902
015194 201
015202 781
015210 758
015218 17
015226 252
015234 367
015242 451
015250 601
015258 478
015266 331
015274 383
015282 333
015290 599
015298 687
015306 315
015314 676
015322 595
015330 999
015338 13
015346 865
015354 745
015875 979
015883 482
015891 379
015899 269
015907 668
015915 238
015923 100
015931 34
015939 582
015947 751
015955 743
015963 687
015971 290
015979 711
015987 149
015995 802
016003 642
016011 272
016019 761
016027 958
016035 619
016043 312
016051 707
016059 908
016067 332
016075 737
016083 642
016091 375
016099 500
016107 242
016115 344
016123 506
015877 889
015885 161
015893 546
015901 502
015909 900
015917 149
015925 476
015933 12
015941 824
015949 260
015957 983
015965 981
015973 372
015981 64
015989 357
015997 299
016005 91
016013 284
016021 453
016029 480
016037 314
016045 412
016053 530
016061 261
016069 114
016077 482
016085 102
016093 794
016101 510
016109 63
016117 514
016125 180
015366 167
015374 205
015382 254
015390 976
015398 381
015406 427
015414 630
015422 181
015430 744
015438 632
015446 561
015454 598
015462 653
015470 385
015478 412
015486 944
015494 401
015502 515
015510 96
015518 292
015526 886
015534 183
015542 962
015550 441
015558 974
015566 386
015574 789
015582 664
015590 5
015598 45
015606 263
015614 126
015879 749
015887 29
015895 168
015903 304
015911 361
015919 620
015927 78
015935 232
015943 527
015951 697
015959 150
015967 773
015975 792
015983 675
015991 905
015999 392
016007 600
016015 534
016023 781
016031 854
016039 808
016047 882
016055 545
016063 857
016071 822
016079 445
016087 133
016095 384
016103 290
016111 640
016119 549
016127 64
015364 308
015372 73
015380 422
015388 480
015396 645
015404 137
015412 102
015420 370
015428 688
015436 743
015444 556
015452 331
015460 281
015468 853
015476 19
015484 511
015492 539
015500 97
015508 412
015516 252
015524 377
015532 929
015540 415
015548 5
015556 335
015564 70
015572 39
015580 564
015588 936
015596 628
015604 309
015612 483
015873 820
015881 502
015889 224
015897 961
015905 520
015913 388
015921 291
015929 463
015937 922
015945 487
015953 37
015961 360
015969 633
015977 403
015985 180
015993 540
016001 861
016009 995
016017 813
016025 54
016033 816
016041 828
016049 505
016057 740
016065 646
016073 882
016081 536
016089 750
016097 190
016105 974
016113 193
016121 405
011520 651
011528 751
011536 10
011544 13
011552 249
011560 131
011568 317
011576 575
011584 627
011592 475
011600 355
011608 115
011616 647
011624 139
011632 563
011640 943
011648 675
011656 781
011664 819
011672 895
011680 623
011688 433
011696 875
011704 688
011712 860
011720 342
011728 229
011736 667
011744 448
011752 948
011760 829
011768 56
015362 247
015370 825
015378 459
015386 682
015394 948
015402 36
015410 239
015418 220
015426 343
015434 748
015442 303
015450 559
015458 284
015466 204
015474 557
015482 475
015490 929
015498 297
015506 759
015514 403
015522 31
015530 703
015538 168
015546 126
015554 958
015562 702
015570 560
015578 507
015586 982
015594 74
015602 574
015610 221
016131 824
016139 620
016147 899
016155 428
016163 781
016171 850
016179 187
016187 387
016195 30
016203 809
016211 782
016219 424
016227 159
016235 643
016243 647
016251 547
016259 523
016267 894
016275 420
016283 158
016291 587
016299 107
016307 797
016315 170
016323 969
016331 588
016339 19
016347 52
016355 696
016363 867
016371 226
016379 249
016133 262
016141 490
016149 807
016157 580
016165 702
016173 60
016181 113
016189 133
016197 884
016205 797
016213 7
016221 110
016229 683
016237 182
016245 79
016253 947
016261 42
016269 258
016277 204
016285 157
016293 626
016301 933
016309 134
016317 951
016325 948
016333 621
016341 666
016349 486
016357 67
016365 921
016373 95
016381 437
015622 84
015630 355
015638 492
015646 638
015654 22
015662 740
015670 279
015678 59
015686 868
015694 948
015702 460
015710 904
015718 762
015726 686
015734 9
015742 38
015750 831
015758 490
015766 539
015774 210
015782 606
015790 260
015798 421
015806 26
015814 875
015822 233
015830 512
015838 380
015846 75
015854 106
015862 109
015870 13
016135 934
016143 387
016151 524
016159 552
016167 674
016175 112
016183 646
016191 229
016199 447
016207 713
016215 637
016223 839
016231 864
016239 434
016247 142
016255 329
016263 91
016271 361
016279 508
016287 886
016295 997
016303 825
016311 63
016319 612
016327 199
016335 869
016343 127
016351 920
016359 305
016367 17
016375 753
016383 276
016129 430
016137 359
016145 866
016153 565
016161 49
016169 820
016177 380
016185 106
016193 432
016201 325
016209 617
016217 292
016225 206
016233 645
016241 588
016249 153
016257 0
016265 120
016273 21
016281 593
016289 640
016297 772
016305 971
016313 424
016321 702
016329 293
016337 249
016345 796
016353 458
016361 508
016369 944
016377 678
015620 452
015628 367
015636 352
015644 652
015652 131
015660 15
015668 814
015676 824
015684 112
015692 719
015700 474
015708 64
015716 791
015724 671
015732 154
015740 428
015748 749
015756 955
015764 357
015772 36
015780 169
015788 653
015796 701
015804 687
015812 681
015820 444
015828 999
015836 843
015844 296
015852 616
015860 248
015868 398
011776 588
011784 956
011792 113
011800 878
011808 195
011816 165
011824 59
011832 320
011840 161
011848 934
011856 517
011864 884
011872 265
011880 727
011888 794
011896 18
011904 600
011912 8
011920 778
011928 381
011936 645
011944 771
011952 721
011960 216
011968 621
011976 668
011984 32
011992 134
012000 388
012008 597
012016 816
012024 753
015618 262
015626 196
015634 519
015642 765
015650 28
015658 318
015666 538
015674 749
015682 160
015690 334
015698 387
015706 101
015714 807
015722 913
015730 769
015738 202
015746 123
015754 57
015762 843
015770 546
015778 166
015786 676
015794 324
015802 799
015810 227
015818 245
015826 332
015834 256
015842 993
015850 32
015858 579
015866 30
016387 47
016395 643
016403 701
016411 754
016419 401
016427 283
016435 681
016443 972
016451 138
016459 650
016467 279
016475 41
016483 507
016491 221
016499 289
016507 549
016515 85
016523 995
016531 518
016539 183
016547 652
016555 869
016563 42
016571 416
016579 23
016587 124
016595 2
016603 16
016611 286
016619 222
016627 823
016635 889
016389 9
016397 49
016405 325
016413 492
016421 64
016429 141
016437 807
016445 703
016453 593
016461 669
016469 203
016477 849
016485 92
016493 83
016501 167
016509 497
016517 842
016525 526
016533 21
016541 1
016549 18
016557 247
016565 125
016573 245
016581 269
016589 673
016597 41
016605 351
016613 522
016621 762
016629 907
016637 903
016391 725
016399 369
016407 921
016415 452
016423 480
016431 979
016439 179
016447 518
016455 778
016463 325
016471 394
016479 989
016487 960
016495 858
016503 409
016511 686
016519 551
016527 21
016535 943
016543 877
016551 697
016559 371
016567 869
016575 717
016583 669
016591 857
016599 535
016607 98
016615 810
016623 377
016631 476
016639 630
015878 298
015886 794
015894 601
015902 148
015910 680
015918 732
015926 406
015934 819
015942 235
015950 87
015958 938
015966 220
015974 830
015982 26
015990 172
015998 480
016006 979
016014 631
016022 822
016030 177
016038 95
016046 262
016054 651
016062 315
016070 460
016078 301
016086 700
016094 586
016102 895
016110 467
016118 93
016126 643
015876 746
015884 854
015892 335
015900 205
015908 853
015916 554
015924 685
015932 385
015940 816
015948 336
015956 330
015964 815
015972 251
015980 368
015988 416
015996 122
016004 33
016012 351
016020 149
016028 222
016036 502
016044 328
016052 351
016060 648
016068 602
016076 712
016084 330
016092 840
016100 131
016108 123
016116 984
016124 929
016385 364
016393 679
016401 81
016409 890
016417 505
016425 578
016433 331
016441 521
016449 573
016457 270
016465 223
016473 671
016481 389
016489 205
016497 279
016505 80
016513 730
016521 14
016529 697
016537 928
016545 9
016553 572
016561 604
016569 739
016577 674
016585 941
016593 190
016601 669
016609 351
016617 621
016625 173
016633 265
012032 908
012040 613
012048 148
012056 987
012064 550
012072 524
012080 591
012088 703
012096 589
012104 143
012112 708
012120 256
012128 614
012136 339
012144 803
012152 819
012160 726
012168 50
012176 588
012184 952
012192 818
012200 882
012208 673
012216 334
012224 796
012232 175
012240 677
012248 298
012256 558
012264 309
012272 520
012280 29
015874 819
015882 570
015890 571
015898 315
015906 863
015914 233
015922 636
015930 438
015938 104
015946 504
015954 580
015962 819
015970 795
015978 842
015986 580
015994 815
016002 479
016010 460
016018 119
016026 398
016034 537
016042 335
016050 37
016058 886
016066 957
016074 123
016082 630
016090 732
016098 352
016106 950
016114 589
016122 348
016643 229
016651 164
016659 548
016667 425
016675 708
016683 847
016691 944
016699 813
016707 77
016715 590
016723 13
016731 458
016739 735
016747 751
016755 358
016763 424
016771 674
016779 940
016787 20
016795 144
016803 363
016811 172
016819 441
016827 46
016835 66
016843 149
016851 795
016859 18
016867 218
016875 209
016883 659
016891 2
016645 791
016653 578
016661 939
016669 634
016677 658
016685 252
016693 647
016701 480
016709 673
016717 602
016725 851
016733 918
016741 192
016749 958
016757 998
016765 928
016773 833
016781 50
016789 598
016797 425
016805 395
016813 291
016821 446
016829 989
016837 797
016845 889
016853 338
016861 599
016869 659
016877 593
016885 403
016893 579
016647 881
016655 175
016663 334
016671 850
016679 971
016687 636
016695 615
016703 816
016711 586
016719 718
016727 98
016735 590
016743 460
016751 189
016759 348
016767 132
016775 260
016783 722
016791 740
016799 614
016807 473
016815 800
016823 706
016831 700
016839 739
016847 402
016855 434
016863 112
016871 873
016879 414
016887 30
016895 458
016134 808
016142 458
016150 614
016158 567
016166 75
016174 300
016182 929
016190 492
016198 952
016206 131
016214 561
016222 439
016230 754
016238 967
016246 821
016254 939
016262 118
016270 412
016278 555
016286 652
016294 308
016302 131
016310 855
016318 671
016326 870
016334 1
016342 823
016350 935
016358 154
016366 575
016374 328
016382 879
016641 190
016649 142
016657 543
016665 800
016673 432
016681 880
016689 793
016697 281
016705 765
016713 608
016721 694
016729 339
016737 1
016745 630
016753 212
016761 131
016769 849
016777 181
016785 401
016793 840
016801 423
016809 864
016817 555
016825 309
016833 549
016841 42
016849 546
016857 365
016865 741
016873 719
016881 582
016889 59
016132 148
016140 3
016148 401
016156 466
016164 460
016172 888
016180 992
016188 301
016196 360
016204 851
016212 705
016220 551
016228 258
016236 870
016244 262
016252 351
016260 279
016268 525
016276 862
016284 893
016292 381
016300 698
016308 353
016316 958
016324 470
016332 477
016340 730
016348 543
016356 838
016364 837
016372 783
016380 282
012288 377
012296 970
012304 883
012312 852
012320 755
012328 691
012336 412
012344 76
012352 887
012360 500
012368 428
012376 413
012384 606
012392 437
012400 909
012408 661
012416 233
012424 68
012432 582
012440 317
012448 610
012456 756
012464 62
012472 38
012480 970
012488 921
012496 941
012504 751
012512 875
012520 569
012528 444
012536 987
016899 612
016907 321
016915 146
016923 393
016931 683
016939 197
016947 33
016955 967
016963 489
016971 151
016979 484
016987 854
016995 295
017003 627
017011 724
017019 351
017027 876
017035 549
017043 679
017051 150
017059 255
017067 190
017075 847
017083 830
017091 735
017099 203
017107 913
017115 944
017123 69
017131 742
017139 10
017147 952
016130 311
016138 990
016146 736
016154 973
016162 292
016170 612
016178 527
016186 390
016194 162
016202 466
016210 315
016218 520
016226 785
016234 292
016242 868
016250 254
016258 810
016266 895
016274 712
016282 175
016290 245
016298 281
016306 87
016314 855
016322 5
016330 448
016338 99
016346 201
016354 342
016362 481
016370 87
016378 748
016901 536
016909 32
016917 482
016925 215
016933 33
016941 497
016949 56
016957 83
016965 965
016973 48
016981 939
016989 773
016997 443
017005 496
017013 820
017021 308
017029 152
017037 640
017045 905
017053 539
017061 51
017069 397
017077 863
017085 656
017093 98
017101 857
017109 707
017117 12
017125 744
017133 67
017141 323
017149 883
016903 101
016911 622
016919 102
016927 918
016935 452
016943 653
016951 462
016959 418
016967 240
016975 317
016983 425
016991 994
016999 786
017007 852
017015 142
017023 867
017031 453
017039 968
017047 614
017055 847
017063 413
017071 622
017079 559
017087 558
017095 321
017103 499
017111 971
017119 413
017127 434
017135 687
017143 68
017151 994
016390 438
016398 441
016406 572
016414 284
016422 688
016430 144
016438 690
016446 712
016454 508
016462 67
016470 507
016478 849
016486 657
016494 327
016502 927
016510 260
016518 22
016526 174
016534 481
016542 855
016550 512
016558 14
016566 435
016574 274
016582 643
016590 249
016598 557
016606 361
016614 920
016622 714
016630 119
016638 255
016388 162
016396 134
016404 731
016412 712
016420 367
016428 833
016436 632
016444 886
016452 105
016460 126
016468 602
016476 416
016484 826
016492 648
016500 983
016508 620
016516 865
016524 218
016532 796
016540 204
016548 835
016556 807
016564 192
016572 141
016580 510
016588 669
016596 573
016604 919
016612 35
016620 27
016628 466
016636 29
017155 7
017163 297
017171 585
017179 53
017187 786
017195 261
017203 892
017211 240
017219 773
017227 738
017235 717
017243 220
017251 305
017259 357
017267 114
017275 863
017283 564
017291 541
017299 71
017307 993
017315 656
017323 949
017331 915
017339 867
017347 325
017355 929
017363 184
017371 527
017379 49
017387 570
017395 173
017403 479
016897 719
016905 15
016913 164
016921 674
016929 959
016937 277
016945 633
016953 486
016961 802
016969 349
016977 34
016985 3
016993 485
017001 506
017009 906
017017 682
017025 920
017033 967
017041 103
017049 125
017057 719
017065 696
017073 221
017081 413
017089 77
017097 143
017105 654
017113 503
017121 552
017129 222
017137 460
017145 485
012544 3
012552 467
012560 162
012568 740
012576 546
012584 673
012592 188
012600 950
012608 248
012616 226
012624 75
012632 152
012640 909
012648 60
012656 231
012664 592
012672 892
012680 896
012688 615
012696 925
012704 898
012712 424
012720 565
012728 775
012736 223
012744 224
012752 983
012760 31
012768 965
012776 216
012784 230
012792 871
016386 714
016394 74
016402 454
016410 989
016418 154
016426 981
016434 128
016442 794
016450 119
016458 708
016466 465
016474 602
016482 772
016490 663
016498 776
016506 830
016514 115
016522 10
016530 624
016538 483
016546 989
016554 93
016562 94
016570 986
016578 116
016586 996
016594 841
016602 148
016610 239
016618 835
016626 917
016634 801
017159 999
017167 326
017175 480
017183 435
017191 588
017199 990
017207 450
017215 134
017223 400
017231 235
017239 389
017247 748
017255 938
017263 220
017271 744
017279 144
017287 811
017295 591
017303 701
017311 242
017319 572
017327 784
017335 367
017343 596
017351 963
017359 330
017367 151
017375 587
017383 658
017391 979
017399 300
017407 556
017157 482
017165 282
017173 465
017181 999
017189 623
017197 798
017205 442
017213 724
017221 479
017229 273
017237 714
017245 377
017253 841
017261 553
017269 57
017277 839
017285 720
017293 65
017301 235
017309 428
017317 791
017325 60
017333 622
017341 230
017349 278
017357 75
017365 649
017373 149
017381 686
017389 924
017397 125
017405 595
016646 171
016654 123
016662 770
016670 323
016678 777
016686 977
016694 800
016702 367
016710 186
016718 623
016726 338
016734 545
016742 553
016750 87
016758 25
016766 743
016774 18
016782 490
016790 154
016798 926
016806 536
016814 403
016822 397
016830 170
016838 18
016846 315
016854 983
016862 751
016870 66
016878 406
016886 452
016894 281
016644 888
016652 932
016660 276
016668 199
016676 548
016684 864
016692 639
016700 698
016708 27
016716 445
016724 854
016732 498
016740 366
016748 71
016756 770
016764 134
016772 240
016780 525
016788 993
016796 498
016804 210
016812 500
016820 688
016828 269
016836 333
016844 94
016852 801
016860 955
016868 268
016876 421
016884 358
016892 81
017411 99
017419 845
017427 326
017435 566
017443 314
017451 72
017459 570
017467 162
017475 948
017483 313
017491 464
017499 38
017507 591
017515 24
017523 375
017531 386
017539 786
017547 916
017555 561
017563 470
017571 959
017579 349
017587 570
017595 241
017603 965
017611 720
017619 16
017627 493
017635 855
017643 219
017651 860
017659 967
012800 537
012808 538
012816 906
012824 420
012832 325
012840 837
012848 853
012856 803
012864 230
012872 470
012880 571
012888 996
012896 229
012904 518
012912 27
012920 477
012928 798
012936 261
012944 300
012952 54
012960 251
012968 299
012976 358
012984 737
012992 543
013000 796
013008 650
013016 194
013024 532
013032 991
013040 18
013048 111
016642 721
016650 891
016658 563
016666 324
016674 361
016682 117
016690 277
016698 815
016706 949
016714 584
016722 292
016730 962
016738 21
016746 878
016754 441
016762 339
016770 981
016778 22
016786 275
016794 682
016802 121
016810 195
016818 472
016826 855
016834 409
016842 800
016850 995
016858 460
016866 239
016874 319
016882 808
016890 399
017153 249
017161 380
017169 491
017177 653
017185 556
017193 862
017201 46
017209 301
017217 589
017225 771
017233 955
017241 913
017249 668
017257 127
017265 552
017273 623
017281 811
017289 667
017297 851
017305 882
017313 531
017321 4
017329 305
017337 709
017345 926
017353 792
017361 769
017369 43
017377 294
017385 130
017393 129
017401 460
017415 460
017423 444
017431 866
017439 18
017447 534
017455 928
017463 331
017471 620
017479 359
017487 872
017495 454
017503 627
017511 80
017519 541
017527 518
017535 305
017543 501
017551 424
017559 527
017567 929
017575 382
017583 8
017591 93
017599 785
017607 675
017615 154
017623 595
017631 665
017639 266
017647 470
017655 978
017663 200
017413 847
017421 362
017429 873
017437 734
017445 666
017453 261
017461 539
017469 443
017477 743
017485 500
017493 875
017501 173
017509 815
017517 720
017525 89
017533 948
017541 89
017549 436
017557 243
017565 339
017573 924
017581 15
017589 961
017597 882
017605 213
017613 405
017621 988
017629 869
017637 551
017645 407
017653 31
017661 450
016902 984
016910 793
016918 784
016926 237
016934 463
016942 385
016950 651
016958 516
016966 696
016974 875
016982 706
016990 927
016998 825
017006 437
017014 397
017022 9
017030 593
017038 389
017046 187
017054 601
017062 929
017070 495
017078 886
017086 991
017094 237
017102 296
017110 321
017118 977
017126 532
017134 285
017142 495
017150 146
017667 93
017675 874
017683 140
017691 915
017699 390
017707 924
017715 392
017723 205
017731 98
017739 847
017747 330
017755 795
017763 663
017771 345
017779 300
017787 6
017795 645
017803 127
017811 626
017819 600
017827 713
017835 574
017843 245
017851 924
017859 993
017867 13
017875 50
017883 799
017891 879
017899 209
017907 699
017915 731
016900 233
016908 189
016916 381
016924 300
016932 957
016940 291
016948 32
016956 645
016964 182
016972 772
016980 846
016988 851
016996 280
017004 867
017012 796
017020 5
017028 78
017036 271
017044 350
017052 337
017060 782
017068 719
017076 792
017084 938
017092 548
017100 867
017108 669
017116 477
017124 509
017132 0
017140 928
017148 690
013056 566
013064 121
013072 562
013080 85
013088 867
013096 785
013104 179
013112 563
013120 397
013128 857
013136 171
013144 264
013152 831
013160 349
013168 913
013176 27
013184 657
013192 873
013200 933
013208 645
013216 900
013224 837
013232 335
013240 513
013248 951
013256 150
013264 384
013272 126
013280 808
013288 229
013296 786
013304 799
017409 399
017417 642
017425 476
017433 425
017441 742
017449 234
017457 447
017465 409
017473 550
017481 847
017489 907
017497 735
017505 765
017513 619
017521 738
017529 74
017537 664
017545 818
017553 925
017561 254
017569 741
017577 582
017585 451
017593 364
017601 956
017609 275
017617 219
017625 730
017633 897
017641 994
017649 331
017657 183
016898 791
016906 849
016914 812
016922 121
016930 299
016938 647
016946 401
016954 356
016962 910
016970 689
016978 955
016986 429
016994 299
017002 812
017010 81
017018 493
017026 246
017034 954
017042 696
017050 481
017058 968
017066 5
017074 563
017082 293
017090 942
017098 368
017106 417
017114 176
017122 187
017130 70
017138 248
017146 348
017671 863
017679 268
017687 913
017695 320
017703 650
017711 600
017719 307
017727 703
017735 761
017743 333
017751 664
017759 947
017767 27
017775 570
017783 239
017791 707
017799 769
017807 516
017815 886
017823 152
017831 729
017839 985
017847 576
017855 967
017863 706
017871 89
017879 194
017887 950
017895 868
017903 885
017911 756
017919 875
017669 55
017677 256
017685 667
017693 453
017701 135
017709 997
017717 9
017725 811
017733 711
017741 445
017749 501
017757 355
017765 59
017773 429
017781 228
017789 778
017797 43
017805 326
017813 490
017821 426
017829 675
017837 579
017845 647
017853 317
017861 308
017869 659
017877 57
017885 242
017893 324
017901 720
017909 68
017917 578
017923 928
017931 37
017939 513
017947 743
017955 867
017963 159
017971 905
017979 716
017987 498
017995 92
018003 67
018011 880
018019 313
018027 403
018035 497
018043 333
018051 223
018059 587
018067 111
018075 409
018083 73
018091 595
018099 803
018107 276
018115 910
018123 376
018131 903
018139 472
018147 40
018155 940
018163 857
018171 954
017158 109
017166 372
017174 358
017182 96
017190 46
017198 495
017206 592
017214 702
017222 74
017230 0
017238 214
017246 105
017254 261
017262 892
017270 958
017278 466
017286 695
017294 12
017302 239
017310 454
017318 583
017326 392
017334 361
017342 270
017350 372
017358 997
017366 36
017374 342
017382 305
017390 853
017398 691
017406 357
017156 707
017164 253
017172 650
017180 438
017188 6
017196 357
017204 928
017212 69
017220 684
017228 730
017236 691
017244 682
017252 375
017260 655
017268 75
017276 503
017284 833
017292 387
017300 517
017308 92
017316 537
017324 320
017332 761
017340 966
017348 517
017356 231
017364 857
017372 781
017380 993
017388 92
017396 109
017404 55
013312 536
013320 689
013328 998
013336 747
013344 495
013352 43
013360 595
013368 769
013376 552
013384 297
013392 465
013400 132
013408 37
013416 896
013424 140
013432 508
013440 270
013448 676
013456 711
013464 811
013472 518
013480 370
013488 507
013496 420
013504 26
013512 265
013520 740
013528 387
013536 635
013544 920
013552 371
013560 465
017665 94
017673 134
017681 179
017689 707
017697 951
017705 48
017713 758
017721 798
017729 121
017737 352
017745 730
017753 50
017761 505
017769 204
017777 489
017785 963
017793 699
017801 765
017809 701
017817 63
017825 372
017833 519
017841 81
017849 48
017857 995
017865 434
017873 491
017881 62
017889 573
017897 581
017905 809
017913 853
017154 931
017162 924
017170 577
017178 700
017186 282
017194 591
017202 782
017210 56
017218 119
017226 766
017234 903
017242 849
017250 431
017258 915
017266 510
017274 5
017282 5
017290 248
017298 783
017306 975
017314 274
017322 748
017330 748
017338 731
017346 640
017354 236
017362 541
017370 558
017378 674
017386 135
017394 496
017402 286
017927 758
017935 349
017943 917
017951 150
017959 741
017967 772
017975 649
017983 958
017991 242
017999 748
018007 633
018015 379
018023 558
018031 307
018039 42
018047 908
018055 312
018063 750
018071 443
018079 145
018087 243
018095 235
018103 797
018111 591
018119 853
018127 758
018135 790
018143 93
018151 290
018159 816
018167 877
018175 732
017925 508
017933 402
017941 335
017949 948
017957 787
017965 284
017973 182
017981 608
017989 897
017997 723
018005 479
018013 306
018021 726
018029 653
018037 710
018045 223
018053 330
018061 392
018069 346
018077 447
018085 222
018093 313
018101 467
018109 951
018117 574
018125 546
018133 963
018141 640
018149 920
018157 873
018165 943
018173 922
018179 146
018187 21
018195 350
018203 410
018211 872
018219 667
018227 308
018235 610
018243 262
018251 783
018259 44
018267 881
018275 852
018283 293
018291 862
018299 423
018307 541
018315 680
018323 431
018331 998
018339 523
018347 290
018355 786
018363 350
018371 844
018379 687
018387 517
018395 824
018403 599
018411 528
018419 491
018427 494
017414 406
017422 630
017430 829
017438 187
017446 524
017454 326
017462 286
017470 605
017478 986
017486 386
017494 5
017502 880
017510 784
017518 64
017526 35
017534 277
017542 760
017550 883
017558 715
017566 806
017574 955
017582 713
017590 193
017598 572
017606 247
017614 873
017622 106
017630 77
017638 118
017646 478
017654 294
017662 13
017412 674
017420 599
017428 86
017436 581
017444 624
017452 841
017460 97
017468 815
017476 403
017484 818
017492 842
017500 600
017508 192
017516 349
017524 177
017532 649
017540 722
017548 525
017556 145
017564 272
017572 999
017580 592
017588 952
017596 178
017604 786
017612 751
017620 532
017628 846
017636 70
017644 628
017652 849
017660 904
017921 889
017929 195
017937 685
017945 584
017953 819
017961 351
017969 194
017977 233
017985 131
017993 318
018001 729
018009 639
018017 718
018025 792
018033 423
018041 564
018049 310
018057 177
018065 23
018073 379
018081 821
018089 966
018097 730
018105 726
018113 235
018121 929
018129 676
018137 993
018145 667
018153 895
018161 943
018169 167
013568 532
013576 826
013584 102
013592 284
013600 399
013608 590
013616 121
013624 189
013632 714
013640 515
013648 389
013656 25
013664 484
013672 412
013680 344
013688 185
013696 274
013704 861
013712 345
013720 656
013728 232
013736 503
013744 638
013752 937
013760 55
013768 756
013776 703
013784 63
013792 818
013800 159
013808 354
013816 913
017410 738
017418 331
017426 913
017434 37
017442 229
017450 864
017458 4
017466 494
017474 131
017482 834
017490 770
017498 755
017506 17
017514 510
017522 215
017530 151
017538 579
017546 177
017554 264
017562 837
017570 798
017578 283
017586 916
017594 47
017602 160
017610 578
017618 382
017626 468
017634 471
017642 582
017650 346
017658 84
018183 767
018191 863
018199 882
018207 921
018215 522
018223 460
018231 751
018239 626
018247 523
018255 915
018263 158
018271 700
018279 188
018287 42
018295 28
018303 363
018311 741
018319 23
018327 724
018335 243
018343 234
018351 401
018359 754
018367 796
018375 946
018383 61
018391 488
018399 676
018407 228
018415 776
018423 550
018431 59
018435 842
018443 630
018451 710
018459 258
018467 693
018475 369
018483 359
018491 322
018499 531
018507 360
018515 452
018523 142
018531 923
018539 193
018547 734
018555 454
018563 63
018571 2
018579 235
018587 305
018595 68
018603 717
018611 646
018619 281
018627 390
018635 834
018643 38
018651 518
018659 814
018667 683
018675 619
018683 239
018181 150
018189 55
018197 615
018205 448
018213 89
018221 15
018229 875
018237 537
018245 904
018253 729
018261 968
018269 977
018277 784
018285 163
018293 320
018301 107
018309 103
018317 740
018325 416
018333 429
018341 419
018349 118
018357 295
018365 350
018373 769
018381 844
018389 356
018397 884
018405 256
018413 765
018421 618
018429 935
017670 691
017678 137
017686 462
017694 405
017702 820
017710 523
017718 642
017726 189
017734 14
017742 55
017750 389
017758 73
017766 577
017774 547
017782 798
017790 130
017798 920
017806 363
017814 376
017822 375
017830 639
017838 20
017846 517
017854 691
017862 677
017870 307
017878 832
017886 895
017894 669
017902 398
017910 912
017918 595
018177 390
018185 234
018193 125
018201 583
018209 38
018217 672
018225 510
018233 87
018241 400
018249 991
018257 975
018265 368
018273 156
018281 743
018289 75
018297 724
018305 422
018313 148
018321 305
018329 978
018337 594
018345 561
018353 149
018361 940
018369 247
018377 800
018385 705
018393 356
018401 297
018409 588
018417 498
018425 779
013824 493
013832 702
013840 733
013848 73
013856 720
013864 235
013872 511
013880 464
013888 339
013896 243
013904 251
013912 864
013920 169
013928 639
013936 759
013944 67
013952 566
013960 319
013968 142
013976 600
013984 716
013992 93
014000 881
014008 712
014016 226
014024 472
014032 971
014040 288
014048 795
014056 16
014064 28
014072 189
017666 872
017674 832
017682 519
017690 494
017698 554
017706 397
017714 39
017722 314
017730 618
017738 444
017746 284
017754 902
017762 79
017770 131
017778 38
017786 577
017794 231
017802 111
017810 393
017818 529
017826 323
017834 204
017842 771
017850 657
017858 52
017866 338
017874 487
017882 194
017890 176
017898 222
017906 110
017914 228
017668 870
017676 479
017684 108
017692 811
017700 969
017708 481
017716 475
017724 820
017732 930
017740 925
017748 145
017756 623
017764 351
017772 975
017780 839
017788 60
017796 28
017804 122
017812 711
017820 289
017828 309
017836 665
017844 986
017852 854
017860 945
017868 537
017876 128
017884 985
017892 884
017900 761
017908 844
017916 703
018439 164
018447 286
018455 222
018463 953
018471 181
018479 91
018487 380
018495 502
018503 686
018511 184
018519 371
018527 369
018535 428
018543 664
018551 634
018559 130
018567 93
018575 832
018583 184
018591 360
018599 869
018607 780
018615 926
018623 706
018631 462
018639 631
018647 38
018655 665
018663 224
018671 209
018679 348
018687 863
018691 461
018699 453
018707 571
018715 345
018723 221
018731 54
018739 231
018747 531
018755 345
018763 477
018771 582
018779 359
018787 97
018795 627
018803 240
018811 194
018819 935
018827 387
018835 305
018843 606
018851 434
018859 82
018867 559
018875 975
018883 116
018891 313
018899 607
018907 904
018915 410
018923 652
018931 107
018939 847
018437 921
018445 21
018453 142
018461 122
018469 929
018477 395
018485 572
018493 725
018501 10
018509 648
018517 660
018525 334
018533 114
018541 504
018549 45
018557 329
018565 903
018573 179
018581 57
018589 0
018597 425
018605 811
018613 157
018621 861
018629 935
018637 492
018645 265
018653 63
018661 619
018669 684
018677 212
018685 502
017926 989
017934 675
017942 175
017950 96
017958 382
017966 321
017974 129
017982 336
017990 740
017998 59
018006 558
018014 450
018022 44
018030 940
018038 583
018046 707
018054 875
018062 568
018070 621
018078 581
018086 504
018094 594
018102 666
018110 677
018118 496
018126 771
018134 923
018142 123
018150 240
018158 26
018166 314
018174 584
018433 392
018441 958
018449 652
018457 735
018465 946
018473 514
018481 479
018489 430
018497 145
018505 745
018513 629
018521 728
018529 160
018537 4
018545 139
018553 335
018561 893
018569 819
018577 982
018585 588
018593 749
018601 711
018609 326
018617 902
018625 738
018633 588
018641 98
018649 536
018657 844
018665 621
018673 580
018681 484
014080 737
014088 556
014096 899
014104 463
014112 190
014120 362
014128 556
014136 587
014144 262
014152 60
014160 650
014168 842
014176 546
014184 931
014192 188
014200 115
014208 843
014216 563
014224 971
014232 274
014240 53
014248 569
014256 695
014264 654
014272 988
014280 343
014288 188
014296 502
014304 575
014312 193
014320 500
014328 50
017924 864
017932 477
017940 550
017948 624
017956 409
017964 349
017972 924
017980 127
017988 27
017996 307
018004 238
018012 377
018020 378
018028 746
018036 178
018044 578
018052 801
018060 995
018068 48
018076 308
018084 518
018092 229
018100 110
018108 554
018116 92
018124 281
018132 68
018140 127
018148 681
018156 838
018164 882
018172 540
017922 922
017930 485
017938 344
017946 916
017954 186
017962 538
017970 214
017978 368
017986 324
017994 412
018002 6
018010 788
018018 453
018026 273
018034 954
018042 314
018050 698
018058 996
018066 227
018074 771
018082 766
018090 482
018098 986
018106 829
018114 497
018122 116
018130 40
018138 957
018146 63
018154 3
018162 0
018170 703
018695 333
018703 118
018711 356
018719 76
018727 197
018735 94
018743 30
018751 291
018759 351
018767 669
018775 795
018783 480
018791 432
018799 428
018807 481
018815 493
018823 90
018831 659
018839 277
018847 414
018855 215
018863 286
018871 441
018879 406
018887 166
018895 928
018903 150
018911 764
018919 999
018927 514
018935 225
018943 333
018947 207
018955 254
018963 477
018971 918
018979 286
018987 389
018995 237
019003 158
019011 980
019019 411
019027 53
019035 141
019043 969
019051 741
019059 430
019067 462
019075 637
019083 247
019091 67
019099 367
019107 172
019115 608
019123 902
019131 595
019139 655
019147 0
019155 317
019163 717
019171 175
019179 367
019187 960
019195 112
018689 232
018697 114
018705 506
018713 714
018721 100
018729 728
018737 992
018745 112
018753 71
018761 222
018769 716
018777 641
018785 427
018793 632
018801 574
018809 759
018817 431
018825 377
018833 345
018841 958
018849 991
018857 65
018865 531
018873 285
018881 914
018889 838
018897 960
018905 47
018913 948
018921 978
018929 236
018937 924
018182 372
018190 847
018198 375
018206 482
018214 302
018222 919
018230 931
018238 809
018246 495
018254 913
018262 224
018270 676
018278 920
018286 670
018294 993
018302 592
018310 572
018318 202
018326 325
018334 20
018342 302
018350 290
018358 496
018366 953
018374 614
018382 826
018390 28
018398 172
018406 456
018414 123
018422 711
018430 881
018693 57
018701 662
018709 720
018717 901
018725 864
018733 57
018741 798
018749 906
018757 979
018765 310
018773 220
018781 491
018789 308
018797 729
018805 543
018813 450
018821 685
018829 93
018837 908
018845 766
018853 513
018861 906
018869 169
018877 659
018885 654
018893 564
018901 192
018909 166
018917 301
018925 185
018933 371
018941 774
014336 593
014344 35
014352 862
014360 889
014368 518
014376 979
014384 736
014392 332
014400 262
014408 103
014416 400
014424 790
014432 349
014440 72
014448 169
014456 566
014464 54
014472 600
014480 907
014488 136
014496 203
014504 31
014512 808
014520 688
014528 450
014536 829
014544 74
014552 89
014560 725
014568 112
014576 903
014584 375
018180 718
018188 12
018196 688
018204 958
018212 577
018220 346
018228 694
018236 724
018244 465
018252 141
018260 69
018268 645
018276 10
018284 91
018292 725
018300 957
018308 150
018316 224
018324 384
018332 774
018340 3
018348 763
018356 217
018364 518
018372 436
018380 155
018388 833
018396 183
018404 429
018412 497
018420 959
018428 69
018178 934
018186 946
018194 798
018202 874
018210 631
018218 396
018226 865
018234 87
018242 121
018250 879
018258 679
018266 467
018274 967
018282 661
018290 452
018298 196
018306 746
018314 71
018322 389
018330 225
018338 733
018346 484
018354 390
018362 414
018370 468
018378 312
018386 507
018394 951
018402 647
018410 242
018418 161
018426 262
018951 565
018959 84
018967 573
018975 587
018983 594
018991 771
018999 181
019007 724
019015 243
019023 196
019031 564
019039 41
019047 187
019055 282
019063 488
019071 762
019079 124
019087 215
019095 578
019103 495
019111 552
019119 572
019127 802
019135 196
019143 195
019151 927
019159 378
019167 61
019175 85
019183 178
019191 312
019199 167
019203 895
019211 644
019219 393
019227 379
019235 781
019243 712
019251 488
019259 196
019267 248
019275 743
019283 92
019291 95
019299 801
019307 99
019315 378
019323 574
019331 167
019339 896
019347 160
019355 733
019363 645
019371 78
019379 270
019387 414
019395 847
019403 659
019411 181
019419 130
019427 856
019435 325
019443 947
019451 226
018945 591
018953 60
018961 176
018969 267
018977 452
018985 762
018993 375
019001 416
019009 654
019017 884
019025 34
019033 72
019041 901
019049 401
019057 335
019065 205
019073 150
019081 21
019089 471
019097 472
019105 173
019113 501
019121 802
019129 460
019137 722
019145 701
019153 32
019161 902
019169 424
019177 275
019185 219
019193 632
018438 453
018446 73
018454 704
018462 68
018470 254
018478 579
018486 46
018494 318
018502 593
018510 268
018518 383
018526 936
018534 446
018542 786
018550 904
018558 388
018566 827
018574 596
018582 709
018590 781
018598 823
018606 516
018614 441
018622 453
018630 918
018638 531
018646 598
018654 624
018662 167
018670 979
018678 144
018686 422
018949 150
018957 53
018965 824
018973 937
018981 261
018989 582
018997 422
019005 595
019013 476
019021 396
019029 113
019037 75
019045 10
019053 356
019061 433
019069 150
019077 694
019085 185
019093 314
019101 37
019109 600
019117 585
019125 730
019133 326
019141 567
019149 257
019157 57
019165 63
019173 946
019181 685
019189 819
019197 172
014592 363
014600 768
014608 603
014616 69
014624 178
014632 161
014640 186
014648 856
014656 460
014664 677
014672 379
014680 96
014688 525
014696 257
014704 593
014712 298
014720 663
014728 593
014736 315
014744 269
014752 491
014760 402
014768 749
014776 854
014784 292
014792 337
014800 972
014808 952
014816 996
014824 405
014832 907
014840 751
018436 637
018444 916
018452 498
018460 378
018468 678
018476 474
018484 453
018492 149
018500 126
018508 886
018516 20
018524 836
018532 986
018540 853
018548 131
018556 777
018564 2
018572 153
018580 395
018588 457
018596 689
018604 218
018612 886
018620 904
018628 205
018636 201
018644 872
018652 174
018660 646
018668 148
018676 543
018684 693
019207 413
019215 696
019223 691
019231 232
019239 257
019247 270
019255 442
019263 362
019271 831
019279 412
019287 420
019295 794
019303 766
019311 807
019319 918
019327 616
019335 767
019343 295
019351 308
019359 76
019367 144
019375 387
019383 328
019391 727
019399 485
019407 641
019415 649
019423 871
019431 947
019439 43
019447 811
019455 574
018434 374
018442 573
018450 392
018458 167
018466 817
018474 70
018482 995
018490 923
018498 897
018506 146
018514 447
018522 188
018530 6
018538 143
018546 225
018554 37
018562 180
018570 225
018578 292
018586 732
018594 919
018602 791
018610 559
018618 685
018626 174
018634 14
018642 692
018650 625
018658 506
018666 663
018674 102
018682 363
019459 824
019467 98
019475 130
019483 380
019491 180
019499 752
019507 563
019515 340
019523 276
019531 211
019539 646
019547 196
019555 843
019563 637
019571 304
019579 470
019587 233
019595 24
019603 948
019611 546
019619 272
019627 975
019635 282
019643 258
019651 533
019659 980
019667 946
019675 616
019683 843
019691 335
019699 332
019707 724
019201 991
019209 794
019217 732
019225 253
019233 326
019241 363
019249 623
019257 112
019265 243
019273 165
019281 61
019289 881
019297 767
019305 888
019313 610
019321 523
019329 87
019337 910
019345 246
019353 586
019361 555
019369 174
019377 743
019385 232
019393 804
019401 268
019409 475
019417 144
019425 56
019433 992
019441 641
019449 798
018694 925
018702 706
018710 58
018718 82
018726 754
018734 675
018742 973
018750 351
018758 394
018766 742
018774 130
018782 305
018790 808
018798 930
018806 602
018814 403
018822 151
018830 637
018838 657
018846 770
018854 914
018862 957
018870 606
018878 566
018886 107
018894 936
018902 249
018910 205
018918 913
018926 86
018934 743
018942 224
014848 203
014856 110
014864 258
014872 341
014880 206
014888 96
014896 373
014904 102
014912 261
014920 917
014928 959
014936 170
014944 840
014952 328
014960 825
014968 637
014976 582
014984 685
014992 571
015000 457
015008 71
015016 578
015024 544
015032 593
015040 244
015048 905
015056 473
015064 175
015072 985
015080 792
015088 252
015096 362
018692 175
018700 372
018708 250
018716 315
018724 585
018732 942
018740 651
018748 520
018756 945
018764 45
018772 618
018780 473
018788 797
018796 428
018804 78
018812 705
018820 390
018828 604
018836 462
018844 693
018852 528
018860 820
018868 871
018876 513
018884 871
018892 206
018900 57
018908 66
018916 459
018924 265
018932 394
018940 409
019205 855
019213 712
019221 802
019229 51
019237 346
019245 77
019253 721
019261 652
019269 71
019277 333
019285 590
019293 361
019301 298
019309 265
019317 792
019325 348
019333 786
019341 689
019349 809
019357 964
019365 67
019373 25
019381 596
019389 815
019397 425
019405 333
019413 812
019421 852
019429 372
019437 54
019445 968
019453 350
019463 926
019471 423
019479 765
019487 658
019495 888
019503 805
019511 686
019519 185
019527 457
019535 480
019543 659
019551 450
019559 973
019567 401
019575 440
019583 343
019591 535
019599 180
019607 879
019615 590
019623 847
019631 880
019639 430
019647 621
019655 472
019663 403
019671 919
019679 978
019687 401
019695 394
019703 492
019711 947
018690 472
018698 267
018706 746
018714 474
018722 754
018730 646
018738 317
018746 545
018754 106
018762 798
018770 92
018778 131
018786 164
018794 226
018802 371
018810 845
018818 817
018826 85
018834 396
018842 212
018850 497
018858 811
018866 113
018874 107
018882 328
018890 629
018898 787
018906 737
018914 625
018922 456
018930 635
018938 407
019715 143
019723 161
019731 302
019739 554
019747 831
019755 324
019763 442
019771 215
019779 391
019787 442
019795 905
019803 66
019811 443
019819 962
019827 745
019835 390
019843 277
019851 261
019859 603
019867 884
019875 345
019883 924
019891 759
019899 419
019907 858
019915 593
019923 366
019931 572
019939 349
019947 972
019955 811
019963 865
019457 575
019465 679
019473 543
019481 108
019489 749
019497 453
019505 609
019513 733
019521 634
019529 259
019537 682
019545 185
019553 193
019561 29
019569 876
019577 862
019585 239
019593 300
019601 36
019609 893
019617 999
019625 255
019633 89
019641 534
019649 726
019657 323
019665 692
019673 772
019681 305
019689 919
019697 110
019705 449
018950 254
018958 482
018966 600
018974 16
018982 230
018990 65
018998 223
019006 560
019014 812
019022 428
019030 935
019038 914
019046 93
019054 940
019062 922
019070 950
019078 272
019086 475
019094 324
019102 443
019110 179
019118 354
019126 615
019134 54
019142 52
019150 286
019158 146
019166 519
019174 268
019182 101
019190 80
019198 9
015104 915
015112 958
015120 867
015128 567
015136 895
015144 413
015152 759
015160 468
015168 372
015176 16
015184 927
015192 25
015200 557
015208 491
015216 834
015224 734
015232 683
015240 330
015248 963
015256 536
015264 505
015272 815
015280 354
015288 94
015296 715
015304 754
015312 702
015320 726
015328 439
015336 730
015344 254
015352 112
018948 675
018956 297
018964 503
018972 337
018980 49
018988 246
018996 985
019004 449
019012 712
019020 339
019028 587
019036 96
019044 612
019052 955
019060 518
019068 811
019076 691
019084 402
019092 406
019100 230
019108 570
019116 274
019124 603
019132 48
019140 899
019148 306
019156 448
019164 91
019172 165
019180 197
019188 414
019196 181
019461 133
019469 701
019477 551
019485 681
019493 455
019501 475
019509 134
019517 348
019525 55
019533 863
019541 642
019549 560
019557 591
019565 84
019573 105
019581 806
019589 32
019597 999
019605 641
019613 440
019621 425
019629 945
019637 401
019645 732
019653 411
019661 986
019669 425
019677 383
019685 946
019693 810
019701 216
019709 534
018946 954
018954 118
018962 392
018970 981
018978 561
018986 409
018994 948
019002 398
019010 16
019018 667
019026 575
019034 527
019042 587
019050 216
019058 981
019066 615
019074 890
019082 940
019090 106
019098 651
019106 731
019114 500
019122 959
019130 341
019138 814
019146 364
019154 355
019162 283
019170 875
019178 33
019186 386
019194 4
019719 116
019727 82
019735 911
019743 588
019751 333
019759 568
019767 315
019775 669
019783 134
019791 892
019799 681
019807 776
019815 464
019823 873
019831 935
019839 293
019847 887
019855 831
019863 206
019871 77
019879 345
019887 327
019895 768
019903 23
019911 731
019919 746
019927 752
019935 941
019943 595
019951 965
019959 564
019967 880
019971 926
019979 175
019987 97
019995 314
020003 417
020011 173
020019 329
020027 312
020035 636
020043 917
020051 835
020059 955
020067 112
020075 42
020083 498
020091 958
020099 482
020107 40
020115 446
020123 999
020131 511
020139 803
020147 380
020155 348
020163 390
020171 468
020179 240
020187 582
020195 638
020203 607
020211 900
020219 644
019713 186
019721 611
019729 757
019737 43
019745 963
019753 666
019761 397
019769 425
019777 64
019785 935
019793 114
019801 368
019809 281
019817 376
019825 470
019833 728
019841 585
019849 495
019857 212
019865 687
019873 445
019881 673
019889 633
019897 808
019905 524
019913 505
019921 209
019929 867
019937 892
019945 692
019953 818
019961 969
019206 885
019214 99
019222 469
019230 877
019238 604
019246 938
019254 676
019262 585
019270 802
019278 430
019286 568
019294 914
019302 683
019310 569
019318 720
019326 476
019334 550
019342 323
019350 896
019358 663
019366 420
019374 526
019382 676
019390 565
019398 325
019406 363
019414 99
019422 380
019430 346
019438 560
019446 94
019454 796
015360 449
015368 325
015376 112
015384 483
015392 361
015400 421
015408 807
015416 722
015424 287
015432 114
015440 710
015448 775
015456 719
015464 955
015472 59
015480 129
015488 770
015496 882
015504 714
015512 15
015520 453
015528 623
015536 70
015544 472
015552 824
015560 499
015568 557
015576 660
015584 701
015592 332
015600 111
015608 491
019204 270
019212 630
019220 537
019228 654
019236 861
019244 543
019252 7
019260 802
019268 288
019276 265
019284 940
019292 13
019300 87
019308 382
019316 958
019324 813
019332 13
019340 493
019348 452
019356 318
019364 194
019372 522
019380 456
019388 649
019396 382
019404 969
019412 64
019420 928
019428 121
019436 739
019444 763
019452 870
019975 56
019983 631
019991 524
019999 237
020007 799
020015 899
020023 664
020031 471
020039 483
020047 803
020055 3
020063 61
020071 18
020079 147
020087 598
020095 291
020103 293
020111 453
020119 193
020127 614
020135 156
020143 324
020151 551
020159 819
020167 704
020175 865
020183 704
020191 10
020199 967
020207 184
020215 931
020223 981
019202 798
019210 806
019218 411
019226 576
019234 879
019242 546
019250 517
019258 579
019266 663
019274 640
019282 322
019290 67
019298 404
019306 396
019314 64
019322 164
019330 769
019338 50
019346 809
019354 635
019362 605
019370 528
019378 113
019386 888
019394 601
019402 597
019410 680
019418 23
019426 273
019434 522
019442 281
019450 906
019717 555
019725 845
019733 960
019741 952
019749 344
019757 504
019765 323
019773 691
019781 125
019789 805
019797 808
019805 876
019813 871
019821 688
019829 998
019837 985
019845 630
019853 695
019861 555
019869 88
019877 880
019885 175
019893 192
019901 349
019909 374
019917 860
019925 944
019933 187
019941 454
019949 40
019957 534
019965 221
020227 411
020235 435
020243 842
020251 535
020259 521
020267 368
020275 131
020283 197
020291 964
020299 470
020307 689
020315 935
020323 288
020331 980
020339 520
020347 711
020355 77
020363 746
020371 971
020379 42
020387 702
020395 435
020403 397
020411 558
020419 18
020427 856
020435 560
020443 681
020451 195
020459 248
020467 786
020475 402
019969 780
019977 526
019985 191
019993 640
020001 436
020009 839
020017 985
020025 697
020033 880
020041 54
020049 777
020057 125
020065 422
020073 279
020081 821
020089 409
020097 614
020105 512
020113 875
020121 175
020129 264
020137 233
020145 964
020153 335
020161 689
020169 895
020177 482
020185 830
020193 611
020201 502
020209 639
020217 160
019462 592
019470 405
019478 433
019486 507
019494 397
019502 694
019510 225
019518 828
019526 52
019534 283
019542 513
019550 843
019558 631
019566 290
019574 579
019582 565
019590 849
019598 28
019606 530
019614 247
019622 85
019630 949
019638 246
019646 971
019654 686
019662 321
019670 6
019678 227
019686 60
019694 2
019702 595
019710 888
015616 307
015624 707
015632 471
015640 876
015648 643
015656 974
015664 955
015672 111
015680 740
015688 236
015696 657
015704 989
015712 929
015720 795
015728 346
015736 997
015744 509
015752 449
015760 601
015768 468
015776 522
015784 902
015792 856
015800 463
015808 941
015816 252
015824 138
015832 384
015840 191
015848 200
015856 13
015864 672
019458 190
019466 849
019474 556
019482 388
019490 484
019498 329
019506 961
019514 841
019522 856
019530 147
019538 769
019546 165
019554 189
019562 813
019570 605
019578 68
019586 810
019594 157
019602 548
019610 96
019618 532
019626 200
019634 870
019642 260
019650 955
019658 663
019666 667
019674 672
019682 483
019690 443
019698 519
019706 155
019460 98
019468 151
019476 389
019484 212
019492 468
019500 658
019508 467
019516 138
019524 444
019532 22
019540 961
019548 890
019556 758
019564 770
019572 403
019580 809
019588 643
019596 536
019604 647
019612 340
019620 817
019628 516
019636 32
019644 750
019652 924
019660 924
019668 442
019676 992
019684 18
019692 253
019700 547
019708 202
020231 752
020239 214
020247 849
020255 863
020263 440
020271 95
020279 105
020287 292
020295 960
020303 772
020311 366
020319 345
020327 326
020335 630
020343 43
020351 442
020359 266
020367 888
020375 156
020383 422
020391 661
020399 811
020407 554
020415 705
020423 610
020431 818
020439 641
020447 183
020455 897
020463 459
020471 103
020479 234
019973 385
019981 317
019989 879
019997 569
020005 358
020013 978
020021 126
020029 78
020037 560
020045 261
020053 995
020061 28
020069 440
020077 748
020085 171
020093 191
020101 951
020109 598
020117 129
020125 637
020133 737
020141 258
020149 944
020157 598
020165 813
020173 847
020181 344
020189 890
020197 187
020205 109
020213 16
020221 904
020483 739
020491 592
020499 339
020507 722
020515 637
020523 997
020531 592
020539 404
020547 47
020555 678
020563 696
020571 928
020579 506
020587 932
020595 856
020603 998
020611 330
020619 160
020627 350
020635 233
020643 401
020651 25
020659 43
020667 338
020675 422
020683 617
020691 923
020699 47
020707 158
020715 880
020723 851
020731 77
020225 191
020233 505
020241 225
020249 558
020257 113
020265 257
020273 886
020281 336
020289 397
020297 212
020305 611
020313 430
020321 524
020329 427
020337 348
020345 447
020353 491
020361 695
020369 825
020377 94
020385 549
020393 82
020401 824
020409 306
020417 653
020425 240
020433 397
020441 643
020449 986
020457 587
020465 67
020473 285
019718 985
019726 662
019734 168
019742 622
019750 208
019758 204
019766 872
019774 756
019782 719
019790 519
019798 883
019806 513
019814 5
019822 800
019830 530
019838 319
019846 984
019854 529
019862 307
019870 115
019878 475
019886 377
019894 449
019902 318
019910 866
019918 891
019926 547
019934 979
019942 489
019950 354
019958 923
019966 485
015872 878
015880 528
015888 932
015896 521
015904 730
015912 297
015920 418
015928 152
015936 231
015944 682
015952 111
015960 826
015968 462
015976 437
015984 679
015992 886
016000 5
016008 337
016016 155
016024 710
016032 971
016040 955
016048 888
016056 838
016064 503
016072 223
016080 889
016088 981
016096 780
016104 546
016112 249
016120 814
019714 665
019722 772
019730 855
019738 855
019746 595
019754 383
019762 355
019770 461
019778 305
019786 103
019794 16
019802 27
019810 618
019818 654
019826 491
019834 412
019842 354
019850 831
019858 61
019866 31
019874 440
019882 901
019890 51
019898 252
019906 37
019914 893
019922 810
019930 497
019938 411
019946 20
019954 203
019962 618
020487 359
020495 538
020503 247
020511 612
020519 272
020527 899
020535 252
020543 48
020551 630
020559 930
020567 432
020575 333
020583 140
020591 508
020599 189
020607 966
020615 187
020623 508
020631 242
020639 849
020647 427
020655 483
020663 916
020671 821
020679 576
020687 901
020695 819
020703 180
020711 26
020719 904
020727 943
020735 853
019716 852
019724 563
019732 621
019740 938
019748 601
019756 236
019764 952
019772 733
019780 461
019788 963
019796 241
019804 952
019812 989
019820 784
019828 217
019836 128
019844 847
019852 884
019860 809
019868 292
019876 377
019884 568
019892 155
019900 437
019908 262
019916 237
019924 928
019932 78
019940 654
019948 500
019956 354
019964 57
020739 905
020747 392
020755 811
020763 674
020771 477
020779 723
020787 468
020795 193
020803 717
020811 458
020819 898
020827 999
020835 266
020843 160
020851 937
020859 646
020867 706
020875 135
020883 908
020891 577
020899 525
020907 33
020915 963
020923 994
020931 972
020939 760
020947 261
020955 88
020963 799
020971 130
020979 985
020987 204
020229 912
020237 909
020245 571
020253 720
020261 94
020269 0
020277 411
020285 566
020293 784
020301 126
020309 562
020317 682
020325 527
020333 175
020341 374
020349 979
020357 91
020365 495
020373 711
020381 387
020389 64
020397 122
020405 626
020413 183
020421 94
020429 900
020437 351
020445 605
020453 129
020461 253
020469 543
020477 366
020481 723
020489 296
020497 418
020505 700
020513 513
020521 704
020529 720
020537 548
020545 661
020553 4
020561 198
020569 519
020577 693
020585 841
020593 865
020601 30
020609 156
020617 553
020625 527
020633 63
020641 112
020649 356
020657 768
020665 24
020673 956
020681 923
020689 589
020697 896
020705 932
020713 403
020721 49
020729 740
019974 974
019982 514
019990 930
019998 83
020006 295
020014 913
020022 593
020030 893
020038 797
020046 138
020054 646
020062 222
020070 394
020078 249
020086 535
020094 936
020102 623
020110 810
020118 973
020126 907
020134 967
020142 347
020150 765
020158 508
020166 582
020174 815
020182 347
020190 791
020198 928
020206 271
020214 739
020222 508
016128 140
016136 688
016144 363
016152 892
016160 242
016168 238
016176 417
016184 330
016192 270
016200 757
016208 676
016216 609
016224 962
016232 662
016240 403
016248 187
016256 144
016264 163
016272 552
016280 526
016288 928
016296 432
016304 56
016312 523
016320 869
016328 871
016336 376
016344 401
016352 961
016360 137
016368 513
016376 577
020743 483
020751 700
020759 156
020767 824
020775 103
020783 26
020791 556
020799 127
020807 733
020815 82
020823 797
020831 551
020839 721
020847 403
020855 233
020863 128
020871 305
020879 362
020887 191
020895 597
020903 54
020911 573
020919 264
020927 56
020935 570
020943 486
020951 512
020959 312
020967 498
020975 187
020983 173
020991 418
019970 828
019978 489
019986 608
019994 622
020002 573
020010 406
020018 615
020026 167
020034 925
020042 736
020050 549
020058 971
020066 326
020074 913
020082 443
020090 783
020098 558
020106 952
020114 799
020122 774
020130 270
020138 210
020146 793
020154 646
020162 594
020170 758
020178 994
020186 444
020194 40
020202 929
020210 949
020218 797
019972 163
019980 146
019988 138
019996 330
020004 972
020012 663
020020 613
020028 4
020036 771
020044 555
020052 147
020060 967
020068 759
020076 35
020084 352
020092 316
020100 934
020108 932
020116 319
020124 565
020132 699
020140 275
020148 766
020156 740
020164 477
020172 132
020180 919
020188 133
020196 289
020204 529
020212 832
020220 407
020995 48
021003 512
021011 789
021019 683
021027 130
021035 397
021043 211
021051 240
021059 736
021067 37
021075 595
021083 601
021091 209
021099 781
021107 171
021115 885
021123 400
021131 705
021139 11
021147 985
021155 709
021163 235
021171 578
021179 36
021187 822
021195 251
021203 10
021211 605
021219 842
021227 989
021235 382
021243 714
020737 792
020745 256
020753 588
020761 188
020769 315
020777 421
020785 195
020793 845
020801 600
020809 741
020817 325
020825 465
020833 578
020841 239
020849 508
020857 727
020865 383
020873 419
020881 463
020889 102
020897 309
020905 419
020913 209
020921 28
020929 109
020937 971
020945 786
020953 815
020961 407
020969 50
020977 130
020985 531
020485 100
020493 874
020501 922
020509 841
020517 708
020525 867
020533 919
020541 887
020549 342
020557 476
020565 328
020573 101
020581 372
020589 662
020597 952
020605 905
020613 311
020621 953
020629 133
020637 418
020645 227
020653 141
020661 484
020669 459
020677 130
020685 63
020693 80
020701 949
020709 924
020717 139
020725 793
020733 150
020230 359
020238 23
020246 475
020254 299
020262 837
020270 682
020278 998
020286 931
020294 190
020302 740
020310 767
020318 624
020326 955
020334 719
020342 115
020350 872
020358 700
020366 867
020374 53
020382 102
020390 285
020398 868
020406 755
020414 491
020422 195
020430 446
020438 952
020446 334
020454 467
020462 16
020470 472
020478 934
016384 700
016392 494
016400 371
016408 643
016416 460
016424 903
016432 472
016440 721
016448 499
016456 984
016464 114
016472 431
016480 527
016488 364
016496 43
016504 607
016512 891
016520 142
016528 330
016536 790
016544 537
016552 500
016560 791
016568 556
016576 977
016584 375
016592 943
016600 735
016608 832
016616 541
016624 723
016632 867
020999 308
021007 702
021015 741
021023 888
021031 211
021039 686
021047 688
021055 16
021063 801
021071 689
021079 698
021087 575
021095 161
021103 426
021111 499
021119 643
021127 257
021135 292
021143 146
021151 551
021159 238
021167 249
021175 37
021183 110
021191 460
021199 707
021207 132
021215 287
021223 756
021231 379
021239 259
021247 809
020226 691
020234 750
020242 971
020250 344
020258 786
020266 989
020274 629
020282 20
020290 832
020298 376
020306 17
020314 233
020322 294
020330 538
020338 586
020346 809
020354 797
020362 319
020370 860
020378 324
020386 627
020394 324
020402 42
020410 408
020418 316
020426 994
020434 106
020442 699
020450 477
020458 845
020466 440
020474 387
021251 710
021259 180
021267 44
021275 556
021283 230
021291 17
021299 444
021307 193
021315 46
021323 768
021331 879
021339 255
021347 885
021355 473
021363 563
021371 19
021379 328
021387 929
021395 80
021403 701
021411 885
021419 980
021427 34
021435 165
021443 5
021451 266
021459 702
021467 444
021475 965
021483 415
021491 57
021499 611
020228 456
020236 901
020244 452
020252 46
020260 956
020268 427
020276 26
020284 618
020292 427
020300 536
020308 166
020316 997
020324 816
020332 49
020340 262
020348 888
020356 369
020364 959
020372 755
020380 595
020388 305
020396 322
020404 778
020412 171
020420 247
020428 442
020436 400
020444 811
020452 258
020460 131
020468 966
020476 785
020993 180
021001 243
021009 230
021017 962
021025 43
021033 382
021041 150
021049 403
021057 102
021065 493
021073 202
021081 784
021089 974
021097 609
021105 252
021113 98
021121 702
021129 277
021137 253
021145 141
021153 46
021161 152
021169 314
021177 599
021185 790
021193 434
021201 22
021209 113
021217 274
021225 330
021233 255
021241 647
020486 432
020494 733
020502 874
020510 112
020518 675
020526 572
020534 148
020542 694
020550 394
020558 991
020566 987
020574 454
020582 944
020590 17
020598 932
020606 737
020614 187
020622 17
020630 890
020638 952
020646 532
020654 624
020662 996
020670 378
020678 7
020686 958
020694 412
020702 472
020710 46
020718 970
020726 299
020734 925
020741 70
020749 588
020757 142
020765 88
020773 617
020781 170
020789 904
020797 732
020805 166
020813 141
020821 374
020829 794
020837 876
020845 745
020853 405
020861 794
020869 830
020877 249
020885 250
020893 316
020901 318
020909 58
020917 344
020925 538
020933 930
020941 359
020949 587
020957 148
020965 266
020973 364
020981 202
020989 30
016640 758
016648 31
016656 705
016664 221
016672 763
016680 843
016688 931
016696 765
016704 67
016712 105
016720 406
016728 4
016736 502
016744 636
016752 901
016760 641
016768 797
016776 603
016784 948
016792 717
016800 267
016808 750
016816 576
016824 341
016832 229
016840 843
016848 491
016856 555
016864 831
016872 93
016880 316
016888 5
021255 437
021263 93
021271 145
021279 200
021287 206
021295 72
021303 704
021311 705
021319 397
021327 715
021335 796
021343 849
021351 415
021359 441
021367 632
021375 243
021383 690
021391 625
021399 288
021407 133
021415 989
021423 660
021431 761
021439 666
021447 451
021455 677
021463 739
021471 906
021479 431
021487 225
021495 33
021503 199
020482 30
020490 605
020498 634
020506 613
020514 738
020522 665
020530 22
020538 618
020546 965
020554 738
020562 625
020570 979
020578 766
020586 818
020594 682
020602 375
020610 796
020618 769
020626 516
020634 455
020642 673
020650 986
020658 204
020666 507
020674 82
020682 291
020690 142
020698 348
020706 474
020714 407
020722 270
020730 858
021507 306
021515 769
021523 249
021531 911
021539 155
021547 628
021555 372
021563 36
021571 592
021579 596
021587 768
021595 652
021603 88
021611 301
021619 262
021627 969
021635 37
021643 937
021651 894
021659 691
021667 598
021675 365
021683 745
021691 567
021699 151
021707 677
021715 655
021723 776
021731 324
021739 658
021747 195
021755 487
020484 199
020492 704
020500 405
020508 775
020516 117
020524 555
020532 865
020540 959
020548 577
020556 158
020564 487
020572 84
020580 646
020588 951
020596 449
020604 654
020612 622
020620 964
020628 833
020636 181
020644 968
020652 265
020660 370
020668 539
020676 793
020684 328
020692 567
020700 498
020708 935
020716 630
020724 214
020732 970
021249 78
021257 432
021265 225
021273 903
021281 697
021289 589
021297 455
021305 989
021313 141
021321 801
021329 956
021337 336
021345 916
021353 862
021361 15
021369 337
021377 601
021385 548
021393 790
021401 166
021409 227
021417 818
021425 370
021433 550
021441 914
021449 410
021457 375
021465 552
021473 20
021481 930
021489 107
021497 5
020742 269
020750 309
020758 981
020766 367
020774 586
020782 514
020790 91
020798 100
020806 818
020814 111
020822 498
020830 25
020838 66
020846 792
020854 156
020862 566
020870 123
020878 403
020886 679
020894 417
020902 596
020910 666
020918 981
020926 414
020934 642
020942 52
020950 137
020958 308
020966 161
020974 763
020982 133
020990 346
020997 491
021005 809
021013 929
021021 169
021029 567
021037 569
021045 944
021053 241
021061 263
021069 886
021077 272
021085 816
021093 888
021101 879
021109 306
021117 582
021125 974
021133 11
021141 113
021149 284
021157 254
021165 605
021173 805
021181 22
021189 540
021197 245
021205 590
021213 371
021221 258
021229 786
021237 264
021245 362
016896 237
016904 119
016912 349
016920 608
016928 760
016936 673
016944 515
016952 855
016960 375
016968 937
016976 707
016984 267
016992 58
017000 78
017008 871
017016 941
017024 977
017032 542
017040 824
017048 239
017056 932
017064 20
017072 630
017080 108
017088 374
017096 200
017104 867
017112 36
017120 263
017128 121
017136 752
017144 250
021511 353
021519 554
021527 962
021535 931
021543 560
021551 868
021559 747
021567 792
021575 594
021583 808
021591 190
021599 321
021607 828
021615 593
021623 168
021631 936
021639 719
021647 54
021655 161
021663 92
021671 793
021679 96
021687 962
021695 866
021703 232
021711 963
021719 780
021727 745
021735 950
021743 744
021751 339
021759 76
020738 109
020746 846
020754 201
020762 259
020770 727
020778 595
020786 255
020794 235
020802 714
020810 886
020818 711
020826 891
020834 37
020842 428
020850 141
020858 582
020866 327
020874 892
020882 513
020890 738
020898 869
020906 145
020914 416
020922 597
020930 588
020938 912
020946 679
020954 567
020962 90
020970 629
020978 583
020986 295
021763 973
021771 427
021779 701
021787 723
021795 535
021803 4
021811 687
021819 216
021827 668
021835 444
021843 491
021851 57
021859 978
021867 246
021875 67
021883 916
021891 876
021899 224
021907 738
021915 120
021923 593
021931 235
021939 439
021947 955
021955 362
021963 14
021971 939
021979 177
021987 304
021995 10
022003 915
022011 373
020740 438
020748 254
020756 930
020764 340
020772 741
020780 334
020788 813
020796 351
020804 380
020812 864
020820 892
020828 630
020836 632
020844 479
020852 568
020860 291
020868 697
020876 666
020884 743
020892 190
020900 158
020908 256
020916 697
020924 767
020932 80
020940 762
020948 171
020956 335
020964 421
020972 442
020980 975
020988 764
021505 199
021513 60
021521 730
021529 136
021537 648
021545 87
021553 158
021561 30
021569 761
021577 939
021585 596
021593 711
021601 18
021609 354
021617 892
021625 277
021633 658
021641 510
021649 828
021657 449
021665 472
021673 517
021681 857
021689 709
021697 916
021705 897
021713 146
021721 74
021729 395
021737 326
021745 592
021753 473
020998 374
021006 943
021014 638
021022 219
021030 608
021038 896
021046 163
021054 496
021062 333
021070 995
021078 390
021086 42
021094 422
021102 189
021110 784
021118 776
021126 555
021134 375
021142 270
021150 409
021158 87
021166 223
021174 380
021182 359
021190 204
021198 977
021206 646
021214 219
021222 572
021230 643
021238 2
021246 781
021253 421
021261 631
021269 197
021277 732
021285 317
021293 182
021301 485
021309 510
021317 387
021325 42
021333 853
021341 553
021349 773
021357 546
021365 253
021373 629
021381 797
021389 894
021397 332
021405 209
021413 440
021421 706
021429 997
021437 798
021445 320
021453 434
021461 722
021469 430
021477 204
021485 990
021493 489
021501 493
017152 440
017160 554
017168 661
017176 830
017184 739
017192 743
017200 189
017208 166
017216 873
017224 271
017232 601
017240 784
017248 599
017256 209
017264 896
017272 595
017280 67
017288 872
017296 866
017304 427
017312 854
017320 504
017328 594
017336 422
017344 101
017352 917
017360 273
017368 922
017376 492
017384 530
017392 664
017400 539
021767 206
021775 422
021783 597
021791 447
021799 34
021807 458
021815 939
021823 797
021831 472
021839 484
021847 343
021855 548
021863 948
021871 877
021879 547
021887 401
021895 308
021903 399
021911 115
021919 168
021927 268
021935 226
021943 722
021951 97
021959 37
021967 642
021975 869
021983 298
021991 492
021999 37
022007 27
022015 153
022019 243
022027 190
022035 532
022043 203
022051 817
022059 983
022067 85
022075 826
022083 246
022091 429
022099 521
022107 135
022115 520
022123 809
022131 832
022139 795
022147 551
022155 542
022163 30
022171 223
022179 69
022187 583
022195 504
022203 505
022211 206
022219 165
022227 698
022235 464
022243 367
022251 174
022259 779
022267 959
020994 722
021002 710
021010 720
021018 453
021026 99
021034 601
021042 144
021050 184
021058 888
021066 451
021074 444
021082 58
021090 416
021098 369
021106 155
021114 463
021122 270
021130 709
021138 646
021146 905
021154 289
021162 66
021170 153
021178 359
021186 659
021194 985
021202 513
021210 80
021218 410
021226 750
021234 440
021242 265
020996 194
021004 607
021012 876
021020 200
021028 843
021036 224
021044 435
021052 658
021060 781
021068 796
021076 558
021084 618
021092 103
021100 493
021108 426
021116 570
021124 779
021132 790
021140 555
021148 374
021156 871
021164 654
021172 655
021180 436
021188 418
021196 528
021204 649
021212 850
021220 598
021228 167
021236 656
021244 294
021761 557
021769 139
021777 234
021785 206
021793 393
021801 332
021809 826
021817 793
021825 139
021833 641
021841 782
021849 555
021857 444
021865 574
021873 27
021881 491
021889 268
021897 177
021905 449
021913 747
021921 566
021929 532
021937 782
021945 280
021953 722
021961 265
021969 468
021977 418
021985 312
021993 931
022001 613
022009 77
021254 657
021262 69
021270 733
021278 312
021286 809
021294 563
021302 534
021310 993
021318 759
021326 607
021334 960
021342 441
021350 562
021358 850
021366 481
021374 661
021382 268
021390 932
021398 530
021406 184
021414 105
021422 490
021430 322
021438 606
021446 279
021454 78
021462 761
021470 879
021478 713
021486 801
021494 215
021502 678
017408 365
017416 53
017424 833
017432 27
017440 307
017448 382
017456 304
017464 797
017472 280
017480 573
017488 576
017496 517
017504 697
017512 46
017520 449
017528 63
017536 315
017544 972
017552 319
017560 519
017568 818
017576 540
017584 48
017592 841
017600 166
017608 106
017616 685
017624 988
017632 418
017640 630
017648 443
017656 560
021509 426
021517 599
021525 664
021533 153
021541 899
021549 783
021557 535
021565 507
021573 319
021581 141
021589 327
021597 295
021605 901
021613 614
021621 970
021629 835
021637 728
021645 979
021653 177
021661 428
021669 890
021677 622
021685 878
021693 399
021701 677
021709 73
021717 13
021725 551
021733 979
021741 652
021749 240
021757 867
022023 151
022031 453
022039 141
022047 198
022055 293
022063 708
022071 195
022079 155
022087 4
022095 559
022103 658
022111 141
022119 123
022127 762
022135 862
022143 585
022151 868
022159 368
022167 75
022175 86
022183 608
022191 321
022199 347
022207 917
022215 558
022223 713
022231 451
022239 291
022247 927
022255 218
022263 744
022271 295
022275 824
022283 786
022291 270
022299 475
022307 632
022315 214
022323 670
022331 931
022339 608
022347 786
022355 727
022363 497
022371 141
022379 746
022387 242
022395 286
022403 693
022411 859
022419 329
022427 180
022435 479
022443 622
022451 864
022459 877
022467 607
022475 448
022483 924
022491 50
022499 63
022507 236
022515 203
022523 921
021250 42
021258 944
021266 158
021274 604
021282 919
021290 653
021298 615
021306 391
021314 19
021322 906
021330 764
021338 124
021346 454
021354 225
021362 548
021370 233
021378 684
021386 474
021394 788
021402 64
021410 29
021418 702
021426 473
021434 221
021442 64
021450 37
021458 240
021466 395
021474 371
021482 715
021490 557
021498 517
021252 773
021260 185
021268 819
021276 812
021284 998
021292 824
021300 70
021308 921
021316 649
021324 4
021332 637
021340 80
021348 170
021356 272
021364 387
021372 870
021380 607
021388 219
021396 175
021404 892
021412 671
021420 743
021428 593
021436 37
021444 73
021452 170
021460 397
021468 201
021476 886
021484 198
021492 406
021500 627
022017 320
022025 334
022033 125
022041 756
022049 232
022057 164
022065 853
022073 630
022081 681
022089 791
022097 473
022105 371
022113 813
022121 994
022129 831
022137 666
022145 683
022153 181
022161 141
022169 948
022177 817
022185 204
022193 686
022201 386
022209 598
022217 894
022225 526
022233 546
022241 217
022249 865
022257 876
022265 984
021510 248
021518 604
021526 598
021534 740
021542 652
021550 893
021558 82
021566 31
021574 994
021582 23
021590 547
021598 965
021606 86
021614 529
021622 75
021630 985
021638 714
021646 133
021654 34
021662 905
021670 869
021678 659
021686 61
021694 426
021702 24
021710 927
021718 813
021726 980
021734 207
021742 105
021750 868
021758 476
017664 766
017672 67
017680 886
017688 454
017696 135
017704 520
017712 876
017720 543
017728 53
017736 409
017744 382
017752 952
017760 75
017768 324
017776 446
017784 438
017792 857
017800 226
017808 319
017816 408
017824 697
017832 398
017840 808
017848 25
017856 699
017864 926
017872 319
017880 960
017888 932
017896 66
017904 707
017912 560
021765 42
021773 165
021781 590
021789 595
021797 777
021805 310
021813 310
021821 647
021829 929
021837 424
021845 936
021853 857
021861 11
021869 14
021877 309
021885 59
021893 698
021901 912
021909 687
021917 831
021925 566
021933 878
021941 184
021949 82
021957 755
021965 106
021973 344
021981 63
021989 464
021997 726
022005 50
022013 151
022531 432
022539 144
022547 504
022555 136
022563 491
022571 352
022579 871
022587 409
022595 438
022603 905
022611 90
022619 507
022627 161
022635 984
022643 339
022651 583
022659 409
022667 602
022675 782
022683 53
022691 696
022699 141
022707 405
022715 293
022723 486
022731 774
022739 614
022747 905
022755 440
022763 313
022771 82
022779 290
022279 317
022287 256
022295 645
022303 955
022311 209
022319 7
022327 374
022335 914
022343 352
022351 612
022359 375
022367 525
022375 298
022383 480
022391 452
022399 295
022407 197
022415 297
022423 346
022431 256
022439 547
022447 887
022455 682
022463 494
022471 692
022479 795
022487 886
022495 729
022503 521
022511 398
022519 515
022527 548
021506 517
021514 331
021522 474
021530 872
021538 552
021546 904
021554 24
021562 743
021570 476
021578 428
021586 406
021594 285
021602 397
021610 500
021618 731
021626 291
021634 838
021642 218
021650 402
021658 118
021666 908
021674 607
021682 205
021690 665
021698 50
021706 910
021714 6
021722 24
021730 326
021738 17
021746 977
021754 687
021508 239
021516 482
021524 695
021532 821
021540 992
021548 449
021556 79
021564 538
021572 840
021580 122
021588 706
021596 182
021604 464
021612 33
021620 166
021628 749
021636 9
021644 339
021652 938
021660 390
021668 41
021676 680
021684 288
021692 301
021700 287
021708 774
021716 909
021724 116
021732 960
021740 85
021748 981
021756 103
022273 951
022281 61
022289 173
022297 170
022305 550
022313 798
022321 45
022329 640
022337 549
022345 558
022353 915
022361 907
022369 235
022377 609
022385 645
022393 970
022401 88
022409 765
022417 277
022425 774
022433 659
022441 323
022449 866
022457 556
022465 100
022473 355
022481 167
022489 355
022497 513
022505 279
022513 669
022521 526
021766 57
021774 681
021782 728
021790 546
021798 266
021806 632
021814 767
021822 834
021830 810
021838 476
021846 53
021854 812
021862 666
021870 943
021878 557
021886 314
021894 232
021902 216
021910 845
021918 584
021926 432
021934 825
021942 445
021950 119
021958 293
021966 404
021974 513
021982 632
021990 724
021998 758
022006 502
022014 94
017920 590
017928 677
017936 63
017944 334
017952 821
017960 413
017968 320
017976 457
017984 250
017992 800
018000 486
018008 890
018016 760
018024 386
018032 698
018040 163
018048 150
018056 889
018064 912
018072 774
018080 582
018088 303
018096 702
018104 874
018112 439
018120 845
018128 557
018136 251
018144 387
018152 418
018160 896
018168 180
022021 132
022029 626
022037 259
022045 500
022053 723
022061 916
022069 844
022077 604
022085 611
022093 984
022101 823
022109 34
022117 110
022125 593
022133 230
022141 664
022149 574
022157 768
022165 991
022173 470
022181 730
022189 740
022197 286
022205 623
022213 517
022221 936
022229 951
022237 354
022245 420
022253 723
022261 927
022269 165
022535 191
022543 631
022551 10
022559 970
022567 961
022575 264
022583 876
022591 235
022599 454
022607 903
022615 282
022623 557
022631 114
022639 482
022647 247
022655 176
022663 487
022671 89
022679 50
022687 806
022695 104
022703 312
022711 643
022719 396
022727 160
022735 60
022743 109
022751 587
022759 669
022767 457
022775 328
022783 672
021762 913
021770 405
021778 491
021786 58
021794 837
021802 283
021810 387
021818 373
021826 314
021834 322
021842 720
021850 230
021858 448
021866 796
021874 522
021882 454
021890 469
021898 524
021906 993
021914 980
021922 731
021930 629
021938 959
021946 546
021954 482
021962 625
021970 103
021978 952
021986 661
021994 5
022002 242
022010 199
022787 229
022795 189
022803 0
022811 161
022819 731
022827 46
022835 764
022843 959
022851 392
022859 640
022867 878
022875 875
022883 847
022891 392
022899 699
022907 830
022915 337
022923 321
022931 413
022939 691
022947 411
022955 244
022963 240
022971 351
022979 261
022987 887
022995 502
023003 809
023011 789
023019 478
023027 475
023035 467
021764 947
021772 378
021780 981
021788 538
021796 257
021804 651
021812 586
021820 629
021828 552
021836 651
021844 143
021852 971
021860 510
021868 335
021876 921
021884 656
021892 774
021900 704
021908 984
021916 993
021924 949
021932 934
021940 544
021948 183
021956 924
021964 985
021972 574
021980 535
021988 779
021996 357
022004 921
022012 872
022529 757
022537 832
022545 602
022553 861
022561 866
022569 296
022577 304
022585 419
022593 465
022601 476
022609 622
022617 88
022625 395
022633 938
022641 104
022649 513
022657 988
022665 912
022673 816
022681 274
022689 947
022697 932
022705 901
022713 871
022721 443
022729 896
022737 282
022745 789
022753 287
022761 989
022769 661
022777 558
022022 688
022030 791
022038 833
022046 97
022054 560
022062 785
022070 817
022078 735
022086 458
022094 93
022102 383
022110 632
022118 145
022126 705
022134 988
022142 162
022150 96
022158 760
022166 271
022174 833
022182 557
022190 958
022198 930
022206 439
022214 821
022222 467
022230 253
022238 4
022246 924
022254 87
022262 506
022270 792
018176 762
018184 147
018192 808
018200 784
018208 878
018216 548
018224 589
018232 225
018240 637
018248 639
018256 191
018264 125
018272 53
018280 447
018288 616
018296 779
018304 426
018312 635
018320 485
018328 23
018336 875
018344 590
018352 762
018360 253
018368 302
018376 204
018384 65
018392 130
018400 465
018408 968
018416 867
018424 320
022791 512
022799 410
022807 827
022815 803
022823 386
022831 259
022839 625
022847 351
022855 408
022863 555
022871 439
022879 277
022887 591
022895 586
022903 67
022911 761
022919 160
022927 249
022935 320
022943 628
022951 268
022959 708
022967 895
022975 360
022983 950
022991 636
022999 45
023007 111
023015 320
023023 911
023031 551
023039 195
022277 562
022285 243
022293 697
022301 22
022309 223
022317 538
022325 82
022333 553
022341 650
022349 715
022357 158
022365 55
022373 927
022381 104
022389 787
022397 879
022405 977
022413 650
022421 446
022429 845
022437 435
022445 198
022453 956
022461 757
022469 656
022477 282
022485 856
022493 384
022501 794
022509 483
022517 396
022525 190
023043 874
023051 502
023059 809
023067 748
023075 524
023083 229
023091 446
023099 926
023107 874
023115 799
023123 478
023131 311
023139 69
023147 292
023155 927
023163 17
023171 556
023179 720
023187 997
023195 305
023203 40
023211 533
023219 857
023227 92
023235 305
023243 488
023251 268
023259 421
023267 159
023275 476
023283 651
023291 973
022018 88
022026 607
022034 691
022042 116
022050 386
022058 540
022066 530
022074 51
022082 232
022090 606
022098 459
022106 972
022114 544
022122 904
022130 380
022138 795
022146 552
022154 905
022162 823
022170 118
022178 52
022186 219
022194 481
022202 266
022210 939
022218 33
022226 180
022234 459
022242 92
022250 810
022258 718
022266 972
022020 433
022028 933
022036 968
022044 299
022052 665
022060 575
022068 126
022076 941
022084 637
022092 67
022100 101
022108 676
022116 13
022124 273
022132 824
022140 32
022148 971
022156 694
022164 412
022172 77
022180 800
022188 500
022196 783
022204 701
022212 445
022220 117
022228 216
022236 848
022244 977
022252 122
022260 610
022268 868
022785 683
022793 16
022801 505
022809 124
022817 62
022825 403
022833 318
022841 961
022849 664
022857 387
022865 358
022873 168
022881 357
022889 792
022897 245
022905 20
022913 947
022921 919
022929 529
022937 353
022945 203
022953 914
022961 961
022969 603
022977 428
022985 632
022993 130
023001 48
023009 823
023017 227
023025 688
023033 2
022278 275
022286 224
022294 979
022302 799
022310 215
022318 11
022326 95
022334 692
022342 97
022350 900
022358 761
022366 335
022374 660
022382 777
022390 144
022398 688
022406 774
022414 103
022422 660
022430 947
022438 79
022446 4
022454 96
022462 925
022470 777
022478 445
022486 608
022494 861
022502 884
022510 853
022518 559
022526 22
023047 642
023055 697
023063 651
023071 697
023079 941
023087 795
023095 830
023103 386
023111 118
023119 658
023127 486
023135 958
023143 614
023151 327
023159 996
023167 147
023175 148
023183 82
023191 796
023199 375
023207 432
023215 826
023223 105
023231 368
023239 911
023247 637
023255 577
023263 392
023271 235
023279 847
023287 196
023295 569
018432 24
018440 285
018448 560
018456 877
018464 345
018472 346
018480 890
018488 624
018496 616
018504 831
018512 555
018520 381
018528 661
018536 38
018544 65
018552 731
018560 542
018568 437
018576 394
018584 442
018592 939
018600 246
018608 280
018616 357
018624 999
018632 843
018640 310
018648 721
018656 789
018664 512
018672 412
018680 792
022533 473
022541 700
022549 941
022557 580
022565 497
022573 800
022581 517
022589 666
022597 999
022605 245
022613 864
022621 822
022629 676
022637 833
022645 427
022653 401
022661 937
022669 396
022677 55
022685 863
022693 410
022701 391
022709 303
022717 585
022725 690
022733 191
022741 346
022749 57
022757 331
022765 491
022773 350
022781 890
023299 404
023307 154
023315 419
023323 595
023331 903
023339 806
023347 673
023355 754
023363 311
023371 326
023379 66
023387 263
023395 471
023403 120
023411 222
023419 522
023427 862
023435 255
023443 697
023451 618
023459 884
023467 658
023475 131
023483 81
023491 470
023499 153
023507 201
023515 675
023523 220
023531 60
023539 766
023547 7
022274 453
022282 449
022290 493
022298 767
022306 528
022314 714
022322 30
022330 992
022338 743
022346 925
022354 765
022362 66
022370 924
022378 736
022386 595
022394 177
022402 274
022410 389
022418 619
022426 521
022434 997
022442 560
022450 871
022458 870
022466 423
022474 151
022482 807
022490 946
022498 101
022506 841
022514 25
022522 551
022276 124
022284 236
022292 751
022300 490
022308 686
022316 965
022324 540
022332 520
022340 684
022348 343
022356 884
022364 109
022372 511
022380 772
022388 67
022396 880
022404 131
022412 622
022420 812
022428 995
022436 753
022444 140
022452 286
022460 411
022468 869
022476 572
022484 202
022492 324
022500 92
022508 676
022516 715
022524 930
023041 322
023049 585
023057 361
023065 489
023073 222
023081 816
023089 793
023097 622
023105 468
023113 128
023121 606
023129 257
023137 760
023145 920
023153 425
023161 64
023169 963
023177 270
023185 135
023193 975
023201 230
023209 691
023217 242
023225 415
023233 594
023241 863
023249 232
023257 479
023265 953
023273 461
023281 169
023289 746
022534 893
022542 646
022550 277
022558 139
022566 636
022574 101
022582 979
022590 440
022598 168
022606 338
022614 858
022622 216
022630 379
022638 175
022646 181
022654 387
022662 142
022670 232
022678 478
022686 779
022694 782
022702 78
022710 510
022718 779
022726 999
022734 902
022742 850
022750 148
022758 227
022766 490
022774 752
022782 684
023303 698
023311 347
023319 78
023327 814
023335 74
023343 605
023351 39
023359 175
023367 844
023375 358
023383 434
023391 723
023399 565
023407 227
023415 505
023423 686
023431 775
023439 824
023447 130
023455 477
023463 112
023471 597
023479 405
023487 629
023495 349
023503 949
023511 906
023519 550
023527 66
023535 333
023543 35
023551 778
018688 253
018696 379
018704 48
018712 833
018720 819
018728 859
018736 931
018744 888
018752 930
018760 878
018768 711
018776 663
018784 882
018792 866
018800 251
018808 564
018816 386
018824 144
018832 848
018840 226
018848 61
018856 154
018864 861
018872 326
018880 125
018888 322
018896 108
018904 808
018912 766
018920 510
018928 244
018936 554
023555 185
023563 284
023571 196
023579 74
023587 875
023595 538
023603 168
023611 123
023619 872
023627 918
023635 180
023643 127
023651 114
023659 109
023667 30
023675 32
023683 941
023691 538
023699 54
023707 846
023715 284
023723 182
023731 697
023739 665
023747 139
023755 189
023763 831
023771 674
023779 236
023787 58
023795 161
023803 154
022789 488
022797 934
022805 341
022813 29
022821 826
022829 626
022837 381
022845 793
022853 297
022861 24
022869 784
022877 677
022885 488
022893 137
022901 298
022909 446
022917 796
022925 964
022933 939
022941 480
022949 143
022957 975
022965 343
022973 729
022981 977
022989 876
022997 83
023005 784
023013 482
023021 535
023029 143
023037 375
022532 408
022540 69
022548 725
022556 730
022564 696
022572 794
022580 337
022588 736
022596 368
022604 439
022612 152
022620 184
022628 974
022636 540
022644 204
022652 323
022660 954
022668 930
022676 662
022684 363
022692 436
022700 99
022708 125
022716 471
022724 814
022732 940
022740 11
022748 818
022756 748
022764 976
022772 245
022780 553
022530 908
022538 888
022546 839
022554 958
022562 670
022570 353
022578 749
022586 714
022594 213
022602 553
022610 947
022618 805
022626 388
022634 254
022642 849
022650 723
022658 771
022666 497
022674 765
022682 732
022690 100
022698 88
022706 246
022714 177
022722 343
022730 796
022738 159
022746 309
022754 365
022762 78
022770 792
022778 591
023297 244
023305 644
023313 697
023321 375
023329 275
023337 608
023345 772
023353 254
023361 882
023369 714
023377 202
023385 501
023393 573
023401 175
023409 146
023417 531
023425 857
023433 528
023441 167
023449 759
023457 109
023465 112
023473 86
023481 109
023489 591
023497 417
023505 967
023513 9
023521 144
023529 460
023537 672
023545 985
022790 375
022798 191
022806 360
022814 806
022822 378
022830 262
022838 434
022846 394
022854 877
022862 589
022870 669
022878 643
022886 344
022894 155
022902 405
022910 90
022918 331
022926 424
022934 605
022942 189
022950 368
022958 686
022966 436
022974 433
022982 879
022990 0
022998 559
023006 210
023014 313
023022 546
023030 827
023038 484
023559 476
023567 334
023575 789
023583 940
023591 415
023599 560
023607 452
023615 372
023623 357
023631 249
023639 863
023647 892
023655 507
023663 518
023671 335
023679 719
023687 444
023695 777
023703 724
023711 367
023719 42
023727 708
023735 486
023743 669
023751 101
023759 706
023767 878
023775 699
023783 876
023791 277
023799 218
023807 125
018944 340
018952 551
018960 698
018968 809
018976 424
018984 569
018992 882
019000 817
019008 145
019016 494
019024 754
019032 3
019040 592
019048 217
019056 1
019064 283
019072 641
019080 8
019088 910
019096 457
019104 275
019112 555
019120 443
019128 905
019136 924
019144 191
019152 903
019160 738
019168 466
019176 6
019184 341
019192 330
023811 573
023819 869
023827 483
023835 932
023843 40
023851 663
023859 807
023867 625
023875 931
023883 721
023891 172
023899 573
023907 178
023915 514
023923 437
023931 59
023939 595
023947 999
023955 793
023963 775
023971 557
023979 858
023987 502
023995 645
024003 604
024011 827
024019 849
024027 235
024035 969
024043 139
024051 138
024059 365
023045 659
023053 161
023061 804
023069 189
023077 518
023085 458
023093 211
023101 373
023109 924
023117 299
023125 279
023133 158
023141 910
023149 478
023157 730
023165 412
023173 811
023181 159
023189 667
023197 435
023205 222
023213 772
023221 556
023229 732
023237 642
023245 583
023253 283
023261 903
023269 38
023277 714
023285 826
023293 163
022788 445
022796 504
022804 310
022812 959
022820 149
022828 582
022836 993
022844 727
022852 343
022860 702
022868 403
022876 366
022884 540
022892 371
022900 859
022908 225
022916 419
022924 781
022932 642
022940 106
022948 359
022956 636
022964 975
022972 615
022980 676
022988 872
022996 406
023004 464
023012 701
023020 985
023028 948
023036 68
023553 898
023561 331
023569 820
023577 814
023585 625
023593 307
023601 379
023609 856
023617 295
023625 690
023633 719
023641 127
023649 871
023657 426
023665 35
023673 150
023681 681
023689 55
023697 890
023705 412
023713 620
023721 65
023729 371
023737 568
023745 925
023753 216
023761 3
023769 745
023777 788
023785 441
023793 711
023801 717
022786 294
022794 814
022802 130
022810 571
022818 423
022826 851
022834 29
022842 874
022850 693
022858 318
022866 743
022874 870
022882 26
022890 685
022898 401
022906 27
022914 773
022922 233
022930 824
022938 522
022946 248
022954 743
022962 196
022970 442
022978 901
022986 77
022994 68
023002 531
023010 863
023018 554
023026 564
023034 424
023046 219
023054 136
023062 591
023070 29
023078 86
023086 189
023094 425
023102 894
023110 699
023118 781
023126 304
023134 738
023142 713
023150 702
023158 278
023166 145
023174 18
023182 615
023190 243
023198 499
023206 397
023214 396
023222 308
023230 227
023238 15
023246 993
023254 756
023262 808
023270 296
023278 696
023286 957
023294 376
023815 840
023823 895
023831 19
023839 504
023847 943
023855 686
023863 387
023871 210
023879 321
023887 320
023895 106
023903 365
023911 670
023919 208
023927 985
023935 469
023943 525
023951 584
023959 365
023967 81
023975 471
023983 951
023991 160
023999 230
024007 483
024015 424
024023 230
024031 59
024039 902
024047 984
024055 875
024063 289
019200 811
019208 874
019216 447
019224 50
019232 937
019240 422
019248 930
019256 129
019264 211
019272 263
019280 499
019288 150
019296 418
019304 482
019312 995
019320 140
019328 713
019336 225
019344 36
019352 963
019360 934
019368 640
019376 823
019384 681
019392 613
019400 947
019408 353
019416 456
019424 474
019432 463
019440 972
019448 410
024067 392
024075 814
024083 457
024091 613
024099 759
024107 48
024115 826
024123 545
024131 341
024139 226
024147 325
024155 177
024163 10
024171 137
024179 617
024187 531
024195 666
024203 723
024211 391
024219 239
024227 239
024235 610
024243 353
024251 807
024259 836
024267 900
024275 974
024283 558
024291 974
024299 411
024307 393
024315 552
023809 35
023817 11
023825 932
023833 741
023841 867
023849 377
023857 453
023865 309
023873 700
023881 301
023889 89
023897 286
023905 905
023913 436
023921 985
023929 363
023937 36
023945 836
023953 846
023961 940
023969 87
023977 26
023985 269
023993 612
024001 517
024009 881
024017 703
024025 761
024033 900
024041 241
024049 853
024057 572
023044 525
023052 970
023060 921
023068 363
023076 8
023084 202
023092 149
023100 110
023108 570
023116 925
023124 407
023132 206
023140 918
023148 130
023156 857
023164 872
023172 841
023180 952
023188 162
023196 840
023204 487
023212 849
023220 148
023228 605
023236 893
023244 841
023252 824
023260 572
023268 538
023276 261
023284 375
023292 754
023301 453
023309 263
023317 587
023325 593
023333 188
023341 401
023349 635
023357 552
023365 946
023373 280
023381 94
023389 751
023397 27
023405 125
023413 699
023421 43
023429 918
023437 362
023445 262
023453 122
023461 159
023469 966
023477 997
023485 454
023493 950
023501 929
023509 233
023517 768
023525 11
023533 669
023541 970
023549 872
023042 900
023050 286
023058 681
023066 995
023074 746
023082 822
023090 975
023098 844
023106 792
023114 364
023122 821
023130 421
023138 552
023146 13
023154 787
023162 662
023170 268
023178 454
023186 143
023194 273
023202 585
023210 752
023218 504
023226 164
023234 7
023242 934
023250 213
023258 539
023266 345
023274 465
023282 486
023290 443
023302 655
023310 805
023318 624
023326 655
023334 352
023342 713
023350 220
023358 382
023366 268
023374 760
023382 809
023390 502
023398 373
023406 187
023414 518
023422 854
023430 661
023438 629
023446 919
023454 478
023462 958
023470 749
023478 422
023486 300
023494 209
023502 783
023510 757
023518 692
023526 299
023534 95
023542 933
023550 247
024071 217
024079 562
024087 165
024095 333
024103 130
024111 74
024119 268
024127 244
024135 455
024143 75
024151 253
024159 155
024167 759
024175 739
024183 995
024191 686
024199 125
024207 456
024215 378
024223 113
024231 754
024239 246
024247 77
024255 779
024263 401
024271 656
024279 800
024287 250
024295 117
024303 21
024311 526
024319 400
019456 269
019464 949
019472 44
019480 135
019488 20
019496 241
019504 867
019512 579
019520 121
019528 96
019536 840
019544 195
019552 202
019560 681
019568 118
019576 221
019584 576
019592 257
019600 527
019608 545
019616 681
019624 166
019632 667
019640 515
019648 897
019656 578
019664 348
019672 377
019680 722
019688 357
019696 559
019704 132
024323 639
024331 464
024339 566
024347 627
024355 247
024363 165
024371 63
024379 691
024387 341
024395 420
024403 368
024411 760
024419 204
024427 915
024435 740
024443 853
024451 331
024459 925
024467 397
024475 987
024483 457
024491 300
024499 701
024507 333
024515 292
024523 591
024531 333
024539 108
024547 57
024555 251
024563 272
024571 724
024065 547
024073 53
024081 97
024089 567
024097 391
024105 974
024113 958
024121 390
024129 1
024137 777
024145 628
024153 140
024161 59
024169 804
024177 176
024185 220
024193 281
024201 680
024209 893
024217 180
024225 199
024233 357
024241 457
024249 824
024257 16
024265 862
024273 42
024281 395
024289 530
024297 384
024305 940
024313 556
023300 178
023308 709
023316 825
023324 925
023332 394
023340 500
023348 584
023356 858
023364 882
023372 244
023380 302
023388 314
023396 69
023404 291
023412 709
023420 874
023428 143
023436 903
023444 40
023452 836
023460 440
023468 255
023476 481
023484 689
023492 971
023500 45
023508 492
023516 63
023524 93
023532 277
023540 807
023548 876
023298 848
023306 353
023314 39
023322 638
023330 981
023338 87
023346 533
023354 453
023362 27
023370 476
023378 819
023386 35
023394 855
023402 31
023410 442
023418 217
023426 584
023434 962
023442 350
023450 786
023458 972
023466 879
023474 870
023482 727
023490 896
023498 30
023506 132
023514 442
023522 370
023530 336
023538 222
023546 642
023557 564
023565 372
023573 548
023581 864
023589 544
023597 814
023605 136
023613 945
023621 530
023629 328
023637 514
023645 305
023653 519
023661 354
023669 332
023677 984
023685 756
023693 149
023701 104
023709 9
023717 337
023725 30
023733 53
023741 552
023749 554
023757 665
023765 529
023773 873
023781 256
023789 127
023797 42
023805 743
023558 483
023566 742
023574 5
023582 687
023590 943
023598 430
023606 507
023614 878
023622 679
023630 409
023638 175
023646 845
023654 654
023662 242
023670 803
023678 493
023686 515
023694 557
023702 761
023710 480
023718 397
023726 829
023734 172
023742 401
023750 933
023758 265
023766 732
023774 507
023782 348
023790 515
023798 126
023806 115
024327 240
024335 983
024343 734
024351 667
024359 679
024367 528
024375 310
024383 733
024391 817
024399 397
024407 279
024415 430
024423 984
024431 603
024439 810
024447 446
024455 969
024463 670
024471 490
024479 51
024487 101
024495 716
024503 850
024511 464
024519 122
024527 686
024535 8
024543 215
024551 630
024559 927
024567 659
024575 29
019712 120
019720 540
019728 402
019736 981
019744 665
019752 757
019760 183
019768 876
019776 668
019784 448
019792 586
019800 637
019808 72
019816 127
019824 836
019832 587
019840 414
019848 37
019856 552
019864 811
019872 321
019880 770
019888 727
019896 51
019904 37
019912 945
019920 49
019928 783
019936 975
019944 530
019952 963
019960 612
024579 63
024587 712
024595 860
024603 495
024611 576
024619 937
024627 277
024635 822
024643 561
024651 272
024659 347
024667 520
024675 517
024683 68
024691 498
024699 10
024707 775
024715 953
024723 458
024731 37
024739 654
024747 854
024755 357
024763 610
024771 371
024779 157
024787 540
024795 410
024803 828
024811 831
024819 238
024827 191
024321 265
024329 171
024337 416
024345 952
024353 512
024361 167
024369 905
024377 344
024385 820
024393 849
024401 38
024409 605
024417 684
024425 591
024433 432
024441 877
024449 774
024457 717
024465 162
024473 84
024481 566
024489 643
024497 507
024505 59
024513 241
024521 956
024529 504
024537 166
024545 245
024553 225
024561 492
024569 576
023556 783
023564 997
023572 531
023580 190
023588 948
023596 912
023604 405
023612 926
023620 95
023628 674
023636 739
023644 885
023652 754
023660 807
023668 672
023676 816
023684 546
023692 765
023700 921
023708 195
023716 970
023724 295
023732 577
023740 339
023748 718
023756 539
023764 942
023772 210
023780 321
023788 797
023796 93
023804 289
023554 378
023562 327
023570 64
023578 825
023586 729
023594 373
023602 272
023610 319
023618 185
023626 126
023634 803
023642 326
023650 853
023658 676
023666 216
023674 681
023682 936
023690 20
023698 787
023706 652
023714 669
023722 974
023730 456
023738 962
023746 273
023754 704
023762 764
023770 987
023778 718
023786 415
023794 404
023802 654
023813 378
023821 895
023829 65
023837 482
023845 300
023853 362
023861 173
023869 357
023877 267
023885 526
023893 134
023901 627
023909 930
023917 670
023925 8
023933 595
023941 843
023949 122
023957 225
023965 330
023973 940
023981 342
023989 460
023997 367
024005 798
024013 848
024021 263
024029 794
024037 870
024045 119
024053 572
024061 542
023814 129
023822 446
023830 553
023838 365
023846 45
023854 273
023862 427
023870 139
023878 889
023886 327
023894 111
023902 357
023910 968
023918 783
023926 141
023934 925
023942 346
023950 539
023958 127
023966 728
023974 640
023982 424
023990 987
023998 525
024006 707
024014 312
024022 161
024030 734
024038 624
024046 548
024054 924
024062 679
024583 998
024591 896
024599 183
024607 956
024615 273
024623 449
024631 42
024639 520
024647 32
024655 221
024663 13
024671 44
024679 444
024687 501
024695 870
024703 52
024711 562
024719 386
024727 339
024735 135
024743 637
024751 857
024759 680
024767 593
024775 19
024783 706
024791 579
024799 698
024807 745
024815 154
024823 676
024831 955
019968 966
019976 514
019984 758
019992 660
020000 71
020008 439
020016 507
020024 197
020032 886
020040 920
020048 954
020056 566
020064 36
020072 795
020080 355
020088 180
020096 4
020104 928
020112 361
020120 473
020128 251
020136 781
020144 206
020152 12
020160 528
020168 49
020176 913
020184 194
020192 174
020200 493
020208 576
020216 755
024835 57
024843 358
024851 845
024859 47
024867 912
024875 382
024883 450
024891 758
024899 525
024907 314
024915 996
024923 836
024931 228
024939 872
024947 688
024955 697
024963 999
024971 68
024979 482
024987 579
024995 335
025003 428
025011 123
025019 904
025027 841
025035 643
025043 906
025051 736
025059 937
025067 82
025075 295
025083 645
024577 647
024585 10
024593 118
024601 130
024609 371
024617 426
024625 868
024633 423
024641 950
024649 883
024657 323
024665 89
024673 56
024681 432
024689 719
024697 329
024705 135
024713 712
024721 483
024729 775
024737 568
024745 475
024753 711
024761 548
024769 687
024777 911
024785 153
024793 692
024801 421
024809 787
024817 982
024825 983
023812 438
023820 389
023828 622
023836 130
023844 601
023852 871
023860 339
023868 135
023876 577
023884 942
023892 301
023900 416
023908 231
023916 462
023924 159
023932 874
023940 73
023948 940
023956 70
023964 735
023972 231
023980 936
023988 551
023996 337
024004 570
024012 506
024020 372
024028 553
024036 47
024044 550
024052 596
024060 271
023810 668
023818 206
023826 553
023834 135
023842 219
023850 316
023858 708
023866 287
023874 677
023882 519
023890 81
023898 589
023906 89
023914 971
023922 719
023930 413
023938 881
023946 82
023954 777
023962 108
023970 970
023978 739
023986 432
023994 395
024002 949
024010 866
024018 289
024026 815
024034 873
024042 775
024050 118
024058 929
024069 476
024077 572
024085 785
024093 825
024101 742
024109 753
024117 409
024125 639
024133 451
024141 339
024149 232
024157 73
024165 247
024173 463
024181 893
024189 368
024197 994
024205 162
024213 689
024221 697
024229 291
024237 81
024245 984
024253 781
024261 492
024269 424
024277 602
024285 432
024293 145
024301 690
024309 186
024317 129
024070 429
024078 676
024086 979
024094 639
024102 645
024110 413
024118 586
024126 300
024134 756
024142 118
024150 664
024158 762
024166 590
024174 644
024182 139
024190 403
024198 133
024206 21
024214 125
024222 894
024230 464
024238 556
024246 83
024254 37
024262 192
024270 981
024278 523
024286 793
024294 865
024302 70
024310 579
024318 256
024839 358
024847 89
024855 663
024863 906
024871 547
024879 869
024887 110
024895 21
024903 70
024911 684
024919 442
024927 668
024935 623
024943 386
024951 193
024959 575
024967 933
024975 575
024983 199
024991 225
024999 45
025007 649
025015 163
025023 772
025031 193
025039 757
025047 735
025055 25
025063 250
025071 511
025079 518
025087 176
025091 364
025099 645
025107 633
025115 286
025123 521
025131 360
025139 906
025147 630
025155 944
025163 9
025171 271
025179 831
025187 43
025195 199
025203 827
025211 258
025219 972
025227 728
025235 312
025243 648
025251 588
025259 855
025267 650
025275 176
025283 887
025291 13
025299 150
025307 231
025315 949
025323 8
025331 243
025339 891
020224 19
020232 344
020240 928
020248 795
020256 727
020264 695
020272 387
020280 911
020288 421
020296 497
020304 705
020312 183
020320 509
020328 791
020336 138
020344 347
020352 474
020360 881
020368 131
020376 626
020384 468
020392 245
020400 570
020408 870
020416 67
020424 938
020432 359
020440 635
020448 277
020456 716
020464 873
020472 748
024833 345
024841 534
024849 276
024857 133
024865 641
024873 870
024881 506
024889 602
024897 352
024905 797
024913 836
024921 606
024929 593
024937 977
024945 981
024953 47
024961 143
024969 2
024977 734
024985 890
024993 142
025001 756
025009 759
025017 132
025025 18
025033 241
025041 842
025049 499
025057 60
025065 678
025073 399
025081 90
024068 576
024076 945
024084 858
024092 987
024100 74
024108 579
024116 439
024124 18
024132 971
024140 700
024148 35
024156 794
024164 725
024172 769
024180 440
024188 409
024196 890
024204 888
024212 859
024220 97
024228 780
024236 49
024244 7
024252 279
024260 655
024268 89
024276 315
024284 682
024292 817
024300 662
024308 759
024316 312
024066 504
024074 108
024082 884
024090 858
024098 244
024106 845
024114 752
024122 646
024130 736
024138 951
024146 774
024154 101
024162 130
024170 25
024178 44
024186 475
024194 121
024202 837
024210 782
024218 169
024226 524
024234 506
024242 870
024250 949
024258 341
024266 375
024274 860
024282 250
024290 110
024298 868
024306 430
024314 352
024325 906
024333 682
024341 817
024349 826
024357 742
024365 855
024373 783
024381 484
024389 798
024397 2
024405 925
024413 236
024421 17
024429 805
024437 687
024445 891
024453 374
024461 152
024469 445
024477 745
024485 700
024493 696
024501 307
024509 2
024517 50
024525 811
024533 5
024541 121
024549 779
024557 541
024565 745
024573 191
024326 130
024334 749
024342 847
024350 764
024358 943
024366 756
024374 906
024382 402
024390 334
024398 27
024406 90
024414 687
024422 46
024430 803
024438 334
024446 542
024454 705
024462 95
024470 108
024478 142
024486 376
024494 21
024502 891
024510 138
024518 205
024526 750
024534 842
024542 562
024550 211
024558 899
024566 129
024574 918
025095 10
025103 404
025111 396
025119 585
025127 201
025135 995
025143 160
025151 109
025159 696
025167 535
025175 548
025183 852
025191 390
025199 499
025207 677
025215 816
025223 25
025231 397
025239 252
025247 820
025255 357
025263 419
025271 723
025279 394
025287 979
025295 765
025303 772
025311 527
025319 931
025327 889
025335 850
025343 728
020480 297
020488 918
020496 179
020504 108
020512 953
020520 727
020528 423
020536 585
020544 335
020552 868
020560 994
020568 2
020576 105
020584 197
020592 740
020600 953
020608 724
020616 580
020624 164
020632 284
020640 988
020648 495
020656 365
020664 618
020672 958
020680 125
020688 415
020696 346
020704 465
020712 959
020720 553
020728 764
025347 910
025355 88
025363 24
025371 502
025379 436
025387 96
025395 358
025403 648
025411 473
025419 295
025427 543
025435 902
025443 715
025451 64
025459 531
025467 75
025475 681
025483 905
025491 269
025499 323
025507 497
025515 365
025523 334
025531 375
025539 783
025547 589
025555 563
025563 884
025571 447
025579 996
025587 947
025595 779
025089 37
025097 245
025105 457
025113 495
025121 71
025129 132
025137 726
025145 55
025153 739
025161 336
025169 747
025177 887
025185 493
025193 30
025201 303
025209 418
025217 722
025225 932
025233 717
025241 180
025249 649
025257 980
025265 505
025273 877
025281 279
025289 309
025297 49
025305 445
025313 844
025321 921
025329 541
025337 170
024324 412
024332 610
024340 875
024348 587
024356 684
024364 207
024372 564
024380 117
024388 671
024396 513
024404 60
024412 987
024420 653
024428 448
024436 48
024444 280
024452 325
024460 958
024468 19
024476 979
024484 458
024492 846
024500 825
024508 381
024516 178
024524 562
024532 569
024540 773
024548 3
024556 142
024564 318
024572 101
024322 508
024330 519
024338 639
024346 936
024354 798
024362 328
024370 274
024378 540
024386 513
024394 255
024402 913
024410 784
024418 915
024426 238
024434 880
024442 69
024450 707
024458 420
024466 633
024474 752
024482 737
024490 393
024498 961
024506 83
024514 73
024522 767
024530 879
024538 57
024546 452
024554 763
024562 788
024570 265
024581 989
024589 430
024597 378
024605 844
024613 804
024621 970
024629 684
024637 81
024645 992
024653 274
024661 372
024669 464
024677 733
024685 624
024693 726
024701 425
024709 523
024717 87
024725 844
024733 156
024741 573
024749 50
024757 516
024765 735
024773 585
024781 190
024789 331
024797 397
024805 21
024813 863
024821 870
024829 810
024582 216
024590 231
024598 911
024606 862
024614 678
024622 789
024630 870
024638 503
024646 113
024654 761
024662 364
024670 513
024678 253
024686 776
024694 433
024702 949
024710 514
024718 935
024726 648
024734 764
024742 238
024750 69
024758 180
024766 798
024774 784
024782 777
024790 468
024798 175
024806 638
024814 397
024822 443
024830 85
025351 426
025359 280
025367 779
025375 178
025383 606
025391 285
025399 447
025407 527
025415 707
025423 533
025431 227
025439 64
025447 545
025455 561
025463 569
025471 664
025479 285
025487 543
025495 801
025503 881
025511 754
025519 966
025527 886
025535 920
025543 616
025551 253
025559 485
025567 666
025575 664
025583 690
025591 408
025599 348
025603 305
025611 237
025619 4
025627 488
025635 506
025643 784
025651 536
025659 783
025667 117
025675 261
025683 647
025691 469
025699 613
025707 830
025715 94
025723 708
025731 774
025739 690
025747 433
025755 241
025763 268
025771 464
025779 451
025787 729
025795 583
025803 610
025811 696
025819 343
025827 667
025835 216
025843 559
025851 918
020736 363
020744 198
020752 973
020760 494
020768 241
020776 966
020784 23
020792 46
020800 463
020808 90
020816 620
020824 34
020832 751
020840 368
020848 164
020856 922
020864 985
020872 11
020880 231
020888 876
020896 206
020904 406
020912 618
020920 878
020928 107
020936 13
020944 866
020952 53
020960 403
020968 830
020976 769
020984 302
025345 61
025353 731
025361 563
025369 246
025377 995
025385 311
025393 583
025401 468
025409 694
025417 535
025425 317
025433 481
025441 937
025449 439
025457 773
025465 867
025473 879
025481 435
025489 856
025497 5
025505 715
025513 280
025521 61
025529 751
025537 985
025545 566
025553 971
025561 759
025569 423
025577 379
025585 263
025593 578
024578 466
024586 349
024594 439
024602 259
024610 930
024618 370
024626 137
024634 745
024642 308
024650 618
024658 141
024666 960
024674 798
024682 164
024690 127
024698 860
024706 447
024714 618
024722 898
024730 733
024738 230
024746 125
024754 652
024762 970
024770 660
024778 844
024786 844
024794 214
024802 712
024810 689
024818 939
024826 579
024580 393
024588 804
024596 221
024604 276
024612 581
024620 377
024628 617
024636 931
024644 498
024652 12
024660 559
024668 33
024676 581
024684 572
024692 92
024700 194
024708 193
024716 123
024724 76
024732 638
024740 224
024748 216
024756 279
024764 388
024772 434
024780 370
024788 18
024796 238
024804 415
024812 60
024820 863
024828 115
024837 235
024845 340
024853 102
024861 854
024869 670
024877 208
024885 929
024893 271
024901 448
024909 988
024917 323
024925 448
024933 402
024941 94
024949 398
024957 370
024965 513
024973 667
024981 773
024989 735
024997 290
025005 380
025013 294
025021 999
025029 29
025037 800
025045 905
025053 243
025061 909
025069 497
025077 199
025085 460
024838 667
024846 153
024854 155
024862 368
024870 450
024878 218
024886 100
024894 711
024902 297
024910 283
024918 218
024926 594
024934 732
024942 479
024950 16
024958 916
024966 73
024974 195
024982 45
024990 919
024998 584
025006 831
025014 631
025022 331
025030 469
025038 194
025046 873
025054 591
025062 281
025070 857
025078 310
025086 526
025607 252
025615 428
025623 230
025631 130
025639 41
025647 456
025655 398
025663 862
025671 808
025679 869
025687 66
025695 450
025703 422
025711 311
025719 418
025727 109
025735 742
025743 806
025751 966
025759 703
025767 442
025775 633
025783 692
025791 255
025799 419
025807 1
025815 961
025823 239
025831 919
025839 884
025847 73
025855 776
025859 590
025867 745
025875 985
025883 877
025891 52
025899 155
025907 425
025915 420
025923 908
025931 31
025939 611
025947 221
025955 514
025963 735
025971 791
025979 775
025987 503
025995 170
026003 743
026011 762
026019 484
026027 92
026035 279
026043 275
026051 847
026059 884
026067 623
026075 723
026083 727
026091 962
026099 217
026107 866
020992 622
021000 869
021008 499
021016 277
021024 457
021032 782
021040 670
021048 884
021056 876
021064 183
021072 372
021080 647
021088 192
021096 509
021104 281
021112 557
021120 369
021128 470
021136 65
021144 120
021152 454
021160 826
021168 245
021176 520
021184 462
021192 745
021200 345
021208 867
021216 325
021224 786
021232 210
021240 56
025601 342
025609 232
025617 733
025625 58
025633 708
025641 72
025649 796
025657 154
025665 557
025673 652
025681 904
025689 252
025697 238
025705 761
025713 469
025721 704
025729 573
025737 640
025745 733
025753 432
025761 171
025769 228
025777 2
025785 573
025793 868
025801 1
025809 654
025817 722
025825 905
025833 942
025841 708
025849 183
024834 350
024842 239
024850 13
024858 221
024866 642
024874 621
024882 499
024890 57
024898 308
024906 894
024914 749
024922 246
024930 194
024938 157
024946 52
024954 269
024962 64
024970 749
024978 959
024986 737
024994 97
025002 48
025010 927
025018 810
025026 258
025034 763
025042 98
025050 63
025058 488
025066 893
025074 957
025082 258
024836 106
024844 663
024852 869
024860 758
024868 787
024876 201
024884 99
024892 418
024900 586
024908 183
024916 119
024924 588
024932 624
024940 559
024948 47
024956 962
024964 285
024972 222
024980 477
024988 251
024996 400
025004 189
025012 768
025020 213
025028 110
025036 426
025044 371
025052 24
025060 781
025068 571
025076 95
025084 982
025093 392
025101 103
025109 132
025117 718
025125 602
025133 146
025141 681
025149 583
025157 381
025165 75
025173 343
025181 951
025189 420
025197 771
025205 417
025213 739
025221 324
025229 309
025237 524
025245 255
025253 150
025261 429
025269 32
025277 525
025285 14
025293 262
025301 571
025309 348
025317 669
025325 327
025333 772
025341 603
025094 107
025102 911
025110 972
025118 875
025126 670
025134 398
025142 361
025150 59
025158 688
025166 508
025174 570
025182 4
025190 66
025198 893
025206 941
025214 764
025222 511
025230 399
025238 295
025246 204
025254 644
025262 314
025270 354
025278 272
025286 204
025294 482
025302 858
025310 961
025318 406
025326 562
025334 773
025342 705
025863 84
025871 64
025879 666
025887 255
025895 38
025903 657
025911 349
025919 12
025927 368
025935 548
025943 983
025951 369
025959 511
025967 294
025975 615
025983 556
025991 217
025999 178
026007 933
026015 11
026023 709
026031 136
026039 197
026047 159
026055 83
026063 187
026071 511
026079 445
026087 185
026095 401
026103 910
026111 282
026115 684
026123 560
026131 266
026139 274
026147 444
026155 963
026163 948
026171 358
026179 876
026187 732
026195 797
026203 205
026211 455
026219 671
026227 976
026235 838
026243 21
026251 931
026259 368
026267 485
026275 331
026283 187
026291 308
026299 725
026307 228
026315 324
026323 201
026331 491
026339 768
026347 4
026355 426
026363 487
021248 58
021256 548
021264 142
021272 509
021280 497
021288 870
021296 243
021304 497
021312 189
021320 690
021328 51
021336 317
021344 965
021352 693
021360 815
021368 949
021376 487
021384 981
021392 437
021400 564
021408 453
021416 678
021424 782
021432 7
021440 506
021448 165
021456 834
021464 173
021472 186
021480 265
021488 288
021496 871
025857 860
025865 909
025873 142
025881 823
025889 754
025897 83
025905 819
025913 495
025921 577
025929 406
025937 576
025945 318
025953 108
025961 489
025969 774
025977 931
025985 689
025993 357
026001 304
026009 199
026017 82
026025 717
026033 98
026041 873
026049 386
026057 810
026065 848
026073 481
026081 770
026089 691
026097 219
026105 925
025090 824
025098 213
025106 451
025114 274
025122 770
025130 509
025138 834
025146 118
025154 407
025162 164
025170 148
025178 720
025186 407
025194 738
025202 177
025210 851
025218 391
025226 281
025234 558
025242 642
025250 332
025258 577
025266 198
025274 356
025282 192
025290 66
025298 34
025306 552
025314 574
025322 823
025330 369
025338 511
025092 655
025100 885
025108 134
025116 356
025124 405
025132 520
025140 57
025148 629
025156 430
025164 924
025172 429
025180 459
025188 65
025196 122
025204 56
025212 626
025220 984
025228 443
025236 958
025244 547
025252 602
025260 515
025268 905
025276 666
025284 443
025292 974
025300 616
025308 485
025316 744
025324 904
025332 59
025340 477
025349 115
025357 497
025365 205
025373 741
025381 109
025389 778
025397 635
025405 926
025413 535
025421 1
025429 205
025437 606
025445 235
025453 938
025461 690
025469 404
025477 342
025485 935
025493 886
025501 787
025509 419
025517 690
025525 723
025533 248
025541 580
025549 390
025557 99
025565 74
025573 961
025581 991
025589 401
025597 542
025350 766
025358 314
025366 518
025374 489
025382 163
025390 920
025398 132
025406 499
025414 577
025422 466
025430 681
025438 436
025446 539
025454 943
025462 731
025470 116
025478 813
025486 997
025494 399
025502 481
025510 593
025518 80
025526 665
025534 5
025542 346
025550 20
025558 985
025566 180
025574 290
025582 164
025590 275
025598 554
026119 315
026127 136
026135 235
026143 906
026151 0
026159 34
026167 383
026175 618
026183 708
026191 179
026199 94
026207 66
026215 330
026223 51
026231 385
026239 123
026247 774
026255 343
026263 443
026271 777
026279 687
026287 521
026295 607
026303 147
026311 613
026319 460
026327 196
026335 419
026343 73
026351 290
026359 585
026367 146
026371 618
026379 888
026387 674
026395 228
026403 911
026411 244
026419 275
026427 606
026435 549
026443 315
026451 540
026459 739
026467 930
026475 537
026483 979
026491 764
026499 936
026507 517
026515 74
026523 658
026531 838
026539 625
026547 578
026555 220
026563 830
026571 571
026579 533
026587 933
026595 620
026603 973
026611 134
026619 764
021504 854
021512 230
021520 307
021528 194
021536 561
021544 999
021552 384
021560 738
021568 489
021576 985
021584 512
021592 338
021600 645
021608 526
021616 746
021624 911
021632 98
021640 484
021648 943
021656 771
021664 299
021672 636
021680 278
021688 930
021696 534
021704 845
021712 790
021720 166
021728 409
021736 822
021744 542
021752 165
026113 410
026121 76
026129 282
026137 742
026145 349
026153 903
026161 922
026169 435
026177 981
026185 215
026193 488
026201 106
026209 884
026217 205
026225 847
026233 35
026241 924
026249 769
026257 915
026265 65
026273 380
026281 178
026289 609
026297 164
026305 256
026313 330
026321 277
026329 254
026337 852
026345 58
026353 376
026361 547
025346 465
025354 523
025362 177
025370 174
025378 204
025386 208
025394 753
025402 262
025410 212
025418 711
025426 131
025434 947
025442 693
025450 51
025458 612
025466 584
025474 914
025482 490
025490 576
025498 447
025506 687
025514 626
025522 239
025530 534
025538 660
025546 638
025554 163
025562 211
025570 615
025578 894
025586 842
025594 70
025348 500
025356 543
025364 108
025372 834
025380 925
025388 708
025396 413
025404 126
025412 603
025420 961
025428 145
025436 835
025444 844
025452 26
025460 417
025468 772
025476 278
025484 349
025492 716
025500 155
025508 342
025516 878
025524 197
025532 149
025540 677
025548 178
025556 222
025564 589
025572 81
025580 150
025588 685
025596 374
025605 297
025613 491
025621 432
025629 916
025637 414
025645 717
025653 535
025661 342
025669 313
025677 158
025685 506
025693 585
025701 831
025709 135
025717 145
025725 795
025733 812
025741 332
025749 567
025757 266
025765 384
025773 381
025781 750
025789 846
025797 546
025805 51
025813 380
025821 124
025829 63
025837 761
025845 316
025853 22
025606 315
025614 286
025622 794
025630 779
025638 377
025646 213
025654 766
025662 806
025670 689
025678 605
025686 505
025694 266
025702 743
025710 789
025718 88
025726 908
025734 874
025742 491
025750 305
025758 911
025766 642
025774 897
025782 94
025790 491
025798 7
025806 414
025814 432
025822 720
025830 881
025838 405
025846 113
025854 383
026375 275
026383 824
026391 245
026399 502
026407 297
026415 227
026423 687
026431 78
026439 604
026447 964
026455 380
026463 569
026471 287
026479 585
026487 804
026495 563
026503 882
026511 85
026519 327
026527 313
026535 187
026543 822
026551 326
026559 517
026567 919
026575 481
026583 667
026591 982
026599 623
026607 410
026615 253
026623 339
026627 79
026635 297
026643 328
026651 320
026659 50
026667 454
026675 203
026683 270
026691 74
026699 504
026707 523
026715 454
026723 327
026731 906
026739 417
026747 403
026755 29
026763 228
026771 670
026779 770
026787 878
026795 12
026803 953
026811 24
026819 102
026827 673
026835 249
026843 241
026851 703
026859 531
026867 941
026875 145
026369 286
026377 25
026385 204
026393 190
026401 290
026409 596
026417 801
026425 272
026433 74
026441 642
026449 895
026457 283
026465 732
026473 132
026481 75
026489 143
026497 769
026505 163
026513 171
026521 509
026529 618
026537 164
026545 882
026553 230
026561 753
026569 472
026577 786
026585 42
026593 575
026601 573
026609 500
026617 82
021760 513
021768 359
021776 501
021784 599
021792 571
021800 554
021808 138
021816 955
021824 631
021832 318
021840 491
021848 63
021856 667
021864 302
021872 599
021880 763
021888 851
021896 954
021904 669
021912 707
021920 742
021928 911
021936 637
021944 153
021952 226
021960 616
021968 597
021976 720
021984 378
021992 518
022000 697
022008 968
025602 264
025610 40
025618 111
025626 949
025634 952
025642 296
025650 592
025658 724
025666 666
025674 447
025682 581
025690 227
025698 968
025706 843
025714 869
025722 510
025730 937
025738 973
025746 330
025754 777
025762 605
025770 879
025778 432
025786 254
025794 276
025802 594
025810 57
025818 238
025826 711
025834 553
025842 43
025850 915
025604 10
025612 107
025620 233
025628 35
025636 806
025644 76
025652 702
025660 384
025668 184
025676 693
025684 31
025692 919
025700 143
025708 864
025716 923
025724 482
025732 716
025740 393
025748 793
025756 10
025764 101
025772 424
025780 262
025788 437
025796 189
025804 369
025812 347
025820 161
025828 454
025836 322
025844 19
025852 770
025861 65
025869 721
025877 975
025885 685
025893 935
025901 839
025909 15
025917 386
025925 577
025933 151
025941 247
025949 243
025957 755
025965 145
025973 610
025981 548
025989 32
025997 277
026005 573
026013 163
026021 197
026029 377
026037 233
026045 96
026053 918
026061 780
026069 602
026077 633
026085 175
026093 229
026101 750
026109 407
025862 807
025870 428
025878 277
025886 50
025894 312
025902 992
025910 202
025918 575
025926 64
025934 850
025942 714
025950 378
025958 802
025966 339
025974 920
025982 198
025990 908
025998 617
026006 977
026014 520
026022 739
026030 998
026038 77
026046 394
026054 947
026062 121
026070 144
026078 701
026086 699
026094 969
026102 929
026110 18
026631 760
026639 352
026647 922
026655 224
026663 432
026671 503
026679 383
026687 188
026695 490
026703 799
026711 154
026719 325
026727 92
026735 540
026743 266
026751 432
026759 865
026767 642
026775 524
026783 708
026791 646
026799 729
026807 165
026815 969
026823 154
026831 79
026839 958
026847 521
026855 838
026863 915
026871 185
026879 564
026883 760
026891 130
026899 656
026907 631
026915 889
026923 883
026931 607
026939 785
026947 241
026955 379
026963 285
026971 990
026979 419
026987 254
026995 740
027003 839
027011 915
027019 614
027027 332
027035 156
027043 807
027051 294
027059 649
027067 414
027075 567
027083 799
027091 229
027099 700
027107 595
027115 368
027123 736
027131 103
026625 380
026633 930
026641 676
026649 595
026657 581
026665 634
026673 204
026681 998
026689 208
026697 681
026705 237
026713 754
026721 767
026729 193
026737 45
026745 663
026753 662
026761 575
026769 960
026777 89
026785 44
026793 659
026801 233
026809 651
026817 756
026825 912
026833 108
026841 809
026849 416
026857 107
026865 894
026873 787
022016 425
022024 911
022032 477
022040 242
022048 919
022056 444
022064 50
022072 677
022080 813
022088 819
022096 352
022104 834
022112 603
022120 629
022128 74
022136 386
022144 868
022152 813
022160 423
022168 469
022176 586
022184 967
022192 501
022200 490
022208 298
022216 41
022224 162
022232 470
022240 223
022248 348
022256 708
022264 795
025858 990
025866 858
025874 716
025882 883
025890 513
025898 563
025906 912
025914 456
025922 493
025930 532
025938 811
025946 892
025954 601
025962 253
025970 149
025978 718
025986 900
025994 824
026002 225
026010 303
026018 952
026026 619
026034 855
026042 197
026050 786
026058 265
026066 845
026074 267
026082 927
026090 535
026098 434
026106 428
025860 537
025868 630
025876 684
025884 747
025892 182
025900 79
025908 691
025916 818
025924 51
025932 143
025940 968
025948 837
025956 210
025964 156
025972 569
025980 636
025988 276
025996 155
026004 903
026012 744
026020 551
026028 726
026036 514
026044 193
026052 481
026060 718
026068 615
026076 501
026084 281
026092 659
026100 166
026108 508
026117 620
026125 383
026133 318
026141 598
026149 900
026157 993
026165 370
026173 499
026181 527
026189 670
026197 919
026205 904
026213 400
026221 809
026229 755
026237 970
026245 772
026253 459
026261 869
026269 927
026277 310
026285 37
026293 3
026301 337
026309 239
026317 841
026325 682
026333 624
026341 572
026349 201
026357 944
026365 548
026118 51
026126 766
026134 781
026142 495
026150 678
026158 948
026166 243
026174 327
026182 138
026190 898
026198 165
026206 178
026214 22
026222 625
026230 662
026238 246
026246 35
026254 607
026262 583
026270 329
026278 786
026286 590
026294 277
026302 919
026310 745
026318 391
026326 42
026334 42
026342 562
026350 309
026358 63
026366 27
026887 143
026895 772
026903 962
026911 358
026919 302
026927 322
026935 206
026943 170
026951 382
026959 56
026967 189
026975 929
026983 143
026991 539
026999 32
027007 114
027015 56
027023 72
027031 160
027039 882
027047 226
027055 978
027063 976
027071 108
027079 823
027087 279
027095 495
027103 100
027111 999
027119 414
027127 763
027135 96
026881 339
026889 463
026897 835
026905 697
026913 412
026921 152
026929 716
026937 218
026945 721
026953 386
026961 79
026969 79
026977 164
026985 868
026993 20
027001 990
027009 32
027017 631
027025 409
027033 404
027041 457
027049 293
027057 685
027065 789
027073 761
027081 938
027089 195
027097 321
027105 535
027113 921
027121 799
027129 275
027139 525
027147 701
027155 273
027163 625
027171 416
027179 132
027187 97
027195 130
027203 934
027211 839
027219 639
027227 575
027235 654
027243 45
027251 523
027259 137
027267 551
027275 690
027283 320
027291 615
027299 811
027307 473
027315 143
027323 9
027331 103
027339 108
027347 68
027355 424
027363 521
027371 558
027379 741
027387 776
022272 495
022280 175
022288 355
022296 258
022304 243
022312 110
022320 238
022328 389
022336 376
022344 371
022352 488
022360 758
022368 266
022376 196
022384 544
022392 166
022400 719
022408 596
022416 497
022424 184
022432 956
022440 397
022448 464
022456 438
022464 382
022472 94
022480 993
022488 305
022496 911
022504 524
022512 208
022520 793
026114 207
026122 513
026130 975
026138 922
026146 740
026154 316
026162 369
026170 414
026178 1
026186 698
026194 291
026202 283
026210 990
026218 540
026226 13
026234 242
026242 622
026250 636
026258 612
026266 465
026274 607
026282 689
026290 366
026298 309
026306 425
026314 773
026322 183
026330 540
026338 632
026346 453
026354 596
026362 969
026116 915
026124 707
026132 537
026140 831
026148 815
026156 350
026164 994
026172 163
026180 402
026188 587
026196 138
026204 195
026212 762
026220 233
026228 430
026236 622
026244 173
026252 816
026260 94
026268 356
026276 619
026284 822
026292 734
026300 63
026308 794
026316 66
026324 873
026332 564
026340 565
026348 385
026356 139
026364 150
026373 485
026381 310
026389 931
026397 577
026405 80
026413 205
026421 44
026429 304
026437 139
026445 475
026453 66
026461 42
026469 364
026477 829
026485 171
026493 793
026501 512
026509 486
026517 55
026525 191
026533 27
026541 937
026549 273
026557 493
026565 499
026573 96
026581 266
026589 407
026597 29
026605 921
026613 415
026621 768
026374 325
026382 817
026390 242
026398 559
026406 369
026414 873
026422 804
026430 722
026438 175
026446 281
026454 96
026462 897
026470 790
026478 357
026486 562
026494 129
026502 751
026510 250
026518 145
026526 60
026534 0
026542 235
026550 454
026558 48
026566 749
026574 522
026582 513
026590 380
026598 81
026606 172
026614 727
026622 469
027143 596
027151 432
027159 664
027167 662
027175 830
027183 236
027191 719
027199 984
027207 629
027215 908
027223 492
027231 859
027239 510
027247 854
027255 919
027263 680
027271 937
027279 983
027287 690
027295 328
027303 580
027311 764
027319 850
027327 550
027335 965
027343 531
027351 896
027359 858
027367 176
027375 523
027383 986
027391 855
027137 857
027145 774
027153 300
027161 170
027169 563
027177 678
027185 668
027193 498
027201 759
027209 690
027217 737
027225 283
027233 249
027241 75
027249 837
027257 584
027265 70
027273 165
027281 733
027289 844
027297 433
027305 127
027313 19
027321 735
027329 272
027337 970
027345 426
027353 501
027361 173
027369 132
027377 514
027385 604
027395 57
027403 194
027411 457
027419 791
027427 467
027435 350
027443 503
027451 268
027459 542
027467 560
027475 217
027483 732
027491 185
027499 309
027507 634
027515 805
027523 109
027531 995
027539 556
027547 908
027555 212
027563 463
027571 339
027579 857
027587 886
027595 747
027603 563
027611 904
027619 651
027627 998
027635 982
027643 706
022528 446
022536 442
022544 299
022552 735
022560 663
022568 690
022576 161
022584 442
022592 331
022600 134
022608 463
022616 581
022624 685
022632 522
022640 573
022648 36
022656 344
022664 480
022672 732
022680 511
022688 109
022696 506
022704 966
022712 687
022720 327
022728 334
022736 335
022744 88
022752 401
022760 43
022768 813
022776 895
026370 118
026378 97
026386 270
026394 171
026402 612
026410 783
026418 384
026426 384
026434 201
026442 884
026450 317
026458 801
026466 5
026474 193
026482 518
026490 525
026498 150
026506 244
026514 590
026522 421
026530 485
026538 179
026546 767
026554 298
026562 11
026570 545
026578 611
026586 783
026594 632
026602 848
026610 461
026618 410
026372 450
026380 530
026388 493
026396 636
026404 153
026412 111
026420 443
026428 739
026436 501
026444 159
026452 258
026460 642
026468 269
026476 466
026484 261
026492 794
026500 15
026508 158
026516 177
026524 946
026532 520
026540 142
026548 448
026556 489
026564 787
026572 539
026580 755
026588 140
026596 235
026604 320
026612 105
026620 280
026629 894
026637 350
026645 8
026653 737
026661 861
026669 84
026677 914
026685 708
026693 217
026701 381
026709 94
026717 119
026725 277
026733 495
026741 366
026749 234
026757 894
026765 312
026773 678
026781 78
026789 843
026797 471
026805 168
026813 515
026821 680
026829 905
026837 884
026845 463
026853 115
026861 692
026869 786
026877 575
026630 476
026638 970
026646 191
026654 417
026662 954
026670 126
026678 987
026686 774
026694 402
026702 195
026710 445
026718 841
026726 24
026734 419
026742 555
026750 922
026758 988
026766 804
026774 33
026782 539
026790 582
026798 253
026806 681
026814 469
026822 788
026830 274
026838 170
026846 544
026854 672
026862 607
026870 678
026878 890
027399 137
027407 243
027415 694
027423 782
027431 306
027439 451
027447 359
027455 129
027463 416
027471 842
027479 418
027487 720
027495 233
027503 18
027511 334
027519 836
027527 344
027535 729
027543 687
027551 556
027559 816
027567 603
027575 158
027583 565
027591 112
027599 241
027607 471
027615 463
027623 54
027631 748
027639 601
027647 597
027651 235
027659 803
027667 340
027675 962
027683 87
027691 337
027699 377
027707 713
027715 442
027723 784
027731 194
027739 413
027747 542
027755 117
027763 101
027771 906
027779 630
027787 178
027795 836
027803 881
027811 713
027819 572
027827 285
027835 75
027843 77
027851 376
027859 827
027867 129
027875 34
027883 287
027891 657
027899 478
027393 237
027401 227
027409 119
027417 725
027425 608
027433 50
027441 500
027449 374
027457 815
027465 427
027473 617
027481 385
027489 318
027497 241
027505 790
027513 921
027521 413
027529 671
027537 914
027545 115
027553 758
027561 803
027569 942
027577 372
027585 772
027593 608
027601 346
027609 485
027617 470
027625 775
027633 450
027641 226
026626 361
026634 111
026642 989
026650 143
026658 985
026666 730
026674 197
026682 511
026690 119
026698 155
026706 172
026714 358
026722 222
026730 7
026738 240
026746 701
026754 934
026762 216
026770 238
026778 402
026786 760
026794 292
026802 554
026810 231
026818 776
026826 677
026834 694
026842 871
026850 89
026858 687
026866 998
026874 99
022784 272
022792 348
022800 563
022808 460
022816 986
022824 105
022832 968
022840 698
022848 699
022856 734
022864 883
022872 424
022880 307
022888 746
022896 258
022904 710
022912 190
022920 499
022928 392
022936 883
022944 931
022952 384
022960 831
022968 576
022976 492
022984 311
022992 614
023000 372
023008 335
023016 97
023024 734
023032 537
026628 614
026636 706
026644 571
026652 81
026660 663
026668 91
026676 639
026684 602
026692 720
026700 78
026708 50
026716 28
026724 164
026732 948
026740 654
026748 638
026756 13
026764 528
026772 528
026780 416
026788 198
026796 262
026804 343
026812 967
026820 459
026828 467
026836 666
026844 483
026852 902
026860 206
026868 393
026876 518
026885 979
026893 435
026901 910
026909 990
026917 51
026925 588
026933 89
026941 712
026949 887
026957 355
026965 584
026973 663
026981 777
026989 758
026997 392
027005 322
027013 367
027021 843
027029 921
027037 803
027045 826
027053 737
027061 745
027069 297
027077 362
027085 399
027093 586
027101 904
027109 812
027117 216
027125 868
027133 564
026886 481
026894 810
026902 920
026910 85
026918 554
026926 983
026934 279
026942 159
026950 193
026958 969
026966 84
026974 336
026982 770
026990 643
026998 890
027006 217
027014 965
027022 800
027030 164
027038 947
027046 822
027054 937
027062 368
027070 381
027078 271
027086 888
027094 98
027102 188
027110 647
027118 324
027126 766
027134 540
027907 410
027915 684
027923 17
027931 159
027939 946
027947 475
027955 450
027963 270
027971 26
027979 351
027987 955
027995 265
028003 846
028011 340
028019 112
028027 848
028035 965
028043 741
028051 510
028059 347
028067 673
028075 969
028083 198
028091 654
028099 419
028107 787
028115 89
028123 630
028131 270
028139 787
028147 488
028155 95
027649 939
027657 442
027665 477
027673 24
027681 727
027689 259
027697 269
027705 773
027713 494
027721 587
027729 926
027737 599
027745 863
027753 379
027761 329
027769 10
027777 460
027785 418
027793 505
027801 108
027809 496
027817 537
027825 11
027833 261
027841 999
027849 923
027857 849
027865 189
027873 13
027881 846
027889 130
027897 190
027655 910
027663 459
027671 178
027679 333
027687 141
027695 755
027703 539
027711 633
027719 507
027727 951
027735 658
027743 579
027751 186
027759 749
027767 390
027775 69
027783 571
027791 252
027799 213
027807 470
027815 836
027823 260
027831 93
027839 317
027847 719
027855 82
027863 584
027871 744
027879 857
027887 15
027895 353
027903 732
026882 507
026890 313
026898 727
026906 315
026914 248
026922 747
026930 184
026938 586
026946 803
026954 227
026962 699
026970 312
026978 963
026986 317
026994 707
027002 579
027010 510
027018 918
027026 178
027034 233
027042 591
027050 241
027058 521
027066 9
027074 161
027082 913
027090 339
027098 317
027106 267
027114 804
027122 729
027130 718
023040 669
023048 942
023056 972
023064 534
023072 324
023080 541
023088 31
023096 381
023104 698
023112 124
023120 75
023128 826
023136 532
023144 547
023152 98
023160 668
023168 975
023176 882
023184 408
023192 513
023200 814
023208 366
023216 183
023224 143
023232 978
023240 980
023248 274
023256 27
023264 732
023272 325
023280 581
023288 382
026884 251
026892 320
026900 856
026908 963
026916 456
026924 924
026932 776
026940 496
026948 644
026956 115
026964 71
026972 181
026980 425
026988 95
026996 767
027004 429
027012 169
027020 333
027028 748
027036 864
027044 558
027052 821
027060 942
027068 69
027076 682
027084 32
027092 88
027100 871
027108 641
027116 172
027124 572
027132 231
027141 486
027149 587
027157 38
027165 414
027173 784
027181 657
027189 548
027197 46
027205 984
027213 533
027221 998
027229 419
027237 999
027245 731
027253 499
027261 408
027269 162
027277 926
027285 515
027293 128
027301 966
027309 371
027317 115
027325 631
027333 347
027341 722
027349 956
027357 104
027365 937
027373 963
027381 408
027389 69
027142 594
027150 41
027158 531
027166 147
027174 859
027182 534
027190 671
027198 224
027206 181
027214 358
027222 402
027230 540
027238 987
027246 778
027254 548
027262 337
027270 61
027278 170
027286 866
027294 795
027302 756
027310 28
027318 798
027326 689
027334 555
027342 409
027350 360
027358 318
027366 369
027374 523
027382 26
027390 795
028163 139
028171 917
028179 47
028187 917
028195 714
028203 291
028211 171
028219 645
028227 421
028235 170
028243 726
028251 203
028259 477
028267 341
028275 988
028283 576
028291 977
028299 791
028307 137
028315 129
028323 322
028331 30
028339 658
028347 141
028355 71
028363 160
028371 814
028379 918
028387 328
028395 623
028403 736
028411 376
027905 144
027913 411
027921 911
027929 856
027937 749
027945 109
027953 710
027961 308
027969 711
027977 966
027985 826
027993 950
028001 24
028009 719
028017 4
028025 488
028033 702
028041 714
028049 908
028057 2
028065 604
028073 750
028081 590
028089 46
028097 807
028105 577
028113 859
028121 180
028129 561
028137 648
028145 661
028153 515
027138 831
027146 660
027154 577
027162 757
027170 94
027178 402
027186 539
027194 946
027202 94
027210 206
027218 620
027226 814
027234 900
027242 755
027250 829
027258 458
027266 955
027274 160
027282 266
027290 566
027298 919
027306 559
027314 263
027322 329
027330 17
027338 788
027346 794
027354 894
027362 121
027370 713
027378 4
027386 265
027911 164
027919 702
027927 989
027935 739
027943 483
027951 563
027959 709
027967 648
027975 329
027983 108
027991 698
027999 76
028007 934
028015 947
028023 867
028031 570
028039 962
028047 291
028055 630
028063 488
028071 851
028079 364
028087 217
028095 888
028103 112
028111 276
028119 907
028127 955
028135 676
028143 756
028151 270
028159 474
023296 92
023304 94
023312 296
023320 998
023328 810
023336 592
023344 564
023352 947
023360 120
023368 69
023376 588
023384 815
023392 262
023400 962
023408 228
023416 69
023424 438
023432 121
023440 455
023448 511
023456 447
023464 882
023472 473
023480 172
023488 40
023496 822
023504 151
023512 307
023520 744
023528 830
023536 835
023544 647
027140 950
027148 763
027156 887
027164 805
027172 22
027180 591
027188 353
027196 273
027204 261
027212 730
027220 884
027228 699
027236 230
027244 494
027252 345
027260 743
027268 307
027276 988
027284 742
027292 494
027300 777
027308 288
027316 939
027324 181
027332 116
027340 137
027348 853
027356 77
027364 22
027372 515
027380 464
027388 648
027397 810
027405 484
027413 341
027421 64
027429 734
027437 242
027445 841
027453 948
027461 550
027469 230
027477 275
027485 255
027493 514
027501 414
027509 93
027517 746
027525 400
027533 209
027541 717
027549 653
027557 630
027565 176
027573 446
027581 52
027589 151
027597 961
027605 373
027613 771
027621 874
027629 981
027637 725
027645 767
027398 703
027406 447
027414 658
027422 869
027430 632
027438 170
027446 680
027454 356
027462 9
027470 250
027478 877
027486 160
027494 934
027502 968
027510 829
027518 660
027526 919
027534 374
027542 209
027550 586
027558 793
027566 846
027574 936
027582 151
027590 891
027598 115
027606 805
027614 225
027622 205
027630 439
027638 900
027646 318
028419 446
028427 509
028435 41
028443 612
028451 472
028459 146
028467 438
028475 655
028483 840
028491 233
028499 833
028507 328
028515 945
028523 543
028531 759
028539 886
028547 79
028555 652
028563 151
028571 267
028579 417
028587 578
028595 801
028603 282
028611 196
028619 23
028627 307
028635 3
028643 305
028651 635
028659 959
028667 260
028161 413
028169 531
028177 641
028185 849
028193 656
028201 928
028209 141
028217 487
028225 253
028233 276
028241 536
028249 39
028257 77
028265 631
028273 24
028281 582
028289 320
028297 550
028305 697
028313 847
028321 121
028329 943
028337 586
028345 112
028353 423
028361 589
028369 101
028377 393
028385 495
028393 744
028401 615
028409 308
027394 850
027402 619
027410 221
027418 402
027426 868
027434 730
027442 557
027450 421
027458 761
027466 520
027474 922
027482 475
027490 0
027498 359
027506 961
027514 869
027522 147
027530 325
027538 345
027546 364
027554 706
027562 643
027570 464
027578 985
027586 995
027594 509
027602 990
027610 873
027618 589
027626 768
027634 646
027642 744
023552 500
023560 652
023568 542
023576 184
023584 968
023592 680
023600 467
023608 287
023616 983
023624 289
023632 301
023640 174
023648 719
023656 477
023664 75
023672 480
023680 454
023688 501
023696 528
023704 956
023712 299
023720 656
023728 845
023736 125
023744 924
023752 937
023760 17
023768 817
023776 320
023784 447
023792 652
023800 649
028167 876
028175 269
028183 502
028191 490
028199 5
028207 271
028215 104
028223 857
028231 525
028239 138
028247 368
028255 715
028263 892
028271 800
028279 552
028287 225
028295 256
028303 755
028311 554
028319 429
028327 751
028335 775
028343 132
028351 64
028359 980
028367 145
028375 62
028383 42
028391 758
028399 809
028407 278
028415 149
027396 178
027404 169
027412 253
027420 509
027428 752
027436 41
027444 343
027452 850
027460 612
027468 969
027476 111
027484 199
027492 842
027500 155
027508 793
027516 594
027524 73
027532 552
027540 223
027548 563
027556 835
027564 897
027572 953
027580 223
027588 606
027596 138
027604 904
027612 829
027620 273
027628 320
027636 650
027644 903
027653 541
027661 169
027669 373
027677 595
027685 565
027693 284
027701 630
027709 471
027717 391
027725 6
027733 846
027741 336
027749 251
027757 15
027765 503
027773 440
027781 802
027789 203
027797 702
027805 618
027813 749
027821 415
027829 935
027837 927
027845 639
027853 482
027861 379
027869 340
027877 557
027885 194
027893 790
027901 246
027654 21
027662 221
027670 385
027678 63
027686 338
027694 712
027702 166
027710 783
027718 609
027726 367
027734 428
027742 88
027750 726
027758 421
027766 391
027774 598
027782 485
027790 384
027798 118
027806 618
027814 917
027822 32
027830 693
027838 68
027846 747
027854 336
027862 175
027870 958
027878 386
027886 658
027894 973
027902 248
028675 254
028683 685
028691 493
028699 883
028707 519
028715 864
028723 153
028731 798
028739 830
028747 34
028755 126
028763 419
028771 587
028779 416
028787 393
028795 609
028803 557
028811 953
028819 487
028827 111
028835 893
028843 345
028851 814
028859 621
028867 426
028875 332
028883 77
028891 251
028899 111
028907 84
028915 973
028923 416
028417 668
028425 85
028433 31
028441 465
028449 965
028457 482
028465 826
028473 961
028481 832
028489 259
028497 447
028505 832
028513 970
028521 571
028529 572
028537 68
028545 715
028553 610
028561 453
028569 809
028577 554
028585 773
028593 943
028601 724
028609 593
028617 968
028625 573
028633 741
028641 158
028649 131
028657 570
028665 315
028423 488
028431 645
028439 265
028447 137
028455 17
028463 50
028471 697
028479 650
028487 964
028495 618
028503 76
028511 544
028519 657
028527 881
028535 376
028543 53
028551 780
028559 254
028567 413
028575 920
028583 862
028591 995
028599 857
028607 736
028615 407
028623 331
028631 73
028639 737
028647 594
028655 209
028663 696
028671 506
027650 169
027658 3
027666 10
027674 440
027682 255
027690 296
027698 610
027706 549
027714 974
027722 193
027730 633
027738 631
027746 74
027754 971
027762 955
027770 100
027778 59
027786 153
027794 531
027802 79
027810 810
027818 954
027826 915
027834 435
027842 283
027850 84
027858 455
027866 488
027874 312
027882 199
027890 812
027898 36
023808 840
023816 755
023824 266
023832 533
023840 617
023848 181
023856 483
023864 906
023872 959
023880 653
023888 483
023896 291
023904 983
023912 469
023920 1
023928 775
023936 544
023944 549
023952 61
023960 776
023968 269
023976 864
023984 633
023992 697
024000 249
024008 862
024016 490
024024 357
024032 344
024040 146
024048 998
024056 468
027652 407
027660 560
027668 327
027676 468
027684 607
027692 44
027700 652
027708 482
027716 129
027724 726
027732 737
027740 335
027748 339
027756 171
027764 940
027772 724
027780 579
027788 423
027796 893
027804 412
027812 810
027820 223
027828 45
027836 622
027844 939
027852 99
027860 201
027868 973
027876 152
027884 297
027892 166
027900 340
027909 238
027917 122
027925 595
027933 356
027941 823
027949 391
027957 324
027965 794
027973 843
027981 569
027989 551
027997 296
028005 668
028013 198
028021 823
028029 928
028037 35
028045 842
028053 148
028061 712
028069 201
028077 34
028085 144
028093 632
028101 474
028109 529
028117 354
028125 555
028133 444
028141 418
028149 268
028157 853
027910 629
027918 125
027926 53
027934 901
027942 397
027950 262
027958 156
027966 62
027974 792
027982 915
027990 564
027998 427
028006 91
028014 837
028022 209
028030 116
028038 624
028046 254
028054 325
028062 260
028070 22
028078 380
028086 695
028094 403
028102 893
028110 167
028118 228
028126 654
028134 86
028142 867
028150 792
028158 235
028931 225
028939 122
028947 685
028955 934
028963 461
028971 481
028979 381
028987 610
028995 949
029003 223
029011 395
029019 684
029027 658
029035 257
029043 523
029051 103
029059 266
029067 803
029075 84
029083 736
029091 22
029099 639
029107 77
029115 791
029123 919
029131 439
029139 769
029147 489
029155 404
029163 458
029171 966
029179 860
028673 603
028681 502
028689 171
028697 311
028705 503
028713 924
028721 530
028729 481
028737 447
028745 467
028753 566
028761 746
028769 657
028777 949
028785 178
028793 60
028801 507
028809 126
028817 178
028825 974
028833 922
028841 821
028849 627
028857 402
028865 620
028873 384
028881 987
028889 13
028897 480
028905 398
028913 867
028921 597
028679 459
028687 28
028695 427
028703 613
028711 119
028719 498
028727 136
028735 546
028743 852
028751 176
028759 363
028767 744
028775 309
028783 11
028791 351
028799 78
028807 818
028815 588
028823 103
028831 421
028839 39
028847 992
028855 125
028863 25
028871 629
028879 832
028887 758
028895 13
028903 548
028911 592
028919 368
028927 9
024064 574
024072 635
024080 826
024088 630
024096 939
024104 930
024112 511
024120 134
024128 905
024136 31
024144 862
024152 378
024160 239
024168 580
024176 572
024184 101
024192 971
024200 874
024208 715
024216 839
024224 815
024232 561
024240 80
024248 852
024256 843
024264 386
024272 264
024280 669
024288 867
024296 498
024304 339
024312 656
027906 49
027914 538
027922 680
027930 376
027938 873
027946 283
027954 846
027962 92
027970 690
027978 301
027986 606
027994 989
028002 327
028010 206
028018 770
028026 650
028034 377
028042 277
028050 166
028058 926
028066 227
028074 703
028082 137
028090 908
028098 796
028106 0
028114 790
028122 823
028130 450
028138 874
028146 683
028154 13
028165 959
028173 579
028181 803
028189 748
028197 931
028205 107
028213 153
028221 860
028229 121
028237 130
028245 731
028253 524
028261 417
028269 268
028277 494
028285 172
028293 558
028301 8
028309 614
028317 997
028325 216
028333 470
028341 837
028349 632
028357 258
028365 107
028373 67
028381 997
028389 391
028397 461
028405 76
028413 740
027908 531
027916 31
027924 944
027932 484
027940 848
027948 57
027956 46
027964 721
027972 422
027980 611
027988 548
027996 636
028004 384
028012 428
028020 441
028028 944
028036 290
028044 932
028052 874
028060 245
028068 75
028076 506
028084 517
028092 744
028100 53
028108 582
028116 349
028124 972
028132 419
028140 923
028148 817
028156 602
029187 341
029195 963
029203 87
029211 290
029219 767
029227 452
029235 537
029243 952
029251 967
029259 740
029267 348
029275 201
029283 358
029291 420
029299 982
029307 919
029315 961
029323 922
029331 166
029339 271
029347 973
029355 877
029363 982
029371 352
029379 400
029387 688
029395 748
029403 183
029411 76
029419 126
029427 55
029435 516
028166 285
028174 703
028182 404
028190 72
028198 661
028206 319
028214 256
028222 2
028230 227
028238 671
028246 816
028254 706
028262 361
028270 629
028278 970
028286 498
028294 769
028302 685
028310 209
028318 556
028326 71
028334 848
028342 556
028350 623
028358 792
028366 467
028374 411
028382 440
028390 888
028398 52
028406 772
028414 777
028929 196
028937 779
028945 131
028953 722
028961 561
028969 108
028977 527
028985 394
028993 950
029001 435
029009 66
029017 638
029025 946
029033 657
029041 764
029049 329
029057 948
029065 679
029073 501
029081 556
029089 481
029097 852
029105 828
029113 71
029121 64
029129 413
029137 849
029145 546
029153 383
029161 178
029169 814
029177 103
024320 837
024328 450
024336 629
024344 101
024352 681
024360 532
024368 822
024376 579
024384 376
024392 519
024400 491
024408 29
024416 19
024424 279
024432 674
024440 581
024448 48
024456 256
024464 853
024472 897
024480 938
024488 818
024496 598
024504 278
024512 541
024520 718
024528 457
024536 960
024544 783
024552 784
024560 310
024568 963
028935 154
028943 744
028951 982
028959 45
028967 301
028975 765
028983 651
028991 494
028999 87
029007 41
029015 508
029023 369
029031 551
029039 983
029047 588
029055 533
029063 571
029071 701
029079 185
029087 324
029095 811
029103 268
029111 134
029119 626
029127 357
029135 859
029143 950
029151 805
029159 494
029167 964
029175 225
029183 230
028162 390
028170 563
028178 929
028186 384
028194 639
028202 330
028210 893
028218 223
028226 419
028234 93
028242 353
028250 45
028258 997
028266 724
028274 595
028282 623
028290 856
028298 638
028306 672
028314 823
028322 828
028330 420
028338 305
028346 695
028354 441
028362 352
028370 323
028378 238
028386 148
028394 815
028402 373
028410 905
028421 488
028429 698
028437 711
028445 622
028453 962
028461 361
028469 724
028477 488
028485 694
028493 601
028501 155
028509 393
028517 706
028525 123
028533 878
028541 106
028549 953
028557 661
028565 961
028573 5
028581 489
028589 983
028597 89
028605 447
028613 188
028621 228
028629 240
028637 202
028645 43
028653 297
028661 666
028669 790
028164 493
028172 669
028180 605
028188 214
028196 990
028204 298
028212 197
028220 579
028228 772
028236 688
028244 921
028252 198
028260 835
028268 832
028276 842
028284 302
028292 871
028300 257
028308 424
028316 324
028324 506
028332 756
028340 143
028348 579
028356 665
028364 830
028372 27
028380 329
028388 346
028396 238
028404 917
028412 655
029443 833
029451 587
029459 857
029467 630
029475 426
029483 489
029491 844
029499 849
029507 483
029515 271
029523 974
029531 386
029539 885
029547 296
029555 621
029563 564
029571 835
029579 331
029587 471
029595 826
029603 591
029611 421
029619 325
029627 223
029635 744
029643 343
029651 537
029659 145
029667 604
029675 969
029683 44
029691 689
028422 755
028430 781
028438 948
028446 995
028454 836
028462 403
028470 839
028478 254
028486 843
028494 547
028502 404
028510 958
028518 210
028526 237
028534 800
028542 321
028550 882
028558 814
028566 290
028574 604
028582 945
028590 183
028598 644
028606 901
028614 9
028622 202
028630 298
028638 290
028646 677
028654 215
028662 742
028670 193
029185 205
029193 886
029201 119
029209 543
029217 512
029225 438
029233 302
029241 577
029249 395
029257 482
029265 655
029273 672
029281 921
029289 76
029297 3
029305 149
029313 955
029321 486
029329 872
029337 658
029345 780
029353 114
029361 388
029369 982
029377 892
029385 710
029393 450
029401 284
029409 881
029417 612
029425 410
029433 840
024576 418
024584 272
024592 527
024600 806
024608 537
024616 774
024624 607
024632 590
024640 441
024648 66
024656 292
024664 432
024672 187
024680 517
024688 113
024696 934
024704 652
024712 296
024720 856
024728 435
024736 777
024744 450
024752 492
024760 779
024768 287
024776 454
024784 146
024792 973
024800 489
024808 352
024816 781
024824 33
028418 497
028426 537
028434 65
028442 500
028450 405
028458 160
028466 961
028474 965
028482 663
028490 777
028498 391
028506 622
028514 444
028522 539
028530 184
028538 263
028546 86
028554 685
028562 89
028570 625
028578 996
028586 234
028594 877
028602 923
028610 133
028618 429
028626 615
028634 370
028642 19
028650 444
028658 905
028666 710
028677 190
028685 323
028693 579
028701 672
028709 990
028717 479
028725 303
028733 537
028741 58
028749 183
028757 85
028765 467
028773 522
028781 704
028789 47
028797 694
028805 298
028813 791
028821 973
028829 715
028837 164
028845 636
028853 129
028861 484
028869 711
028877 859
028885 256
028893 982
028901 852
028909 769
028917 328
028925 52
029191 575
029199 16
029207 14
029215 320
029223 342
029231 216
029239 27
029247 743
029255 16
029263 686
029271 788
029279 957
029287 706
029295 656
029303 626
029311 65
029319 707
029327 779
029335 251
029343 722
029351 127
029359 983
029367 767
029375 304
029383 699
029391 458
029399 373
029407 102
029415 118
029423 833
029431 543
029439 581
028420 774
028428 138
028436 270
028444 586
028452 526
028460 350
028468 614
028476 117
028484 834
028492 353
028500 248
028508 500
028516 187
028524 543
028532 633
028540 356
028548 322
028556 988
028564 783
028572 573
028580 813
028588 254
028596 6
028604 855
028612 940
028620 388
028628 661
028636 546
028644 96
028652 912
028660 36
028668 488
029699 75
029707 478
029715 373
029723 515
029731 958
029739 499
029747 603
029755 882
029763 387
029771 401
029779 173
029787 32
029795 915
029803 340
029811 786
029819 235
029827 579
029835 968
029843 691
029851 605
029859 157
029867 748
029875 4
029883 28
029891 894
029899 415
029907 977
029915 531
029923 422
029931 596
029939 971
029947 726
028678 641
028686 764
028694 299
028702 426
028710 779
028718 14
028726 8
028734 944
028742 713
028750 29
028758 992
028766 858
028774 394
028782 592
028790 765
028798 132
028806 955
028814 558
028822 313
028830 36
028838 283
028846 656
028854 83
028862 282
028870 174
028878 166
028886 896
028894 356
028902 385
028910 744
028918 751
028926 120
029441 985
029449 37
029457 171
029465 357
029473 630
029481 632
029489 622
029497 22
029505 88
029513 807
029521 415
029529 78
029537 408
029545 10
029553 846
029561 938
029569 801
029577 779
029585 793
029593 703
029601 805
029609 236
029617 26
029625 159
029633 119
029641 845
029649 586
029657 411
029665 404
029673 61
029681 422
029689 896
024832 187
024840 87
024848 105
024856 833
024864 828
024872 559
024880 726
024888 397
024896 831
024904 948
024912 24
024920 903
024928 493
024936 79
024944 778
024952 148
024960 31
024968 970
024976 440
024984 481
024992 192
025000 550
025008 280
025016 168
025024 767
025032 517
025040 512
025048 973
025056 347
025064 46
025072 539
025080 726
028674 337
028682 331
028690 898
028698 819
028706 541
028714 219
028722 766
028730 205
028738 498
028746 445
028754 444
028762 825
028770 63
028778 542
028786 526
028794 616
028802 27
028810 157
028818 723
028826 203
028834 446
028842 252
028850 157
028858 368
028866 657
028874 362
028882 327
028890 390
028898 820
028906 326
028914 297
028922 783
028933 934
028941 133
028949 489
028957 323
028965 586
028973 305
028981 666
028989 227
028997 79
029005 376
029013 780
029021 248
029029 949
029037 205
029045 970
029053 2
029061 577
029069 841
029077 325
029085 136
029093 370
029101 678
029109 838
029117 500
029125 31
029133 510
029141 341
029149 673
029157 367
029165 878
029173 374
029181 187
029447 229
029455 820
029463 331
029471 987
029479 737
029487 631
029495 843
029503 25
029511 134
029519 965
029527 748
029535 700
029543 649
029551 105
029559 85
029567 84
029575 780
029583 343
029591 59
029599 214
029607 866
029615 56
029623 16
029631 814
029639 81
029647 353
029655 997
029663 963
029671 258
029679 598
029687 703
029695 173
028676 220
028684 993
028692 530
028700 305
028708 705
028716 187
028724 992
028732 3
028740 423
028748 717
028756 349
028764 437
028772 224
028780 91
028788 85
028796 389
028804 830
028812 268
028820 671
028828 790
028836 965
028844 270
028852 287
028860 260
028868 287
028876 568
028884 554
028892 591
028900 289
028908 543
028916 968
028924 872
029955 75
029963 471
029971 59
029979 677
029987 510
029995 276
030003 8
030011 799
030019 712
030027 110
030035 59
030043 509
030051 705
030059 544
030067 531
030075 71
030083 886
030091 28
030099 233
030107 503
030115 82
030123 434
030131 265
030139 136
030147 809
030155 120
030163 310
030171 654
030179 464
030187 922
030195 793
030203 762
028934 901
028942 861
028950 771
028958 661
028966 386
028974 304
028982 62
028990 600
028998 730
029006 635
029014 276
029022 630
029030 373
029038 920
029046 93
029054 28
029062 244
029070 965
029078 219
029086 67
029094 885
029102 316
029110 966
029118 449
029126 955
029134 530
029142 122
029150 884
029158 20
029166 103
029174 308
029182 375
029697 644
029705 371
029713 18
029721 733
029729 634
029737 276
029745 61
029753 984
029761 511
029769 357
029777 61
029785 481
029793 450
029801 807
029809 388
029817 256
029825 576
029833 990
029841 462
029849 147
029857 147
029865 370
029873 102
029881 715
029889 236
029897 578
029905 981
029913 310
029921 232
029929 857
029937 216
029945 72
025088 358
025096 494
025104 193
025112 652
025120 212
025128 305
025136 993
025144 100
025152 829
025160 703
025168 632
025176 104
025184 979
025192 54
025200 935
025208 407
025216 341
025224 586
025232 688
025240 468
025248 201
025256 342
025264 449
025272 451
025280 147
025288 134
025296 325
025304 218
025312 744
025320 178
025328 878
025336 800
029189 634
029197 224
029205 557
029213 204
029221 792
029229 980
029237 401
029245 696
029253 407
029261 195
029269 42
029277 99
029285 784
029293 149
029301 736
029309 813
029317 522
029325 119
029333 57
029341 576
029349 41
029357 583
029365 407
029373 143
029381 35
029389 5
029397 730
029405 961
029413 267
029421 550
029429 706
029437 656
028930 911
028938 225
028946 107
028954 716
028962 796
028970 410
028978 288
028986 823
028994 235
029002 906
029010 576
029018 306
029026 67
029034 269
029042 679
029050 76
029058 325
029066 381
029074 507
029082 461
029090 879
029098 223
029106 393
029114 85
029122 12
029130 432
029138 428
029146 451
029154 766
029162 839
029170 793
029178 424
029703 491
029711 376
029719 855
029727 630
029735 269
029743 529
029751 114
029759 360
029767 884
029775 263
029783 845
029791 138
029799 315
029807 787
029815 249
029823 887
029831 919
029839 361
029847 499
029855 271
029863 271
029871 715
029879 502
029887 137
029895 677
029903 625
029911 187
029919 353
029927 829
029935 855
029943 879
029951 417
028932 982
028940 519
028948 126
028956 740
028964 662
028972 86
028980 493
028988 256
028996 825
029004 986
029012 902
029020 682
029028 154
029036 42
029044 369
029052 567
029060 343
029068 947
029076 988
029084 16
029092 678
029100 26
029108 175
029116 719
029124 463
029132 155
029140 916
029148 530
029156 432
029164 836
029172 885
029180 179
030211 349
030219 327
030227 28
030235 935
030243 993
030251 743
030259 936
030267 466
030275 876
030283 762
030291 171
030299 64
030307 122
030315 389
030323 406
030331 878
030339 84
030347 793
030355 597
030363 932
030371 223
030379 138
030387 216
030395 315
030403 896
030411 593
030419 159
030427 810
030435 864
030443 358
030451 612
030459 139
029190 228
029198 281
029206 97
029214 341
029222 824
029230 141
029238 933
029246 992
029254 620
029262 188
029270 370
029278 689
029286 159
029294 672
029302 182
029310 440
029318 720
029326 406
029334 837
029342 436
029350 941
029358 480
029366 239
029374 360
029382 472
029390 161
029398 115
029406 764
029414 205
029422 442
029430 347
029438 286
029953 108
029961 832
029969 84
029977 697
029985 79
029993 212
030001 121
030009 843
030017 831
030025 376
030033 943
030041 461
030049 194
030057 571
030065 697
030073 480
030081 299
030089 697
030097 87
030105 103
030113 13
030121 256
030129 671
030137 995
030145 456
030153 716
030161 909
030169 54
030177 754
030185 40
030193 694
030201 783
025344 661
025352 884
025360 816
025368 785
025376 41
025384 809
025392 308
025400 440
025408 334
025416 810
025424 759
025432 246
025440 899
025448 611
025456 861
025464 96
025472 556
025480 590
025488 447
025496 711
025504 198
025512 223
025520 222
025528 323
025536 761
025544 887
025552 510
025560 274
025568 686
025576 802
025584 819
025592 617
029445 358
029453 958
029461 286
029469 371
029477 851
029485 190
029493 948
029501 732
029509 37
029517 76
029525 635
029533 636
029541 64
029549 682
029557 601
029565 606
029573 943
029581 391
029589 360
029597 764
029605 834
029613 366
029621 122
029629 125
029637 885
029645 514
029653 185
029661 557
029669 9
029677 550
029685 739
029693 942
029186 203
029194 684
029202 240
029210 736
029218 441
029226 918
029234 568
029242 279
029250 77
029258 657
029266 711
029274 638
029282 48
029290 205
029298 89
029306 54
029314 321
029322 253
029330 458
029338 101
029346 955
029354 37
029362 575
029370 273
029378 984
029386 212
029394 504
029402 685
029410 7
029418 330
029426 877
029434 289
029959 485
029967 415
029975 691
029983 114
029991 466
029999 261
030007 727
030015 507
030023 757
030031 980
030039 337
030047 993
030055 644
030063 396
030071 912
030079 13
030087 495
030095 48
030103 371
030111 972
030119 539
030127 166
030135 75
030143 902
030151 788
030159 117
030167 764
030175 330
030183 188
030191 202
030199 758
030207 982
029188 318
029196 849
029204 486
029212 905
029220 829
029228 369
029236 85
029244 163
029252 856
029260 553
029268 186
029276 822
029284 789
029292 509
029300 507
029308 414
029316 427
029324 733
029332 968
029340 466
029348 160
029356 702
029364 262
029372 776
029380 446
029388 199
029396 542
029404 65
029412 319
029420 728
029428 227
029436 917
030467 527
030475 870
030483 995
030491 390
030499 174
030507 902
030515 609
030523 585
030531 188
030539 103
030547 133
030555 471
030563 212
030571 56
030579 500
030587 525
030595 212
030603 53
030611 636
030619 237
030627 370
030635 357
030643 611
030651 935
030659 281
030667 32
030675 117
030683 209
030691 589
030699 838
030707 91
030715 473
029446 96
029454 756
029462 927
029470 108
029478 45
029486 485
029494 672
029502 311
029510 306
029518 87
029526 599
029534 712
029542 670
029550 923
029558 487
029566 192
029574 90
029582 368
029590 164
029598 466
029606 522
029614 723
029622 690
029630 363
029638 796
029646 871
029654 536
029662 420
029670 180
029678 536
029686 938
029694 306
030209 605
030217 480
030225 312
030233 574
030241 145
030249 310
030257 591
030265 939
030273 941
030281 435
030289 316
030297 575
030305 841
030313 144
030321 985
030329 774
030337 168
030345 45
030353 991
030361 813
030369 938
030377 249
030385 444
030393 522
030401 609
030409 314
030417 363
030425 569
030433 460
030441 403
030449 958
030457 9
025600 273
025608 163
025616 417
025624 965
025632 440
025640 579
025648 785
025656 221
025664 613
025672 280
025680 515
025688 298
025696 991
025704 346
025712 943
025720 954
025728 598
025736 654
025744 164
025752 307
025760 284
025768 70
025776 404
025784 635
025792 836
025800 678
025808 693
025816 471
025824 304
025832 403
025840 613
025848 220
029701 385
029709 107
029717 947
029725 706
029733 757
029741 813
029749 182
029757 779
029765 349
029773 843
029781 71
029789 336
029797 676
029805 879
029813 789
029821 255
029829 87
029837 886
029845 775
029853 968
029861 737
029869 136
029877 469
029885 827
029893 160
029901 729
029909 103
029917 347
029925 896
029933 745
029941 156
029949 739
029442 163
029450 87
029458 258
029466 287
029474 938
029482 969
029490 344
029498 810
029506 437
029514 944
029522 184
029530 328
029538 384
029546 701
029554 836
029562 53
029570 437
029578 374
029586 48
029594 465
029602 487
029610 967
029618 615
029626 593
029634 815
029642 704
029650 92
029658 24
029666 715
029674 139
029682 662
029690 414
030215 238
030223 231
030231 10
030239 230
030247 894
030255 920
030263 501
030271 928
030279 41
030287 100
030295 295
030303 119
030311 995
030319 660
030327 849
030335 406
030343 268
030351 425
030359 81
030367 254
030375 96
030383 730
030391 732
030399 697
030407 547
030415 517
030423 467
030431 808
030439 986
030447 387
030455 353
030463 427
030723 922
030731 630
030739 659
030747 163
030755 848
030763 109
030771 630
030779 534
030787 886
030795 898
030803 517
030811 142
030819 977
030827 558
030835 854
030843 709
030851 797
030859 420
030867 680
030875 274
030883 188
030891 653
030899 692
030907 657
030915 115
030923 47
030931 576
030939 144
030947 453
030955 85
030963 108
030971 797
029444 157
029452 387
029460 68
029468 405
029476 53
029484 706
029492 166
029500 734
029508 535
029516 894
029524 37
029532 101
029540 662
029548 816
029556 635
029564 532
029572 455
029580 596
029588 640
029596 592
029604 634
029612 438
029620 943
029628 872
029636 888
029644 604
029652 955
029660 880
029668 201
029676 484
029684 853
029692 960
029702 461
029710 651
029718 478
029726 239
029734 337
029742 995
029750 275
029758 684
029766 12
029774 401
029782 431
029790 967
029798 258
029806 738
029814 333
029822 3
029830 822
029838 605
029846 783
029854 495
029862 12
029870 794
029878 48
029886 600
029894 141
029902 623
029910 980
029918 543
029926 615
029934 879
029942 646
029950 273
030465 171
030473 746
030481 229
030489 231
030497 517
030505 48
030513 708
030521 155
030529 112
030537 697
030545 504
030553 229
030561 188
030569 917
030577 419
030585 27
030593 655
030601 135
030609 252
030617 880
030625 232
030633 156
030641 425
030649 464
030657 343
030665 871
030673 15
030681 951
030689 370
030697 668
030705 566
030713 88
029957 10
029965 322
029973 207
029981 217
029989 336
029997 539
030005 123
030013 28
030021 205
030029 789
030037 876
030045 820
030053 275
030061 202
030069 297
030077 648
030085 423
030093 230
030101 889
030109 682
030117 150
030125 942
030133 923
030141 252
030149 859
030157 477
030165 697
030173 266
030181 451
030189 424
030197 93
030205 993
025856 156
025864 621
025872 196
025880 213
025888 448
025896 120
025904 237
025912 909
025920 979
025928 753
025936 684
025944 55
025952 2
025960 867
025968 266
025976 838
025984 100
025992 876
026000 339
026008 82
026016 847
026024 331
026032 202
026040 965
026048 850
026056 397
026064 218
026072 371
026080 319
026088 276
026096 350
026104 487
030471 793
030479 965
030487 237
030495 214
030503 50
030511 639
030519 460
030527 288
030535 304
030543 569
030551 740
030559 349
030567 130
030575 247
030583 342
030591 236
030599 966
030607 984
030615 173
030623 227
030631 924
030639 723
030647 743
030655 988
030663 965
030671 139
030679 921
030687 246
030695 914
030703 666
030711 604
030719 630
029698 218
029706 841
029714 507
029722 694
029730 81
029738 374
029746 280
029754 684
029762 822
029770 952
029778 451
029786 170
029794 946
029802 988
029810 254
029818 638
029826 886
029834 844
029842 890
029850 967
029858 577
029866 176
029874 87
029882 582
029890 564
029898 752
029906 50
029914 846
029922 399
029930 400
029938 581
029946 940
030979 526
030987 151
030995 465
031003 672
031011 930
031019 828
031027 502
031035 838
031043 587
031051 326
031059 340
031067 414
031075 765
031083 410
031091 957
031099 957
031107 230
031115 35
031123 57
031131 969
031139 392
031147 834
031155 743
031163 470
031171 60
031179 691
031187 899
031195 705
031203 307
031211 313
031219 232
031227 250
029700 307
029708 687
029716 23
029724 901
029732 281
029740 247
029748 176
029756 208
029764 517
029772 699
029780 995
029788 505
029796 39
029804 71
029812 65
029820 775
029828 889
029836 299
029844 205
029852 404
029860 905
029868 36
029876 915
029884 930
029892 339
029900 568
029908 266
029916 363
029924 893
029932 564
029940 807
029948 40
029958 396
029966 133
029974 285
029982 235
029990 485
029998 593
030006 664
030014 476
030022 105
030030 653
030038 504
030046 253
030054 863
030062 998
030070 969
030078 624
030086 568
030094 992
030102 180
030110 60
030118 381
030126 974
030134 815
030142 791
030150 489
030158 44
030166 203
030174 438
030182 776
030190 324
030198 420
030206 228
030721 569
030729 223
030737 447
030745 837
030753 297
030761 713
030769 946
030777 525
030785 992
030793 219
030801 746
030809 391
030817 83
030825 122
030833 115
030841 631
030849 414
030857 386
030865 981
030873 299
030881 484
030889 470
030897 516
030905 101
030913 905
030921 879
030929 593
030937 952
030945 180
030953 997
030961 89
030969 201
026112 265
026120 302
026128 691
026136 801
026144 847
026152 907
026160 943
026168 845
026176 19
026184 251
026192 126
026200 115
026208 912
026216 602
026224 603
026232 434
026240 373
026248 347
026256 335
026264 870
026272 419
026280 76
026288 924
026296 561
026304 870
026312 530
026320 338
026328 279
026336 328
026344 154
026352 358
026360 124
030213 379
030221 390
030229 986
030237 379
030245 247
030253 887
030261 106
030269 195
030277 419
030285 632
030293 476
030301 524
030309 906
030317 921
030325 56
030333 723
030341 99
030349 567
030357 790
030365 80
030373 141
030381 418
030389 756
030397 478
030405 52
030413 960
030421 180
030429 876
030437 689
030445 183
030453 967
030461 901
030727 540
030735 364
030743 703
030751 318
030759 567
030767 713
030775 685
030783 223
030791 70
030799 92
030807 437
030815 820
030823 342
030831 256
030839 951
030847 584
030855 511
030863 348
030871 659
030879 8
030887 384
030895 440
030903 289
030911 870
030919 929
030927 946
030935 825
030943 128
030951 430
030959 312
030967 147
030975 578
029954 118
029962 282
029970 236
029978 469
029986 769
029994 770
030002 721
030010 310
030018 347
030026 929
030034 410
030042 430
030050 71
030058 224
030066 848
030074 535
030082 815
030090 263
030098 286
030106 38
030114 949
030122 793
030130 533
030138 530
030146 68
030154 712
030162 277
030170 563
030178 399
030186 586
030194 670
030202 700
031235 22
031243 746
031251 924
031259 725
031267 754
031275 458
031283 52
031291 248
031299 784
031307 562
031315 856
031323 676
031331 157
031339 617
031347 732
031355 116
031363 701
031371 531
031379 484
031387 361
031395 111
031403 53
031411 194
031419 674
031427 579
031435 969
031443 286
031451 647
031459 464
031467 92
031475 318
031483 83
029956 199
029964 844
029972 241
029980 131
029988 314
029996 584
030004 433
030012 528
030020 345
030028 305
030036 961
030044 584
030052 118
030060 110
030068 698
030076 325
030084 91
030092 434
030100 111
030108 377
030116 922
030124 329
030132 490
030140 646
030148 319
030156 972
030164 549
030172 454
030180 247
030188 56
030196 935
030204 570
030977 981
030985 739
030993 4
031001 677
031009 246
031017 537
031025 841
031033 785
031041 986
031049 56
031057 727
031065 261
031073 871
031081 660
031089 581
031097 262
031105 228
031113 364
031121 640
031129 836
031137 335
031145 84
031153 454
031161 292
031169 565
031177 67
031185 661
031193 188
031201 431
031209 90
031217 341
031225 925
030214 642
030222 783
030230 858
030238 53
030246 53
030254 357
030262 350
030270 313
030278 374
030286 83
030294 645
030302 124
030310 794
030318 308
030326 573
030334 601
030342 685
030350 157
030358 298
030366 84
030374 10
030382 65
030390 960
030398 745
030406 412
030414 728
030422 264
030430 590
030438 604
030446 795
030454 989
030462 799
030469 736
030477 934
030485 559
030493 397
030501 714
030509 220
030517 804
030525 230
030533 43
030541 904
030549 376
030557 580
030565 522
030573 484
030581 540
030589 232
030597 269
030605 662
030613 293
030621 661
030629 187
030637 602
030645 438
030653 378
030661 182
030669 532
030677 339
030685 61
030693 680
030701 230
030709 735
030717 757
026368 821
026376 389
026384 228
026392 38
026400 484
026408 836
026416 283
026424 106
026432 472
026440 313
026448 247
026456 595
026464 493
026472 497
026480 328
026488 349
026496 698
026504 797
026512 816
026520 130
026528 157
026536 492
026544 990
026552 531
026560 536
026568 212
026576 892
026584 878
026592 836
026600 125
026608 84
026616 966
030983 864
030991 480
030999 368
031007 255
031015 873
031023 491
031031 995
031039 883
031047 470
031055 84
031063 110
031071 887
031079 990
031087 212
031095 889
031103 716
031111 724
031119 817
031127 167
031135 965
031143 752
031151 875
031159 798
031167 438
031175 423
031183 760
031191 430
031199 175
031207 318
031215 638
031223 268
031231 768
030210 644
030218 556
030226 862
030234 976
030242 633
030250 893
030258 558
030266 817
030274 393
030282 567
030290 480
030298 233
030306 839
030314 968
030322 289
030330 347
030338 950
030346 686
030354 622
030362 338
030370 745
030378 352
030386 713
030394 329
030402 121
030410 182
030418 285
030426 868
030434 18
030442 51
030450 899
030458 978
031491 230
031499 38
031507 672
031515 841
031523 928
031531 867
031539 18
031547 331
031555 995
031563 200
031571 539
031579 707
031587 153
031595 428
031603 703
031611 296
031619 413
031627 576
031635 929
031643 429
031651 808
031659 609
031667 121
031675 563
031683 500
031691 6
031699 921
031707 251
031715 268
031723 866
031731 497
031739 490
030212 915
030220 758
030228 651
030236 432
030244 673
030252 639
030260 999
030268 673
030276 679
030284 552
030292 881
030300 697
030308 433
030316 145
030324 593
030332 480
030340 389
030348 462
030356 151
030364 248
030372 198
030380 588
030388 619
030396 299
030404 341
030412 283
030420 638
030428 839
030436 409
030444 866
030452 149
030460 67
030470 177
030478 767
030486 306
030494 9
030502 655
030510 658
030518 39
030526 88
030534 701
030542 995
030550 180
030558 835
030566 489
030574 746
030582 484
030590 957
030598 444
030606 461
030614 559
030622 276
030630 957
030638 342
030646 700
030654 974
030662 86
030670 554
030678 975
030686 683
030694 505
030702 755
030710 297
030718 608
031233 813
031241 575
031249 835
031257 745
031265 261
031273 663
031281 268
031289 753
031297 477
031305 644
031313 425
031321 264
031329 35
031337 277
031345 901
031353 167
031361 855
031369 528
031377 119
031385 65
031393 491
031401 434
031409 618
031417 447
031425 704
031433 741
031441 976
031449 676
031457 685
031465 423
031473 963
031481 245
030725 551
030733 948
030741 321
030749 878
030757 467
030765 812
030773 458
030781 34
030789 355
030797 40
030805 213
030813 989
030821 374
030829 981
030837 930
030845 586
030853 194
030861 721
030869 735
030877 986
030885 956
030893 467
030901 807
030909 421
030917 502
030925 929
030933 537
030941 718
030949 539
030957 334
030965 698
030973 904
026624 938
026632 989
026640 141
026648 863
026656 438
026664 764
026672 264
026680 413
026688 456
026696 836
026704 325
026712 72
026720 670
026728 541
026736 728
026744 103
026752 664
026760 66
026768 566
026776 935
026784 496
026792 870
026800 593
026808 727
026816 563
026824 34
026832 735
026840 7
026848 302
026856 794
026864 916
026872 995
031239 389
031247 876
031255 909
031263 731
031271 537
031279 446
031287 9
031295 360
031303 576
031311 620
031319 535
031327 421
031335 679
031343 429
031351 917
031359 907
031367 303
031375 210
031383 911
031391 156
031399 288
031407 94
031415 41
031423 160
031431 90
031439 633
031447 814
031455 939
031463 366
031471 757
031479 548
031487 348
030466 285
030474 237
030482 384
030490 729
030498 959
030506 66
030514 531
030522 631
030530 587
030538 653
030546 314
030554 973
030562 354
030570 475
030578 173
030586 991
030594 374
030602 989
030610 184
030618 521
030626 573
030634 804
030642 282
030650 602
030658 361
030666 878
030674 497
030682 344
030690 886
030698 58
030706 875
030714 89
031747 316
031755 635
031763 831
031771 573
031779 331
031787 331
031795 863
031803 676
031811 343
031819 297
031827 164
031835 698
031843 805
031851 171
031859 734
031867 823
031875 136
031883 787
031891 748
031899 627
031907 198
031915 73
031923 683
031931 103
031939 377
031947 470
031955 500
031963 712
031971 49
031979 653
031987 386
031995 425
030468 993
030476 953
030484 24
030492 886
030500 919
030508 329
030516 412
030524 863
030532 420
030540 458
030548 989
030556 602
030564 947
030572 180
030580 112
030588 691
030596 709
030604 214
030612 23
030620 595
030628 427
030636 231
030644 429
030652 294
030660 592
030668 284
030676 990
030684 588
030692 922
030700 762
030708 311
030716 973
030726 193
030734 240
030742 311
030750 218
030758 703
030766 74
030774 765
030782 123
030790 768
030798 148
030806 507
030814 950
030822 796
030830 156
030838 842
030846 266
030854 976
030862 879
030870 614
030878 296
030886 529
030894 631
030902 438
030910 768
030918 176
030926 309
030934 976
030942 770
030950 666
030958 713
030966 704
030974 755
031489 206
031497 265
031505 989
031513 8
031521 879
031529 220
031537 915
031545 195
031553 12
031561 614
031569 475
031577 10
031585 238
031593 787
031601 254
031609 99
031617 337
031625 662
031633 519
031641 654
031649 272
031657 328
031665 181
031673 364
031681 217
031689 421
031697 56
031705 282
031713 753
031721 835
031729 54
031737 920
030981 459
030989 864
030997 78
031005 53
031013 70
031021 555
031029 230
031037 920
031045 35
031053 897
031061 765
031069 524
031077 66
031085 483
031093 855
031101 339
031109 609
031117 600
031125 816
031133 339
031141 846
031149 499
031157 607
031165 186
031173 970
031181 285
031189 802
031197 860
031205 511
031213 377
031221 747
031229 614
026880 312
026888 402
026896 559
026904 754
026912 56
026920 664
026928 306
026936 160
026944 723
026952 472
026960 800
026968 348
026976 805
026984 580
026992 267
027000 667
027008 747
027016 984
027024 441
027032 433
027040 696
027048 883
027056 68
027064 201
027072 146
027080 54
027088 884
027096 814
027104 251
027112 90
027120 140
027128 289
031495 638
031503 7
031511 145
031519 149
031527 185
031535 810
031543 281
031551 574
031559 886
031567 222
031575 243
031583 746
031591 739
031599 166
031607 637
031615 806
031623 979
031631 912
031639 528
031647 667
031655 609
031663 146
031671 266
031679 17
031687 971
031695 459
031703 423
031711 714
031719 870
031727 908
031735 816
031743 931
030722 527
030730 138
030738 204
030746 389
030754 34
030762 718
030770 390
030778 117
030786 896
030794 554
030802 269
030810 360
030818 590
030826 687
030834 183
030842 794
030850 184
030858 430
030866 881
030874 97
030882 593
030890 864
030898 28
030906 170
030914 801
030922 920
030930 945
030938 564
030946 533
030954 548
030962 31
030970 981
032003 542
032011 581
032019 557
032027 417
032035 33
032043 770
032051 86
032059 546
032067 263
032075 420
032083 914
032091 123
032099 77
032107 673
032115 845
032123 999
032131 815
032139 70
032147 366
032155 809
032163 166
032171 418
032179 504
032187 139
032195 364
032203 814
032211 678
032219 974
032227 132
032235 295
032243 330
032251 713
030724 694
030732 523
030740 484
030748 636
030756 962
030764 714
030772 645
030780 56
030788 953
030796 2
030804 419
030812 184
030820 431
030828 771
030836 582
030844 644
030852 543
030860 743
030868 976
030876 483
030884 46
030892 661
030900 968
030908 956
030916 904
030924 476
030932 446
030940 395
030948 807
030956 30
030964 382
030972 375
030982 422
030990 388
030998 359
031006 818
031014 860
031022 355
031030 334
031038 629
031046 373
031054 905
031062 581
031070 687
031078 824
031086 556
031094 370
031102 625
031110 302
031118 598
031126 736
031134 903
031142 459
031150 81
031158 155
031166 575
031174 841
031182 923
031190 451
031198 653
031206 442
031214 130
031222 17
031230 57
031745 635
031753 979
031761 70
031769 418
031777 346
031785 433
031793 143
031801 967
031809 502
031817 490
031825 503
031833 742
031841 892
031849 161
031857 761
031865 642
031873 410
031881 30
031889 821
031897 377
031905 726
031913 115
031921 156
031929 250
031937 923
031945 4
031953 682
031961 695
031969 804
031977 138
031985 220
031993 667
031237 233
031245 566
031253 173
031261 820
031269 744
031277 764
031285 708
031293 386
031301 345
031309 162
031317 577
031325 135
031333 975
031341 470
031349 307
031357 730
031365 759
031373 390
031381 645
031389 837
031397 260
031405 939
031413 771
031421 21
031429 451
031437 472
031445 375
031453 18
031461 701
031469 940
031477 424
031485 376
027136 668
027144 894
027152 649
027160 565
027168 283
027176 846
027184 79
027192 820
027200 999
027208 416
027216 730
027224 280
027232 263
027240 499
027248 0
027256 858
027264 834
027272 293
027280 429
027288 236
027296 456
027304 228
027312 226
027320 308
027328 512
027336 253
027344 90
027352 898
027360 423
027368 451
027376 128
027384 3
030978 550
030986 276
030994 909
031002 754
031010 672
031018 943
031026 811
031034 574
031042 310
031050 441
031058 204
031066 767
031074 431
031082 699
031090 257
031098 665
031106 251
031114 540
031122 898
031130 500
031138 235
031146 544
031154 765
031162 177
031170 873
031178 663
031186 33
031194 809
031202 450
031210 487
031218 156
031226 834
031751 883
031759 396
031767 500
031775 491
031783 3
031791 997
031799 152
031807 115
031815 553
031823 686
031831 368
031839 980
031847 613
031855 97
031863 938
031871 362
031879 170
031887 0
031895 734
031903 33
031911 955
031919 276
031927 356
031935 88
031943 962
031951 896
031959 38
031967 874
031975 79
031983 539
031991 940
031999 692
032259 11
032267 228
032275 481
032283 352
032291 556
032299 699
032307 758
032315 126
032323 745
032331 372
032339 292
032347 739
032355 214
032363 612
032371 403
032379 677
032387 154
032395 922
032403 643
032411 256
032419 594
032427 254
032435 379
032443 890
032451 706
032459 142
032467 962
032475 574
032483 102
032491 227
032499 925
032507 884
030980 614
030988 98
030996 133
031004 372
031012 523
031020 991
031028 246
031036 797
031044 442
031052 619
031060 538
031068 784
031076 107
031084 725
031092 500
031100 89
031108 824
031116 487
031124 236
031132 278
031140 270
031148 118
031156 742
031164 277
031172 191
031180 777
031188 771
031196 221
031204 998
031212 512
031220 468
031228 669
032001 63
032009 543
032017 251
032025 230
032033 936
032041 882
032049 473
032057 53
032065 265
032073 903
032081 635
032089 531
032097 772
032105 487
032113 390
032121 909
032129 668
032137 593
032145 800
032153 388
032161 542
032169 181
032177 805
032185 44
032193 574
032201 385
032209 479
032217 262
032225 931
032233 768
032241 624
032249 567
031238 612
031246 730
031254 40
031262 773
031270 31
031278 330
031286 603
031294 205
031302 792
031310 170
031318 611
031326 513
031334 73
031342 336
031350 152
031358 635
031366 779
031374 688
031382 343
031390 57
031398 397
031406 322
031414 315
031422 815
031430 243
031438 836
031446 221
031454 362
031462 796
031470 498
031478 261
031486 668
031493 442
031501 277
031509 621
031517 988
031525 590
031533 418
031541 993
031549 944
031557 673
031565 374
031573 956
031581 182
031589 322
031597 145
031605 681
031613 615
031621 93
031629 309
031637 538
031645 281
031653 578
031661 157
031669 912
031677 685
031685 6
031693 874
031701 207
031709 233
031717 590
031725 872
031733 27
031741 406
027392 134
027400 880
027408 912
027416 335
027424 586
027432 680
027440 660
027448 277
027456 209
027464 607
027472 371
027480 386
027488 679
027496 4
027504 306
027512 658
027520 283
027528 494
027536 218
027544 460
027552 249
027560 207
027568 545
027576 796
027584 95
027592 605
027600 641
027608 98
027616 805
027624 231
027632 958
027640 893
031234 892
031242 264
031250 316
031258 132
031266 485
031274 90
031282 777
031290 786
031298 301
031306 590
031314 699
031322 77
031330 76
031338 987
031346 289
031354 690
031362 243
031370 471
031378 900
031386 54
031394 554
031402 249
031410 574
031418 701
031426 453
031434 643
031442 671
031450 886
031458 636
031466 593
031474 83
031482 708
032007 174
032015 293
032023 889
032031 76
032039 194
032047 434
032055 252
032063 108
032071 595
032079 30
032087 920
032095 217
032103 530
032111 959
032119 68
032127 104
032135 778
032143 540
032151 120
032159 111
032167 24
032175 122
032183 449
032191 915
032199 201
032207 103
032215 310
032223 640
032231 753
032239 519
032247 305
032255 502
032515 981
032523 417
032531 59
032539 812
032547 949
032555 75
032563 846
032571 386
032579 811
032587 901
032595 881
032603 863
032611 542
032619 870
032627 685
032635 645
032643 655
032651 399
032659 984
032667 878
032675 76
032683 846
032691 432
032699 122
032707 651
032715 130
032723 882
032731 573
032739 883
032747 701
032755 416
032763 262
031236 280
031244 260
031252 775
031260 773
031268 564
031276 510
031284 876
031292 431
031300 688
031308 437
031316 528
031324 586
031332 812
031340 730
031348 26
031356 917
031364 687
031372 73
031380 94
031388 182
031396 920
031404 197
031412 391
031420 173
031428 315
031436 780
031444 613
031452 627
031460 802
031468 976
031476 191
031484 904
032257 737
032265 121
032273 527
032281 124
032289 325
032297 328
032305 653
032313 428
032321 706
032329 247
032337 497
032345 122
032353 507
032361 121
032369 969
032377 140
032385 634
032393 200
032401 648
032409 556
032417 646
032425 364
032433 296
032441 770
032449 702
032457 735
032465 200
032473 877
032481 41
032489 698
032497 900
032505 798
031494 972
031502 132
031510 345
031518 528
031526 41
031534 595
031542 715
031550 733
031558 997
031566 203
031574 449
031582 503
031590 386
031598 472
031606 596
031614 83
031622 115
031630 889
031638 223
031646 181
031654 645
031662 46
031670 0
031678 405
031686 599
031694 451
031702 783
031710 356
031718 433
031726 729
031734 751
031742 513
031749 600
031757 393
031765 282
031773 276
031781 893
031789 975
031797 562
031805 215
031813 495
031821 800
031829 190
031837 257
031845 922
031853 891
031861 780
031869 744
031877 374
031885 331
031893 951
031901 415
031909 82
031917 195
031925 624
031933 492
031941 674
031949 64
031957 291
031965 814
031973 611
031981 530
031989 463
031997 709
027648 476
027656 365
027664 409
027672 914
027680 448
027688 841
027696 458
027704 795
027712 768
027720 91
027728 364
027736 912
027744 323
027752 259
027760 450
027768 856
027776 993
027784 374
027792 615
027800 510
027808 91
027816 515
027824 642
027832 471
027840 212
027848 802
027856 136
027864 680
027872 987
027880 87
027888 810
027896 656
031490 951
031498 377
031506 369
031514 360
031522 489
031530 250
031538 472
031546 935
031554 337
031562 243
031570 256
031578 567
031586 699
031594 925
031602 661
031610 428
031618 486
031626 352
031634 107
031642 473
031650 594
031658 795
031666 326
031674 936
031682 39
031690 806
031698 725
031706 323
031714 394
031722 407
031730 185
031738 482
032263 964
032271 126
032279 155
032287 301
032295 48
032303 514
032311 654
032319 608
032327 60
032335 17
032343 59
032351 391
032359 587
032367 106
032375 754
032383 66
032391 653
032399 264
032407 574
032415 976
032423 80
032431 362
032439 825
032447 653
032455 593
032463 370
032471 296
032479 552
032487 653
032495 841
032503 195
032511 352
031492 937
031500 102
031508 588
031516 880
031524 847
031532 838
031540 429
031548 547
031556 251
031564 546
031572 134
031580 530
031588 9
031596 928
031604 267
031612 750
031620 717
031628 586
031636 742
031644 19
031652 446
031660 889
031668 960
031676 713
031684 149
031692 462
031700 533
031708 4
031716 156
031724 543
031732 951
031740 937
032771 112
032779 62
032787 877
032795 799
032803 984
032811 874
032819 176
032827 480
032835 11
032843 559
032851 138
032859 68
032867 388
032875 4
032883 351
032891 396
032899 918
032907 163
032915 827
032923 943
032931 833
032939 561
032947 388
032955 497
032963 302
032971 612
032979 34
032987 625
032995 862
033003 61
033011 800
033019 162
032513 549
032521 515
032529 744
032537 161
032545 733
032553 530
032561 539
032569 524
032577 99
032585 945
032593 913
032601 546
032609 814
032617 655
032625 166
032633 707
032641 742
032649 772
032657 0
032665 637
032673 208
032681 289
032689 37
032697 449
032705 182
032713 101
032721 145
032729 366
032737 595
032745 49
032753 99
032761 237
031750 751
031758 50
031766 390
031774 453
031782 418
031790 894
031798 163
031806 352
031814 641
031822 174
031830 628
031838 203
031846 730
031854 606
031862 626
031870 634
031878 751
031886 111
031894 498
031902 462
031910 42
031918 859
031926 365
031934 727
031942 598
031950 853
031958 144
031966 855
031974 464
031982 779
031990 377
031998 465
032005 84
032013 715
032021 935
032029 689
032037 897
032045 827
032053 135
032061 724
032069 665
032077 330
032085 875
032093 761
032101 613
032109 939
032117 454
032125 748
032133 845
032141 753
032149 528
032157 404
032165 206
032173 771
032181 156
032189 258
032197 840
032205 910
032213 460
032221 825
032229 876
032237 280
032245 15
032253 606
027904 148
027912 522
027920 979
027928 316
027936 69
027944 993
027952 629
027960 451
027968 185
027976 83
027984 648
027992 845
028000 512
028008 385
028016 714
028024 795
028032 678
028040 849
028048 834
028056 803
028064 371
028072 625
028080 249
028088 391
028096 329
028104 542
028112 800
028120 801
028128 643
028136 642
028144 264
028152 176
031746 987
031754 113
031762 489
031770 482
031778 330
031786 128
031794 935
031802 953
031810 557
031818 68
031826 154
031834 645
031842 144
031850 213
031858 747
031866 759
031874 302
031882 402
031890 344
031898 248
031906 959
031914 885
031922 70
031930 974
031938 159
031946 433
031954 780
031962 809
031970 506
031978 345
031986 508
031994 13
032519 910
032527 806
032535 335
032543 270
032551 510
032559 884
032567 412
032575 606
032583 86
032591 192
032599 790
032607 492
032615 147
032623 270
032631 956
032639 673
032647 939
032655 925
032663 667
032671 509
032679 476
032687 61
032695 12
032703 216
032711 98
032719 840
032727 965
032735 792
032743 859
032751 480
032759 87
032767 253
033027 216
033035 591
033043 134
033051 194
033059 532
033067 611
033075 518
033083 552
033091 882
033099 272
033107 204
033115 69
033123 410
033131 865
033139 477
033147 804
033155 539
033163 999
033171 603
033179 341
033187 117
033195 897
033203 127
033211 761
033219 342
033227 104
033235 419
033243 665
033251 478
033259 377
033267 217
033275 274
031748 746
031756 321
031764 349
031772 836
031780 408
031788 118
031796 379
031804 975
031812 344
031820 726
031828 773
031836 988
031844 557
031852 251
031860 470
031868 448
031876 186
031884 401
031892 516
031900 785
031908 348
031916 370
031924 483
031932 332
031940 470
031948 2
031956 452
031964 836
031972 311
031980 743
031988 716
031996 634
032769 933
032777 857
032785 457
032793 808
032801 644
032809 352
032817 228
032825 994
032833 113
032841 715
032849 491
032857 469
032865 979
032873 998
032881 720
032889 398
032897 606
032905 459
032913 982
032921 211
032929 918
032937 488
032945 10
032953 62
032961 905
032969 773
032977 895
032985 639
032993 420
033001 235
033009 860
033017 708
032006 369
032014 536
032022 282
032030 702
032038 721
032046 128
032054 573
032062 658
032070 278
032078 276
032086 956
032094 609
032102 922
032110 919
032118 798
032126 230
032134 663
032142 922
032150 18
032158 912
032166 537
032174 66
032182 502
032190 344
032198 660
032206 761
032214 728
032222 526
032230 675
032238 311
032246 414
032254 565
032261 816
032269 907
032277 639
032285 889
032293 885
032301 264
032309 151
032317 193
032325 727
032333 357
032341 103
032349 232
032357 944
032365 742
032373 700
032381 696
032389 548
032397 369
032405 192
032413 600
032421 94
032429 397
032437 205
032445 488
032453 852
032461 750
032469 107
032477 98
032485 26
032493 867
032501 471
032509 846
028160 636
028168 729
028176 489
028184 942
028192 254
028200 347
028208 178
028216 758
028224 249
028232 394
028240 264
028248 411
028256 258
028264 305
028272 467
028280 19
028288 902
028296 417
028304 406
028312 898
028320 901
028328 847
028336 405
028344 3
028352 226
028360 991
028368 649
028376 699
028384 58
028392 772
028400 538
028408 591
032002 645
032010 474
032018 392
032026 937
032034 514
032042 879
032050 505
032058 672
032066 134
032074 774
032082 832
032090 112
032098 172
032106 556
032114 758
032122 581
032130 430
032138 982
032146 709
032154 83
032162 498
032170 847
032178 871
032186 688
032194 444
032202 352
032210 818
032218 653
032226 159
032234 39
032242 122
032250 242
032775 760
032783 235
032791 233
032799 803
032807 887
032815 990
032823 403
032831 524
032839 379
032847 45
032855 31
032863 784
032871 27
032879 769
032887 427
032895 818
032903 984
032911 497
032919 543
032927 886
032935 721
032943 380
032951 4
032959 957
032967 723
032975 903
032983 799
032991 321
032999 429
033007 519
033015 265
033023 563
032004 427
032012 643
032020 617
032028 256
032036 540
032044 654
032052 749
032060 410
032068 703
032076 411
032084 906
032092 117
032100 477
032108 785
032116 678
032124 270
032132 996
032140 83
032148 408
032156 392
032164 633
032172 436
032180 730
032188 123
032196 264
032204 505
032212 515
032220 777
032228 321
032236 969
032244 473
032252 878
033283 586
033291 19
033299 376
033307 495
033315 886
033323 822
033331 152
033339 745
033347 82
033355 73
033363 13
033371 183
033379 482
033387 862
033395 405
033403 345
033411 313
033419 438
033427 567
033435 959
033443 453
033451 685
033459 458
033467 734
033475 320
033483 702
033491 975
033499 66
033507 974
033515 521
033523 85
033531 224
033025 333
033033 415
033041 271
033049 8
033057 178
033065 315
033073 840
033081 261
033089 704
033097 243
033105 338
033113 792
033121 719
033129 253
033137 293
033145 472
033153 836
033161 794
033169 946
033177 131
033185 284
033193 472
033201 347
033209 322
033217 539
033225 728
033233 270
033241 724
033249 683
033257 677
033265 957
033273 230
032262 188
032270 132
032278 538
032286 84
032294 455
032302 416
032310 79
032318 286
032326 385
032334 950
032342 177
032350 954
032358 272
032366 945
032374 453
032382 946
032390 24
032398 453
032406 526
032414 803
032422 390
032430 893
032438 52
032446 330
032454 273
032462 527
032470 210
032478 964
032486 544
032494 215
032502 187
032510 949
032517 428
032525 512
032533 167
032541 618
032549 117
032557 500
032565 202
032573 551
032581 187
032589 96
032597 161
032605 237
032613 896
032621 935
032629 309
032637 259
032645 869
032653 85
032661 255
032669 396
032677 995
032685 553
032693 319
032701 622
032709 929
032717 678
032725 996
032733 484
032741 881
032749 19
032757 798
032765 467
032258 849
032266 317
032274 700
032282 944
032290 642
032298 363
032306 175
032314 442
032322 471
032330 372
032338 95
032346 50
032354 981
032362 859
032370 104
032378 927
032386 90
032394 149
032402 915
032410 999
032418 982
032426 432
032434 330
032442 842
032450 970
032458 905
032466 636
032474 409
032482 738
032490 944
032498 630
032506 602
028416 740
028424 896
028432 879
028440 744
028448 660
028456 563
028464 886
028472 953
028480 732
028488 125
028496 995
028504 429
028512 635
028520 530
028528 435
028536 994
028544 508
028552 39
028560 957
028568 932
028576 722
028584 677
028592 339
028600 419
028608 299
028616 738
028624 756
028632 347
028640 287
028648 229
028656 202
028664 281
033031 213
033039 186
033047 89
033055 660
033063 593
033071 850
033079 730
033087 431
033095 398
033103 733
033111 374
033119 568
033127 877
033135 100
033143 255
033151 441
033159 549
033167 729
033175 478
033183 204
033191 21
033199 501
033207 919
033215 85
033223 627
033231 566
033239 353
033247 846
033255 0
033263 876
033271 518
033279 884
032260 282
032268 439
032276 753
032284 634
032292 550
032300 384
032308 738
032316 925
032324 985
032332 895
032340 580
032348 346
032356 990
032364 707
032372 708
032380 128
032388 37
032396 831
032404 781
032412 759
032420 352
032428 501
032436 793
032444 112
032452 986
032460 218
032468 689
032476 154
032484 41
032492 23
032500 521
032508 768
033281 941
033289 367
033297 725
033305 873
033313 611
033321 693
033329 410
033337 490
033345 261
033353 638
033361 844
033369 264
033377 470
033385 880
033393 389
033401 881
033409 351
033417 385
033425 252
033433 14
033441 714
033449 669
033457 944
033465 279
033473 580
033481 787
033489 498
033497 313
033505 661
033513 847
033521 800
033529 43
033539 749
033547 620
033555 360
033563 527
033571 448
033579 274
033587 244
033595 843
033603 535
033611 241
033619 881
033627 563
033635 218
033643 237
033651 945
033659 982
033667 122
033675 419
033683 551
033691 755
033699 340
033707 719
033715 174
033723 579
033731 121
033739 814
033747 620
033755 718
033763 9
033771 719
033779 110
033787 267
032518 997
032526 616
032534 93
032542 685
032550 981
032558 711
032566 335
032574 427
032582 530
032590 294
032598 885
032606 271
032614 538
032622 490
032630 10
032638 292
032646 50
032654 539
032662 867
032670 497
032678 302
032686 537
032694 239
032702 713
032710 281
032718 989
032726 680
032734 325
032742 143
032750 519
032758 632
032766 40
032773 482
032781 362
032789 5
032797 131
032805 108
032813 679
032821 854
032829 149
032837 938
032845 505
032853 209
032861 523
032869 106
032877 149
032885 361
032893 485
032901 696
032909 12
032917 434
032925 177
032933 349
032941 147
032949 134
032957 714
032965 334
032973 919
032981 727
032989 428
032997 523
033005 149
033013 503
033021 427
032514 461
032522 580
032530 756
032538 68
032546 238
032554 666
032562 434
032570 166
032578 527
032586 915
032594 979
032602 722
032610 383
032618 616
032626 811
032634 351
032642 221
032650 669
032658 365
032666 617
032674 410
032682 989
032690 454
032698 40
032706 726
032714 10
032722 496
032730 285
032738 380
032746 456
032754 902
032762 245
028672 586
028680 243
028688 683
028696 736
028704 829
028712 758
028720 899
028728 666
028736 651
028744 122
028752 386
028760 146
028768 242
028776 286
028784 911
028792 544
028800 947
028808 530
028816 624
028824 44
028832 385
028840 200
028848 309
028856 284
028864 903
028872 486
028880 564
028888 181
028896 962
028904 722
028912 333
028920 926
033287 300
033295 986
033303 634
033311 511
033319 462
033327 391
033335 458
033343 691
033351 943
033359 154
033367 248
033375 627
033383 324
033391 547
033399 747
033407 575
033415 917
033423 975
033431 887
033439 199
033447 145
033455 140
033463 910
033471 706
033479 12
033487 914
033495 106
033503 747
033511 980
033519 139
033527 21
033535 842
032516 552
032524 517
032532 730
032540 137
032548 639
032556 390
032564 263
032572 251
032580 481
032588 731
032596 527
032604 852
032612 526
032620 455
032628 146
032636 486
032644 434
032652 184
032660 321
032668 414
032676 876
032684 996
032692 833
032700 400
032708 914
032716 225
032724 159
032732 356
032740 948
032748 700
032756 791
032764 622
033537 824
033545 777
033553 486
033561 662
033569 131
033577 409
033585 361
033593 984
033601 739
033609 575
033617 274
033625 800
033633 551
033641 730
033649 374
033657 263
033665 571
033673 865
033681 782
033689 667
033697 524
033705 952
033713 806
033721 298
033729 556
033737 917
033745 928
033753 12
033761 570
033769 197
033777 823
033785 41
033795 543
033803 562
033811 421
033819 513
033827 183
033835 813
033843 345
033851 227
033859 566
033867 447
033875 698
033883 298
033891 843
033899 969
033907 798
033915 176
033923 65
033931 354
033939 906
033947 504
033955 213
033963 641
033971 3
033979 386
033987 106
033995 348
034003 501
034011 516
034019 325
034027 103
034035 155
034043 520
032774 2
032782 206
032790 442
032798 153
032806 585
032814 957
032822 164
032830 33
032838 101
032846 251
032854 696
032862 933
032870 581
032878 839
032886 495
032894 236
032902 539
032910 977
032918 552
032926 576
032934 198
032942 271
032950 145
032958 552
032966 826
032974 489
032982 455
032990 209
032998 224
033006 748
033014 424
033022 7
033029 957
033037 310
033045 638
033053 271
033061 187
033069 115
033077 270
033085 954
033093 649
033101 780
033109 156
033117 53
033125 94
033133 509
033141 982
033149 694
033157 888
033165 201
033173 101
033181 39
033189 976
033197 737
033205 205
033213 217
033221 780
033229 27
033237 494
033245 665
033253 471
033261 165
033269 283
033277 273
032770 195
032778 895
032786 959
032794 578
032802 950
032810 581
032818 154
032826 923
032834 764
032842 147
032850 878
032858 744
032866 937
032874 491
032882 380
032890 574
032898 940
032906 699
032914 724
032922 289
032930 737
032938 86
032946 402
032954 487
032962 499
032970 436
032978 421
032986 437
032994 778
033002 602
033010 651
033018 717
028928 281
028936 147
028944 715
028952 848
028960 233
028968 934
028976 765
028984 372
028992 611
029000 405
029008 213
029016 211
029024 0
029032 735
029040 600
029048 327
029056 361
029064 436
029072 985
029080 830
029088 465
029096 384
029104 583
029112 163
029120 305
029128 135
029136 4
029144 176
029152 486
029160 443
029168 367
029176 243
033543 734
033551 462
033559 211
033567 781
033575 55
033583 314
033591 46
033599 402
033607 585
033615 8
033623 696
033631 859
033639 227
033647 476
033655 471
033663 540
033671 377
033679 818
033687 347
033695 154
033703 953
033711 136
033719 494
033727 295
033735 931
033743 164
033751 967
033759 687
033767 420
033775 542
033783 974
033791 302
032772 309
032780 993
032788 297
032796 890
032804 547
032812 255
032820 336
032828 241
032836 232
032844 482
032852 860
032860 940
032868 89
032876 163
032884 959
032892 908
032900 657
032908 392
032916 404
032924 114
032932 394
032940 116
032948 840
032956 215
032964 835
032972 205
032980 356
032988 366
032996 756
033004 20
033012 813
033020 795
033793 159
033801 431
033809 640
033817 453
033825 246
033833 690
033841 341
033849 202
033857 532
033865 789
033873 692
033881 532
033889 199
033897 506
033905 919
033913 815
033921 503
033929 952
033937 690
033945 428
033953 998
033961 111
033969 331
033977 162
033985 116
033993 736
034001 471
034009 744
034017 353
034025 637
034033 930
034041 791
034051 894
034059 130
034067 748
034075 402
034083 328
034091 810
034099 374
034107 926
034115 552
034123 369
034131 894
034139 382
034147 458
034155 780
034163 428
034171 911
034179 410
034187 122
034195 455
034203 125
034211 451
034219 754
034227 790
034235 34
034243 915
034251 652
034259 115
034267 236
034275 359
034283 379
034291 826
034299 972
033030 747
033038 820
033046 836
033054 790
033062 632
033070 561
033078 888
033086 262
033094 318
033102 219
033110 907
033118 564
033126 142
033134 595
033142 873
033150 332
033158 963
033166 937
033174 251
033182 326
033190 982
033198 340
033206 457
033214 235
033222 449
033230 449
033238 230
033246 484
033254 890
033262 920
033270 390
033278 508
033285 339
033293 283
033301 318
033309 741
033317 358
033325 360
033333 116
033341 645
033349 914
033357 612
033365 124
033373 50
033381 268
033389 831
033397 467
033405 486
033413 258
033421 376
033429 493
033437 942
033445 717
033453 970
033461 72
033469 958
033477 292
033485 752
033493 123
033501 867
033509 802
033517 783
033525 112
033533 472
033026 500
033034 465
033042 445
033050 968
033058 785
033066 209
033074 774
033082 542
033090 306
033098 268
033106 285
033114 507
033122 471
033130 789
033138 795
033146 444
033154 450
033162 841
033170 207
033178 893
033186 729
033194 102
033202 81
033210 568
033218 583
033226 763
033234 568
033242 325
033250 888
033258 62
033266 991
033274 143
029184 488
029192 989
029200 128
029208 69
029216 967
029224 912
029232 471
029240 67
029248 271
029256 666
029264 944
029272 387
029280 526
029288 932
029296 484
029304 589
029312 190
029320 399
029328 726
029336 352
029344 416
029352 581
029360 508
029368 257
029376 251
029384 489
029392 593
029400 652
029408 863
029416 245
029424 396
029432 650
033799 543
033807 155
033815 804
033823 197
033831 360
033839 519
033847 963
033855 597
033863 863
033871 256
033879 315
033887 41
033895 562
033903 276
033911 113
033919 783
033927 783
033935 673
033943 858
033951 246
033959 171
033967 243
033975 145
033983 308
033991 928
033999 13
034007 973
034015 515
034023 725
034031 540
034039 417
034047 294
033028 458
033036 830
033044 188
033052 850
033060 682
033068 830
033076 917
033084 706
033092 482
033100 145
033108 384
033116 436
033124 115
033132 138
033140 793
033148 536
033156 413
033164 815
033172 70
033180 456
033188 400
033196 529
033204 927
033212 692
033220 247
033228 747
033236 541
033244 302
033252 432
033260 492
033268 819
033276 230
034049 627
034057 811
034065 39
034073 549
034081 625
034089 914
034097 296
034105 292
034113 676
034121 994
034129 654
034137 183
034145 109
034153 570
034161 668
034169 574
034177 821
034185 210
034193 607
034201 634
034209 527
034217 635
034225 806
034233 102
034241 856
034249 576
034257 107
034265 289
034273 523
034281 841
034289 72
034297 943
034307 789
034315 664
034323 534
034331 355
034339 970
034347 202
034355 34
034363 637
034371 316
034379 285
034387 601
034395 718
034403 107
034411 7
034419 543
034427 163
034435 515
034443 434
034451 817
034459 7
034467 945
034475 317
034483 126
034491 426
034499 19
034507 866
034515 62
034523 291
034531 274
034539 645
034547 509
034555 594
033286 823
033294 773
033302 776
033310 296
033318 46
033326 982
033334 18
033342 608
033350 279
033358 193
033366 270
033374 474
033382 302
033390 364
033398 23
033406 990
033414 537
033422 558
033430 43
033438 451
033446 138
033454 68
033462 919
033470 423
033478 694
033486 544
033494 850
033502 764
033510 568
033518 300
033526 513
033534 60
033541 288
033549 627
033557 20
033565 261
033573 811
033581 331
033589 534
033597 681
033605 610
033613 339
033621 289
033629 509
033637 814
033645 363
033653 879
033661 355
033669 929
033677 239
033685 130
033693 638
033701 332
033709 347
033717 249
033725 776
033733 141
033741 993
033749 100
033757 52
033765 16
033773 839
033781 701
033789 870
033282 301
033290 843
033298 478
033306 403
033314 321
033322 245
033330 425
033338 935
033346 290
033354 620
033362 216
033370 166
033378 393
033386 389
033394 809
033402 544
033410 329
033418 682
033426 826
033434 47
033442 522
033450 195
033458 264
033466 126
033474 958
033482 212
033490 751
033498 85
033506 816
033514 88
033522 729
033530 356
029440 340
029448 821
029456 658
029464 628
029472 74
029480 305
029488 748
029496 948
029504 417
029512 226
029520 659
029528 882
029536 43
029544 668
029552 129
029560 773
029568 548
029576 80
029584 193
029592 785
029600 144
029608 469
029616 923
029624 507
029632 368
029640 297
029648 825
029656 477
029664 65
029672 439
029680 681
029688 158
034055 222
034063 464
034071 66
034079 499
034087 622
034095 774
034103 471
034111 886
034119 144
034127 513
034135 13
034143 506
034151 332
034159 50
034167 411
034175 452
034183 725
034191 785
034199 38
034207 498
034215 255
034223 682
034231 986
034239 290
034247 88
034255 151
034263 238
034271 948
034279 346
034287 369
034295 15
034303 926
033284 156
033292 874
033300 895
033308 202
033316 296
033324 829
033332 626
033340 356
033348 344
033356 711
033364 955
033372 595
033380 704
033388 267
033396 584
033404 989
033412 509
033420 424
033428 145
033436 301
033444 857
033452 381
033460 958
033468 326
033476 592
033484 418
033492 971
033500 41
033508 789
033516 924
033524 410
033532 276
034305 952
034313 361
034321 621
034329 907
034337 693
034345 271
034353 590
034361 636
034369 637
034377 23
034385 375
034393 801
034401 531
034409 135
034417 434
034425 408
034433 528
034441 174
034449 320
034457 300
034465 605
034473 931
034481 714
034489 811
034497 420
034505 788
034513 149
034521 50
034529 169
034537 341
034545 318
034553 76
034563 878
034571 662
034579 839
034587 447
034595 492
034603 797
034611 352
034619 32
034627 272
034635 450
034643 866
034651 72
034659 146
034667 746
034675 448
034683 171
034691 602
034699 120
034707 117
034715 733
034723 58
034731 772
034739 397
034747 504
034755 991
034763 923
034771 620
034779 72
034787 204
034795 914
034803 545
034811 735
033542 298
033550 981
033558 635
033566 73
033574 504
033582 121
033590 118
033598 33
033606 567
033614 384
033622 490
033630 796
033638 894
033646 55
033654 509
033662 558
033670 396
033678 405
033686 897
033694 148
033702 1
033710 866
033718 349
033726 96
033734 247
033742 531
033750 786
033758 396
033766 717
033774 44
033782 326
033790 74
033797 828
033805 496
033813 172
033821 643
033829 411
033837 808
033845 329
033853 255
033861 726
033869 497
033877 259
033885 268
033893 736
033901 684
033909 49
033917 381
033925 978
033933 97
033941 620
033949 643
033957 912
033965 306
033973 13
033981 143
033989 291
033997 254
034005 531
034013 694
034021 534
034029 94
034037 466
034045 192
033538 611
033546 334
033554 537
033562 23
033570 118
033578 790
033586 114
033594 311
033602 972
033610 130
033618 399
033626 948
033634 393
033642 31
033650 566
033658 99
033666 987
033674 976
033682 175
033690 144
033698 959
033706 862
033714 499
033722 116
033730 448
033738 309
033746 6
033754 47
033762 895
033770 836
033778 956
033786 263
034311 780
034319 466
034327 225
034335 71
034343 717
034351 802
034359 77
034367 518
034375 901
034383 658
034391 216
034399 433
034407 980
034415 639
034423 238
034431 462
034439 411
034447 665
034455 908
034463 959
034471 918
034479 601
034487 162
034495 796
034503 126
034511 828
034519 801
034527 351
034535 326
034543 281
034551 935
034559 271
029696 628
029704 65
029712 746
029720 486
029728 931
029736 292
029744 896
029752 140
029760 45
029768 21
029776 252
029784 469
029792 705
029800 377
029808 148
029816 435
029824 888
029832 737
029840 929
029848 659
029856 396
029864 974
029872 772
029880 732
029888 330
029896 146
029904 541
029912 153
029920 30
029928 369
029936 34
029944 954
033540 49
033548 281
033556 830
033564 268
033572 603
033580 624
033588 17
033596 355
033604 783
033612 582
033620 89
033628 976
033636 516
033644 501
033652 377
033660 728
033668 605
033676 635
033684 527
033692 988
033700 109
033708 61
033716 693
033724 824
033732 666
033740 629
033748 41
033756 332
033764 245
033772 160
033780 267
033788 465
034561 671
034569 387
034577 898
034585 156
034593 286
034601 975
034609 397
034617 115
034625 197
034633 791
034641 675
034649 794
034657 669
034665 567
034673 817
034681 283
034689 575
034697 111
034705 571
034713 168
034721 724
034729 995
034737 525
034745 550
034753 553
034761 220
034769 489
034777 366
034785 123
034793 740
034801 857
034809 161
034819 116
034827 25
034835 863
034843 663
034851 475
034859 543
034867 693
034875 61
034883 657
034891 155
034899 770
034907 540
034915 989
034923 328
034931 662
034939 85
034947 895
034955 325
034963 615
034971 680
034979 216
034987 809
034995 972
035003 887
035011 609
035019 446
035027 336
035035 783
035043 14
035051 34
035059 612
035067 965
033798 191
033806 807
033814 983
033822 63
033830 579
033838 814
033846 890
033854 716
033862 127
033870 162
033878 439
033886 773
033894 53
033902 244
033910 230
033918 730
033926 697
033934 397
033942 835
033950 985
033958 587
033966 467
033974 853
033982 325
033990 405
033998 86
034006 556
034014 569
034022 296
034030 67
034038 186
034046 42
034053 174
034061 466
034069 733
034077 379
034085 446
034093 213
034101 805
034109 666
034117 362
034125 700
034133 483
034141 315
034149 181
034157 462
034165 590
034173 115
034181 408
034189 567
034197 131
034205 411
034213 39
034221 978
034229 25
034237 227
034245 426
034253 896
034261 191
034269 287
034277 22
034285 313
034293 991
034301 501
033794 158
033802 637
033810 233
033818 7
033826 222
033834 251
033842 801
033850 863
033858 293
033866 821
033874 374
033882 743
033890 800
033898 336
033906 581
033914 951
033922 300
033930 553
033938 53
033946 119
033954 915
033962 263
033970 685
033978 343
033986 700
033994 831
034002 706
034010 854
034018 431
034026 871
034034 877
034042 710
034567 221
034575 629
034583 409
034591 180
034599 283
034607 44
034615 676
034623 561
034631 712
034639 422
034647 361
034655 626
034663 334
034671 158
034679 518
034687 945
034695 196
034703 80
034711 7
034719 481
034727 113
034735 79
034743 601
034751 224
034759 262
034767 660
034775 827
034783 799
034791 325
034799 717
034807 413
034815 787
029952 808
029960 861
029968 190
029976 117
029984 46
029992 222
030000 186
030008 335
030016 736
030024 952
030032 14
030040 793
030048 924
030056 43
030064 360
030072 209
030080 408
030088 500
030096 787
030104 398
030112 582
030120 905
030128 479
030136 894
030144 606
030152 138
030160 568
030168 173
030176 487
030184 713
030192 403
030200 390
033796 693
033804 342
033812 772
033820 632
033828 924
033836 732
033844 390
033852 608
033860 673
033868 586
033876 380
033884 7
033892 51
033900 160
033908 261
033916 440
033924 991
033932 623
033940 189
033948 476
033956 827
033964 245
033972 167
033980 10
033988 650
033996 942
034004 635
034012 974
034020 826
034028 425
034036 635
034044 428
034817 931
034825 288
034833 312
034841 325
034849 135
034857 875
034865 486
034873 426
034881 825
034889 682
034897 150
034905 842
034913 952
034921 114
034929 407
034937 261
034945 949
034953 387
034961 532
034969 213
034977 972
034985 765
034993 614
035001 967
035009 858
035017 358
035025 753
035033 650
035041 49
035049 263
035057 507
035065 61
035075 975
035083 629
035091 720
035099 922
035107 991
035115 259
035123 901
035131 28
035139 91
035147 802
035155 738
035163 401
035171 17
035179 503
035187 906
035195 593
035203 368
035211 199
035219 450
035227 976
035235 255
035243 332
035251 450
035259 160
035267 768
035275 454
035283 157
035291 478
035299 842
035307 664
035315 571
035323 515
034054 273
034062 887
034070 676
034078 351
034086 864
034094 766
034102 417
034110 21
034118 908
034126 35
034134 278
034142 272
034150 680
034158 518
034166 763
034174 244
034182 610
034190 682
034198 106
034206 132
034214 411
034222 934
034230 622
034238 429
034246 807
034254 897
034262 410
034270 74
034278 106
034286 325
034294 624
034302 852
034309 744
034317 95
034325 736
034333 655
034341 984
034349 313
034357 30
034365 594
034373 737
034381 628
034389 359
034397 124
034405 884
034413 581
034421 744
034429 734
034437 707
034445 926
034453 675
034461 435
034469 954
034477 879
034485 695
034493 693
034501 848
034509 107
034517 336
034525 614
034533 455
034541 896
034549 85
034557 263
034050 458
034058 260
034066 835
034074 179
034082 698
034090 81
034098 433
034106 22
034114 257
034122 832
034130 789
034138 147
034146 249
034154 757
034162 639
034170 99
034178 383
034186 727
034194 522
034202 639
034210 636
034218 71
034226 318
034234 75
034242 318
034250 979
034258 718
034266 99
034274 947
034282 583
034290 606
034298 548
034823 496
034831 630
034839 432
034847 923
034855 4
034863 516
034871 522
034879 544
034887 261
034895 125
034903 119
034911 371
034919 921
034927 704
034935 979
034943 674
034951 614
034959 229
034967 404
034975 717
034983 535
034991 942
034999 924
035007 695
035015 251
035023 31
035031 502
035039 602
035047 408
035055 885
035063 698
035071 577
030208 473
030216 997
030224 837
030232 23
030240 522
030248 854
030256 625
030264 138
030272 561
030280 71
030288 611
030296 132
030304 195
030312 331
030320 233
030328 747
030336 836
030344 739
030352 946
030360 192
030368 926
030376 659
030384 149
030392 583
030400 982
030408 897
030416 958
030424 266
030432 704
030440 965
030448 673
030456 117
034052 722
034060 465
034068 353
034076 174
034084 471
034092 706
034100 784
034108 382
034116 72
034124 0
034132 435
034140 401
034148 866
034156 142
034164 738
034172 966
034180 437
034188 666
034196 527
034204 573
034212 924
034220 558
034228 426
034236 263
034244 542
034252 191
034260 296
034268 226
034276 997
034284 810
034292 38
034300 528
035073 743
035081 715
035089 858
035097 335
035105 796
035113 836
035121 270
035129 590
035137 937
035145 176
035153 851
035161 672
035169 792
035177 597
035185 621
035193 179
035201 657
035209 400
035217 585
035225 262
035233 640
035241 938
035249 668
035257 875
035265 842
035273 392
035281 139
035289 378
035297 154
035305 160
035313 734
035321 467
035331 61
035339 954
035347 78
035355 787
035363 440
035371 824
035379 247
035387 994
035395 281
035403 670
035411 9
035419 629
035427 660
035435 62
035443 610
035451 412
035459 101
035467 871
035475 707
035483 45
035491 430
035499 652
035507 915
035515 506
035523 267
035531 602
035539 158
035547 412
035555 927
035563 829
035571 587
035579 462
034310 592
034318 255
034326 848
034334 235
034342 951
034350 624
034358 517
034366 712
034374 966
034382 670
034390 118
034398 351
034406 53
034414 386
034422 605
034430 213
034438 541
034446 97
034454 633
034462 703
034470 879
034478 49
034486 244
034494 943
034502 388
034510 641
034518 592
034526 384
034534 893
034542 624
034550 552
034558 99
034565 522
034573 293
034581 592
034589 554
034597 823
034605 310
034613 689
034621 883
034629 541
034637 819
034645 443
034653 615
034661 330
034669 405
034677 726
034685 811
034693 388
034701 275
034709 880
034717 536
034725 837
034733 663
034741 267
034749 936
034757 892
034765 938
034773 332
034781 959
034789 136
034797 689
034805 229
034813 624
034306 276
034314 967
034322 710
034330 462
034338 867
034346 524
034354 623
034362 632
034370 410
034378 470
034386 824
034394 645
034402 329
034410 459
034418 50
034426 38
034434 359
034442 717
034450 337
034458 959
034466 86
034474 555
034482 5
034490 490
034498 160
034506 947
034514 537
034522 65
034530 917
034538 845
034546 61
034554 320
035079 429
035087 796
035095 619
035103 623
035111 67
035119 754
035127 713
035135 748
035143 259
035151 96
035159 821
035167 558
035175 770
035183 412
035191 810
035199 341
035207 508
035215 696
035223 412
035231 184
035239 920
035247 642
035255 325
035263 208
035271 419
035279 999
035287 547
035295 44
035303 380
035311 508
035319 866
035327 815
030464 208
030472 307
030480 545
030488 949
030496 498
030504 455
030512 70
030520 78
030528 685
030536 169
030544 931
030552 749
030560 522
030568 710
030576 783
030584 311
030592 702
030600 658
030608 315
030616 478
030624 527
030632 768
030640 724
030648 975
030656 231
030664 624
030672 788
030680 731
030688 941
030696 93
030704 935
030712 122
034308 429
034316 374
034324 127
034332 660
034340 179
034348 398
034356 319
034364 898
034372 180
034380 357
034388 371
034396 349
034404 287
034412 134
034420 23
034428 984
034436 184
034444 785
034452 78
034460 0
034468 778
034476 299
034484 303
034492 386
034500 296
034508 757
034516 733
034524 727
034532 664
034540 634
034548 734
034556 797
035329 459
035337 171
035345 555
035353 273
035361 350
035369 583
035377 594
035385 511
035393 968
035401 922
035409 264
035417 984
035425 295
035433 190
035441 676
035449 960
035457 648
035465 312
035473 71
035481 486
035489 268
035497 502
035505 783
035513 959
035521 40
035529 126
035537 805
035545 659
035553 446
035561 74
035569 529
035577 332
035587 980
035595 733
035603 57
035611 168
035619 385
035627 850
035635 792
035643 544
035651 341
035659 460
035667 697
035675 646
035683 395
035691 845
035699 104
035707 311
035715 470
035723 305
035731 481
035739 773
035747 821
035755 797
035763 879
035771 444
035779 130
035787 204
035795 216
035803 931
035811 889
035819 732
035827 727
035835 164
034566 81
034574 164
034582 136
034590 450
034598 398
034606 773
034614 377
034622 279
034630 630
034638 248
034646 125
034654 506
034662 252
034670 322
034678 82
034686 335
034694 657
034702 185
034710 345
034718 465
034726 624
034734 598
034742 181
034750 405
034758 807
034766 163
034774 37
034782 696
034790 149
034798 454
034806 848
034814 194
034821 673
034829 388
034837 193
034845 483
034853 100
034861 917
034869 547
034877 888
034885 119
034893 930
034901 514
034909 532
034917 740
034925 455
034933 426
034941 304
034949 415
034957 114
034965 430
034973 341
034981 597
034989 396
034997 144
035005 391
035013 469
035021 437
035029 32
035037 822
035045 369
035053 778
035061 895
035069 94
034562 719
034570 88
034578 903
034586 672
034594 684
034602 285
034610 435
034618 601
034626 66
034634 980
034642 419
034650 824
034658 340
034666 110
034674 883
034682 891
034690 908
034698 785
034706 851
034714 996
034722 940
034730 159
034738 397
034746 983
034754 39
034762 264
034770 505
034778 481
034786 485
034794 727
034802 656
034810 842
035335 190
035343 362
035351 610
035359 708
035367 164
035375 355
035383 244
035391 425
035399 925
035407 676
035415 831
035423 209
035431 468
035439 179
035447 322
035455 226
035463 611
035471 618
035479 684
035487 813
035495 515
035503 885
035511 345
035519 595
035527 582
035535 214
035543 786
035551 678
035559 890
035567 244
035575 651
035583 415
030720 762
030728 493
030736 382
030744 208
030752 416
030760 970
030768 243
030776 298
030784 863
030792 945
030800 874
030808 81
030816 322
030824 809
030832 372
030840 159
030848 510
030856 912
030864 688
030872 577
030880 702
030888 16
030896 775
030904 673
030912 849
030920 983
030928 543
030936 483
030944 853
030952 334
030960 687
030968 90
034564 841
034572 105
034580 454
034588 617
034596 710
034604 86
034612 719
034620 748
034628 965
034636 843
034644 997
034652 173
034660 133
034668 972
034676 869
034684 28
034692 380
034700 244
034708 198
034716 881
034724 707
034732 676
034740 195
034748 586
034756 285
034764 598
034772 705
034780 641
034788 59
034796 532
034804 89
034812 42
035585 737
035593 351
035601 660
035609 262
035617 269
035625 889
035633 788
035641 349
035649 455
035657 823
035665 131
035673 693
035681 266
035689 960
035697 25
035705 868
035713 649
035721 506
035729 264
035737 201
035745 275
035753 943
035761 612
035769 566
035777 831
035785 756
035793 777
035801 229
035809 96
035817 105
035825 488
035833 673
035843 102
035851 481
035859 20
035867 486
035875 141
035883 863
035891 100
035899 503
035907 241
035915 125
035923 315
035931 814
035939 304
035947 504
035955 647
035963 898
035971 516
035979 666
035987 953
035995 805
036003 392
036011 409
036019 605
036027 126
036035 970
036043 914
036051 598
036059 338
036067 629
036075 308
036083 228
036091 666
035077 304
035085 154
035093 615
035101 483
035109 344
035117 27
035125 523
035133 927
035141 855
035149 906
035157 908
035165 380
035173 694
035181 506
035189 680
035197 101
035205 790
035213 452
035221 965
035229 224
035237 170
035245 909
035253 830
035261 391
035269 881
035277 381
035285 493
035293 954
035301 787
035309 605
035317 762
035325 272
034822 801
034830 602
034838 230
034846 275
034854 29
034862 485
034870 522
034878 210
034886 526
034894 233
034902 219
034910 252
034918 929
034926 97
034934 939
034942 17
034950 163
034958 339
034966 221
034974 221
034982 763
034990 209
034998 551
035006 559
035014 94
035022 860
035030 661
035038 122
035046 241
035054 144
035062 152
035070 163
035591 28
035599 433
035607 943
035615 685
035623 365
035631 114
035639 704
035647 424
035655 791
035663 304
035671 543
035679 326
035687 334
035695 716
035703 508
035711 906
035719 827
035727 409
035735 142
035743 21
035751 199
035759 368
035767 173
035775 39
035783 943
035791 116
035799 587
035807 898
035815 892
035823 910
035831 103
035839 332
034820 734
034828 720
034836 96
034844 423
034852 879
034860 863
034868 344
034876 439
034884 721
034892 551
034900 101
034908 942
034916 331
034924 406
034932 992
034940 154
034948 909
034956 746
034964 908
034972 471
034980 416
034988 799
034996 293
035004 209
035012 637
035020 205
035028 615
035036 384
035044 597
035052 226
035060 531
035068 692
035841 233
035849 585
035857 259
035865 537
035873 367
035881 42
035889 507
035897 203
035905 844
035913 183
035921 744
035929 176
035937 753
035945 888
035953 38
035961 325
035969 921
035977 225
035985 675
035993 307
036001 616
036009 735
036017 937
036025 698
036033 530
036041 376
036049 201
036057 307
036065 743
036073 3
036081 234
036089 39
030976 662
030984 89
030992 387
031000 30
031008 865
031016 628
031024 217
031032 477
031040 291
031048 185
031056 115
031064 688
031072 854
031080 511
031088 918
031096 340
031104 384
031112 63
031120 47
031128 629
031136 277
031144 540
031152 0
031160 491
031168 58
031176 16
031184 488
031192 485
031200 745
031208 137
031216 474
031224 902
034818 843
034826 169
034834 694
034842 819
034850 776
034858 70
034866 750
034874 22
034882 926
034890 549
034898 32
034906 611
034914 25
034922 671
034930 457
034938 434
034946 339
034954 332
034962 299
034970 678
034978 232
034986 657
034994 564
035002 552
035010 998
035018 259
035026 98
035034 246
035042 730
035050 19
035058 953
035066 896
036099 748
036107 112
036115 53
036123 670
036131 239
036139 690
036147 487
036155 253
036163 781
036171 104
036179 770
036187 333
036195 750
036203 225
036211 868
036219 226
036227 899
036235 808
036243 397
036251 301
036259 156
036267 101
036275 860
036283 170
036291 448
036299 974
036307 665
036315 471
036323 735
036331 246
036339 515
036347 322
035333 39
035341 926
035349 254
035357 853
035365 197
035373 924
035381 197
035389 877
035397 801
035405 732
035413 722
035421 702
035429 947
035437 734
035445 80
035453 7
035461 990
035469 19
035477 345
035485 184
035493 472
035501 541
035509 136
035517 401
035525 588
035533 929
035541 674
035549 591
035557 686
035565 67
035573 4
035581 751
035078 36
035086 76
035094 88
035102 945
035110 138
035118 277
035126 774
035134 541
035142 605
035150 738
035158 820
035166 594
035174 107
035182 871
035190 701
035198 787
035206 170
035214 875
035222 949
035230 347
035238 490
035246 243
035254 95
035262 900
035270 905
035278 504
035286 962
035294 380
035302 864
035310 71
035318 208
035326 74
035847 496
035855 764
035863 425
035871 505
035879 697
035887 590
035895 476
035903 204
035911 596
035919 906
035927 495
035935 497
035943 218
035951 75
035959 561
035967 47
035975 82
035983 990
035991 309
035999 311
036007 108
036015 325
036023 905
036031 252
036039 14
036047 880
036055 374
036063 813
036071 566
036079 43
036087 904
036095 791
036097 940
036105 87
036113 320
036121 411
036129 10
036137 586
036145 517
036153 15
036161 900
036169 531
036177 841
036185 689
036193 411
036201 633
036209 133
036217 0
036225 828
036233 673
036241 169
036249 376
036257 193
036265 52
036273 535
036281 475
036289 912
036297 523
036305 185
036313 971
036321 46
036329 448
036337 558
036345 280
035076 573
035084 765
035092 86
035100 508
035108 862
035116 90
035124 774
035132 115
035140 60
035148 616
035156 805
035164 903
035172 652
035180 856
035188 259
035196 945
035204 908
035212 75
035220 241
035228 325
035236 39
035244 27
035252 228
035260 457
035268 421
035276 205
035284 728
035292 178
035300 681
035308 201
035316 97
035324 328
035074 148
035082 908
035090 80
035098 262
035106 313
035114 644
035122 216
035130 569
035138 763
035146 207
035154 568
035162 15
035170 694
035178 659
035186 10
035194 298
035202 367
035210 519
035218 378
035226 777
035234 930
035242 929
035250 475
035258 866
035266 657
035274 148
035282 420
035290 345
035298 487
035306 46
035314 156
035322 884
031232 201
031240 457
031248 849
031256 829
031264 465
031272 752
031280 427
031288 953
031296 125
031304 13
031312 433
031320 115
031328 974
031336 654
031344 804
031352 429
031360 827
031368 481
031376 13
031384 797
031392 888
031400 484
031408 840
031416 865
031424 620
031432 17
031440 18
031448 559
031456 778
031464 694
031472 983
031480 123
036355 698
036363 403
036371 620
036379 795
036387 327
036395 518
036403 917
036411 109
036419 341
036427 580
036435 180
036443 25
036451 674
036459 556
036467 352
036475 541
036483 626
036491 162
036499 458
036507 408
036515 149
036523 265
036531 677
036539 965
036547 118
036555 33
036563 611
036571 234
036579 694
036587 602
036595 603
036603 126
035589 536
035597 475
035605 773
035613 651
035621 116
035629 260
035637 621
035645 93
035653 898
035661 242
035669 256
035677 549
035685 916
035693 389
035701 104
035709 657
035717 342
035725 196
035733 616
035741 471
035749 378
035757 33
035765 969
035773 355
035781 745
035789 322
035797 417
035805 390
035813 329
035821 293
035829 311
035837 996
035334 115
035342 261
035350 223
035358 705
035366 954
035374 880
035382 151
035390 90
035398 594
035406 987
035414 176
035422 118
035430 99
035438 567
035446 277
035454 200
035462 75
035470 604
035478 276
035486 478
035494 159
035502 693
035510 350
035518 849
035526 497
035534 274
035542 880
035550 796
035558 168
035566 728
035574 990
035582 300
036103 744
036111 798
036119 887
036127 475
036135 934
036143 364
036151 83
036159 687
036167 483
036175 420
036183 67
036191 577
036199 852
036207 416
036215 569
036223 332
036231 235
036239 963
036247 941
036255 142
036263 257
036271 176
036279 875
036287 873
036295 680
036303 722
036311 905
036319 199
036327 360
036335 81
036343 475
036351 540
035332 705
035340 57
035348 690
035356 925
035364 737
035372 678
035380 984
035388 954
035396 541
035404 516
035412 599
035420 47
035428 54
035436 229
035444 585
035452 965
035460 704
035468 278
035476 65
035484 828
035492 641
035500 695
035508 150
035516 673
035524 707
035532 158
035540 278
035548 465
035556 195
035564 342
035572 616
035580 880
036611 336
036619 274
036627 318
036635 424
036643 337
036651 379
036659 846
036667 346
036675 9
036683 58
036691 187
036699 817
036707 836
036715 105
036723 174
036731 877
036739 237
036747 194
036755 253
036763 101
036771 110
036779 444
036787 174
036795 113
036803 366
036811 746
036819 904
036827 602
036835 928
036843 134
036851 262
036859 456
036353 209
036361 510
036369 458
036377 653
036385 79
036393 86
036401 594
036409 670
036417 98
036425 562
036433 714
036441 69
036449 393
036457 15
036465 823
036473 788
036481 920
036489 752
036497 146
036505 61
036513 278
036521 696
036529 852
036537 611
036545 256
036553 699
036561 237
036569 4
036577 569
036585 428
036593 78
036601 976
031488 19
031496 121
031504 480
031512 930
031520 57
031528 222
031536 503
031544 564
031552 885
031560 841
031568 347
031576 94
031584 242
031592 681
031600 57
031608 888
031616 311
031624 806
031632 675
031640 899
031648 277
031656 51
031664 887
031672 197
031680 651
031688 331
031696 465
031704 103
031712 334
031720 50
031728 299
031736 744
035330 694
035338 334
035346 696
035354 446
035362 754
035370 996
035378 957
035386 987
035394 615
035402 303
035410 627
035418 271
035426 947
035434 287
035442 268
035450 974
035458 532
035466 216
035474 436
035482 77
035490 612
035498 758
035506 852
035514 927
035522 524
035530 383
035538 461
035546 497
035554 170
035562 560
035570 995
035578 697
035845 729
035853 8
035861 635
035869 496
035877 625
035885 108
035893 31
035901 525
035909 914
035917 145
035925 983
035933 459
035941 187
035949 38
035957 735
035965 621
035973 446
035981 655
035989 876
035997 604
036005 466
036013 573
036021 966
036029 745
036037 90
036045 835
036053 241
036061 830
036069 883
036077 962
036085 18
036093 64
035590 875
035598 59
035606 915
035614 974
035622 336
035630 238
035638 924
035646 378
035654 177
035662 291
035670 62
035678 345
035686 164
035694 515
035702 452
035710 930
035718 488
035726 579
035734 977
035742 657
035750 328
035758 384
035766 687
035774 222
035782 441
035790 413
035798 640
035806 975
035814 417
035822 519
035830 934
035838 22
036359 587
036367 572
036375 233
036383 666
036391 493
036399 210
036407 748
036415 974
036423 528
036431 401
036439 939
036447 974
036455 237
036463 431
036471 700
036479 832
036487 806
036495 757
036503 817
036511 280
036519 608
036527 567
036535 702
036543 126
036551 637
036559 606
036567 558
036575 323
036583 437
036591 869
036599 766
036607 965
036867 408
036875 670
036883 151
036891 863
036899 129
036907 51
036915 754
036923 904
036931 70
036939 16
036947 897
036955 478
036963 748
036971 197
036979 120
036987 454
036995 292
037003 262
037011 864
037019 793
037027 467
037035 201
037043 921
037051 421
037059 113
037067 307
037075 40
037083 957
037091 461
037099 197
037107 656
037115 286
035588 914
035596 778
035604 570
035612 582
035620 838
035628 347
035636 797
035644 382
035652 245
035660 382
035668 647
035676 811
035684 626
035692 871
035700 561
035708 184
035716 539
035724 311
035732 544
035740 560
035748 515
035756 836
035764 284
035772 770
035780 895
035788 758
035796 536
035804 610
035812 324
035820 448
035828 87
035836 250
036609 369
036617 504
036625 85
036633 899
036641 524
036649 76
036657 559
036665 125
036673 999
036681 421
036689 519
036697 271
036705 205
036713 349
036721 578
036729 727
036737 597
036745 30
036753 932
036761 247
036769 261
036777 31
036785 531
036793 278
036801 389
036809 111
036817 536
036825 681
036833 437
036841 492
036849 844
036857 638
031744 596
031752 478
031760 230
031768 196
031776 586
031784 360
031792 330
031800 535
031808 579
031816 482
031824 431
031832 163
031840 425
031848 889
031856 904
031864 63
031872 63
031880 17
031888 292
031896 803
031904 994
031912 876
031920 353
031928 401
031936 2
031944 890
031952 75
031960 494
031968 230
031976 311
031984 502
031992 23
035586 227
035594 647
035602 262
035610 628
035618 17
035626 386
035634 132
035642 783
035650 528
035658 302
035666 220
035674 945
035682 408
035690 43
035698 168
035706 603
035714 457
035722 771
035730 172
035738 667
035746 384
035754 94
035762 456
035770 446
035778 91
035786 733
035794 133
035802 806
035810 324
035818 473
035826 244
035834 565
036101 334
036109 789
036117 160
036125 870
036133 377
036141 412
036149 4
036157 204
036165 664
036173 402
036181 191
036189 109
036197 405
036205 34
036213 495
036221 88
036229 880
036237 222
036245 766
036253 941
036261 375
036269 116
036277 796
036285 835
036293 675
036301 881
036309 944
036317 310
036325 844
036333 389
036341 329
036349 930
035846 160
035854 251
035862 130
035870 202
035878 971
035886 807
035894 402
035902 583
035910 261
035918 569
035926 626
035934 494
035942 286
035950 851
035958 732
035966 891
035974 654
035982 137
035990 319
035998 811
036006 877
036014 698
036022 122
036030 658
036038 175
036046 130
036054 238
036062 251
036070 535
036078 219
036086 38
036094 155
036615 999
036623 624
036631 280
036639 526
036647 817
036655 628
036663 6
036671 653
036679 881
036687 804
036695 869
036703 28
036711 911
036719 885
036727 165
036735 573
036743 217
036751 908
036759 289
036767 305
036775 426
036783 570
036791 687
036799 887
036807 524
036815 678
036823 324
036831 422
036839 315
036847 431
036855 278
036863 671
037123 338
037131 752
037139 327
037147 464
037155 103
037163 281
037171 939
037179 718
037187 417
037195 852
037203 681
037211 651
037219 981
037227 316
037235 79
037243 600
037251 765
037259 995
037267 404
037275 78
037283 43
037291 313
037299 291
037307 381
037315 564
037323 397
037331 781
037339 51
037347 869
037355 905
037363 529
037371 179
036865 78
036873 810
036881 548
036889 73
036897 137
036905 935
036913 522
036921 613
036929 752
036937 275
036945 661
036953 368
036961 550
036969 611
036977 527
036985 665
036993 919
037001 521
037009 914
037017 317
037025 218
037033 491
037041 661
037049 768
037057 281
037065 21
037073 352
037081 285
037089 674
037097 273
037105 640
037113 596
035844 65
035852 824
035860 302
035868 550
035876 696
035884 137
035892 73
035900 884
035908 846
035916 443
035924 631
035932 588
035940 167
035948 396
035956 631
035964 333
035972 675
035980 995
035988 383
035996 796
036004 984
036012 540
036020 377
036028 438
036036 804
036044 906
036052 289
036060 806
036068 76
036076 593
036084 863
036092 368
032000 499
032008 689
032016 381
032024 209
032032 745
032040 496
032048 989
032056 540
032064 860
032072 132
032080 369
032088 826
032096 391
032104 596
032112 652
032120 889
032128 591
032136 912
032144 127
032152 662
032160 788
032168 55
032176 311
032184 691
032192 297
032200 970
032208 169
032216 445
032224 891
032232 420
032240 351
032248 641
036357 220
036365 502
036373 908
036381 567
036389 41
036397 36
036405 456
036413 948
036421 780
036429 288
036437 463
036445 777
036453 234
036461 436
036469 998
036477 812
036485 457
036493 320
036501 345
036509 562
036517 21
036525 703
036533 270
036541 753
036549 634
036557 880
036565 531
036573 156
036581 232
036589 662
036597 855
036605 91
035842 738
035850 799
035858 130
035866 973
035874 632
035882 132
035890 850
035898 188
035906 398
035914 846
035922 818
035930 123
035938 497
035946 944
035954 676
035962 214
035970 601
035978 199
035986 781
035994 762
036002 737
036010 88
036018 59
036026 586
036034 549
036042 725
036050 96
036058 788
036066 901
036074 458
036082 462
036090 290
036102 773
036110 231
036118 372
036126 959
036134 260
036142 668
036150 548
036158 6
036166 695
036174 594
036182 688
036190 969
036198 917
036206 732
036214 469
036222 237
036230 655
036238 263
036246 781
036254 455
036262 252
036270 5
036278 620
036286 978
036294 915
036302 156
036310 218
036318 741
036326 84
036334 63
036342 72
036350 360
036871 498
036879 844
036887 431
036895 262
036903 399
036911 401
036919 371
036927 800
036935 535
036943 892
036951 953
036959 55
036967 836
036975 548
036983 912
036991 250
036999 767
037007 221
037015 617
037023 577
037031 676
037039 583
037047 721
037055 380
037063 564
037071 390
037079 573
037087 861
037095 966
037103 615
037111 222
037119 993
037121 588
037129 707
037137 236
037145 511
037153 585
037161 700
037169 926
037177 696
037185 583
037193 729
037201 47
037209 417
037217 327
037225 113
037233 315
037241 990
037249 700
037257 873
037265 142
037273 295
037281 709
037289 124
037297 643
037305 897
037313 224
037321 572
037329 324
037337 272
037345 285
037353 681
037361 680
037369 389
037379 667
037387 771
037395 60
037403 8
037411 308
037419 160
037427 208
037435 383
037443 186
037451 678
037459 810
037467 627
037475 85
037483 457
037491 700
037499 642
037507 783
037515 521
037523 150
037531 972
037539 639
037547 661
037555 647
037563 102
037571 356
037579 524
037587 739
037595 383
037603 738
037611 327
037619 365
037627 929
036100 433
036108 737
036116 993
036124 467
036132 415
036140 799
036148 166
036156 499
036164 557
036172 488
036180 839
036188 570
036196 800
036204 702
036212 235
036220 665
036228 643
036236 449
036244 383
036252 133
036260 785
036268 867
036276 9
036284 161
036292 510
036300 924
036308 839
036316 623
036324 325
036332 610
036340 260
036348 28
032256 772
032264 646
032272 680
032280 328
032288 29
032296 950
032304 783
032312 867
032320 442
032328 227
032336 17
032344 14
032352 922
032360 921
032368 347
032376 673
032384 187
032392 363
032400 498
032408 36
032416 476
032424 660
032432 964
032440 198
032448 310
032456 139
032464 334
032472 889
032480 36
032488 63
032496 247
032504 138
036613 611
036621 259
036629 994
036637 596
036645 940
036653 9
036661 374
036669 410
036677 413
036685 982
036693 977
036701 790
036709 200
036717 615
036725 904
036733 369
036741 298
036749 72
036757 637
036765 384
036773 19
036781 172
036789 313
036797 297
036805 707
036813 524
036821 510
036829 167
036837 489
036845 303
036853 88
036861 900
036098 567
036106 417
036114 508
036122 865
036130 300
036138 422
036146 775
036154 467
036162 906
036170 149
036178 706
036186 57
036194 457
036202 934
036210 767
036218 277
036226 66
036234 985
036242 296
036250 601
036258 940
036266 599
036274 33
036282 818
036290 291
036298 441
036306 513
036314 192
036322 629
036330 199
036338 716
036346 955
036358 432
036366 681
036374 388
036382 860
036390 756
036398 189
036406 781
036414 104
036422 265
036430 598
036438 365
036446 798
036454 462
036462 528
036470 862
036478 410
036486 53
036494 269
036502 789
036510 680
036518 584
036526 208
036534 292
036542 500
036550 805
036558 180
036566 455
036574 501
036582 826
036590 759
036598 679
036606 355
037127 19
037135 579
037143 886
037151 776
037159 440
037167 938
037175 470
037183 72
037191 701
037199 581
037207 922
037215 567
037223 107
037231 634
037239 669
037247 601
037255 38
037263 958
037271 241
037279 371
037287 159
037295 937
037303 966
037311 9
037319 467
037327 844
037335 146
037343 220
037351 429
037359 133
037367 751
037375 231
037377 923
037385 18
037393 951
037401 645
037409 957
037417 509
037425 545
037433 515
037441 575
037449 802
037457 131
037465 918
037473 885
037481 99
037489 566
037497 998
037505 186
037513 435
037521 166
037529 772
037537 974
037545 342
037553 924
037561 44
037569 24
037577 825
037585 208
037593 285
037601 120
037609 873
037617 662
037625 226
037635 869
037643 68
037651 914
037659 4
037667 609
037675 373
037683 89
037691 451
037699 541
037707 801
037715 196
037723 414
037731 712
037739 918
037747 362
037755 393
037763 948
037771 831
037779 489
037787 872
037795 152
037803 39
037811 937
037819 908
037827 365
037835 312
037843 996
037851 535
037859 122
037867 810
037875 817
037883 438
036356 242
036364 53
036372 710
036380 917
036388 775
036396 866
036404 678
036412 721
036420 81
036428 580
036436 413
036444 144
036452 660
036460 495
036468 227
036476 507
036484 298
036492 186
036500 321
036508 826
036516 296
036524 153
036532 244
036540 326
036548 359
036556 857
036564 295
036572 599
036580 517
036588 659
036596 372
036604 370
032512 693
032520 158
032528 545
032536 430
032544 347
032552 771
032560 516
032568 64
032576 794
032584 704
032592 272
032600 868
032608 754
032616 971
032624 35
032632 775
032640 26
032648 707
032656 936
032664 169
032672 587
032680 397
032688 690
032696 871
032704 349
032712 327
032720 878
032728 647
032736 576
032744 993
032752 112
032760 72
036354 611
036362 951
036370 949
036378 968
036386 699
036394 897
036402 131
036410 934
036418 699
036426 858
036434 120
036442 793
036450 720
036458 225
036466 581
036474 247
036482 568
036490 525
036498 736
036506 998
036514 54
036522 58
036530 71
036538 33
036546 226
036554 413
036562 5
036570 788
036578 372
036586 802
036594 130
036602 17
036869 982
036877 354
036885 344
036893 180
036901 339
036909 301
036917 543
036925 716
036933 858
036941 137
036949 576
036957 820
036965 645
036973 326
036981 13
036989 428
036997 229
037005 682
037013 225
037021 339
037029 427
037037 89
037045 755
037053 873
037061 263
037069 383
037077 582
037085 497
037093 864
037101 798
037109 488
037117 321
036614 216
036622 780
036630 536
036638 172
036646 510
036654 603
036662 334
036670 189
036678 503
036686 943
036694 435
036702 738
036710 363
036718 832
036726 559
036734 25
036742 969
036750 577
036758 254
036766 12
036774 194
036782 469
036790 460
036798 27
036806 328
036814 652
036822 854
036830 730
036838 238
036846 445
036854 0
036862 194
037383 674
037391 843
037399 469
037407 944
037415 663
037423 109
037431 197
037439 653
037447 640
037455 782
037463 29
037471 335
037479 39
037487 891
037495 257
037503 989
037511 375
037519 839
037527 763
037535 834
037543 680
037551 570
037559 226
037567 308
037575 192
037583 234
037591 428
037599 478
037607 625
037615 180
037623 231
037631 161
037891 678
037899 989
037907 324
037915 566
037923 927
037931 9
037939 790
037947 682
037955 731
037963 57
037971 960
037979 484
037987 212
037995 346
038003 94
038011 646
038019 337
038027 314
038035 368
038043 53
038051 332
038059 117
038067 843
038075 708
038083 908
038091 225
038099 982
038107 48
038115 823
038123 397
038131 366
038139 313
036612 436
036620 28
036628 170
036636 707
036644 766
036652 368
036660 925
036668 321
036676 1
036684 633
036692 103
036700 42
036708 378
036716 962
036724 312
036732 164
036740 33
036748 188
036756 962
036764 157
036772 27
036780 849
036788 666
036796 519
036804 620
036812 404
036820 330
036828 815
036836 271
036844 356
036852 689
036860 305
037633 207
037641 973
037649 629
037657 183
037665 501
037673 865
037681 567
037689 789
037697 720
037705 50
037713 548
037721 727
037729 92
037737 869
037745 912
037753 880
037761 999
037769 70
037777 860
037785 67
037793 869
037801 740
037809 120
037817 473
037825 76
037833 469
037841 68
037849 552
037857 589
037865 229
037873 223
037881 605
032768 853
032776 554
032784 122
032792 753
032800 975
032808 215
032816 166
032824 765
032832 200
032840 777
032848 291
032856 830
032864 938
032872 349
032880 371
032888 792
032896 979
032904 291
032912 366
032920 80
032928 27
032936 640
032944 166
032952 786
032960 716
032968 976
032976 401
032984 800
032992 809
033000 572
033008 258
033016 776
037125 985
037133 926
037141 362
037149 920
037157 228
037165 812
037173 725
037181 920
037189 943
037197 543
037205 987
037213 120
037221 953
037229 943
037237 274
037245 378
037253 25
037261 498
037269 282
037277 734
037285 564
037293 772
037301 621
037309 47
037317 149
037325 7
037333 666
037341 527
037349 996
037357 428
037365 691
037373 538
036610 517
036618 352
036626 801
036634 260
036642 415
036650 486
036658 249
036666 231
036674 843
036682 617
036690 233
036698 192
036706 230
036714 741
036722 488
036730 831
036738 481
036746 444
036754 852
036762 59
036770 713
036778 761
036786 26
036794 726
036802 787
036810 699
036818 235
036826 42
036834 590
036842 734
036850 283
036858 882
036870 295
036878 282
036886 207
036894 997
036902 110
036910 176
036918 108
036926 29
036934 637
036942 885
036950 633
036958 441
036966 565
036974 24
036982 332
036990 531
036998 481
037006 896
037014 91
037022 357
037030 746
037038 989
037046 611
037054 244
037062 142
037070 485
037078 760
037086 903
037094 517
037102 870
037110 56
037118 987
037639 707
037647 804
037655 127
037663 905
037671 957
037679 754
037687 358
037695 804
037703 785
037711 214
037719 948
037727 425
037735 750
037743 151
037751 683
037759 811
037767 540
037775 698
037783 397
037791 387
037799 428
037807 950
037815 361
037823 95
037831 799
037839 598
037847 566
037855 474
037863 744
037871 518
037879 784
037887 330
038147 499
038155 637
038163 605
038171 787
038179 639
038187 747
038195 193
038203 113
038211 241
038219 288
038227 832
038235 69
038243 153
038251 33
038259 682
038267 365
038275 270
038283 615
038291 768
038299 57
038307 215
038315 444
038323 842
038331 157
038339 712
038347 870
038355 83
038363 872
038371 546
038379 268
038387 137
038395 147
036868 809
036876 870
036884 281
036892 686
036900 505
036908 478
036916 612
036924 939
036932 292
036940 638
036948 558
036956 541
036964 377
036972 826
036980 670
036988 649
036996 522
037004 139
037012 461
037020 176
037028 403
037036 92
037044 149
037052 384
037060 960
037068 11
037076 372
037084 637
037092 565
037100 743
037108 528
037116 917
037889 986
037897 37
037905 862
037913 402
037921 728
037929 422
037937 128
037945 348
037953 126
037961 695
037969 931
037977 67
037985 84
037993 213
038001 839
038009 238
038017 93
038025 415
038033 576
038041 517
038049 205
038057 702
038065 31
038073 117
038081 880
038089 785
038097 79
038105 253
038113 599
038121 980
038129 291
038137 245
037381 752
037389 534
037397 766
037405 102
037413 44
037421 449
037429 546
037437 576
037445 523
037453 587
037461 862
037469 122
037477 203
037485 612
037493 174
037501 9
037509 703
037517 539
037525 952
037533 572
037541 621
037549 842
037557 553
037565 536
037573 92
037581 37
037589 271
037597 171
037605 221
037613 726
037621 15
037629 629
033024 132
033032 500
033040 687
033048 562
033056 93
033064 747
033072 927
033080 393
033088 336
033096 102
033104 412
033112 938
033120 68
033128 792
033136 464
033144 65
033152 580
033160 643
033168 515
033176 651
033184 186
033192 660
033200 876
033208 832
033216 234
033224 673
033232 784
033240 730
033248 706
033256 85
033264 247
033272 22
036866 970
036874 559
036882 977
036890 922
036898 874
036906 902
036914 658
036922 313
036930 569
036938 67
036946 516
036954 682
036962 669
036970 318
036978 557
036986 305
036994 635
037002 733
037010 503
037018 512
037026 274
037034 834
037042 663
037050 613
037058 636
037066 551
037074 505
037082 241
037090 738
037098 346
037106 597
037114 576
037126 455
037134 936
037142 331
037150 389
037158 26
037166 671
037174 810
037182 896
037190 376
037198 480
037206 720
037214 738
037222 699
037230 254
037238 197
037246 116
037254 849
037262 98
037270 233
037278 526
037286 194
037294 475
037302 136
037310 837
037318 520
037326 801
037334 128
037342 393
037350 782
037358 472
037366 807
037374 237
037895 956
037903 436
037911 552
037919 22
037927 177
037935 122
037943 254
037951 984
037959 601
037967 278
037975 72
037983 205
037991 324
037999 807
038007 471
038015 897
038023 558
038031 247
038039 308
038047 916
038055 946
038063 720
038071 15
038079 802
038087 388
038095 94
038103 745
038111 278
038119 750
038127 105
038135 590
038143 415
038403 791
038411 219
038419 323
038427 487
038435 49
038443 346
038451 233
038459 554
038467 173
038475 676
038483 678
038491 376
038499 869
038507 162
038515 732
038523 381
038531 535
038539 998
038547 34
038555 205
038563 648
038571 867
038579 173
038587 379
038595 226
038603 67
038611 541
038619 559
038627 307
038635 989
038643 442
038651 599
038145 810
038153 158
038161 877
038169 422
038177 223
038185 513
038193 858
038201 367
038209 978
038217 258
038225 338
038233 779
038241 348
038249 306
038257 144
038265 875
038273 18
038281 985
038289 261
038297 481
038305 99
038313 36
038321 604
038329 994
038337 677
038345 749
038353 669
038361 68
038369 962
038377 610
038385 547
038393 858
037124 94
037132 532
037140 661
037148 524
037156 497
037164 592
037172 931
037180 898
037188 553
037196 167
037204 900
037212 860
037220 531
037228 653
037236 661
037244 46
037252 528
037260 926
037268 778
037276 130
037284 124
037292 388
037300 995
037308 794
037316 884
037324 458
037332 467
037340 507
037348 600
037356 716
037364 632
037372 995
037637 828
037645 108
037653 218
037661 483
037669 26
037677 563
037685 250
037693 540
037701 937
037709 889
037717 902
037725 901
037733 188
037741 500
037749 315
037757 213
037765 444
037773 743
037781 7
037789 403
037797 406
037805 747
037813 494
037821 501
037829 354
037837 974
037845 748
037853 543
037861 933
037869 318
037877 185
037885 5
033280 616
033288 290
033296 414
033304 365
033312 592
033320 576
033328 948
033336 69
033344 634
033352 610
033360 363
033368 682
033376 675
033384 27
033392 404
033400 411
033408 867
033416 433
033424 323
033432 406
033440 111
033448 430
033456 826
033464 424
033472 151
033480 576
033488 918
033496 735
033504 841
033512 903
033520 503
033528 837
037122 931
037130 335
037138 679
037146 952
037154 913
037162 719
037170 189
037178 136
037186 954
037194 211
037202 721
037210 370
037218 811
037226 611
037234 430
037242 449
037250 846
037258 61
037266 958
037274 826
037282 678
037290 975
037298 610
037306 422
037314 86
037322 197
037330 814
037338 397
037346 775
037354 669
037362 341
037370 486
037382 414
037390 103
037398 871
037406 472
037414 718
037422 413
037430 963
037438 123
037446 698
037454 9
037462 865
037470 29
037478 87
037486 526
037494 160
037502 785
037510 205
037518 506
037526 830
037534 940
037542 686
037550 799
037558 740
037566 821
037574 988
037582 753
037590 829
037598 965
037606 353
037614 130
037622 929
037630 220
038151 243
038159 180
038167 92
038175 184
038183 336
038191 697
038199 16
038207 187
038215 15
038223 921
038231 448
038239 343
038247 664
038255 433
038263 672
038271 596
038279 708
038287 672
038295 275
038303 290
038311 356
038319 149
038327 440
038335 275
038343 145
038351 137
038359 279
038367 893
038375 249
038383 421
038391 111
038399 803
038659 415
038667 751
038675 699
038683 396
038691 957
038699 419
038707 951
038715 847
038723 770
038731 58
038739 909
038747 216
038755 932
038763 106
038771 920
038779 647
038787 273
038795 848
038803 829
038811 640
038819 120
038827 398
038835 807
038843 506
038851 449
038859 362
038867 81
038875 183
038883 650
038891 196
038899 508
038907 793
038401 29
038409 872
038417 268
038425 670
038433 597
038441 636
038449 904
038457 836
038465 270
038473 993
038481 252
038489 980
038497 717
038505 28
038513 842
038521 291
038529 219
038537 685
038545 958
038553 877
038561 297
038569 399
038577 84
038585 971
038593 711
038601 167
038609 743
038617 748
038625 803
038633 552
038641 862
038649 326
037380 630
037388 945
037396 563
037404 305
037412 15
037420 608
037428 168
037436 248
037444 361
037452 227
037460 511
037468 970
037476 376
037484 739
037492 112
037500 1
037508 358
037516 591
037524 46
037532 946
037540 977
037548 770
037556 33
037564 295
037572 561
037580 250
037588 523
037596 584
037604 506
037612 419
037620 445
037628 400
037893 109
037901 422
037909 864
037917 610
037925 738
037933 727
037941 286
037949 316
037957 645
037965 141
037973 335
037981 511
037989 106
037997 990
038005 689
038013 265
038021 836
038029 536
038037 506
038045 660
038053 378
038061 241
038069 23
038077 948
038085 914
038093 26
038101 235
038109 446
038117 361
038125 672
038133 432
038141 66
037378 714
037386 215
037394 819
037402 738
037410 457
037418 56
037426 200
037434 612
037442 360
037450 889
037458 154
037466 723
037474 679
037482 524
037490 941
037498 78
037506 773
037514 665
037522 269
037530 35
037538 457
037546 40
037554 44
037562 560
037570 809
037578 664
037586 125
037594 244
037602 315
037610 409
037618 522
037626 798
033536 388
033544 674
033552 909
033560 135
033568 677
033576 79
033584 278
033592 799
033600 805
033608 416
033616 101
033624 451
033632 78
033640 190
033648 89
033656 692
033664 761
033672 10
033680 154
033688 813
033696 38
033704 233
033712 981
033720 772
033728 8
033736 621
033744 710
033752 38
033760 133
033768 693
033776 546
033784 86
037638 439
037646 25
037654 85
037662 420
037670 543
037678 468
037686 299
037694 38
037702 657
037710 851
037718 703
037726 135
037734 490
037742 401
037750 983
037758 112
037766 322
037774 477
037782 509
037790 774
037798 484
037806 708
037814 596
037822 481
037830 600
037838 886
037846 568
037854 835
037862 161
037870 194
037878 690
037886 495
038915 436
038923 289
038931 836
038939 55
038947 915
038955 582
038963 171
038971 352
038979 551
038987 705
038995 391
039003 594
039011 278
039019 58
039027 495
039035 512
039043 469
039051 820
039059 840
039067 908
039075 383
039083 1
039091 928
039099 208
039107 606
039115 601
039123 845
039131 515
039139 343
039147 624
039155 292
039163 230
038407 101
038415 962
038423 897
038431 811
038439 269
038447 177
038455 737
038463 377
038471 39
038479 965
038487 191
038495 407
038503 244
038511 576
038519 183
038527 816
038535 480
038543 343
038551 803
038559 352
038567 272
038575 479
038583 764
038591 305
038599 493
038607 942
038615 939
038623 703
038631 91
038639 626
038647 771
038655 892
038657 782
038665 42
038673 154
038681 892
038689 740
038697 392
038705 373
038713 693
038721 991
038729 256
038737 102
038745 767
038753 358
038761 729
038769 654
038777 572
038785 974
038793 379
038801 811
038809 342
038817 515
038825 565
038833 784
038841 80
038849 160
038857 939
038865 275
038873 769
038881 608
038889 718
038897 978
038905 69
037636 195
037644 438
037652 116
037660 651
037668 206
037676 240
037684 985
037692 604
037700 663
037708 557
037716 248
037724 747
037732 334
037740 568
037748 44
037756 224
037764 408
037772 838
037780 699
037788 486
037796 295
037804 43
037812 668
037820 67
037828 734
037836 704
037844 850
037852 225
037860 346
037868 982
037876 821
037884 824
033792 714
033800 883
033808 179
033816 940
033824 78
033832 871
033840 999
033848 746
033856 290
033864 887
033872 43
033880 347
033888 130
033896 600
033904 165
033912 760
033920 866
033928 403
033936 497
033944 834
033952 132
033960 131
033968 441
033976 31
033984 445
033992 39
034000 685
034008 903
034016 922
034024 841
034032 17
034040 343
037634 113
037642 950
037650 337
037658 621
037666 549
037674 130
037682 209
037690 842
037698 587
037706 214
037714 597
037722 100
037730 752
037738 517
037746 153
037754 841
037762 843
037770 84
037778 174
037786 710
037794 633
037802 929
037810 784
037818 603
037826 600
037834 12
037842 549
037850 415
037858 207
037866 123
037874 432
037882 231
038149 28
038157 482
038165 72
038173 20
038181 701
038189 342
038197 100
038205 698
038213 442
038221 651
038229 423
038237 637
038245 955
038253 368
038261 162
038269 438
038277 47
038285 779
038293 424
038301 368
038309 114
038317 813
038325 83
038333 387
038341 412
038349 222
038357 436
038365 664
038373 398
038381 246
038389 810
038397 323
037894 58
037902 696
037910 364
037918 257
037926 443
037934 474
037942 926
037950 415
037958 320
037966 833
037974 705
037982 965
037990 163
037998 225
038006 738
038014 823
038022 393
038030 368
038038 495
038046 673
038054 103
038062 915
038070 348
038078 166
038086 161
038094 562
038102 966
038110 416
038118 947
038126 880
038134 915
038142 693
039171 179
039179 133
039187 86
039195 46
039203 667
039211 862
039219 733
039227 552
039235 50
039243 285
039251 445
039259 22
039267 201
039275 238
039283 293
039291 785
039299 7
039307 835
039315 644
039323 790
039331 541
039339 453
039347 92
039355 288
039363 905
039371 645
039379 990
039387 718
039395 162
039403 89
039411 388
039419 823
038663 364
038671 241
038679 923
038687 932
038695 135
038703 667
038711 767
038719 798
038727 963
038735 842
038743 988
038751 322
038759 877
038767 815
038775 653
038783 664
038791 263
038799 429
038807 749
038815 401
038823 411
038831 464
038839 874
038847 913
038855 850
038863 194
038871 48
038879 312
038887 666
038895 455
038903 918
038911 708
038913 131
038921 844
038929 77
038937 20
038945 659
038953 874
038961 713
038969 364
038977 484
038985 309
038993 48
039001 712
039009 784
039017 45
039025 519
039033 14
039041 56
039049 182
039057 986
039065 988
039073 166
039081 104
039089 48
039097 931
039105 700
039113 887
039121 909
039129 472
039137 178
039145 26
039153 360
039161 865
037892 72
037900 300
037908 293
037916 426
037924 680
037932 222
037940 711
037948 275
037956 787
037964 891
037972 687
037980 880
037988 821
037996 871
038004 723
038012 982
038020 660
038028 276
038036 823
038044 218
038052 377
038060 84
038068 855
038076 112
038084 180
038092 422
038100 61
038108 548
038116 14
038124 325
038132 949
038140 361
037890 540
037898 986
037906 581
037914 121
037922 941
037930 357
037938 350
037946 922
037954 37
037962 600
037970 163
037978 414
037986 138
037994 213
038002 868
038010 795
038018 109
038026 233
038034 488
038042 970
038050 435
038058 99
038066 841
038074 34
038082 601
038090 291
038098 686
038106 547
038114 407
038122 391
038130 392
038138 929
034048 212
034056 391
034064 5
034072 338
034080 758
034088 694
034096 351
034104 466
034112 975
034120 259
034128 537
034136 437
034144 905
034152 790
034160 113
034168 540
034176 543
034184 440
034192 559
034200 43
034208 45
034216 640
034224 284
034232 81
034240 225
034248 786
034256 578
034264 722
034272 811
034280 412
034288 517
034296 975
038405 65
038413 161
038421 968
038429 670
038437 543
038445 876
038453 184
038461 824
038469 110
038477 667
038485 657
038493 959
038501 487
038509 484
038517 193
038525 617
038533 657
038541 354
038549 303
038557 585
038565 784
038573 969
038581 612
038589 477
038597 203
038605 287
038613 952
038621 391
038629 279
038637 500
038645 72
038653 940
038150 334
038158 477
038166 989
038174 36
038182 841
038190 401
038198 847
038206 330
038214 37
038222 806
038230 222
038238 213
038246 118
038254 234
038262 18
038270 955
038278 135
038286 715
038294 651
038302 563
038310 441
038318 83
038326 109
038334 188
038342 345
038350 377
038358 164
038366 87
038374 858
038382 267
038390 958
038398 882
039427 833
039435 208
039443 327
039451 34
039459 308
039467 56
039475 41
039483 958
039491 740
039499 800
039507 998
039515 657
039523 698
039531 963
039539 810
039547 73
039555 190
039563 76
039571 938
039579 950
039587 550
039595 957
039603 862
039611 988
039619 32
039627 825
039635 528
039643 682
039651 428
039659 939
039667 526
039675 252
038919 992
038927 545
038935 352
038943 607
038951 806
038959 259
038967 525
038975 183
038983 559
038991 973
038999 87
039007 259
039015 216
039023 256
039031 557
039039 599
039047 974
039055 669
039063 53
039071 167
039079 994
039087 905
039095 52
039103 778
039111 535
039119 605
039127 310
039135 545
039143 735
039151 257
039159 606
039167 448
039169 423
039177 267
039185 92
039193 550
039201 735
039209 239
039217 385
039225 628
039233 198
039241 683
039249 537
039257 853
039265 45
039273 416
039281 48
039289 963
039297 336
039305 627
039313 435
039321 889
039329 257
039337 950
039345 458
039353 98
039361 775
039369 255
039377 983
039385 514
039393 896
039401 156
039409 526
039417 580
038148 283
038156 67
038164 566
038172 686
038180 542
038188 75
038196 728
038204 608
038212 7
038220 452
038228 242
038236 15
038244 225
038252 407
038260 744
038268 869
038276 766
038284 253
038292 613
038300 782
038308 938
038316 262
038324 345
038332 169
038340 484
038348 877
038356 183
038364 167
038372 369
038380 785
038388 558
038396 201
038146 720
038154 532
038162 679
038170 724
038178 972
038186 770
038194 52
038202 882
038210 392
038218 289
038226 167
038234 6
038242 210
038250 238
038258 190
038266 354
038274 374
038282 370
038290 943
038298 399
038306 823
038314 326
038322 489
038330 399
038338 430
038346 405
038354 468
038362 304
038370 931
038378 954
038386 358
038394 441
034304 923
034312 353
034320 181
034328 146
034336 107
034344 661
034352 806
034360 437
034368 257
034376 768
034384 201
034392 19
034400 68
034408 265
034416 740
034424 862
034432 197
034440 263
034448 306
034456 33
034464 93
034472 672
034480 596
034488 927
034496 426
034504 954
034512 632
034520 151
034528 779
034536 520
034544 151
034552 655
038661 500
038669 841
038677 474
038685 948
038693 550
038701 867
038709 152
038717 957
038725 710
038733 716
038741 811
038749 887
038757 341
038765 721
038773 956
038781 360
038789 118
038797 85
038805 393
038813 461
038821 798
038829 439
038837 102
038845 653
038853 404
038861 199
038869 461
038877 639
038885 975
038893 473
038901 788
038909 93
038406 521
038414 640
038422 81
038430 385
038438 94
038446 557
038454 512
038462 542
038470 33
038478 479
038486 917
038494 371
038502 799
038510 137
038518 970
038526 315
038534 935
038542 807
038550 139
038558 120
038566 249
038574 966
038582 263
038590 904
038598 19
038606 566
038614 868
038622 53
038630 42
038638 450
038646 576
038654 853
039683 595
039691 541
039699 316
039707 823
039715 186
039723 149
039731 832
039739 864
039747 657
039755 169
039763 481
039771 632
039779 670
039787 737
039795 828
039803 336
039811 698
039819 796
039827 613
039835 981
039843 365
039851 770
039859 44
039867 740
039875 666
039883 260
039891 484
039899 241
039907 338
039915 226
039923 296
039931 252
039175 823
039183 620
039191 484
039199 474
039207 439
039215 630
039223 91
039231 428
039239 825
039247 692
039255 934
039263 49
039271 386
039279 246
039287 733
039295 855
039303 273
039311 311
039319 47
039327 9
039335 661
039343 948
039351 541
039359 840
039367 386
039375 283
039383 25
039391 157
039399 83
039407 799
039415 109
039423 755
039425 414
039433 236
039441 113
039449 870
039457 175
039465 355
039473 541
039481 625
039489 97
039497 316
039505 668
039513 816
039521 550
039529 175
039537 532
039545 955
039553 673
039561 65
039569 644
039577 626
039585 687
039593 154
039601 261
039609 681
039617 881
039625 646
039633 440
039641 102
039649 502
039657 36
039665 253
039673 680
038404 365
038412 778
038420 94
038428 466
038436 0
038444 532
038452 45
038460 51
038468 793
038476 643
038484 148
038492 152
038500 522
038508 146
038516 137
038524 671
038532 438
038540 268
038548 675
038556 599
038564 76
038572 26
038580 411
038588 871
038596 786
038604 513
038612 447
038620 220
038628 462
038636 947
038644 963
038652 809
038402 649
038410 306
038418 775
038426 778
038434 397
038442 976
038450 697
038458 25
038466 695
038474 382
038482 284
038490 223
038498 599
038506 582
038514 384
038522 675
038530 0
038538 677
038546 214
038554 686
038562 263
038570 661
038578 245
038586 818
038594 893
038602 915
038610 499
038618 7
038626 789
038634 770
038642 192
038650 741
034560 203
034568 571
034576 597
034584 537
034592 839
034600 357
034608 49
034616 811
034624 144
034632 5
034640 909
034648 361
034656 145
034664 381
034672 521
034680 897
034688 727
034696 921
034704 175
034712 735
034720 453
034728 302
034736 747
034744 435
034752 869
034760 296
034768 204
034776 270
034784 665
034792 440
034800 872
034808 741
038917 467
038925 967
038933 560
038941 123
038949 680
038957 855
038965 761
038973 526
038981 375
038989 18
038997 120
039005 53
039013 264
039021 506
039029 839
039037 397
039045 488
039053 562
039061 857
039069 130
039077 117
039085 776
039093 64
039101 893
039109 210
039117 380
039125 247
039133 819
039141 148
039149 325
039157 487
039165 759
038662 95
038670 74
038678 309
038686 278
038694 738
038702 604
038710 939
038718 365
038726 375
038734 243
038742 515
038750 555
038758 64
038766 819
038774 180
038782 347
038790 729
038798 641
038806 87
038814 139
038822 27
038830 175
038838 251
038846 75
038854 323
038862 740
038870 224
038878 277
038886 901
038894 319
038902 22
038910 783
039939 861
039947 685
039955 426
039963 503
039971 525
039979 743
039987 229
039995 817
040003 957
040011 532
040019 96
040027 85
040035 51
040043 916
040051 722
040059 9
040067 899
040075 923
040083 581
040091 842
040099 545
040107 829
040115 205
040123 832
040131 690
040139 648
040147 853
040155 371
040163 727
040171 22
040179 928
040187 453
039431 498
039439 872
039447 312
039455 139
039463 395
039471 97
039479 384
039487 634
039495 271
039503 936
039511 324
039519 501
039527 386
039535 246
039543 462
039551 699
039559 318
039567 353
039575 697
039583 110
039591 930
039599 132
039607 124
039615 576
039623 758
039631 61
039639 282
039647 810
039655 93
039663 244
039671 416
039679 624
039681 734
039689 55
039697 665
039705 718
039713 678
039721 447
039729 871
039737 95
039745 77
039753 887
039761 457
039769 193
039777 519
039785 676
039793 702
039801 368
039809 493
039817 864
039825 37
039833 665
039841 147
039849 895
039857 790
039865 119
039873 818
039881 158
039889 716
039897 950
039905 747
039913 182
039921 333
039929 179
038660 618
038668 435
038676 434
038684 199
038692 288
038700 301
038708 441
038716 524
038724 525
038732 595
038740 386
038748 302
038756 497
038764 574
038772 433
038780 147
038788 981
038796 648
038804 946
038812 766
038820 720
038828 557
038836 696
038844 450
038852 349
038860 371
038868 816
038876 528
038884 765
038892 849
038900 66
038908 506
038658 448
038666 143
038674 284
038682 144
038690 625
038698 825
038706 353
038714 584
038722 511
038730 415
038738 721
038746 226
038754 27
038762 381
038770 453
038778 894
038786 96
038794 59
038802 337
038810 616
038818 522
038826 576
038834 274
038842 657
038850 974
038858 324
038866 402
038874 877
038882 304
038890 529
038898 496
038906 995
039173 240
039181 737
039189 855
039197 254
039205 381
039213 207
039221 19
039229 382
039237 978
039245 337
039253 786
039261 604
039269 510
039277 609
039285 284
039293 998
039301 444
039309 455
039317 612
039325 443
039333 948
039341 391
039349 742
039357 539
039365 800
039373 130
039381 250
039389 119
039397 138
039405 317
039413 0
039421 953
034816 647
034824 703
034832 418
034840 910
034848 15
034856 264
034864 110
034872 41
034880 603
034888 98
034896 994
034904 586
034912 821
034920 484
034928 951
034936 705
034944 733
034952 260
034960 204
034968 310
034976 174
034984 627
034992 402
035000 521
035008 719
035016 360
035024 304
035032 160
035040 15
035048 446
035056 508
035064 925
038918 585
038926 661
038934 117
038942 824
038950 409
038958 805
038966 570
038974 2
038982 756
038990 97
038998 902
039006 375
039014 490
039022 730
039030 595
039038 74
039046 207
039054 288
039062 453
039070 983
039078 548
039086 146
039094 817
039102 102
039110 628
039118 246
039126 997
039134 935
039142 58
039150 193
039158 595
039166 175
040195 999
040203 275
040211 597
040219 273
040227 635
040235 536
040243 844
040251 829
040259 225
040267 618
040275 237
040283 479
040291 18
040299 107
040307 455
040315 518
040323 868
040331 453
040339 208
040347 500
040355 194
040363 990
040371 817
040379 678
040387 779
040395 840
040403 637
040411 869
040419 314
040427 816
040435 924
040443 860
039687 22
039695 23
039703 75
039711 656
039719 318
039727 219
039735 296
039743 148
039751 224
039759 513
039767 424
039775 448
039783 230
039791 241
039799 994
039807 395
039815 951
039823 621
039831 964
039839 953
039847 863
039855 159
039863 92
039871 991
039879 163
039887 220
039895 970
039903 769
039911 467
039919 945
039927 103
039935 729
039937 508
039945 746
039953 957
039961 347
039969 479
039977 781
039985 162
039993 163
040001 924
040009 510
040017 981
040025 412
040033 678
040041 924
040049 323
040057 908
040065 51
040073 280
040081 512
040089 491
040097 289
040105 128
040113 429
040121 698
040129 438
040137 531
040145 295
040153 995
040161 646
040169 883
040177 617
040185 169
038916 753
038924 106
038932 871
038940 149
038948 982
038956 396
038964 684
038972 867
038980 915
038988 438
038996 209
039004 834
039012 233
039020 845
039028 645
039036 11
039044 639
039052 559
039060 131
039068 24
039076 119
039084 70
039092 17
039100 476
039108 341
039116 272
039124 544
039132 671
039140 176
039148 520
039156 657
039164 388
039429 476
039437 253
039445 258
039453 21
039461 103
039469 553
039477 597
039485 946
039493 284
039501 754
039509 388
039517 420
039525 624
039533 349
039541 289
039549 783
039557 679
039565 30
039573 745
039581 678
039589 40
039597 983
039605 443
039613 93
039621 26
039629 715
039637 339
039645 341
039653 890
039661 525
039669 451
039677 0
038914 568
038922 113
038930 76
038938 173
038946 869
038954 369
038962 634
038970 940
038978 878
038986 418
038994 187
039002 443
039010 87
039018 403
039026 797
039034 120
039042 659
039050 169
039058 456
039066 760
039074 312
039082 671
039090 773
039098 130
039106 582
039114 948
039122 446
039130 637
039138 566
039146 841
039154 590
039162 559
039174 908
039182 686
039190 506
039198 460
039206 827
039214 434
039222 884
039230 261
039238 717
039246 187
039254 798
039262 656
039270 337
039278 642
039286 898
039294 335
039302 140
039310 301
039318 371
039326 202
039334 40
039342 583
039350 705
039358 110
039366 131
039374 893
039382 33
039390 304
039398 877
039406 1
039414 446
039422 24
035072 947
035080 278
035088 893
035096 384
035104 724
035112 918
035120 278
035128 428
035136 260
035144 369
035152 6
035160 960
035168 742
035176 473
035184 442
035192 524
035200 383
035208 837
035216 956
035224 276
035232 506
035240 492
035248 257
035256 109
035264 163
035272 625
035280 766
035288 595
035296 995
035304 172
035312 254
035320 414
040451 820
040459 420
040467 105
040475 810
040483 974
040491 946
040499 82
040507 608
040515 311
040523 769
040531 762
040539 760
040547 144
040555 94
040563 625
040571 766
040579 380
040587 908
040595 393
040603 312
040611 661
040619 21
040627 313
040635 83
040643 107
040651 33
040659 741
040667 642
040675 556
040683 141
040691 109
040699 305
039943 940
039951 767
039959 954
039967 885
039975 831
039983 80
039991 127
039999 25
040007 470
040015 666
040023 615
040031 616
040039 417
040047 395
040055 132
040063 774
040071 659
040079 345
040087 128
040095 142
040103 137
040111 74
040119 531
040127 105
040135 422
040143 115
040151 948
040159 289
040167 717
040175 824
040183 758
040191 725
040193 201
040201 889
040209 409
040217 826
040225 18
040233 8
040241 256
040249 188
040257 101
040265 792
040273 337
040281 937
040289 208
040297 672
040305 536
040313 944
040321 289
040329 821
040337 689
040345 288
040353 278
040361 546
040369 115
040377 32
040385 315
040393 27
040401 970
040409 477
040417 893
040425 921
040433 940
040441 143
039172 311
039180 842
039188 733
039196 560
039204 629
039212 180
039220 583
039228 160
039236 746
039244 787
039252 231
039260 329
039268 660
039276 329
039284 850
039292 433
039300 817
039308 906
039316 85
039324 66
039332 510
039340 767
039348 944
039356 826
039364 46
039372 157
039380 681
039388 127
039396 908
039404 509
039412 289
039420 320
039685 581
039693 543
039701 307
039709 443
039717 702
039725 915
039733 766
039741 696
039749 227
039757 728
039765 427
039773 890
039781 670
039789 524
039797 559
039805 720
039813 727
039821 944
039829 80
039837 387
039845 674
039853 440
039861 151
039869 543
039877 82
039885 927
039893 793
039901 320
039909 571
039917 810
039925 974
039933 796
039170 638
039178 596
039186 960
039194 529
039202 18
039210 157
039218 982
039226 296
039234 561
039242 228
039250 272
039258 164
039266 536
039274 609
039282 617
039290 347
039298 107
039306 639
039314 164
039322 113
039330 503
039338 501
039346 171
039354 365
039362 950
039370 147
039378 843
039386 595
039394 394
039402 210
039410 574
039418 502
035328 72
035336 364
035344 510
035352 875
035360 834
035368 263
035376 170
035384 755
035392 445
035400 68
035408 640
035416 907
035424 26
035432 670
035440 785
035448 417
035456 699
035464 950
035472 739
035480 12
035488 714
035496 674
035504 672
035512 541
035520 258
035528 1
035536 647
035544 356
035552 397
035560 906
035568 714
035576 224
039430 99
039438 86
039446 857
039454 83
039462 682
039470 602
039478 249
039486 519
039494 759
039502 339
039510 961
039518 633
039526 769
039534 636
039542 271
039550 404
039558 913
039566 642
039574 635
039582 431
039590 625
039598 485
039606 275
039614 20
039622 763
039630 656
039638 390
039646 576
039654 787
039662 182
039670 690
039678 806
040707 927
040715 567
040723 514
040731 894
040739 772
040747 392
040755 593
040763 533
040771 382
040779 186
040787 703
040795 575
040803 711
040811 595
040819 583
040827 609
040835 44
040843 678
040851 563
040859 960
040867 435
040875 264
040883 500
040891 771
040899 836
040907 579
040915 111
040923 441
040931 519
040939 515
040947 741
040955 278
040199 347
040207 658
040215 150
040223 235
040231 687
040239 149
040247 534
040255 862
040263 995
040271 764
040279 273
040287 885
040295 133
040303 856
040311 602
040319 907
040327 813
040335 379
040343 905
040351 317
040359 921
040367 860
040375 434
040383 157
040391 124
040399 183
040407 209
040415 234
040423 698
040431 395
040439 249
040447 581
040449 294
040457 555
040465 329
040473 846
040481 683
040489 331
040497 835
040505 142
040513 537
040521 202
040529 89
040537 982
040545 872
040553 819
040561 721
040569 122
040577 787
040585 721
040593 608
040601 740
040609 689
040617 585
040625 482
040633 7
040641 188
040649 66
040657 119
040665 531
040673 450
040681 924
040689 553
040697 648
039428 692
039436 143
039444 749
039452 326
039460 820
039468 72
039476 758
039484 779
039492 739
039500 520
039508 553
039516 102
039524 247
039532 949
039540 401
039548 234
039556 366
039564 95
039572 129
039580 296
039588 984
039596 976
039604 843
039612 325
039620 903
039628 326
039636 749
039644 148
039652 173
039660 304
039668 726
039676 954
039426 941
039434 387
039442 307
039450 221
039458 820
039466 361
039474 848
039482 921
039490 529
039498 175
039506 492
039514 254
039522 831
039530 889
039538 960
039546 746
039554 856
039562 253
039570 382
039578 676
039586 102
039594 581
039602 982
039610 303
039618 12
039626 564
039634 232
039642 250
039650 833
039658 2
039666 396
039674 985
039941 480
039949 207
039957 335
039965 842
039973 745
039981 664
039989 389
039997 894
040005 300
040013 335
040021 668
040029 548
040037 79
040045 448
040053 934
040061 314
040069 260
040077 575
040085 638
040093 514
040101 113
040109 191
040117 910
040125 947
040133 420
040141 933
040149 980
040157 970
040165 56
040173 385
040181 980
040189 189
035584 591
035592 908
035600 753
035608 221
035616 469
035624 808
035632 257
035640 462
035648 654
035656 194
035664 829
035672 301
035680 168
035688 340
035696 811
035704 308
035712 335
035720 604
035728 337
035736 653
035744 628
035752 257
035760 684
035768 97
035776 130
035784 862
035792 915
035800 837
035808 658
035816 113
035824 14
035832 570
039686 392
039694 692
039702 702
039710 150
039718 677
039726 637
039734 627
039742 322
039750 384
039758 443
039766 6
039774 449
039782 891
039790 991
039798 568
039806 359
039814 503
039822 259
039830 612
039838 111
039846 282
039854 365
039862 477
039870 377
039878 813
039886 798
039894 418
039902 997
039910 310
039918 196
039926 78
039934 565
040963 756
040971 853
040979 916
040987 221
040995 800
041003 439
041011 57
041019 29
041027 207
041035 838
041043 762
041051 2
041059 783
041067 781
041075 611
041083 776
041091 776
041099 708
041107 723
041115 822
041123 575
041131 521
041139 167
041147 199
041155 698
041163 54
041171 597
041179 20
041187 735
041195 781
041203 764
041211 239
040455 181
040463 478
040471 619
040479 662
040487 322
040495 275
040503 21
040511 159
040519 807
040527 860
040535 869
040543 617
040551 273
040559 223
040567 693
040575 691
040583 574
040591 425
040599 326
040607 673
040615 550
040623 887
040631 806
040639 303
040647 113
040655 572
040663 820
040671 192
040679 656
040687 110
040695 592
040703 98
040705 537
040713 885
040721 314
040729 878
040737 356
040745 699
040753 587
040761 3
040769 962
040777 17
040785 489
040793 410
040801 516
040809 865
040817 127
040825 635
040833 697
040841 917
040849 964
040857 420
040865 407
040873 338
040881 87
040889 731
040897 756
040905 239
040913 309
040921 421
040929 981
040937 139
040945 850
040953 796
039684 473
039692 220
039700 179
039708 92
039716 711
039724 23
039732 264
039740 558
039748 756
039756 233
039764 38
039772 309
039780 22
039788 298
039796 311
039804 207
039812 517
039820 919
039828 927
039836 936
039844 504
039852 875
039860 604
039868 139
039876 595
039884 350
039892 199
039900 511
039908 347
039916 403
039924 483
039932 337
039682 535
039690 706
039698 925
039706 264
039714 330
039722 451
039730 628
039738 26
039746 599
039754 441
039762 501
039770 443
039778 163
039786 305
039794 730
039802 285
039810 26
039818 926
039826 460
039834 797
039842 720
039850 316
039858 791
039866 415
039874 964
039882 764
039890 508
039898 583
039906 973
039914 511
039922 36
039930 830
040197 930
040205 613
040213 912
040221 906
040229 229
040237 692
040245 603
040253 218
040261 224
040269 493
040277 443
040285 557
040293 741
040301 635
040309 820
040317 553
040325 746
040333 189
040341 284
040349 659
040357 958
040365 11
040373 438
040381 844
040389 295
040397 483
040405 166
040413 813
040421 64
040429 644
040437 714
040445 593
035840 246
035848 290
035856 534
035864 938
035872 424
035880 543
035888 710
035896 258
035904 633
035912 796
035920 107
035928 673
035936 905
035944 239
035952 113
035960 252
035968 58
035976 399
035984 382
035992 798
036000 911
036008 792
036016 881
036024 458
036032 792
036040 752
036048 597
036056 535
036064 468
036072 657
036080 785
036088 29
039942 389
039950 800
039958 13
039966 361
039974 536
039982 767
039990 134
039998 107
040006 994
040014 374
040022 378
040030 824
040038 16
040046 624
040054 406
040062 408
040070 732
040078 581
040086 528
040094 239
040102 929
040110 0
040118 3
040126 315
040134 392
040142 729
040150 278
040158 920
040166 742
040174 676
040182 181
040190 280
041219 682
041227 817
041235 741
041243 438
041251 840
041259 695
041267 871
041275 335
041283 673
041291 485
041299 232
041307 860
041315 613
041323 93
041331 337
041339 379
041347 545
041355 362
041363 658
041371 914
041379 528
041387 952
041395 457
041403 678
041411 445
041419 91
041427 46
041435 746
041443 134
041451 334
041459 743
041467 689
040711 598
040719 486
040727 887
040735 790
040743 465
040751 114
040759 689
040767 144
040775 786
040783 485
040791 47
040799 734
040807 272
040815 711
040823 589
040831 109
040839 676
040847 698
040855 364
040863 718
040871 751
040879 921
040887 670
040895 589
040903 43
040911 446
040919 89
040927 384
040935 556
040943 499
040951 517
040959 30
040961 946
040969 238
040977 399
040985 741
040993 931
041001 776
041009 559
041017 209
041025 456
041033 581
041041 926
041049 183
041057 181
041065 14
041073 349
041081 354
041089 917
041097 194
041105 897
041113 702
041121 496
041129 920
041137 903
041145 29
041153 259
041161 736
041169 834
041177 816
041185 777
041193 53
041201 583
041209 196
039940 371
039948 413
039956 860
039964 325
039972 476
039980 106
039988 392
039996 97
040004 148
040012 717
040020 605
040028 819
040036 409
040044 930
040052 535
040060 557
040068 347
040076 647
040084 88
040092 888
040100 362
040108 970
040116 984
040124 915
040132 572
040140 257
040148 877
040156 566
040164 280
040172 704
040180 565
040188 817
039938 721
039946 677
039954 340
039962 405
039970 337
039978 26
039986 534
039994 626
040002 847
040010 796
040018 724
040026 149
040034 795
040042 389
040050 105
040058 384
040066 599
040074 695
040082 534
040090 226
040098 794
040106 183
040114 389
040122 840
040130 656
040138 562
040146 896
040154 416
040162 356
040170 808
040178 898
040186 276
040453 945
040461 111
040469 140
040477 451
040485 546
040493 425
040501 429
040509 471
040517 825
040525 18
040533 856
040541 88
040549 638
040557 43
040565 65
040573 157
040581 837
040589 741
040597 539
040605 911
040613 719
040621 175
040629 896
040637 765
040645 638
040653 367
040661 767
040669 826
040677 929
040685 711
040693 441
040701 26
036096 771
036104 373
036112 609
036120 341
036128 436
036136 60
036144 800
036152 785
036160 389
036168 97
036176 216
036184 683
036192 850
036200 822
036208 119
036216 167
036224 100
036232 149
036240 747
036248 839
036256 326
036264 658
036272 542
036280 117
036288 302
036296 731
036304 638
036312 567
036320 364
036328 775
036336 869
036344 687
040198 626
040206 917
040214 76
040222 935
040230 882
040238 79
040246 722
040254 489
040262 476
040270 772
040278 637
040286 70
040294 751
040302 620
040310 489
040318 43
040326 14
040334 998
040342 52
040350 717
040358 25
040366 646
040374 96
040382 715
040390 566
040398 8
040406 768
040414 206
040422 640
040430 874
040438 873
040446 265
041475 243
041483 552
041491 793
041499 123
041507 571
041515 720
041523 547
041531 268
041539 858
041547 56
041555 728
041563 325
041571 316
041579 376
041587 900
041595 734
041603 903
041611 889
041619 94
041627 31
041635 876
041643 151
041651 970
041659 376
041667 83
041675 950
041683 442
041691 66
041699 38
041707 900
041715 733
041723 717
040967 166
040975 236
040983 431
040991 645
040999 148
041007 858
041015 172
041023 592
041031 5
041039 502
041047 53
041055 563
041063 167
041071 751
041079 783
041087 862
041095 90
041103 717
041111 887
041119 469
041127 775
041135 286
041143 888
041151 151
041159 751
041167 523
041175 324
041183 419
041191 471
041199 718
041207 94
041215 204
041217 653
041225 526
041233 15
041241 35
041249 731
041257 828
041265 393
041273 694
041281 777
041289 401
041297 519
041305 183
041313 981
041321 874
041329 672
041337 309
041345 805
041353 417
041361 287
041369 110
041377 213
041385 698
041393 829
041401 386
041409 299
041417 392
041425 164
041433 818
041441 652
041449 877
041457 944
041465 934
040196 83
040204 805
040212 87
040220 669
040228 933
040236 118
040244 306
040252 226
040260 782
040268 169
040276 896
040284 284
040292 66
040300 630
040308 357
040316 469
040324 74
040332 535
040340 540
040348 361
040356 838
040364 428
040372 404
040380 505
040388 340
040396 349
040404 869
040412 532
040420 563
040428 477
040436 17
040444 714
040709 722
040717 248
040725 591
040733 785
040741 79
040749 935
040757 408
040765 558
040773 104
040781 442
040789 525
040797 701
040805 84
040813 614
040821 692
040829 20
040837 470
040845 179
040853 953
040861 562
040869 616
040877 251
040885 694
040893 563
040901 465
040909 957
040917 690
040925 516
040933 497
040941 203
040949 284
040957 398
040194 784
040202 937
040210 850
040218 302
040226 986
040234 833
040242 755
040250 151
040258 624
040266 605
040274 118
040282 979
040290 130
040298 86
040306 255
040314 389
040322 287
040330 159
040338 558
040346 260
040354 367
040362 627
040370 625
040378 302
040386 913
040394 232
040402 801
040410 834
040418 120
040426 790
040434 951
040442 199
036352 481
036360 407
036368 952
036376 888
036384 440
036392 126
036400 402
036408 122
036416 457
036424 42
036432 569
036440 416
036448 60
036456 973
036464 517
036472 125
036480 231
036488 569
036496 908
036504 830
036512 597
036520 233
036528 102
036536 519
036544 54
036552 761
036560 371
036568 823
036576 468
036584 182
036592 747
036600 896
041731 910
041739 181
041747 801
041755 755
041763 778
041771 541
041779 232
041787 237
041795 288
041803 197
041811 720
041819 898
041827 224
041835 888
041843 894
041851 314
041859 106
041867 129
041875 46
041883 822
041891 960
041899 307
041907 891
041915 256
041923 820
041931 403
041939 621
041947 922
041955 330
041963 170
041971 669
041979 51
040454 787
040462 791
040470 413
040478 907
040486 556
040494 559
040502 87
040510 218
040518 178
040526 245
040534 569
040542 287
040550 304
040558 112
040566 216
040574 528
040582 854
040590 525
040598 322
040606 955
040614 845
040622 175
040630 137
040638 280
040646 675
040654 435
040662 894
040670 907
040678 956
040686 249
040694 34
040702 603
041223 847
041231 873
041239 110
041247 481
041255 879
041263 722
041271 510
041279 102
041287 461
041295 551
041303 691
041311 33
041319 490
041327 168
041335 743
041343 487
041351 388
041359 620
041367 324
041375 840
041383 333
041391 104
041399 674
041407 473
041415 447
041423 557
041431 143
041439 670
041447 322
041455 196
041463 343
041471 746
041473 255
041481 114
041489 71
041497 337
041505 724
041513 278
041521 125
041529 557
041537 670
041545 305
041553 997
041561 367
041569 786
041577 885
041585 146
041593 102
041601 471
041609 932
041617 466
041625 2
041633 927
041641 482
041649 520
041657 492
041665 833
041673 379
041681 557
041689 101
041697 658
041705 845
041713 58
041721 194
040452 651
040460 909
040468 369
040476 549
040484 789
040492 291
040500 534
040508 794
040516 642
040524 639
040532 8
040540 785
040548 416
040556 852
040564 328
040572 53
040580 732
040588 27
040596 469
040604 861
040612 976
040620 152
040628 778
040636 434
040644 287
040652 161
040660 262
040668 781
040676 836
040684 625
040692 403
040700 616
040965 358
040973 110
040981 160
040989 122
040997 266
041005 414
041013 601
041021 495
041029 224
041037 562
041045 243
041053 112
041061 435
041069 811
041077 855
041085 341
041093 660
041101 304
041109 234
041117 839
041125 888
041133 456
041141 591
041149 363
041157 690
041165 790
041173 736
041181 907
041189 394
041197 605
041205 775
041213 11
040450 382
040458 117
040466 406
040474 889
040482 987
040490 558
040498 28
040506 694
040514 798
040522 312
040530 986
040538 989
040546 634
040554 563
040562 990
040570 316
040578 707
040586 84
040594 147
040602 171
040610 296
040618 80
040626 555
040634 405
040642 66
040650 66
040658 890
040666 202
040674 2
040682 581
040690 437
040698 857
041987 5
041995 782
042003 393
042011 476
042019 941
042027 589
042035 514
042043 91
042051 911
042059 406
042067 132
042075 211
042083 516
042091 633
042099 265
042107 62
042115 849
042123 457
042131 508
042139 648
042147 15
042155 742
042163 274
042171 610
042179 27
042187 30
042195 972
042203 346
042211 54
042219 220
042227 178
042235 472
036608 480
036616 273
036624 508
036632 925
036640 888
036648 855
036656 940
036664 568
036672 798
036680 856
036688 227
036696 699
036704 688
036712 479
036720 680
036728 377
036736 403
036744 423
036752 276
036760 670
036768 247
036776 607
036784 493
036792 396
036800 456
036808 658
036816 584
036824 694
036832 144
036840 806
036848 760
036856 190
040710 454
040718 827
040726 532
040734 777
040742 72
040750 658
040758 455
040766 645
040774 514
040782 342
040790 458
040798 331
040806 731
040814 676
040822 527
040830 39
040838 493
040846 404
040854 285
040862 818
040870 106
040878 267
040886 135
040894 341
040902 470
040910 176
040918 769
040926 159
040934 555
040942 59
040950 472
040958 713
041479 30
041487 801
041495 730
041503 232
041511 480
041519 341
041527 683
041535 790
041543 337
041551 141
041559 360
041567 839
041575 113
041583 24
041591 181
041599 897
041607 22
041615 774
041623 721
041631 313
041639 523
041647 367
041655 813
041663 616
041671 369
041679 877
041687 301
041695 850
041703 608
041711 22
041719 110
041727 137
041729 125
041737 470
041745 165
041753 71
041761 654
041769 881
041777 578
041785 120
041793 991
041801 207
041809 609
041817 595
041825 87
041833 724
041841 899
041849 177
041857 453
041865 486
041873 829
041881 760
041889 837
041897 880
041905 426
041913 360
041921 856
041929 917
041937 774
041945 923
041953 475
041961 105
041969 227
041977 838
040708 829
040716 370
040724 390
040732 176
040740 519
040748 238
040756 533
040764 704
040772 957
040780 662
040788 346
040796 332
040804 279
040812 80
040820 886
040828 970
040836 427
040844 439
040852 328
040860 235
040868 815
040876 100
040884 847
040892 239
040900 421
040908 438
040916 755
040924 754
040932 501
040940 644
040948 371
040956 121
041221 680
041229 540
041237 521
041245 568
041253 183
041261 481
041269 631
041277 760
041285 349
041293 975
041301 533
041309 763
041317 958
041325 293
041333 625
041341 485
041349 264
041357 609
041365 81
041373 104
041381 447
041389 751
041397 926
041405 939
041413 705
041421 274
041429 380
041437 863
041445 981
041453 65
041461 786
041469 7
040706 95
040714 755
040722 482
040730 484
040738 267
040746 455
040754 966
040762 399
040770 17
040778 838
040786 914
040794 892
040802 235
040810 617
040818 278
040826 151
040834 78
040842 470
040850 260
040858 888
040866 560
040874 999
040882 536
040890 683
040898 754
040906 908
040914 914
040922 680
040930 404
040938 515
040946 463
040954 519
036864 843
036872 108
036880 157
036888 572
036896 974
036904 394
036912 687
036920 899
036928 541
036936 316
036944 906
036952 978
036960 655
036968 124
036976 942
036984 232
036992 330
037000 92
037008 457
037016 579
037024 471
037032 991
037040 250
037048 408
037056 712
037064 53
037072 253
037080 346
037088 961
037096 463
037104 136
037112 357
042243 743
042251 684
042259 617
042267 365
042275 672
042283 754
042291 542
042299 780
042307 904
042315 779
042323 639
042331 890
042339 965
042347 715
042355 20
042363 279
042371 852
042379 864
042387 693
042395 938
042403 828
042411 838
042419 269
042427 904
042435 755
042443 886
042451 260
042459 224
042467 684
042475 82
042483 496
042491 332
040966 566
040974 79
040982 994
040990 282
040998 426
041006 99
041014 252
041022 892
041030 312
041038 410
041046 461
041054 143
041062 657
041070 520
041078 39
041086 363
041094 801
041102 686
041110 190
041118 941
041126 674
041134 685
041142 110
041150 636
041158 220
041166 837
041174 347
041182 824
041190 507
041198 368
041206 881
041214 878
041735 177
041743 523
041751 217
041759 798
041767 627
041775 810
041783 558
041791 599
041799 111
041807 9
041815 537
041823 660
041831 817
041839 928
041847 553
041855 621
041863 642
041871 195
041879 633
041887 317
041895 115
041903 410
041911 974
041919 131
041927 74
041935 668
041943 963
041951 717
041959 37
041967 141
041975 68
041983 972
041985 655
041993 135
042001 871
042009 373
042017 389
042025 776
042033 897
042041 973
042049 869
042057 459
042065 352
042073 781
042081 943
042089 856
042097 778
042105 248
042113 639
042121 349
042129 833
042137 887
042145 952
042153 101
042161 374
042169 411
042177 507
042185 871
042193 397
042201 693
042209 736
042217 956
042225 285
042233 273
040964 113
040972 819
040980 575
040988 876
040996 7
041004 584
041012 268
041020 710
041028 148
041036 34
041044 80
041052 587
041060 215
041068 532
041076 330
041084 716
041092 562
041100 480
041108 936
041116 678
041124 927
041132 737
041140 698
041148 882
041156 624
041164 667
041172 668
041180 742
041188 428
041196 154
041204 253
041212 608
041477 849
041485 349
041493 908
041501 685
041509 67
041517 365
041525 627
041533 326
041541 63
041549 437
041557 241
041565 130
041573 924
041581 422
041589 724
041597 421
041605 120
041613 924
041621 682
041629 401
041637 786
041645 125
041653 350
041661 183
041669 973
041677 785
041685 415
041693 697
041701 271
041709 446
041717 861
041725 76
040962 328
040970 757
040978 866
040986 775
040994 680
041002 830
041010 195
041018 357
041026 331
041034 795
041042 962
041050 629
041058 744
041066 525
041074 309
041082 233
041090 646
041098 318
041106 295
041114 541
041122 377
041130 177
041138 548
041146 71
041154 378
041162 189
041170 993
041178 797
041186 823
041194 675
041202 385
041210 627
037120 787
037128 811
037136 471
037144 131
037152 219
037160 985
037168 489
037176 974
037184 249
037192 284
037200 491
037208 533
037216 408
037224 978
037232 436
037240 495
037248 183
037256 780
037264 724
037272 806
037280 632
037288 277
037296 868
037304 985
037312 810
037320 568
037328 921
037336 146
037344 178
037352 784
037360 90
037368 941
042499 450
042507 483
042515 845
042523 662
042531 854
042539 282
042547 199
042555 313
042563 441
042571 435
042579 106
042587 423
042595 793
042603 970
042611 441
042619 612
042627 914
042635 209
042643 873
042651 685
042659 487
042667 159
042675 902
042683 55
042691 591
042699 72
042707 511
042715 86
042723 856
042731 628
042739 107
042747 212
041222 262
041230 453
041238 404
041246 985
041254 733
041262 274
041270 253
041278 91
041286 224
041294 673
041302 182
041310 375
041318 240
041326 100
041334 278
041342 621
041350 303
041358 27
041366 366
041374 850
041382 571
041390 189
041398 334
041406 364
041414 140
041422 418
041430 82
041438 881
041446 418
041454 620
041462 418
041470 709
041991 131
041999 568
042007 472
042015 991
042023 44
042031 897
042039 118
042047 485
042055 610
042063 346
042071 779
042079 556
042087 3
042095 459
042103 708
042111 200
042119 547
042127 467
042135 341
042143 732
042151 29
042159 520
042167 189
042175 693
042183 744
042191 156
042199 248
042207 175
042215 842
042223 194
042231 957
042239 393
042241 622
042249 292
042257 643
042265 678
042273 730
042281 374
042289 262
042297 5
042305 150
042313 364
042321 209
042329 55
042337 906
042345 339
042353 565
042361 764
042369 600
042377 863
042385 137
042393 949
042401 63
042409 326
042417 857
042425 214
042433 68
042441 30
042449 506
042457 810
042465 780
042473 517
042481 570
042489 271
041220 310
041228 193
041236 537
041244 505
041252 487
041260 119
041268 474
041276 680
041284 904
041292 260
041300 145
041308 835
041316 426
041324 483
041332 384
041340 628
041348 213
041356 14
041364 551
041372 671
041380 14
041388 167
041396 81
041404 856
041412 977
041420 661
041428 286
041436 71
041444 336
041452 297
041460 363
041468 889
041733 36
041741 287
041749 850
041757 777
041765 159
041773 909
041781 78
041789 179
041797 47
041805 610
041813 454
041821 421
041829 469
041837 536
041845 17
041853 487
041861 321
041869 855
041877 368
041885 213
041893 46
041901 62
041909 412
041917 708
041925 581
041933 26
041941 880
041949 240
041957 271
041965 13
041973 854
041981 784
037376 754
037384 631
037392 249
037400 311
037408 269
037416 483
037424 16
037432 194
037440 191
037448 963
037456 43
037464 601
037472 202
037480 568
037488 1
037496 38
037504 259
037512 339
037520 998
037528 757
037536 662
037544 987
037552 419
037560 973
037568 489
037576 491
037584 749
037592 203
037600 234
037608 923
037616 865
037624 52
041218 122
041226 893
041234 59
041242 902
041250 739
041258 413
041266 54
041274 809
041282 572
041290 724
041298 261
041306 505
041314 231
041322 476
041330 221
041338 689
041346 962
041354 332
041362 278
041370 747
041378 345
041386 429
041394 280
041402 456
041410 0
041418 616
041426 922
041434 553
041442 270
041450 690
041458 895
041466 540
042755 20
042763 944
042771 276
042779 663
042787 871
042795 761
042803 666
042811 907
042819 644
042827 220
042835 718
042843 63
042851 125
042859 985
042867 604
042875 855
042883 176
042891 288
042899 616
042907 316
042915 287
042923 208
042931 9
042939 245
042947 337
042955 754
042963 962
042971 87
042979 742
042987 742
042995 146
043003 402
041478 416
041486 230
041494 505
041502 854
041510 331
041518 986
041526 689
041534 36
041542 402
041550 255
041558 243
041566 506
041574 987
041582 773
041590 856
041598 962
041606 259
041614 910
041622 570
041630 90
041638 502
041646 477
041654 54
041662 822
041670 235
041678 406
041686 952
041694 556
041702 6
041710 322
041718 650
041726 882
042247 678
042255 538
042263 166
042271 896
042279 191
042287 169
042295 105
042303 253
042311 110
042319 494
042327 414
042335 152
042343 101
042351 723
042359 491
042367 211
042375 137
042383 624
042391 694
042399 234
042407 736
042415 5
042423 492
042431 522
042439 663
042447 325
042455 529
042463 519
042471 473
042479 931
042487 960
042495 342
042497 469
042505 226
042513 887
042521 385
042529 617
042537 891
042545 908
042553 362
042561 329
042569 363
042577 549
042585 640
042593 945
042601 372
042609 260
042617 853
042625 758
042633 549
042641 419
042649 699
042657 452
042665 151
042673 199
042681 338
042689 20
042697 811
042705 429
042713 586
042721 364
042729 769
042737 188
042745 23
041476 456
041484 754
041492 415
041500 95
041508 286
041516 519
041524 176
041532 761
041540 756
041548 923
041556 638
041564 950
041572 641
041580 747
041588 708
041596 604
041604 541
041612 594
041620 639
041628 493
041636 840
041644 865
041652 173
041660 27
041668 76
041676 344
041684 124
041692 312
041700 425
041708 728
041716 294
041724 803
041989 192
041997 981
042005 111
042013 27
042021 40
042029 350
042037 246
042045 943
042053 324
042061 479
042069 566
042077 292
042085 706
042093 681
042101 940
042109 797
042117 856
042125 500
042133 358
042141 901
042149 227
042157 300
042165 498
042173 479
042181 717
042189 298
042197 432
042205 44
042213 863
042221 658
042229 454
042237 249
041474 430
041482 831
041490 564
041498 967
041506 336
041514 549
041522 294
041530 236
041538 779
041546 491
041554 620
041562 917
041570 793
041578 274
041586 333
041594 971
041602 481
041610 206
041618 758
041626 543
041634 702
041642 639
041650 510
041658 297
041666 558
041674 62
041682 815
041690 311
041698 902
041706 737
041714 397
041722 555
037632 829
037640 453
037648 810
037656 984
037664 810
037672 366
037680 306
037688 526
037696 56
037704 777
037712 206
037720 424
037728 346
037736 275
037744 688
037752 470
037760 339
037768 705
037776 133
037784 187
037792 978
037800 928
037808 901
037816 576
037824 58
037832 236
037840 174
037848 438
037856 420
037864 871
037872 417
037880 602
043011 325
043019 305
043027 391
043035 333
043043 770
043051 397
043059 725
043067 843
043075 862
043083 599
043091 524
043099 889
043107 405
043115 300
043123 558
043131 913
043139 100
043147 413
043155 893
043163 103
043171 116
043179 689
043187 4
043195 646
043203 60
043211 482
043219 394
043227 107
043235 950
043243 271
043251 746
043259 164
041734 843
041742 526
041750 580
041758 473
041766 100
041774 231
041782 11
041790 731
041798 245
041806 931
041814 955
041822 883
041830 149
041838 598
041846 460
041854 885
041862 258
041870 913
041878 864
041886 415
041894 782
041902 99
041910 894
041918 331
041926 948
041934 551
041942 391
041950 135
041958 176
041966 727
041974 991
041982 272
042503 55
042511 867
042519 101
042527 829
042535 166
042543 968
042551 178
042559 769
042567 427
042575 257
042583 604
042591 553
042599 957
042607 819
042615 458
042623 923
042631 638
042639 30
042647 710
042655 682
042663 473
042671 683
042679 622
042687 980
042695 877
042703 596
042711 656
042719 87
042727 983
042735 546
042743 503
042751 564
042753 558
042761 193
042769 120
042777 205
042785 505
042793 258
042801 108
042809 745
042817 789
042825 98
042833 681
042841 866
042849 449
042857 417
042865 499
042873 585
042881 288
042889 687
042897 160
042905 214
042913 219
042921 958
042929 609
042937 496
042945 802
042953 810
042961 862
042969 562
042977 779
042985 706
042993 302
043001 783
041732 776
041740 394
041748 56
041756 342
041764 677
041772 977
041780 368
041788 800
041796 13
041804 711
041812 782
041820 631
041828 342
041836 959
041844 713
041852 577
041860 43
041868 391
041876 681
041884 273
041892 429
041900 728
041908 717
041916 877
041924 154
041932 122
041940 493
041948 159
041956 556
041964 649
041972 793
041980 387
042245 389
042253 744
042261 415
042269 392
042277 801
042285 267
042293 548
042301 17
042309 461
042317 129
042325 362
042333 350
042341 22
042349 511
042357 485
042365 178
042373 16
042381 208
042389 473
042397 641
042405 629
042413 823
042421 791
042429 674
042437 462
042445 396
042453 4
042461 120
042469 20
042477 106
042485 520
042493 612
037888 580
037896 747
037904 881
037912 874
037920 406
037928 863
037936 567
037944 947
037952 52
037960 558
037968 266
037976 837
037984 233
037992 489
038000 423
038008 931
038016 579
038024 33
038032 549
038040 692
038048 70
038056 533
038064 95
038072 880
038080 659
038088 319
038096 930
038104 15
038112 819
038120 454
038128 813
038136 893
043267 326
043275 45
043283 704
043291 580
043299 305
043307 498
043315 495
043323 65
043331 511
043339 605
043347 227
043355 162
043363 116
043371 86
043379 2
043387 185
043395 494
043403 601
043411 289
043419 83
043427 318
043435 16
043443 9
043451 742
043459 629
043467 681
043475 643
043483 933
043491 240
043499 830
043507 426
043515 137
041730 252
041738 357
041746 309
041754 425
041762 916
041770 231
041778 854
041786 379
041794 973
041802 171
041810 499
041818 486
041826 719
041834 936
041842 625
041850 277
041858 348
041866 797
041874 971
041882 341
041890 743
041898 214
041906 421
041914 89
041922 936
041930 926
041938 814
041946 415
041954 49
041962 623
041970 910
041978 501
041990 427
041998 436
042006 190
042014 840
042022 363
042030 875
042038 664
042046 317
042054 671
042062 519
042070 141
042078 574
042086 47
042094 945
042102 883
042110 620
042118 9
042126 146
042134 56
042142 324
042150 665
042158 927
042166 80
042174 809
042182 449
042190 531
042198 460
042206 812
042214 829
042222 23
042230 207
042238 854
042759 864
042767 679
042775 659
042783 830
042791 900
042799 423
042807 457
042815 464
042823 589
042831 703
042839 66
042847 14
042855 92
042863 61
042871 75
042879 892
042887 423
042895 489
042903 843
042911 712
042919 747
042927 516
042935 56
042943 683
042951 455
042959 545
042967 90
042975 796
042983 607
042991 460
042999 943
043007 102
043009 675
043017 423
043025 310
043033 393
043041 784
043049 135
043057 375
043065 583
043073 232
043081 564
043089 299
043097 883
043105 430
043113 623
043121 565
043129 421
043137 768
043145 78
043153 673
043161 197
043169 535
043177 147
043185 659
043193 811
043201 47
043209 222
043217 662
043225 330
043233 229
043241 753
043249 182
043257 766
042501 418
042509 113
042517 288
042525 249
042533 503
042541 739
042549 285
042557 174
042565 975
042573 27
042581 345
042589 237
042597 65
042605 150
042613 406
042621 595
042629 545
042637 712
042645 506
042653 820
042661 791
042669 642
042677 956
042685 453
042693 360
042701 255
042709 501
042717 819
042725 926
042733 766
042741 367
042749 538
041988 68
041996 606
042004 296
042012 93
042020 304
042028 458
042036 876
042044 582
042052 926
042060 518
042068 723
042076 697
042084 196
042092 364
042100 819
042108 521
042116 189
042124 705
042132 569
042140 845
042148 535
042156 792
042164 879
042172 35
042180 708
042188 427
042196 699
042204 548
042212 62
042220 424
042228 103
042236 776
038144 267
038152 915
038160 692
038168 684
038176 455
038184 191
038192 108
038200 234
038208 336
038216 152
038224 992
038232 518
038240 756
038248 948
038256 771
038264 214
038272 76
038280 495
038288 2
038296 571
038304 505
038312 367
038320 615
038328 114
038336 387
038344 99
038352 216
038360 437
038368 477
038376 571
038384 402
038392 780
043523 427
043531 126
043539 502
043547 879
043555 279
043563 725
043571 745
043579 725
043587 997
043595 166
043603 849
043611 497
043619 366
043627 977
043635 555
043643 949
043651 811
043659 564
043667 152
043675 498
043683 492
043691 710
043699 897
043707 173
043715 231
043723 340
043731 24
043739 565
043747 542
043755 943
043763 784
043771 149
041986 845
041994 367
042002 125
042010 584
042018 992
042026 592
042034 220
042042 255
042050 187
042058 859
042066 155
042074 612
042082 726
042090 949
042098 6
042106 264
042114 233
042122 814
042130 375
042138 455
042146 515
042154 513
042162 610
042170 394
042178 490
042186 76
042194 686
042202 656
042210 359
042218 667
042226 992
042234 580
042246 269
042254 461
042262 345
042270 805
042278 27
042286 932
042294 541
042302 759
042310 34
042318 789
042326 181
042334 254
042342 406
042350 192
042358 832
042366 310
042374 715
042382 64
042390 365
042398 695
042406 314
042414 230
042422 807
042430 192
042438 625
042446 603
042454 808
042462 256
042470 125
042478 726
042486 442
042494 481
043015 602
043023 118
043031 77
043039 593
043047 650
043055 339
043063 508
043071 852
043079 173
043087 914
043095 647
043103 128
043111 554
043119 494
043127 46
043135 782
043143 838
043151 351
043159 350
043167 860
043175 563
043183 537
043191 963
043199 737
043207 865
043215 153
043223 941
043231 439
043239 884
043247 275
043255 828
043263 533
043265 541
043273 602
043281 312
043289 628
043297 240
043305 987
043313 853
043321 338
043329 62
043337 469
043345 610
043353 515
043361 387
043369 502
043377 197
043385 644
043393 14
043401 383
043409 993
043417 47
043425 441
043433 219
043441 948
043449 145
043457 872
043465 636
043473 705
043481 445
043489 618
043497 445
043505 804
043513 670
042757 46
042765 719
042773 92
042781 574
042789 823
042797 987
042805 407
042813 530
042821 901
042829 106
042837 118
042845 44
042853 81
042861 648
042869 566
042877 971
042885 676
042893 69
042901 239
042909 19
042917 217
042925 134
042933 820
042941 435
042949 17
042957 623
042965 72
042973 768
042981 769
042989 692
042997 743
043005 567
042244 336
042252 16
042260 780
042268 204
042276 314
042284 951
042292 172
042300 389
042308 407
042316 108
042324 320
042332 13
042340 401
042348 964
042356 836
042364 725
042372 79
042380 291
042388 786
042396 117
042404 762
042412 184
042420 266
042428 737
042436 227
042444 894
042452 153
042460 1
042468 910
042476 16
042484 630
042492 511
042242 995
042250 447
042258 983
042266 483
042274 724
042282 833
042290 809
042298 428
042306 188
042314 529
042322 332
042330 232
042338 173
042346 483
042354 854
042362 171
042370 459
042378 602
042386 298
042394 10
042402 835
042410 946
042418 719
042426 835
042434 305
042442 704
042450 803
042458 821
042466 827
042474 19
042482 270
042490 484
038400 869
038408 752
038416 786
038424 722
038432 819
038440 490
038448 800
038456 457
038464 38
038472 760
038480 360
038488 237
038496 142
038504 289
038512 195
038520 885
038528 214
038536 859
038544 889
038552 815
038560 74
038568 19
038576 270
038584 531
038592 576
038600 104
038608 15
038616 923
038624 547
038632 15
038640 677
038648 149
043779 563
043787 944
043795 29
043803 94
043811 217
043819 823
043827 691
043835 700
043843 669
043851 237
043859 191
043867 588
043875 85
043883 563
043891 575
043899 629
043907 299
043915 407
043923 602
043931 353
043939 996
043947 210
043955 4
043963 753
043971 486
043979 370
043987 158
043995 176
044003 330
044011 2
044019 176
044027 363
043271 511
043279 297
043287 732
043295 515
043303 582
043311 46
043319 249
043327 620
043335 565
043343 407
043351 97
043359 46
043367 948
043375 590
043383 308
043391 157
043399 461
043407 304
043415 538
043423 635
043431 56
043439 276
043447 178
043455 77
043463 29
043471 318
043479 809
043487 582
043495 618
043503 949
043511 110
043519 713
042502 457
042510 172
042518 42
042526 986
042534 521
042542 85
042550 613
042558 524
042566 281
042574 281
042582 779
042590 411
042598 825
042606 100
042614 912
042622 58
042630 67
042638 977
042646 758
042654 96
042662 853
042670 38
042678 974
042686 755
042694 531
042702 999
042710 576
042718 17
042726 325
042734 828
042742 153
042750 553
043521 393
043529 592
043537 673
043545 273
043553 487
043561 533
043569 192
043577 380
043585 896
043593 172
043601 60
043609 970
043617 109
043625 114
043633 247
043641 541
043649 252
043657 61
043665 958
043673 671
043681 906
043689 756
043697 800
043705 60
043713 810
043721 18
043729 789
043737 666
043745 332
043753 517
043761 894
043769 747
043013 850
043021 334
043029 660
043037 769
043045 969
043053 645
043061 266
043069 753
043077 175
043085 781
043093 385
043101 272
043109 90
043117 161
043125 634
043133 152
043141 447
043149 993
043157 123
043165 243
043173 329
043181 986
043189 981
043197 83
043205 739
043213 369
043221 183
043229 474
043237 673
043245 529
043253 499
043261 886
042500 311
042508 237
042516 456
042524 613
042532 146
042540 398
042548 989
042556 747
042564 840
042572 156
042580 42
042588 461
042596 570
042604 152
042612 607
042620 954
042628 545
042636 952
042644 117
042652 995
042660 944
042668 920
042676 51
042684 600
042692 719
042700 64
042708 33
042716 897
042724 272
042732 600
042740 526
042748 889
042498 885
042506 22
042514 3
042522 974
042530 663
042538 965
042546 509
042554 854
042562 944
042570 384
042578 901
042586 173
042594 870
042602 632
042610 892
042618 776
042626 118
042634 474
042642 16
042650 869
042658 828
042666 236
042674 118
042682 274
042690 882
042698 633
042706 903
042714 482
042722 102
042730 166
042738 511
042746 72
038656 286
038664 37
038672 479
038680 983
038688 581
038696 67
038704 841
038712 621
038720 883
038728 780
038736 930
038744 6
038752 10
038760 508
038768 431
038776 897
038784 862
038792 396
038800 585
038808 52
038816 325
038824 902
038832 627
038840 281
038848 306
038856 51
038864 900
038872 932
038880 752
038888 156
038896 503
038904 917
044035 473
044043 193
044051 857
044059 589
044067 520
044075 589
044083 231
044091 381
044099 113
044107 142
044115 705
044123 995
044131 802
044139 294
044147 946
044155 813
044163 23
044171 174
044179 315
044187 990
044195 659
044203 468
044211 679
044219 910
044227 605
044235 712
044243 774
044251 365
044259 235
044267 481
044275 128
044283 807
043527 292
043535 455
043543 56
043551 200
043559 284
043567 859
043575 65
043583 124
043591 645
043599 834
043607 124
043615 384
043623 446
043631 59
043639 271
043647 240
043655 269
043663 998
043671 173
043679 320
043687 5
043695 523
043703 146
043711 154
043719 914
043727 104
043735 905
043743 764
043751 771
043759 189
043767 476
043775 68
042758 448
042766 683
042774 101
042782 932
042790 152
042798 280
042806 542
042814 852
042822 886
042830 427
042838 804
042846 677
042854 425
042862 497
042870 959
042878 148
042886 537
042894 150
042902 854
042910 39
042918 519
042926 90
042934 16
042942 334
042950 76
042958 311
042966 154
042974 433
042982 372
042990 524
042998 314
043006 501
043777 896
043785 450
043793 562
043801 56
043809 996
043817 310
043825 70
043833 149
043841 600
043849 717
043857 453
043865 477
043873 898
043881 946
043889 371
043897 123
043905 701
043913 824
043921 134
043929 634
043937 37
043945 238
043953 781
043961 36
043969 391
043977 847
043985 911
043993 120
044001 128
044009 850
044017 781
044025 329
043269 139
043277 691
043285 919
043293 634
043301 776
043309 394
043317 488
043325 244
043333 732
043341 634
043349 280
043357 137
043365 223
043373 853
043381 169
043389 42
043397 476
043405 881
043413 706
043421 878
043429 232
043437 645
043445 813
043453 616
043461 929
043469 744
043477 67
043485 812
043493 951
043501 692
043509 757
043517 679
042756 773
042764 826
042772 935
042780 106
042788 475
042796 427
042804 674
042812 4
042820 690
042828 460
042836 861
042844 320
042852 21
042860 806
042868 676
042876 480
042884 488
042892 402
042900 391
042908 474
042916 767
042924 747
042932 467
042940 167
042948 11
042956 392
042964 47
042972 884
042980 521
042988 975
042996 440
043004 522
042754 621
042762 852
042770 967
042778 952
042786 963
042794 19
042802 722
042810 118
042818 65
042826 550
042834 863
042842 824
042850 214
042858 241
042866 896
042874 685
042882 254
042890 766
042898 188
042906 33
042914 374
042922 264
042930 279
042938 821
042946 33
042954 751
042962 476
042970 126
042978 219
042986 110
042994 50
043002 289
038912 961
038920 479
038928 355
038936 344
038944 952
038952 247
038960 393
038968 555
038976 929
038984 378
038992 28
039000 789
039008 628
039016 85
039024 519
039032 824
039040 488
039048 342
039056 795
039064 824
039072 537
039080 318
039088 954
039096 691
039104 316
039112 900
039120 563
039128 944
039136 320
039144 183
039152 68
039160 904
043783 442
043791 224
043799 354
043807 227
043815 240
043823 511
043831 886
043839 395
043847 975
043855 192
043863 470
043871 617
043879 106
043887 337
043895 720
043903 983
043911 276
043919 414
043927 624
043935 312
043943 920
043951 558
043959 101
043967 994
043975 597
043983 106
043991 863
043999 767
044007 789
044015 524
044023 628
044031 254
044291 17
044299 859
044307 53
044315 27
044323 422
044331 472
044339 522
044347 584
044355 182
044363 432
044371 562
044379 419
044387 123
044395 715
044403 747
044411 923
044419 564
044427 452
044435 824
044443 707
044451 700
044459 617
044467 548
044475 177
044483 985
044491 821
044499 889
044507 642
044515 344
044523 409
044531 308
044539 157
044033 27
044041 907
044049 977
044057 285
044065 883
044073 802
044081 245
044089 0
044097 816
044105 768
044113 289
044121 383
044129 861
044137 729
044145 821
044153 736
044161 564
044169 634
044177 374
044185 740
044193 310
044201 845
044209 56
044217 346
044225 108
044233 858
044241 922
044249 638
044257 689
044265 155
044273 886
044281 446
043014 540
043022 737
043030 951
043038 957
043046 73
043054 44
043062 549
043070 477
043078 492
043086 460
043094 402
043102 169
043110 174
043118 967
043126 157
043134 231
043142 508
043150 252
043158 716
043166 396
043174 114
043182 974
043190 949
043198 505
043206 418
043214 165
043222 140
043230 138
043238 582
043246 195
043254 750
043262 57
043525 327
043533 378
043541 204
043549 513
043557 405
043565 804
043573 546
043581 856
043589 238
043597 868
043605 427
043613 980
043621 899
043629 970
043637 855
043645 0
043653 68
043661 697
043669 889
043677 463
043685 338
043693 39
043701 523
043709 377
043717 275
043725 597
043733 605
043741 389
043749 3
043757 893
043765 400
043773 270
043012 758
043020 870
043028 933
043036 318
043044 327
043052 249
043060 845
043068 579
043076 932
043084 495
043092 213
043100 637
043108 512
043116 941
043124 548
043132 1
043140 308
043148 812
043156 473
043164 530
043172 770
043180 915
043188 910
043196 856
043204 30
043212 747
043220 417
043228 272
043236 145
043244 83
043252 601
043260 677
039168 208
039176 999
039184 864
039192 947
039200 202
039208 364
039216 357
039224 964
039232 727
039240 75
039248 2
039256 925
039264 110
039272 276
039280 773
039288 330
039296 854
039304 230
039312 392
039320 83
039328 460
039336 139
039344 560
039352 150
039360 1
039368 234
039376 556
039384 103
039392 320
039400 523
039408 927
039416 79
043010 184
043018 704
043026 925
043034 962
043042 782
043050 334
043058 980
043066 704
043074 701
043082 638
043090 590
043098 209
043106 697
043114 728
043122 480
043130 501
043138 512
043146 400
043154 883
043162 407
043170 873
043178 263
043186 456
043194 700
043202 553
043210 562
043218 92
043226 940
043234 258
043242 53
043250 455
043258 601
044039 584
044047 907
044055 198
044063 883
044071 913
044079 470
044087 18
044095 253
044103 301
044111 196
044119 201
044127 606
044135 778
044143 443
044151 516
044159 824
044167 649
044175 211
044183 941
044191 228
044199 675
044207 969
044215 600
044223 660
044231 121
044239 285
044247 632
044255 970
044263 735
044271 690
044279 962
044287 21
044547 635
044555 807
044563 880
044571 248
044579 706
044587 12
044595 201
044603 725
044611 409
044619 13
044627 586
044635 464
044643 323
044651 177
044659 214
044667 84
044675 474
044683 29
044691 977
044699 210
044707 666
044715 370
044723 468
044731 915
044739 123
044747 583
044755 11
044763 587
044771 140
044779 947
044787 371
044795 444
044289 864
044297 283
044305 581
044313 540
044321 375
044329 850
044337 609
044345 988
044353 39
044361 790
044369 757
044377 140
044385 840
044393 845
044401 873
044409 519
044417 630
044425 842
044433 694
044441 591
044449 770
044457 635
044465 839
044473 103
044481 630
044489 999
044497 934
044505 570
044513 697
044521 334
044529 657
044537 183
043270 851
043278 72
043286 384
043294 828
043302 161
043310 456
043318 700
043326 811
043334 961
043342 554
043350 60
043358 863
043366 78
043374 41
043382 514
043390 382
043398 610
043406 905
043414 907
043422 406
043430 57
043438 709
043446 234
043454 872
043462 27
043470 706
043478 733
043486 885
043494 164
043502 965
043510 330
043518 607
043781 762
043789 546
043797 362
043805 967
043813 383
043821 157
043829 851
043837 702
043845 37
043853 652
043861 511
043869 847
043877 339
043885 460
043893 119
043901 868
043909 134
043917 120
043925 234
043933 350
043941 827
043949 599
043957 334
043965 680
043973 795
043981 667
043989 406
043997 559
044005 536
044013 426
044021 262
044029 316
043268 546
043276 840
043284 936
043292 59
043300 644
043308 482
043316 455
043324 735
043332 229
043340 82
043348 332
043356 957
043364 581
043372 647
043380 693
043388 886
043396 829
043404 293
043412 178
043420 145
043428 711
043436 153
043444 62
043452 576
043460 665
043468 310
043476 750
043484 177
043492 582
043500 640
043508 932
043516 247
039424 595
039432 209
039440 267
039448 446
039456 457
039464 575
039472 567
039480 709
039488 52
039496 329
039504 878
039512 567
039520 65
039528 726
039536 808
039544 40
039552 76
039560 41
039568 741
039576 904
039584 384
039592 494
039600 988
039608 193
039616 743
039624 87
039632 965
039640 594
039648 746
039656 5
039664 9
039672 696
043266 610
043274 488
043282 705
043290 518
043298 535
043306 661
043314 697
043322 349
043330 582
043338 649
043346 710
043354 686
043362 771
043370 858
043378 618
043386 193
043394 265
043402 396
043410 57
043418 183
043426 714
043434 948
043442 795
043450 571
043458 898
043466 346
043474 989
043482 430
043490 131
043498 967
043506 63
043514 996
044295 746
044303 709
044311 803
044319 367
044327 670
044335 113
044343 672
044351 192
044359 15
044367 5
044375 503
044383 758
044391 318
044399 893
044407 47
044415 473
044423 471
044431 432
044439 1
044447 414
044455 354
044463 210
044471 509
044479 190
044487 105
044495 384
044503 660
044511 407
044519 539
044527 27
044535 183
044543 277
044545 40
044553 138
044561 872
044569 105
044577 756
044585 899
044593 894
044601 679
044609 758
044617 674
044625 118
044633 635
044641 377
044649 426
044657 582
044665 977
044673 421
044681 464
044689 956
044697 851
044705 697
044713 879
044721 337
044729 448
044737 528
044745 789
044753 882
044761 227
044769 985
044777 504
044785 293
044793 484
044803 504
044811 987
044819 390
044827 869
044835 98
044843 7
044851 540
044859 762
044867 928
044875 221
044883 603
044891 612
044899 29
044907 51
044915 996
044923 614
044931 266
044939 504
044947 484
044955 805
044963 991
044971 612
044979 674
044987 750
044995 83
045003 182
045011 588
045019 248
045027 941
045035 13
045043 574
045051 32
043526 671
043534 281
043542 120
043550 286
043558 89
043566 442
043574 795
043582 131
043590 57
043598 156
043606 187
043614 345
043622 975
043630 887
043638 689
043646 661
043654 80
043662 992
043670 81
043678 892
043686 657
043694 332
043702 955
043710 30
043718 359
043726 72
043734 598
043742 699
043750 131
043758 686
043766 500
043774 190
044037 768
044045 827
044053 270
044061 563
044069 580
044077 153
044085 922
044093 907
044101 356
044109 200
044117 413
044125 88
044133 542
044141 475
044149 338
044157 91
044165 175
044173 193
044181 653
044189 652
044197 537
044205 606
044213 791
044221 974
044229 246
044237 975
044245 423
044253 429
044261 855
044269 93
044277 697
044285 562
043524 201
043532 262
043540 141
043548 412
043556 100
043564 955
043572 876
043580 591
043588 388
043596 602
043604 158
043612 336
043620 16
043628 578
043636 237
043644 427
043652 345
043660 232
043668 587
043676 199
043684 168
043692 722
043700 612
043708 44
043716 475
043724 840
043732 973
043740 870
043748 36
043756 78
043764 359
043772 830
039680 938
039688 15
039696 68
039704 231
039712 835
039720 448
039728 39
039736 524
039744 96
039752 889
039760 271
039768 641
039776 26
039784 261
039792 323
039800 802
039808 106
039816 237
039824 153
039832 533
039840 303
039848 664
039856 324
039864 811
039872 989
039880 375
039888 913
039896 113
039904 473
039912 842
039920 399
039928 91
044551 355
044559 712
044567 953
044575 399
044583 949
044591 660
044599 261
044607 770
044615 625
044623 713
044631 699
044639 212
044647 359
044655 433
044663 959
044671 556
044679 384
044687 675
044695 952
044703 365
044711 366
044719 76
044727 992
044735 307
044743 77
044751 617
044759 287
044767 773
044775 637
044783 269
044791 601
044799 14
043522 202
043530 114
043538 417
043546 351
043554 512
043562 21
043570 409
043578 520
043586 884
043594 476
043602 938
043610 679
043618 489
043626 90
043634 268
043642 182
043650 790
043658 346
043666 480
043674 124
043682 789
043690 807
043698 268
043706 145
043714 621
043722 978
043730 929
043738 171
043746 727
043754 76
043762 441
043770 917
044801 637
044809 48
044817 976
044825 740
044833 229
044841 956
044849 662
044857 167
044865 832
044873 97
044881 637
044889 640
044897 684
044905 447
044913 320
044921 980
044929 178
044937 401
044945 444
044953 533
044961 446
044969 581
044977 803
044985 793
044993 114
045001 353
045009 586
045017 805
045025 877
045033 610
045041 938
045049 471
043782 844
043790 452
043798 275
043806 594
043814 331
043822 680
043830 446
043838 528
043846 909
043854 677
043862 253
043870 388
043878 529
043886 153
043894 272
043902 324
043910 850
043918 46
043926 523
043934 394
043942 516
043950 463
043958 4
043966 0
043974 874
043982 616
043990 556
043998 501
044006 507
044014 788
044022 983
044030 549
045059 430
045067 211
045075 784
045083 671
045091 618
045099 337
045107 893
045115 224
045123 722
045131 651
045139 381
045147 910
045155 369
045163 375
045171 353
045179 538
045187 316
045195 868
045203 29
045211 526
045219 971
045227 661
045235 106
045243 215
045251 166
045259 770
045267 485
045275 369
045283 545
045291 512
045299 700
045307 253
044293 111
044301 389
044309 593
044317 870
044325 133
044333 743
044341 652
044349 297
044357 340
044365 451
044373 2
044381 619
044389 838
044397 135
044405 792
044413 447
044421 887
044429 756
044437 409
044445 350
044453 334
044461 620
044469 435
044477 550
044485 732
044493 928
044501 130
044509 161
044517 846
044525 126
044533 239
044541 91
043780 976
043788 879
043796 101
043804 785
043812 878
043820 225
043828 928
043836 737
043844 86
043852 724
043860 439
043868 994
043876 197
043884 266
043892 617
043900 180
043908 208
043916 282
043924 22
043932 108
043940 55
043948 841
043956 580
043964 54
043972 98
043980 642
043988 804
043996 911
044004 938
044012 678
044020 820
044028 825
044807 682
044815 827
044823 890
044831 197
044839 633
044847 633
044855 147
044863 606
044871 262
044879 557
044887 267
044895 34
044903 20
044911 451
044919 949
044927 845
044935 516
044943 303
044951 241
044959 942
044967 904
044975 214
044983 639
044991 104
044999 528
045007 423
045015 268
045023 456
045031 603
045039 466
045047 360
045055 759
039936 777
039944 407
039952 255
039960 150
039968 228
039976 759
039984 784
039992 848
040000 334
040008 272
040016 351
040024 492
040032 641
040040 463
040048 727
040056 176
040064 903
040072 528
040080 453
040088 817
040096 486
040104 114
040112 168
040120 75
040128 606
040136 11
040144 838
040152 90
040160 371
040168 49
040176 973
040184 226
045057 690
045065 777
045073 188
045081 586
045089 379
045097 578
045105 357
045113 65
045121 448
045129 357
045137 354
045145 258
045153 627
045161 16
045169 567
045177 359
045185 395
045193 498
045201 142
045209 597
045217 394
045225 289
045233 459
045241 898
045249 379
045257 162
045265 33
045273 797
045281 120
045289 970
045297 506
045305 35
043778 750
043786 184
043794 105
043802 223
043810 27
043818 597
043826 191
043834 550
043842 866
043850 983
043858 289
043866 139
043874 888
043882 603
043890 604
043898 368
043906 625
043914 933
043922 232
043930 899
043938 192
043946 288
043954 47
043962 913
043970 789
043978 973
043986 314
043994 469
044002 374
044010 516
044018 329
044026 55
044038 225
044046 167
044054 893
044062 933
044070 545
044078 779
044086 244
044094 536
044102 228
044110 127
044118 84
044126 119
044134 950
044142 793
044150 413
044158 254
044166 327
044174 771
044182 906
044190 477
044198 118
044206 643
044214 66
044222 19
044230 521
044238 63
044246 877
044254 110
044262 161
044270 547
044278 341
044286 343
045315 929
045323 171
045331 667
045339 561
045347 600
045355 980
045363 276
045371 406
045379 465
045387 833
045395 461
045403 651
045411 659
045419 914
045427 451
045435 856
045443 535
045451 795
045459 45
045467 41
045475 830
045483 530
045491 863
045499 646
045507 942
045515 68
045523 783
045531 992
045539 338
045547 407
045555 464
045563 193
044549 29
044557 167
044565 184
044573 925
044581 140
044589 67
044597 219
044605 924
044613 400
044621 395
044629 569
044637 642
044645 122
044653 435
044661 790
044669 877
044677 633
044685 854
044693 308
044701 842
044709 187
044717 975
044725 0
044733 920
044741 263
044749 43
044757 333
044765 539
044773 355
044781 276
044789 359
044797 874
044036 822
044044 715
044052 587
044060 607
044068 945
044076 468
044084 91
044092 639
044100 343
044108 377
044116 500
044124 167
044132 759
044140 997
044148 265
044156 354
044164 87
044172 388
044180 204
044188 557
044196 767
044204 647
044212 65
044220 449
044228 295
044236 540
044244 135
044252 114
044260 298
044268 600
044276 671
044284 887
045063 931
045071 628
045079 967
045087 102
045095 854
045103 568
045111 163
045119 793
045127 55
045135 624
045143 266
045151 317
045159 4
045167 458
045175 334
045183 59
045191 241
045199 57
045207 262
045215 822
045223 661
045231 53
045239 151
045247 578
045255 136
045263 367
045271 213
045279 146
045287 876
045295 882
045303 378
045311 912
045313 512
045321 567
045329 878
045337 894
045345 115
045353 739
045361 608
045369 930
045377 120
045385 651
045393 230
045401 583
045409 894
045417 987
045425 242
045433 274
045441 851
045449 700
045457 427
045465 44
045473 951
045481 3
045489 25
045497 274
045505 189
045513 806
045521 787
045529 515
045537 860
045545 202
045553 225
045561 83
044034 548
044042 244
044050 526
044058 29
044066 800
044074 165
044082 593
044090 80
044098 260
044106 545
044114 848
044122 213
044130 366
044138 674
044146 215
044154 27
044162 960
044170 933
044178 246
044186 297
044194 738
044202 309
044210 403
044218 414
044226 908
044234 524
044242 882
044250 392
044258 415
044266 430
044274 135
044282 772
040192 124
040200 879
040208 68
040216 922
040224 912
040232 719
040240 509
040248 885
040256 985
040264 32
040272 600
040280 574
040288 702
040296 821
040304 851
040312 282
040320 355
040328 266
040336 221
040344 15
040352 321
040360 923
040368 399
040376 904
040384 98
040392 682
040400 805
040408 595
040416 990
040424 380
040432 289
040440 113
044294 373
044302 118
044310 283
044318 442
044326 422
044334 278
044342 57
044350 961
044358 111
044366 265
044374 598
044382 91
044390 84
044398 471
044406 279
044414 995
044422 879
044430 303
044438 956
044446 747
044454 382
044462 967
044470 892
044478 635
044486 178
044494 505
044502 944
044510 59
044518 883
044526 795
044534 335
044542 237
044805 377
044813 661
044821 677
044829 216
044837 243
044845 470
044853 636
044861 809
044869 441
044877 269
044885 428
044893 942
044901 530
044909 59
044917 832
044925 606
044933 178
044941 564
044949 357
044957 269
044965 203
044973 863
044981 40
044989 358
044997 115
045005 799
045013 382
045021 973
045029 624
045037 427
045045 292
045053 834
045571 549
045579 42
045587 649
045595 312
045603 23
045611 599
045619 934
045627 864
045635 363
045643 180
045651 866
045659 729
045667 230
045675 619
045683 930
045691 511
045699 275
045707 484
045715 258
045723 104
045731 667
045739 443
045747 695
045755 791
045763 773
045771 937
045779 146
045787 611
045795 917
045803 768
045811 210
045819 143
044292 205
044300 936
044308 644
044316 874
044324 167
044332 471
044340 902
044348 514
044356 198
044364 653
044372 181
044380 390
044388 332
044396 531
044404 663
044412 112
044420 179
044428 114
044436 812
044444 359
044452 832
044460 948
044468 40
044476 944
044484 738
044492 169
044500 241
044508 266
044516 921
044524 286
044532 151
044540 371
045319 623
045327 339
045335 948
045343 329
045351 195
045359 84
045367 37
045375 244
045383 937
045391 403
045399 846
045407 298
045415 338
045423 242
045431 897
045439 622
045447 430
045455 355
045463 376
045471 150
045479 801
045487 377
045495 194
045503 505
045511 799
045519 89
045527 166
045535 895
045543 373
045551 615
045559 760
045567 263
045569 162
045577 405
045585 581
045593 517
045601 863
045609 437
045617 717
045625 31
045633 980
045641 807
045649 44
045657 330
045665 606
045673 277
045681 937
045689 456
045697 249
045705 515
045713 663
045721 841
045729 129
045737 175
045745 751
045753 859
045761 585
045769 540
045777 162
045785 502
045793 677
045801 300
045809 187
045817 470
044290 961
044298 504
044306 413
044314 279
044322 829
044330 377
044338 308
044346 330
044354 914
044362 478
044370 866
044378 346
044386 588
044394 36
044402 776
044410 466
044418 165
044426 72
044434 76
044442 983
044450 974
044458 531
044466 668
044474 168
044482 650
044490 994
044498 675
044506 423
044514 607
044522 190
044530 705
044538 942
040448 986
040456 272
040464 47
040472 919
040480 621
040488 489
040496 183
040504 536
040512 332
040520 123
040528 798
040536 797
040544 786
040552 130
040560 130
040568 862
040576 27
040584 837
040592 202
040600 285
040608 945
040616 830
040624 34
040632 377
040640 665
040648 926
040656 442
040664 197
040672 343
040680 900
040688 6
040696 160
044550 393
044558 967
044566 213
044574 711
044582 792
044590 795
044598 868
044606 548
044614 842
044622 115
044630 849
044638 268
044646 422
044654 655
044662 32
044670 353
044678 48
044686 118
044694 623
044702 341
044710 587
044718 843
044726 838
044734 15
044742 349
044750 981
044758 6
044766 132
044774 14
044782 767
044790 560
044798 486
045061 895
045069 695
045077 845
045085 602
045093 725
045101 406
045109 881
045117 87
045125 352
045133 239
045141 941
045149 572
045157 399
045165 427
045173 675
045181 519
045189 9
045197 933
045205 131
045213 465
045221 598
045229 297
045237 22
045245 357
045253 264
045261 456
045269 784
045277 609
045285 166
045293 606
045301 198
045309 9
045827 535
045835 856
045843 441
045851 473
045859 808
045867 823
045875 505
045883 54
045891 734
045899 52
045907 750
045915 827
045923 71
045931 52
045939 415
045947 668
045955 34
045963 412
045971 404
045979 240
045987 56
045995 189
046003 546
046011 314
046019 755
046027 624
046035 579
046043 858
046051 15
046059 559
046067 246
046075 766
044548 409
044556 607
044564 11
044572 798
044580 245
044588 18
044596 413
044604 973
044612 737
044620 566
044628 676
044636 924
044644 145
044652 32
044660 569
044668 487
044676 207
044684 284
044692 668
044700 943
044708 127
044716 35
044724 521
044732 988
044740 317
044748 181
044756 377
044764 899
044772 871
044780 647
044788 76
044796 122
045825 253
045833 898
045841 959
045849 498
045857 560
045865 761
045873 479
045881 9
045889 110
045897 736
045905 735
045913 622
045921 895
045929 146
045937 276
045945 702
045953 607
045961 88
045969 293
045977 928
045985 984
045993 55
046001 174
046009 160
046017 966
046025 957
046033 364
046041 152
046049 403
046057 709
046065 242
046073 891
045575 983
045583 44
045591 591
045599 192
045607 682
045615 369
045623 921
045631 395
045639 12
045647 187
045655 279
045663 244
045671 143
045679 725
045687 557
045695 411
045703 412
045711 99
045719 597
045727 390
045735 952
045743 537
045751 721
045759 885
045767 296
045775 813
045783 912
045791 848
045799 477
045807 895
045815 920
045823 39
044546 362
044554 423
044562 318
044570 694
044578 16
044586 745
044594 204
044602 124
044610 393
044618 685
044626 970
044634 862
044642 665
044650 126
044658 296
044666 750
044674 726
044682 895
044690 119
044698 602
044706 201
044714 512
044722 558
044730 114
044738 91
044746 240
044754 976
044762 684
044770 641
044778 18
044786 52
044794 23
040704 930
040712 935
040720 722
040728 328
040736 704
040744 484
040752 445
040760 902
040768 128
040776 363
040784 627
040792 938
040800 830
040808 815
040816 835
040824 594
040832 495
040840 979
040848 474
040856 138
040864 299
040872 423
040880 759
040888 389
040896 995
040904 545
040912 350
040920 334
040928 214
040936 734
040944 331
040952 906
045317 740
045325 330
045333 365
045341 455
045349 688
045357 203
045365 453
045373 675
045381 987
045389 618
045397 138
045405 554
045413 234
045421 475
045429 263
045437 32
045445 237
045453 557
045461 709
045469 291
045477 79
045485 278
045493 637
045501 928
045509 835
045517 412
045525 792
045533 260
045541 848
045549 497
045557 167
045565 839
044806 734
044814 372
044822 93
044830 90
044838 480
044846 908
044854 466
044862 654
044870 499
044878 894
044886 492
044894 180
044902 679
044910 209
044918 603
044926 217
044934 752
044942 701
044950 260
044958 722
044966 756
044974 98
044982 74
044990 976
044998 224
045006 105
045014 285
045022 867
045030 202
045038 835
045046 440
045054 136
046083 611
046091 907
046099 198
046107 318
046115 278
046123 970
046131 160
046139 689
046147 766
046155 983
046163 906
046171 243
046179 204
046187 217
046195 350
046203 998
046211 587
046219 58
046227 879
046235 822
046243 344
046251 769
046259 920
046267 310
046275 951
046283 385
046291 723
046299 167
046307 633
046315 421
046323 264
046331 49
044804 601
044812 437
044820 7
044828 587
044836 460
044844 838
044852 145
044860 407
044868 262
044876 371
044884 958
044892 636
044900 832
044908 785
044916 664
044924 63
044932 127
044940 611
044948 767
044956 722
044964 886
044972 81
044980 353
044988 680
044996 870
045004 303
045012 46
045020 703
045028 572
045036 205
045044 18
045052 325
045831 310
045839 802
045847 675
045855 409
045863 169
045871 522
045879 812
045887 780
045895 169
045903 873
045911 159
045919 352
045927 802
045935 437
045943 722
045951 302
045959 926
045967 197
045975 961
045983 746
045991 14
045999 571
046007 760
046015 9
046023 851
046031 603
046039 962
046047 342
046055 107
046063 26
046071 393
046079 49
046081 459
046089 387
046097 909
046105 167
046113 654
046121 554
046129 825
046137 744
046145 106
046153 825
046161 8
046169 357
046177 680
046185 762
046193 975
046201 289
046209 229
046217 477
046225 231
046233 651
046241 638
046249 558
046257 711
046265 396
046273 0
046281 597
046289 584
046297 833
046305 704
046313 325
046321 768
046329 848
044802 846
044810 898
044818 729
044826 524
044834 8
044842 953
044850 821
044858 808
044866 933
044874 767
044882 178
044890 293
044898 256
044906 281
044914 430
044922 893
044930 3
044938 253
044946 559
044954 781
044962 514
044970 777
044978 634
044986 546
044994 654
045002 648
045010 545
045018 844
045026 77
045034 654
045042 675
045050 300
045573 570
045581 206
045589 507
045597 213
045605 36
045613 689
045621 496
045629 691
045637 455
045645 557
045653 177
045661 792
045669 565
045677 332
045685 42
045693 695
045701 511
045709 77
045717 398
045725 390
045733 866
045741 817
045749 928
045757 346
045765 926
045773 997
045781 752
045789 43
045797 910
045805 643
045813 794
045821 771
045062 868
045070 868
045078 750
045086 557
045094 813
045102 930
045110 764
045118 364
045126 602
045134 909
045142 99
045150 27
045158 871
045166 739
045174 564
045182 746
045190 720
045198 678
045206 108
045214 687
045222 638
045230 285
045238 431
045246 846
045254 593
045262 519
045270 155
045278 280
045286 667
045294 63
045302 324
045310 526
040960 755
040968 202
040976 351
040984 922
040992 824
041000 386
041008 862
041016 535
041024 674
041032 263
041040 22
041048 368
041056 766
041064 364
041072 167
041080 918
041088 806
041096 89
041104 455
041112 713
041120 966
041128 685
041136 596
041144 300
041152 901
041160 622
041168 28
041176 190
041184 815
041192 950
041200 304
041208 480
046339 48
046347 976
046355 30
046363 770
046371 813
046379 292
046387 109
046395 62
046403 500
046411 342
046419 4
046427 551
046435 918
046443 791
046451 25
046459 49
046467 299
046475 903
046483 899
046491 642
046499 292
046507 446
046515 476
046523 125
046531 166
046539 635
046547 754
046555 631
046563 19
046571 288
046579 882
046587 11
045060 643
045068 615
045076 166
045084 768
045092 110
045100 278
045108 321
045116 462
045124 363
045132 527
045140 430
045148 433
045156 273
045164 730
045172 410
045180 40
045188 349
045196 732
045204 505
045212 553
045220 260
045228 711
045236 42
045244 279
045252 249
045260 11
045268 278
045276 478
045284 517
045292 668
045300 360
045308 390
046337 843
046345 156
046353 135
046361 537
046369 668
046377 396
046385 465
046393 140
046401 373
046409 254
046417 963
046425 213
046433 520
046441 284
046449 329
046457 818
046465 349
046473 707
046481 116
046489 536
046497 987
046505 588
046513 348
046521 210
046529 137
046537 530
046545 935
046553 678
046561 834
046569 276
046577 377
046585 453
046087 265
046095 729
046103 895
046111 26
046119 459
046127 771
046135 291
046143 872
046151 781
046159 327
046167 861
046175 69
046183 631
046191 326
046199 532
046207 744
046215 442
046223 402
046231 556
046239 622
046247 979
046255 484
046263 168
046271 708
046279 594
046287 98
046295 985
046303 97
046311 559
046319 474
046327 177
046335 301
045058 263
045066 248
045074 8
045082 15
045090 179
045098 688
045106 318
045114 653
045122 234
045130 337
045138 259
045146 351
045154 835
045162 308
045170 963
045178 162
045186 389
045194 667
045202 701
045210 173
045218 222
045226 404
045234 803
045242 147
045250 851
045258 202
045266 70
045274 906
045282 795
045290 312
045298 114
045306 81
045829 745
045837 445
045845 590
045853 996
045861 146
045869 611
045877 652
045885 981
045893 303
045901 285
045909 754
045917 27
045925 984
045933 747
045941 713
045949 794
045957 23
045965 583
045973 569
045981 592
045989 404
045997 878
046005 914
046013 567
046021 935
046029 652
046037 671
046045 61
046053 723
046061 154
046069 257
046077 599
045318 28
045326 813
045334 342
045342 989
045350 257
045358 158
045366 522
045374 173
045382 363
045390 762
045398 286
045406 471
045414 194
045422 982
045430 626
045438 664
045446 835
045454 756
045462 536
045470 708
045478 514
045486 688
045494 669
045502 19
045510 253
045518 794
045526 8
045534 736
045542 947
045550 304
045558 332
045566 209
041216 691
041224 475
041232 507
041240 767
041248 85
041256 792
041264 26
041272 25
041280 417
041288 885
041296 179
041304 784
041312 813
041320 997
041328 731
041336 909
041344 41
041352 980
041360 109
041368 886
041376 254
041384 642
041392 283
041400 883
041408 801
041416 80
041424 809
041432 104
041440 690
041448 285
041456 872
041464 91
046595 19
046603 855
046611 833
046619 73
046627 787
046635 422
046643 644
046651 999
046659 901
046667 970
046675 158
046683 818
046691 582
046699 278
046707 537
046715 986
046723 943
046731 250
046739 362
046747 296
046755 709
046763 416
046771 938
046779 442
046787 768
046795 437
046803 711
046811 695
046819 856
046827 778
046835 943
046843 771
045316 783
045324 234
045332 484
045340 392
045348 641
045356 685
045364 64
045372 256
045380 659
045388 757
045396 688
045404 587
045412 61
045420 263
045428 212
045436 555
045444 918
045452 266
045460 529
045468 315
045476 120
045484 552
045492 404
045500 830
045508 723
045516 904
045524 687
045532 732
045540 141
045548 304
045556 634
045564 613
046593 965
046601 684
046609 536
046617 714
046625 211
046633 962
046641 896
046649 434
046657 820
046665 995
046673 234
046681 238
046689 953
046697 786
046705 291
046713 552
046721 366
046729 305
046737 844
046745 986
046753 97
046761 714
046769 359
046777 137
046785 918
046793 35
046801 907
046809 555
046817 941
046825 435
046833 900
046841 20
046343 839
046351 356
046359 79
046367 721
046375 739
046383 473
046391 727
046399 608
046407 611
046415 338
046423 253
046431 607
046439 335
046447 196
046455 130
046463 486
046471 381
046479 614
046487 820
046495 213
046503 835
046511 10
046519 529
046527 869
046535 504
046543 965
046551 491
046559 501
046567 689
046575 711
046583 927
046591 411
045314 15
045322 453
045330 92
045338 907
045346 574
045354 661
045362 200
045370 447
045378 46
045386 171
045394 661
045402 692
045410 310
045418 507
045426 330
045434 73
045442 391
045450 518
045458 980
045466 273
045474 228
045482 869
045490 288
045498 280
045506 90
045514 629
045522 732
045530 43
045538 694
045546 275
045554 570
045562 105
046085 87
046093 140
046101 774
046109 187
046117 585
046125 954
046133 838
046141 283
046149 521
046157 823
046165 958
046173 165
046181 700
046189 572
046197 537
046205 668
046213 181
046221 86
046229 802
046237 451
046245 543
046253 654
046261 340
046269 820
046277 35
046285 515
046293 605
046301 108
046309 19
046317 770
046325 973
046333 889
045574 73
045582 644
045590 970
045598 574
045606 834
045614 794
045622 366
045630 729
045638 400
045646 797
045654 660
045662 120
045670 323
045678 524
045686 225
045694 914
045702 609
045710 524
045718 491
045726 669
045734 372
045742 422
045750 601
045758 453
045766 635
045774 539
045782 618
045790 702
045798 807
045806 79
045814 976
045822 899
041472 388
041480 524
041488 939
041496 60
041504 287
041512 473
041520 597
041528 939
041536 812
041544 267
041552 52
041560 61
041568 978
041576 370
041584 544
041592 336
041600 51
041608 33
041616 348
041624 337
041632 933
041640 719
041648 562
041656 981
041664 354
041672 200
041680 750
041688 274
041696 851
041704 314
041712 107
041720 835
046851 529
046859 980
046867 297
046875 336
046883 765
046891 676
046899 141
046907 951
046915 16
046923 554
046931 233
046939 933
046947 872
046955 140
046963 332
046971 325
046979 142
046987 863
046995 842
047003 269
047011 251
047019 738
047027 491
047035 886
047043 328
047051 853
047059 253
047067 43
047075 116
047083 833
047091 549
047099 56
045572 944
045580 976
045588 6
045596 931
045604 788
045612 489
045620 462
045628 156
045636 725
045644 24
045652 327
045660 447
045668 927
045676 179
045684 802
045692 339
045700 30
045708 930
045716 361
045724 928
045732 68
045740 270
045748 729
045756 612
045764 613
045772 457
045780 620
045788 518
045796 449
045804 251
045812 991
045820 786
046849 178
046857 223
046865 350
046873 955
046881 551
046889 705
046897 59
046905 634
046913 714
046921 523
046929 281
046937 674
046945 298
046953 4
046961 309
046969 545
046977 393
046985 107
046993 106
047001 536
047009 832
047017 13
047025 836
047033 48
047041 845
047049 899
047057 713
047065 139
047073 835
047081 600
047089 274
047097 101
046599 121
046607 719
046615 40
046623 380
046631 954
046639 829
046647 218
046655 882
046663 644
046671 100
046679 507
046687 32
046695 531
046703 647
046711 598
046719 35
046727 942
046735 255
046743 19
046751 98
046759 669
046767 679
046775 749
046783 801
046791 859
046799 934
046807 426
046815 93
046823 768
046831 933
046839 116
046847 546
045570 394
045578 417
045586 928
045594 569
045602 242
045610 125
045618 13
045626 728
045634 616
045642 928
045650 31
045658 592
045666 677
045674 522
045682 695
045690 402
045698 931
045706 865
045714 770
045722 792
045730 418
045738 156
045746 783
045754 472
045762 215
045770 482
045778 965
045786 873
045794 969
045802 114
045810 737
045818 512
046341 250
046349 592
046357 330
046365 717
046373 876
046381 227
046389 160
046397 651
046405 702
046413 404
046421 846
046429 809
046437 951
046445 724
046453 221
046461 529
046469 297
046477 52
046485 57
046493 133
046501 692
046509 799
046517 738
046525 418
046533 709
046541 612
046549 666
046557 846
046565 77
046573 262
046581 605
046589 899
045830 439
045838 316
045846 715
045854 444
045862 730
045870 575
045878 196
045886 231
045894 791
045902 93
045910 342
045918 400
045926 788
045934 182
045942 564
045950 272
045958 630
045966 104
045974 928
045982 928
045990 546
045998 97
046006 589
046014 456
046022 667
046030 879
046038 807
046046 327
046054 96
046062 829
046070 401
046078 10
041728 825
041736 817
041744 401
041752 930
041760 633
041768 935
041776 342
041784 734
041792 820
041800 665
041808 208
041816 253
041824 42
041832 615
041840 699
041848 689
041856 351
041864 923
041872 875
041880 493
041888 398
041896 324
041904 277
041912 637
041920 353
041928 851
041936 117
041944 715
041952 349
041960 60
041968 19
041976 266
047107 488
047115 396
047123 342
047131 403
047139 390
047147 868
047155 180
047163 363
047171 643
047179 952
047187 675
047195 744
047203 665
047211 928
047219 90
047227 895
047235 471
047243 835
047251 928
047259 109
047267 127
047275 69
047283 74
047291 707
047299 425
047307 823
047315 625
047323 423
047331 84
047339 533
047347 409
047355 38
045828 408
045836 379
045844 990
045852 331
045860 6
045868 72
045876 980
045884 991
045892 748
045900 794
045908 602
045916 464
045924 838
045932 259
045940 337
045948 227
045956 57
045964 201
045972 467
045980 349
045988 763
045996 392
046004 154
046012 951
046020 906
046028 637
046036 380
046044 358
046052 722
046060 505
046068 254
046076 443
046855 773
046863 652
046871 272
046879 875
046887 265
046895 784
046903 268
046911 457
046919 446
046927 803
046935 609
046943 120
046951 593
046959 885
046967 198
046975 896
046983 704
046991 170
046999 529
047007 379
047015 95
047023 523
047031 700
047039 664
047047 834
047055 276
047063 47
047071 809
047079 2
047087 919
047095 25
047103 890
047105 764
047113 147
047121 495
047129 884
047137 341
047145 35
047153 545
047161 527
047169 600
047177 358
047185 301
047193 208
047201 712
047209 885
047217 101
047225 723
047233 818
047241 567
047249 735
047257 819
047265 312
047273 669
047281 916
047289 581
047297 619
047305 445
047313 423
047321 115
047329 634
047337 594
047345 530
047353 670
046597 836
046605 228
046613 694
046621 247
046629 650
046637 812
046645 983
046653 542
046661 895
046669 869
046677 200
046685 49
046693 756
046701 667
046709 742
046717 248
046725 888
046733 952
046741 198
046749 752
046757 902
046765 260
046773 446
046781 600
046789 220
046797 823
046805 714
046813 477
046821 370
046829 984
046837 977
046845 679
045826 166
045834 890
045842 347
045850 179
045858 409
045866 204
045874 721
045882 996
045890 773
045898 182
045906 295
045914 706
045922 967
045930 310
045938 110
045946 125
045954 485
045962 776
045970 892
045978 227
045986 128
045994 644
046002 901
046010 300
046018 880
046026 684
046034 64
046042 224
046050 780
046058 956
046066 69
046074 317
046086 919
046094 147
046102 898
046110 96
046118 862
046126 13
046134 448
046142 389
046150 174
046158 289
046166 272
046174 299
046182 120
046190 515
046198 817
046206 550
046214 258
046222 507
046230 12
046238 730
046246 232
046254 239
046262 533
046270 945
046278 794
046286 210
046294 560
046302 790
046310 175
046318 357
046326 933
046334 371
041984 18
041992 450
042000 490
042008 334
042016 725
042024 685
042032 177
042040 341
042048 565
042056 988
042064 391
042072 850
042080 336
042088 659
042096 138
042104 681
042112 204
042120 238
042128 898
042136 650
042144 775
042152 145
042160 198
042168 324
042176 740
042184 368
042192 98
042200 99
042208 111
042216 473
042224 124
042232 220
046084 927
046092 922
046100 459
046108 31
046116 411
046124 977
046132 769
046140 632
046148 536
046156 10
046164 645
046172 759
046180 659
046188 111
046196 209
046204 384
046212 122
046220 568
046228 72
046236 856
046244 42
046252 685
046260 716
046268 262
046276 917
046284 304
046292 365
046300 594
046308 451
046316 508
046324 503
046332 383
047363 676
047371 63
047379 742
047387 447
047395 143
047403 576
047411 205
047419 943
047427 867
047435 180
047443 946
047451 723
047459 507
047467 68
047475 761
047483 119
047491 707
047499 894
047507 784
047515 779
047523 955
047531 647
047539 151
047547 540
047555 96
047563 500
047571 982
047579 607
047587 193
047595 321
047603 182
047611 627
047111 72
047119 875
047127 125
047135 793
047143 124
047151 403
047159 263
047167 619
047175 165
047183 441
047191 810
047199 150
047207 976
047215 226
047223 231
047231 478
047239 276
047247 927
047255 813
047263 110
047271 843
047279 112
047287 750
047295 978
047303 572
047311 312
047319 347
047327 793
047335 793
047343 763
047351 543
047359 388
047361 841
047369 277
047377 56
047385 393
047393 772
047401 968
047409 307
047417 626
047425 877
047433 597
047441 767
047449 668
047457 906
047465 81
047473 783
047481 265
047489 645
047497 135
047505 344
047513 572
047521 841
047529 828
047537 24
047545 80
047553 518
047561 137
047569 682
047577 875
047585 93
047593 346
047601 465
047609 533
046853 610
046861 661
046869 270
046877 995
046885 764
046893 104
046901 281
046909 408
046917 546
046925 546
046933 754
046941 348
046949 303
046957 374
046965 114
046973 674
046981 752
046989 980
046997 311
047005 806
047013 793
047021 285
047029 202
047037 690
047045 554
047053 834
047061 396
047069 24
047077 695
047085 131
047093 904
047101 924
046082 740
046090 941
046098 856
046106 17
046114 452
046122 15
046130 460
046138 699
046146 161
046154 381
046162 65
046170 138
046178 457
046186 282
046194 597
046202 771
046210 859
046218 689
046226 709
046234 272
046242 741
046250 849
046258 730
046266 684
046274 861
046282 946
046290 250
046298 81
046306 342
046314 970
046322 648
046330 645
046342 354
046350 930
046358 873
046366 25
046374 930
046382 505
046390 342
046398 375
046406 874
046414 676
046422 146
046430 351
046438 78
046446 685
046454 939
046462 375
046470 950
046478 753
046486 798
046494 160
046502 213
046510 791
046518 958
046526 537
046534 920
046542 285
046550 323
046558 640
046566 733
046574 923
046582 234
046590 251
042240 911
042248 519
042256 942
042264 386
042272 157
042280 839
042288 806
042296 662
042304 912
042312 719
042320 880
042328 773
042336 32
042344 306
042352 720
042360 695
042368 929
042376 828
042384 791
042392 974
042400 730
042408 338
042416 53
042424 888
042432 54
042440 799
042448 163
042456 436
042464 350
042472 136
042480 441
042488 461
046340 827
046348 852
046356 27
046364 5
046372 689
046380 278
046388 934
046396 254
046404 92
046412 250
046420 562
046428 151
046436 193
046444 928
046452 526
046460 482
046468 121
046476 696
046484 816
046492 735
046500 622
046508 360
046516 147
046524 974
046532 690
046540 528
046548 335
046556 252
046564 624
046572 72
046580 365
046588 392
047367 32
047375 10
047383 308
047391 403
047399 462
047407 502
047415 580
047423 909
047431 33
047439 556
047447 525
047455 975
047463 435
047471 506
047479 832
047487 279
047495 656
047503 595
047511 584
047519 196
047527 417
047535 4
047543 6
047551 816
047559 954
047567 640
047575 649
047583 34
047591 617
047599 17
047607 531
047615 387
047617 979
047625 515
047633 80
047641 514
047649 53
047657 690
047665 10
047673 753
047681 169
047689 136
047697 89
047705 390
047713 992
047721 870
047729 716
047737 632
047745 715
047753 904
047761 620
047769 518
047777 137
047785 484
047793 537
047801 671
047809 414
047817 980
047825 304
047833 275
047841 966
047849 418
047857 706
047865 439
047619 866
047627 375
047635 622
047643 866
047651 914
047659 145
047667 979
047675 938
047683 573
047691 984
047699 994
047707 352
047715 822
047723 305
047731 492
047739 548
047747 311
047755 397
047763 241
047771 447
047779 100
047787 445
047795 350
047803 826
047811 557
047819 442
047827 933
047835 583
047843 318
047851 568
047859 747
047867 584
047109 249
047117 988
047125 297
047133 300
047141 820
047149 573
047157 934
047165 824
047173 543
047181 29
047189 688
047197 74
047205 148
047213 22
047221 542
047229 929
047237 229
047245 603
047253 224
047261 194
047269 773
047277 323
047285 66
047293 742
047301 503
047309 766
047317 280
047325 446
047333 615
047341 623
047349 102
047357 596
046338 890
046346 4
046354 531
046362 85
046370 865
046378 810
046386 408
046394 800
046402 659
046410 778
046418 617
046426 72
046434 839
046442 804
046450 574
046458 473
046466 900
046474 120
046482 940
046490 560
046498 582
046506 302
046514 324
046522 811
046530 955
046538 51
046546 345
046554 581
046562 47
046570 183
046578 25
046586 692
046598 774
046606 241
046614 612
046622 173
046630 253
046638 618
046646 669
046654 534
046662 98
046670 819
046678 112
046686 628
046694 697
046702 546
046710 11
046718 919
046726 52
046734 506
046742 737
046750 938
046758 876
046766 909
046774 536
046782 344
046790 400
046798 980
046806 970
046814 3
046822 252
046830 992
046838 846
046846 266
042496 51
042504 343
042512 741
042520 301
042528 393
042536 585
042544 754
042552 271
042560 892
042568 351
042576 429
042584 835
042592 379
042600 770
042608 675
042616 966
042624 79
042632 969
042640 665
042648 621
042656 430
042664 618
042672 114
042680 56
042688 156
042696 245
042704 171
042712 169
042720 833
042728 569
042736 240
042744 937
046596 922
046604 667
046612 177
046620 407
046628 682
046636 998
046644 38
046652 855
046660 81
046668 847
046676 723
046684 864
046692 798
046700 165
046708 95
046716 426
046724 780
046732 373
046740 957
046748 591
046756 546
046764 446
046772 755
046780 614
046788 336
046796 385
046804 808
046812 247
046820 28
046828 230
046836 804
046844 453
047623 865
047631 349
047639 788
047647 734
047655 836
047663 897
047671 126
047679 753
047687 594
047695 505
047703 434
047711 144
047719 885
047727 206
047735 670
047743 399
047751 429
047759 500
047767 114
047775 534
047783 359
047791 35
047799 143
047807 65
047815 206
047823 602
047831 995
047839 928
047847 967
047855 825
047863 299
047871 564
047873 990
047881 582
047889 532
047897 206
047905 186
047913 74
047921 837
047929 85
047937 108
047945 706
047953 981
047961 778
047969 551
047977 392
047985 754
047993 840
048001 471
048009 210
048017 909
048025 456
048033 643
048041 757
048049 858
048057 470
048065 689
048073 441
048081 864
048089 463
048097 90
048105 189
048113 962
048121 313
047365 96
047373 269
047381 257
047389 10
047397 832
047405 451
047413 558
047421 93
047429 376
047437 58
047445 978
047453 259
047461 473
047469 612
047477 492
047485 105
047493 4
047501 531
047509 384
047517 154
047525 644
047533 275
047541 859
047549 525
047557 358
047565 296
047573 488
047581 776
047589 589
047597 960
047605 79
047613 779
047875 521
047883 298
047891 97
047899 137
047907 654
047915 59
047923 160
047931 885
047939 79
047947 957
047955 918
047963 103
047971 857
047979 135
047987 492
047995 931
048003 851
048011 636
048019 587
048027 502
048035 6
048043 724
048051 314
048059 908
048067 516
048075 893
048083 877
048091 270
048099 251
048107 576
048115 700
048123 101
046594 938
046602 761
046610 246
046618 842
046626 861
046634 560
046642 353
046650 770
046658 669
046666 467
046674 986
046682 828
046690 728
046698 823
046706 774
046714 607
046722 705
046730 612
046738 695
046746 287
046754 299
046762 935
046770 214
046778 838
046786 274
046794 673
046802 959
046810 402
046818 38
046826 819
046834 756
046842 746
046854 317
046862 365
046870 414
046878 548
046886 587
046894 284
046902 652
046910 672
046918 925
046926 799
046934 608
046942 570
046950 790
046958 620
046966 138
046974 351
046982 807
046990 499
046998 949
047006 546
047014 226
047022 959
047030 400
047038 696
047046 186
047054 385
047062 887
047070 386
047078 342
047086 293
047094 806
047102 567
042752 315
042760 134
042768 309
042776 696
042784 607
042792 759
042800 773
042808 884
042816 985
042824 607
042832 227
042840 205
042848 615
042856 684
042864 278
042872 578
042880 822
042888 866
042896 361
042904 914
042912 523
042920 732
042928 637
042936 992
042944 415
042952 562
042960 865
042968 503
042976 375
042984 64
042992 118
043000 138
046852 816
046860 125
046868 799
046876 200
046884 308
046892 894
046900 612
046908 718
046916 208
046924 624
046932 554
046940 616
046948 92
046956 825
046964 787
046972 110
046980 637
046988 315
046996 704
047004 12
047012 334
047020 577
047028 427
047036 726
047044 745
047052 836
047060 151
047068 213
047076 619
047084 591
047092 47
047100 88
047879 208
047887 55
047895 476
047903 939
047911 968
047919 384
047927 926
047935 375
047943 826
047951 109
047959 974
047967 104
047975 410
047983 950
047991 632
047999 278
048007 126
048015 365
048023 71
048031 546
048039 840
048047 759
048055 444
048063 58
048071 984
048079 701
048087 375
048095 138
048103 404
048111 842
048119 447
048127 785
048129 879
048137 810
048145 307
048153 751
048161 327
048169 348
048177 550
048185 628
048193 638
048201 460
048209 45
048217 421
048225 899
048233 768
048241 364
048249 564
048257 239
048265 43
048273 824
048281 401
048289 911
048297 242
048305 669
048313 582
048321 630
048329 113
048337 89
048345 402
048353 795
048361 59
048369 554
048377 803
047621 319
047629 358
047637 716
047645 692
047653 325
047661 270
047669 867
047677 182
047685 922
047693 388
047701 449
047709 289
047717 405
047725 531
047733 701
047741 463
047749 748
047757 214
047765 156
047773 313
047781 517
047789 53
047797 393
047805 593
047813 915
047821 754
047829 592
047837 345
047845 447
047853 778
047861 617
047869 200
048131 378
048139 0
048147 224
048155 178
048163 672
048171 978
048179 805
048187 494
048195 476
048203 979
048211 545
048219 297
048227 435
048235 730
048243 38
048251 20
048259 746
048267 339
048275 517
048283 826
048291 614
048299 935
048307 498
048315 2
048323 902
048331 251
048339 673
048347 886
048355 430
048363 553
048371 420
048379 695
047110 331
047118 532
047126 80
047134 474
047142 746
047150 967
047158 539
047166 686
047174 359
047182 698
047190 197
047198 810
047206 342
047214 173
047222 64
047230 139
047238 733
047246 14
047254 556
047262 640
047270 712
047278 136
047286 776
047294 990
047302 234
047310 157
047318 824
047326 734
047334 622
047342 623
047350 393
047358 928
046850 749
046858 629
046866 588
046874 70
046882 81
046890 555
046898 738
046906 831
046914 352
046922 256
046930 666
046938 916
046946 46
046954 281
046962 679
046970 938
046978 849
046986 905
046994 499
047002 340
047010 388
047018 368
047026 96
047034 73
047042 839
047050 184
047058 970
047066 455
047074 327
047082 121
047090 896
047098 937
043008 118
043016 593
043024 121
043032 53
043040 584
043048 736
043056 204
043064 124
043072 991
043080 749
043088 434
043096 279
043104 945
043112 963
043120 848
043128 422
043136 404
043144 653
043152 696
043160 758
043168 590
043176 936
043184 684
043192 474
043200 96
043208 871
043216 505
043224 598
043232 561
043240 789
043248 607
043256 354
047108 657
047116 592
047124 72
047132 210
047140 434
047148 446
047156 789
047164 961
047172 115
047180 145
047188 590
047196 363
047204 971
047212 44
047220 961
047228 404
047236 420
047244 143
047252 72
047260 759
047268 215
047276 366
047284 835
047292 422
047300 30
047308 431
047316 512
047324 952
047332 670
047340 197
047348 928
047356 539
048135 446
048143 673
048151 840
048159 609
048167 587
048175 510
048183 676
048191 730
048199 489
048207 8
048215 440
048223 901
048231 263
048239 814
048247 17
048255 815
048263 874
048271 750
048279 27
048287 761
048295 268
048303 674
048311 682
048319 777
048327 567
048335 445
048343 600
048351 987
048359 461
048367 181
048375 592
048383 218
048385 96
048393 872
048401 578
048409 376
048417 836
048425 527
048433 476
048441 173
048449 971
048457 356
048465 809
048473 531
048481 547
048489 827
048497 35
048505 742
048513 680
048521 799
048529 58
048537 704
048545 174
048553 546
048561 387
048569 378
048577 232
048585 816
048593 70
048601 227
048609 83
048617 907
048625 333
048633 37
047877 413
047885 699
047893 905
047901 867
047909 668
047917 147
047925 367
047933 155
047941 754
047949 891
047957 721
047965 503
047973 502
047981 146
047989 981
047997 220
048005 279
048013 867
048021 151
048029 545
048037 494
048045 917
048053 826
048061 274
048069 508
048077 120
048085 859
048093 144
048101 474
048109 562
048117 194
048125 160
048387 155
048395 117
048403 499
048411 208
048419 665
048427 734
048435 514
048443 672
048451 877
048459 913
048467 605
048475 849
048483 651
048491 257
048499 560
048507 735
048515 830
048523 563
048531 754
048539 127
048547 986
048555 626
048563 78
048571 670
048579 679
048587 938
048595 829
048603 504
048611 463
048619 793
048627 630
048635 26
047366 171
047374 968
047382 221
047390 40
047398 685
047406 331
047414 622
047422 379
047430 471
047438 186
047446 759
047454 910
047462 604
047470 430
047478 213
047486 809
047494 251
047502 798
047510 2
047518 538
047526 423
047534 484
047542 606
047550 410
047558 501
047566 378
047574 899
047582 62
047590 351
047598 773
047606 809
047614 182
047106 621
047114 571
047122 713
047130 600
047138 799
047146 922
047154 924
047162 715
047170 41
047178 143
047186 624
047194 748
047202 520
047210 613
047218 208
047226 601
047234 531
047242 321
047250 147
047258 975
047266 48
047274 885
047282 194
047290 847
047298 502
047306 800
047314 869
047322 894
047330 582
047338 281
047346 787
047354 553
043264 501
043272 478
043280 112
043288 276
043296 897
043304 314
043312 895
043320 106
043328 837
043336 412
043344 963
043352 705
043360 694
043368 812
043376 191
043384 742
043392 253
043400 189
043408 973
043416 58
043424 565
043432 112
043440 822
043448 330
043456 743
043464 154
043472 712
043480 156
043488 905
043496 481
043504 133
043512 650
047364 979
047372 445
047380 368
047388 44
047396 742
047404 698
047412 314
047420 315
047428 476
047436 313
047444 205
047452 440
047460 217
047468 925
047476 904
047484 581
047492 853
047500 165
047508 489
047516 973
047524 241
047532 745
047540 395
047548 757
047556 2
047564 792
047572 202
047580 271
047588 443
047596 185
047604 0
047612 842
048391 169
048399 804
048407 331
048415 555
048423 330
048431 207
048439 396
048447 500
048455 533
048463 248
048471 68
048479 652
048487 6
048495 613
048503 404
048511 640
048519 434
048527 605
048535 246
048543 379
048551 66
048559 911
048567 558
048575 919
048583 747
048591 20
048599 643
048607 395
048615 731
048623 233
048631 807
048639 804
048641 333
048649 448
048657 806
048665 94
048673 311
048681 948
048689 191
048697 220
048705 924
048713 417
048721 889
048729 826
048737 832
048745 969
048753 570
048761 627
048769 875
048777 350
048785 199
048793 102
048801 843
048809 4
048817 521
048825 988
048833 485
048841 94
048849 463
048857 944
048865 543
048873 135
048881 957
048889 137
048133 82
048141 430
048149 793
048157 276
048165 236
048173 783
048181 361
048189 488
048197 284
048205 192
048213 528
048221 246
048229 253
048237 764
048245 323
048253 739
048261 682
048269 864
048277 757
048285 554
048293 594
048301 820
048309 109
048317 882
048325 210
048333 611
048341 794
048349 4
048357 642
048365 441
048373 329
048381 795
047622 697
047630 643
047638 373
047646 861
047654 492
047662 211
047670 141
047678 356
047686 353
047694 741
047702 115
047710 602
047718 594
047726 298
047734 595
047742 476
047750 29
047758 686
047766 614
047774 772
047782 18
047790 959
047798 846
047806 980
047814 14
047822 81
047830 465
047838 690
047846 955
047854 581
047862 380
047870 67
047362 924
047370 856
047378 407
047386 508
047394 69
047402 64
047410 227
047418 365
047426 349
047434 632
047442 517
047450 845
047458 899
047466 395
047474 532
047482 236
047490 38
047498 637
047506 847
047514 935
047522 131
047530 815
047538 16
047546 961
047554 391
047562 277
047570 609
047578 310
047586 732
047594 624
047602 129
047610 799
043520 739
043528 86
043536 372
043544 315
043552 372
043560 838
043568 137
043576 756
043584 73
043592 421
043600 676
043608 190
043616 488
043624 104
043632 154
043640 211
043648 654
043656 131
043664 564
043672 268
043680 443
043688 40
043696 595
043704 992
043712 342
043720 121
043728 991
043736 604
043744 181
043752 684
043760 788
043768 908
048643 726
048651 875
048659 534
048667 474
048675 451
048683 219
048691 648
048699 870
048707 317
048715 832
048723 373
048731 414
048739 939
048747 825
048755 433
048763 912
048771 771
048779 274
048787 136
048795 688
048803 966
048811 455
048819 42
048827 173
048835 271
048843 975
048851 553
048859 203
048867 469
048875 182
048883 730
048891 470
047620 385
047628 641
047636 433
047644 548
047652 56
047660 231
047668 40
047676 983
047684 183
047692 675
047700 265
047708 126
047716 439
047724 320
047732 41
047740 759
047748 437
047756 629
047764 263
047772 343
047780 0
047788 452
047796 310
047804 487
047812 280
047820 984
047828 457
047836 487
047844 694
047852 128
047860 223
047868 372
048647 793
048655 823
048663 352
048671 857
048679 365
048687 386
048695 41
048703 337
048711 647
048719 597
048727 712
048735 988
048743 448
048751 501
048759 515
048767 64
048775 839
048783 811
048791 296
048799 450
048807 227
048815 712
048823 823
048831 764
048839 618
048847 27
048855 503
048863 67
048871 962
048879 429
048887 354
048895 119
048897 849
048905 790
048913 170
048921 116
048929 277
048937 304
048945 210
048953 191
048961 617
048969 560
048977 604
048985 397
048993 555
049001 794
049009 227
049017 429
049025 449
049033 161
049041 778
049049 742
049057 580
049065 201
049073 600
049081 805
049089 902
049097 955
049105 778
049113 331
049121 887
049129 798
049137 201
049145 992
048389 325
048397 271
048405 671
048413 202
048421 810
048429 82
048437 171
048445 243
048453 765
048461 964
048469 433
048477 107
048485 282
048493 218
048501 811
048509 967
048517 158
048525 276
048533 297
048541 143
048549 140
048557 566
048565 706
048573 808
048581 682
048589 547
048597 96
048605 884
048613 874
048621 94
048629 54
048637 509
043776 580
043784 719
043792 572
043800 230
043808 446
043816 831
043824 68
043832 851
043840 341
043848 139
043856 32
043864 687
043872 43
043880 932
043888 783
043896 109
043904 712
043912 192
043920 648
043928 888
043936 708
043944 942
043952 700
043960 801
043968 920
043976 528
043984 140
043992 8
044000 55
044008 850
044016 714
044024 722
047878 626
047886 58
047894 839
047902 907
047910 103
047918 978
047926 102
047934 610
047942 167
047950 96
047958 257
047966 807
047974 228
047982 673
047990 324
047998 309
048006 119
048014 291
048022 643
048030 501
048038 23
048046 616
048054 647
048062 310
048070 326
048078 380
048086 52
048094 147
048102 276
048110 260
048118 266
048126 811
047618 484
047626 233
047634 65
047642 326
047650 629
047658 284
047666 279
047674 964
047682 497
047690 56
047698 780
047706 618
047714 190
047722 543
047730 17
047738 403
047746 50
047754 501
047762 639
047770 227
047778 136
047786 359
047794 951
047802 549
047810 643
047818 377
047826 358
047834 374
047842 704
047850 654
047858 297
047866 793
048899 275
048907 148
048915 238
048923 313
048931 614
048939 630
048947 93
048955 93
048963 223
048971 632
048979 313
048987 612
048995 868
049003 367
049011 270
049019 707
049027 577
049035 146
049043 599
049051 154
049059 258
049067 66
049075 940
049083 108
049091 229
049099 712
049107 255
049115 268
049123 584
049131 213
049139 603
049147 579
048903 736
048911 274
048919 244
048927 874
048935 467
048943 240
048951 143
048959 205
048967 462
048975 967
048983 241
048991 160
048999 217
049007 917
049015 714
049023 274
049031 12
049039 287
049047 194
049055 498
049063 334
049071 117
049079 844
049087 289
049095 750
049103 225
049111 449
049119 789
049127 297
049135 772
049143 826
049151 282
049153 340
049161 58
049169 765
049177 842
049185 405
049193 859
049201 939
049209 627
049217 21
049225 795
049233 470
049241 953
049249 986
049257 268
049265 618
049273 734
049281 182
049289 225
049297 459
049305 402
049313 749
049321 157
049329 19
049337 932
049345 744
049353 299
049361 884
049369 733
049377 812
049385 353
049393 249
049401 474
047876 689
047884 427
047892 396
047900 77
047908 593
047916 924
047924 828
047932 511
047940 462
047948 875
047956 417
047964 950
047972 269
047980 740
047988 963
047996 690
048004 569
048012 946
048020 406
048028 590
048036 695
048044 214
048052 67
048060 828
048068 110
048076 680
048084 265
048092 502
048100 23
048108 188
048116 661
048124 483
048645 64
048653 699
048661 598
048669 166
048677 295
048685 230
048693 591
048701 833
048709 494
048717 157
048725 378
048733 250
048741 618
048749 852
048757 446
048765 201
048773 601
048781 803
048789 480
048797 347
048805 573
048813 47
048821 642
048829 280
048837 174
048845 58
048853 234
048861 83
048869 275
048877 990
048885 783
048893 231
048134 210
048142 725
048150 226
048158 781
048166 829
048174 805
048182 513
048190 472
048198 112
048206 891
048214 454
048222 539
048230 785
048238 901
048246 235
048254 884
048262 213
048270 547
048278 30
048286 392
048294 839
048302 93
048310 485
048318 627
048326 894
048334 300
048342 204
048350 493
048358 855
048366 172
048374 839
048382 312
047874 315
047882 231
047890 894
047898 903
047906 178
047914 794
047922 276
047930 711
047938 474
047946 983
047954 559
047962 590
047970 121
047978 385
047986 563
047994 999
048002 924
048010 102
048018 86
048026 318
048034 638
048042 89
048050 164
048058 862
048066 426
048074 561
048082 553
048090 6
048098 740
048106 849
048114 147
048122 549
044032 320
044040 986
044048 86
044056 502
044064 954
044072 736
044080 222
044088 503
044096 975
044104 497
044112 848
044120 75
044128 942
044136 953
044144 686
044152 474
044160 647
044168 90
044176 496
044184 115
044192 119
044200 160
044208 873
044216 994
044224 499
044232 780
044240 62
044248 796
044256 54
044264 754
044272 780
044280 234
049155 708
049163 519
049171 774
049179 233
049187 488
049195 219
049203 943
049211 556
049219 96
049227 701
049235 951
049243 923
049251 983
049259 358
049267 611
049275 934
049283 516
049291 861
049299 604
049307 10
049315 103
049323 984
049331 590
049339 106
049347 932
049355 906
049363 806
049371 689
049379 678
049387 481
049395 501
049403 96
049159 702
049167 937
049175 390
049183 837
049191 986
049199 220
049207 498
049215 768
049223 860
049231 999
049239 301
049247 198
049255 842
049263 305
049271 9
049279 193
049287 490
049295 67
049303 78
049311 285
049319 342
049327 456
049335 189
049343 520
049351 819
049359 176
049367 795
049375 23
049383 339
049391 835
049399 917
049407 499
048132 674
048140 966
048148 838
048156 35
048164 771
048172 480
048180 534
048188 334
048196 739
048204 953
048212 132
048220 45
048228 771
048236 2
048244 254
048252 981
048260 180
048268 722
048276 321
048284 225
048292 819
048300 541
048308 127
048316 153
048324 803
048332 91
048340 320
048348 4
048356 761
048364 846
048372 780
048380 507
049409 870
049417 320
049425 850
049433 130
049441 705
049449 181
049457 551
049465 410
049473 891
049481 627
049489 229
049497 637
049505 945
049513 231
049521 903
049529 890
049537 112
049545 559
049553 633
049561 880
049569 970
049577 778
049585 242
049593 802
049601 447
049609 80
049617 35
049625 652
049633 956
049641 260
049649 635
049657 7
048901 221
048909 559
048917 185
048925 142
048933 737
048941 874
048949 373
048957 644
048965 345
048973 361
048981 39
048989 61
048997 299
049005 161
049013 613
049021 334
049029 289
049037 388
049045 918
049053 92
049061 891
049069 466
049077 983
049085 255
049093 638
049101 910
049109 485
049117 970
049125 505
049133 127
049141 545
049149 881
048390 377
048398 843
048406 689
048414 913
048422 174
048430 481
048438 190
048446 876
048454 747
048462 8
048470 727
048478 803
048486 791
048494 989
048502 951
048510 989
048518 642
048526 263
048534 41
048542 284
048550 37
048558 957
048566 112
048574 14
048582 233
048590 138
048598 726
048606 370
048614 407
048622 401
048630 215
048638 688
048130 679
048138 818
048146 726
048154 745
048162 784
048170 816
048178 336
048186 473
048194 23
048202 215
048210 505
048218 628
048226 884
048234 596
048242 700
048250 816
048258 781
048266 187
048274 596
048282 989
048290 608
048298 113
048306 989
048314 394
048322 571
048330 359
048338 446
048346 28
048354 422
048362 494
048370 229
048378 475
044288 947
044296 937
044304 224
044312 273
044320 829
044328 924
044336 960
044344 376
044352 49
044360 17
044368 934
044376 538
044384 453
044392 636
044400 660
044408 866
044416 924
044424 692
044432 689
044440 931
044448 212
044456 346
044464 188
044472 608
044480 317
044488 41
044496 713
044504 464
044512 873
044520 818
044528 927
044536 272
049411 3
049419 168
049427 296
049435 42
049443 464
049451 63
049459 556
049467 49
049475 815
049483 121
049491 622
049499 783
049507 266
049515 752
049523 427
049531 48
049539 126
049547 848
049555 555
049563 936
049571 583
049579 504
049587 305
049595 356
049603 182
049611 64
049619 107
049627 924
049635 442
049643 302
049651 304
049659 297
049415 648
049423 699
049431 120
049439 914
049447 236
049455 810
049463 221
049471 804
049479 289
049487 555
049495 940
049503 329
049511 878
049519 879
049527 601
049535 848
049543 807
049551 818
049559 97
049567 845
049575 89
049583 312
049591 492
049599 991
049607 448
049615 348
049623 924
049631 768
049639 648
049647 408
049655 548
049663 535
049665 363
049673 133
049681 540
049689 579
049697 223
049705 886
049713 726
049721 889
049729 71
049737 359
049745 405
049753 817
049761 256
049769 69
049777 72
049785 122
049793 36
049801 315
049809 482
049817 709
049825 1
049833 262
049841 51
049849 928
049857 453
049865 415
049873 535
049881 371
049889 355
049897 538
049905 114
049913 496
048388 375
048396 57
048404 321
048412 836
048420 734
048428 61
048436 358
048444 526
048452 92
048460 58
048468 127
048476 18
048484 563
048492 927
048500 704
048508 541
048516 659
048524 528
048532 651
048540 281
048548 446
048556 405
048564 100
048572 270
048580 596
048588 208
048596 176
048604 718
048612 469
048620 571
048628 819
048636 46
049157 979
049165 682
049173 264
049181 597
049189 735
049197 250
049205 781
049213 758
049221 632
049229 479
049237 136
049245 460
049253 477
049261 197
049269 282
049277 34
049285 813
049293 46
049301 574
049309 179
049317 896
049325 651
049333 151
049341 711
049349 206
049357 34
049365 695
049373 146
049381 632
049389 804
049397 422
049405 412
048386 336
048394 925
048402 203
048410 626
048418 305
048426 994
048434 942
048442 993
048450 131
048458 320
048466 301
048474 964
048482 872
048490 128
048498 83
048506 44
048514 611
048522 142
048530 645
048538 145
048546 586
048554 79
048562 405
048570 248
048578 627
048586 551
048594 463
048602 255
048610 886
048618 510
048626 804
048634 822
044544 546
044552 103
044560 492
044568 672
044576 477
044584 9
044592 334
044600 117
044608 899
044616 893
044624 5
044632 673
044640 408
044648 687
044656 217
044664 630
044672 584
044680 725
044688 357
044696 233
044704 780
044712 208
044720 504
044728 541
044736 871
044744 473
044752 800
044760 967
044768 783
044776 138
044784 676
044792 450
048646 94
048654 484
048662 292
048670 674
048678 517
048686 765
048694 324
048702 962
048710 416
048718 677
048726 882
048734 205
048742 258
048750 207
048758 918
048766 695
048774 710
048782 516
048790 668
048798 9
048806 803
048814 820
048822 276
048830 312
048838 272
048846 288
048854 284
048862 472
048870 235
048878 105
048886 261
048894 970
049667 863
049675 418
049683 495
049691 232
049699 397
049707 958
049715 52
049723 393
049731 894
049739 601
049747 741
049755 386
049763 713
049771 497
049779 899
049787 250
049795 921
049803 713
049811 868
049819 469
049827 380
049835 671
049843 510
049851 123
049859 91
049867 427
049875 499
049883 335
049891 463
049899 578
049907 97
049915 876
049671 972
049679 681
049687 149
049695 986
049703 939
049711 887
049719 822
049727 495
049735 112
049743 632
049751 986
049759 71
049767 766
049775 706
049783 760
049791 151
049799 585
049807 445
049815 494
049823 682
049831 197
049839 865
049847 698
049855 696
049863 686
049871 211
049879 70
049887 214
049895 311
049903 171
049911 688
049919 562
049921 567
049929 701
049937 947
049945 533
049953 320
049961 15
049969 496
049977 996
049985 784
049993 826
050001 10
050009 490
050017 986
050025 516
050033 479
050041 742
050049 564
050057 139
050065 490
050073 935
050081 438
050089 431
050097 94
050105 995
050113 582
050121 555
050129 73
050137 117
050145 702
050153 460
050161 331
050169 876
048644 290
048652 249
048660 287
048668 480
048676 971
048684 742
048692 392
048700 229
048708 133
048716 121
048724 691
048732 299
048740 346
048748 546
048756 569
048764 975
048772 455
048780 794
048788 778
048796 380
048804 288
048812 466
048820 640
048828 88
048836 202
048844 3
048852 298
048860 722
048868 42
048876 289
048884 465
048892 694
049413 267
049421 73
049429 637
049437 530
049445 888
049453 410
049461 652
049469 967
049477 139
049485 622
049493 406
049501 105
049509 877
049517 60
049525 629
049533 413
049541 147
049549 585
049557 100
049565 697
049573 218
049581 286
049589 677
049597 66
049605 769
049613 862
049621 95
049629 332
049637 724
049645 551
049653 395
049661 121
044800 518
044808 906
044816 707
044824 492
044832 116
044840 602
044848 25
044856 603
044864 137
044872 424
044880 732
044888 411
044896 391
044904 387
044912 603
044920 142
044928 324
044936 759
044944 117
044952 462
044960 2
044968 956
044976 833
044984 450
044992 874
045000 612
045008 673
045016 371
045024 150
045032 523
045040 144
045048 491
048642 328
048650 979
048658 702
048666 126
048674 384
048682 759
048690 125
048698 499
048706 19
048714 717
048722 57
048730 463
048738 192
048746 758
048754 986
048762 174
048770 373
048778 659
048786 415
048794 405
048802 859
048810 810
048818 616
048826 804
048834 45
048842 299
048850 257
048858 148
048866 210
048874 478
048882 325
048890 871
048902 906
048910 221
048918 459
048926 244
048934 823
048942 412
048950 689
048958 464
048966 324
048974 349
048982 15
048990 70
048998 1
049006 252
049014 423
049022 947
049030 50
049038 927
049046 690
049054 649
049062 558
049070 872
049078 678
049086 377
049094 571
049102 198
049110 457
049118 951
049126 237
049134 468
049142 376
049150 302
049927 5
049935 927
049943 116
049951 481
049959 202
049967 694
049975 178
049983 75
049991 243
049999 975
050007 423
050015 83
050023 955
050031 376
050039 570
050047 722
050055 57
050063 21
050071 455
050079 354
050087 220
050095 151
050103 402
050111 223
050119 257
050127 985
050135 271
050143 538
050151 147
050159 526
050167 21
050175 239
049923 844
049931 917
049939 759
049947 268
049955 125
049963 916
049971 210
049979 77
049987 576
049995 196
050003 817
050011 129
050019 192
050027 604
050035 144
050043 66
050051 334
050059 46
050067 218
050075 507
050083 108
050091 958
050099 759
050107 182
050115 244
050123 568
050131 397
050139 74
050147 41
050155 189
050163 481
050171 630
048900 483
048908 556
048916 528
048924 816
048932 764
048940 141
048948 384
048956 768
048964 699
048972 127
048980 634
048988 989
048996 52
049004 758
049012 613
049020 837
049028 478
049036 985
049044 915
049052 333
049060 442
049068 955
049076 761
049084 29
049092 711
049100 120
049108 760
049116 848
049124 113
049132 624
049140 75
049148 801
049669 330
049677 868
049685 6
049693 734
049701 603
049709 172
049717 749
049725 925
049733 167
049741 846
049749 731
049757 585
049765 440
049773 269
049781 203
049789 93
049797 589
049805 294
049813 327
049821 839
049829 671
049837 648
049845 592
049853 705
049861 671
049869 747
049877 661
049885 491
049893 602
049901 411
049909 823
049917 923
045056 67
045064 18
045072 135
045080 720
045088 454
045096 795
045104 637
045112 964
045120 659
045128 991
045136 325
045144 662
045152 673
045160 846
045168 476
045176 619
045184 292
045192 871
045200 872
045208 902
045216 616
045224 234
045232 254
045240 229
045248 994
045256 308
045264 573
045272 511
045280 94
045288 447
045296 490
045304 948
048898 996
048906 885
048914 681
048922 559
048930 343
048938 939
048946 160
048954 26
048962 301
048970 169
048978 712
048986 611
048994 403
049002 770
049010 741
049018 696
049026 238
049034 824
049042 777
049050 695
049058 618
049066 468
049074 164
049082 660
049090 544
049098 677
049106 559
049114 817
049122 350
049130 252
049138 810
049146 477
049158 838
049166 136
049174 547
049182 141
049190 660
049198 200
049206 358
049214 948
049222 381
049230 264
049238 118
049246 21
049254 8
049262 748
049270 759
049278 969
049286 157
049294 317
049302 531
049310 505
049318 805
049326 953
049334 760
049342 721
049350 665
049358 149
049366 617
049374 423
049382 250
049390 531
049398 432
049406 446
049156 942
049164 992
049172 703
049180 656
049188 238
049196 975
049204 594
049212 959
049220 275
049228 589
049236 271
049244 702
049252 750
049260 718
049268 57
049276 489
049284 928
049292 721
049300 390
049308 573
049316 421
049324 654
049332 76
049340 24
049348 737
049356 7
049364 827
049372 265
049380 426
049388 891
049396 194
049404 124
049925 762
049933 959
049941 940
049949 766
049957 363
049965 878
049973 877
049981 878
049989 985
049997 546
050005 394
050013 376
050021 463
050029 772
050037 271
050045 120
050053 999
050061 305
050069 1
050077 755
050085 601
050093 545
050101 500
050109 191
050117 879
050125 932
050133 749
050141 756
050149 529
050157 1
050165 811
050173 160
045312 463
045320 753
045328 0
045336 425
045344 711
045352 433
045360 387
045368 956
045376 183
045384 470
045392 907
045400 774
045408 269
045416 908
045424 225
045432 431
045440 139
045448 785
045456 118
045464 834
045472 414
045480 235
045488 240
045496 409
045504 298
045512 845
045520 601
045528 968
045536 17
045544 0
045552 580
045560 369
049154 28
049162 74
049170 426
049178 639
049186 311
049194 520
049202 568
049210 594
049218 140
049226 356
049234 625
049242 725
049250 450
049258 273
049266 358
049274 269
049282 850
049290 379
049298 28
049306 490
049314 327
049322 139
049330 636
049338 506
049346 907
049354 487
049362 34
049370 997
049378 519
049386 480
049394 932
049402 812
049414 686
049422 299
049430 323
049438 728
049446 76
049454 666
049462 14
049470 776
049478 71
049486 930
049494 580
049502 777
049510 923
049518 579
049526 724
049534 473
049542 228
049550 609
049558 731
049566 418
049574 551
049582 193
049590 39
049598 752
049606 826
049614 86
049622 692
049630 593
049638 81
049646 501
049654 11
049662 473
049412 628
049420 232
049428 332
049436 601
049444 516
049452 440
049460 754
049468 864
049476 867
049484 860
049492 543
049500 701
049508 555
049516 222
049524 666
049532 459
049540 983
049548 402
049556 297
049564 666
049572 518
049580 520
049588 402
049596 991
049604 957
049612 878
049620 44
049628 996
049636 393
049644 24
049652 118
049660 321
045568 308
045576 770
045584 604
045592 339
045600 86
045608 698
045616 957
045624 792
045632 943
045640 460
045648 445
045656 256
045664 516
045672 900
045680 393
045688 675
045696 590
045704 67
045712 581
045720 942
045728 109
045736 503
045744 405
045752 820
045760 88
045768 94
045776 415
045784 335
045792 847
045800 302
045808 506
045816 748
049410 73
049418 875
049426 418
049434 860
049442 497
049450 265
049458 718
049466 807
049474 840
049482 614
049490 720
049498 104
049506 19
049514 437
049522 187
049530 205
049538 706
049546 440
049554 579
049562 271
049570 845
049578 91
049586 726
049594 128
049602 190
049610 59
049618 900
049626 892
049634 204
049642 846
049650 744
049658 30
049670 930
049678 488
049686 414
049694 689
049702 157
049710 457
049718 694
049726 997
049734 265
049742 699
049750 894
049758 679
049766 344
049774 940
049782 410
049790 816
049798 243
049806 469
049814 309
049822 105
049830 622
049838 469
049846 587
049854 400
049862 684
049870 37
049878 71
049886 177
049894 281
049902 848
049910 871
049918 683
049668 584
049676 191
049684 858
049692 42
049700 649
049708 684
049716 837
049724 342
049732 455
049740 361
049748 259
049756 9
049764 546
049772 219
049780 107
049788 430
049796 680
049804 757
049812 871
049820 490
049828 633
049836 788
049844 866
049852 729
049860 269
049868 542
049876 499
049884 493
049892 731
049900 731
049908 19
049916 277
045824 860
045832 930
045840 882
045848 57
045856 492
045864 419
045872 142
045880 313
045888 271
045896 757
045904 368
045912 810
045920 747
045928 208
045936 252
045944 917
045952 405
045960 309
045968 949
045976 330
045984 277
045992 194
046000 386
046008 570
046016 735
046024 818
046032 708
046040 243
046048 368
046056 90
046064 50
046072 724
049666 59
049674 477
049682 278
049690 302
049698 789
049706 597
049714 525
049722 462
049730 427
049738 755
049746 188
049754 685
049762 589
049770 210
049778 204
049786 408
049794 457
049802 919
049810 921
049818 877
049826 702
049834 664
049842 658
049850 706
049858 964
049866 675
049874 226
049882 285
049890 540
049898 230
049906 27
049914 599
049926 51
049934 55
049942 269
049950 515
049958 481
049966 653
049974 552
049982 622
049990 899
049998 36
050006 235
050014 824
050022 596
050030 306
050038 769
050046 146
050054 895
050062 227
050070 621
050078 173
050086 902
050094 372
050102 106
050110 460
050118 609
050126 678
050134 10
050142 596
050150 469
050158 347
050166 507
050174 326
046080 868
046088 229
046096 725
046104 489
046112 470
046120 505
046128 326
046136 173
046144 358
046152 432
046160 391
046168 733
046176 527
046184 549
046192 130
046200 669
046208 661
046216 421
046224 174
046232 250
046240 849
046248 35
046256 213
046264 789
046272 258
046280 44
046288 694
046296 255
046304 122
046312 359
046320 843
046328 174
049924 65
049932 541
049940 444
049948 706
049956 305
049964 397
049972 126
049980 671
049988 890
049996 424
050004 455
050012 302
050020 506
050028 568
050036 463
050044 748
050052 965
050060 234
050068 885
050076 830
050084 739
050092 449
050100 51
050108 261
050116 463
050124 25
050132 714
050140 456
050148 61
050156 325
050164 459
050172 566
049922 539
049930 424
049938 717
049946 975
049954 957
049962 314
049970 929
049978 36
049986 228
049994 643
050002 743
050010 104
050018 913
050026 151
050034 114
050042 540
050050 557
050058 331
050066 594
050074 586
050082 794
050090 738
050098 110
050106 758
050114 833
050122 169
050130 777
050138 273
050146 764
050154 456
050162 19
050170 923
046336 217
046344 313
046352 929
046360 760
046368 38
046376 321
046384 566
046392 728
046400 641
046408 70
046416 417
046424 584
046432 492
046440 892
046448 450
046456 195
046464 885
046472 894
046480 86
046488 171
046496 669
046504 944
046512 533
046520 292
046528 725
046536 552
046544 428
046552 716
046560 342
046568 664
046576 833
046584 644
046592 223
046600 660
046608 255
046616 941
046624 142
046632 511
046640 310
046648 446
046656 945
046664 319
046672 664
046680 150
046688 579
046696 167
046704 993
046712 478
046720 816
046728 422
046736 167
046744 418
046752 925
046760 300
046768 106
046776 677
046784 111
046792 767
046800 107
046808 870
046816 917
046824 442
046832 753
046840 616
046848 112
046856 231
046864 303
046872 133
046880 510
046888 67
046896 510
046904 900
046912 192
046920 830
046928 179
046936 225
046944 640
046952 482
046960 612
046968 35
046976 564
046984 668
046992 750
047000 435
047008 260
047016 141
047024 697
047032 976
047040 650
047048 7
047056 452
047064 188
047072 790
047080 382
047088 488
047096 750
047104 623
047112 791
047120 603
047128 878
047136 831
047144 52
047152 753
047160 96
047168 887
047176 650
047184 851
047192 830
047200 776
047208 40
047216 312
047224 488
047232 164
047240 971
047248 669
047256 361
047264 324
047272 74
047280 906
047288 510
047296 447
047304 847
047312 52
047320 493
047328 322
047336 545
047344 606
047352 295
047360 74
047368 602
047376 53
047384 896
047392 218
047400 153
047408 772
047416 514
047424 287
047432 558
047440 917
047448 697
047456 886
047464 712
047472 216
047480 255
047488 450
047496 129
047504 224
047512 941
047520 674
047528 684
047536 976
047544 939
047552 718
047560 773
047568 831
047576 1
047584 435
047592 284
047600 896
047608 647
047616 819
047624 205
047632 242
047640 945
047648 544
047656 929
047664 20
047672 133
047680 507
047688 889
047696 683
047704 854
047712 862
047720 520
047728 683
047736 371
047744 551
047752 402
047760 254
047768 453
047776 189
047784 705
047792 543
047800 821
047808 507
047816 512
047824 580
047832 541
047840 251
047848 54
047856 896
047864 674
047872 672
047880 960
047888 671
047896 86
047904 963
047912 373
047920 56
047928 976
047936 503
047944 793
047952 291
047960 835
047968 781
047976 85
047984 207
047992 848
048000 875
048008 840
048016 122
048024 150
048032 306
048040 24
048048 423
048056 595
048064 725
048072 139
048080 491
048088 100
048096 185
048104 850
048112 887
048120 325
048128 163
048136 33
048144 393
048152 658
048160 330
048168 176
048176 594
048184 82
048192 652
048200 761
048208 392
048216 687
048224 626
048232 706
048240 136
048248 537
048256 378
048264 623
048272 985
048280 593
048288 421
048296 26
048304 736
048312 236
048320 518
048328 574
048336 808
048344 372
048352 259
048360 920
048368 98
048376 578
048384 708
048392 867
048400 761
048408 157
048416 60
048424 905
048432 115
048440 938
048448 528
048456 468
048464 959
048472 127
048480 428
048488 73
048496 845
048504 6
048512 757
048520 416
048528 414
048536 510
048544 855
048552 902
048560 425
048568 48
048576 177
048584 292
048592 169
048600 295
048608 107
048616 20
048624 618
048632 662
048640 977
048648 721
048656 388
048664 168
048672 20
048680 177
048688 611
048696 379
048704 569
048712 340
048720 835
048728 38
048736 440
048744 109
048752 328
048760 415
048768 376
048776 2
048784 933
048792 389
048800 21
048808 691
048816 385
048824 215
048832 512
048840 473
048848 253
048856 728
048864 842
048872 593
048880 837
048888 968
048896 645
048904 398
048912 842
048920 576
048928 235
048936 163
048944 479
048952 811
048960 836
048968 524
048976 491
048984 882
048992 690
049000 79
049008 233
049016 189
049024 36
049032 535
049040 169
049048 54
049056 267
049064 550
049072 742
049080 785
049088 776
049096 870
049104 869
049112 66
049120 234
049128 14
049136 440
049144 943
049152 365
049160 644
049168 396
049176 241
049184 460
049192 949
049200 254
049208 532
049216 947
049224 579
049232 196
049240 969
049248 475
049256 711
049264 374
049272 239
049280 137
049288 945
049296 313
049304 508
049312 170
049320 228
049328 817
049336 164
049344 912
049352 36
049360 472
049368 279
049376 112
049384 317
049392 179
049400 621
049408 563
049416 632
049424 150
049432 555
049440 93
049448 544
049456 138
049464 112
049472 414
049480 76
049488 10
049496 461
049504 464
049512 50
049520 268
049528 381
049536 602
049544 439
049552 851
049560 250
049568 530
049576 668
049584 490
049592 822
049600 846
049608 852
049616 619
049624 104
049632 784
049640 792
049648 687
049656 121
049664 642
049672 275
049680 764
049688 95
049696 990
049704 83
049712 738
049720 545
049728 544
049736 242
049744 650
049752 174
049760 98
049768 808
049776 796
049784 44
049792 780
049800 980
049808 230
049816 154
049824 741
049832 973
049840 905
049848 353
049856 934
049864 780
049872 422
049880 769
049888 505
049896 126
049904 443
049912 258
049920 605
049928 496
049936 480
049944 149
049952 187
049960 715
049968 310
049976 82
049984 498
049992 787
050000 661
050008 603
050016 379
050024 947
050032 438
050040 782
050048 413
050056 937
050064 424
050072 139
050080 539
050088 878
050096 809
050104 361
050112 825
050120 614
050128 15
050136 119
050144 472
050152 44
050160 807
050168 978
