000004 721
000012 321
000020 981
000028 172
000036 711
000044 954
000052 722
000060 391
000068 482
000076 329
000084 542
000092 793
000100 656
000108 550
000116 358
000124 620
000132 597
000140 432
000148 137
000156 27
000164 891
000172 458
000180 616
000188 393
000196 468
000204 978
000212 121
000220 246
000228 370
000236 300
000244 907
000252 287
000006 227
000014 928
000022 648
000030 466
000038 35
000046 816
000054 505
000062 294
000070 238
000078 127
000086 56
000094 45
000102 19
000110 162
000118 921
000126 507
000134 571
000142 883
000150 124
000158 663
000166 353
000174 452
000182 662
000190 167
000198 527
000206 674
000214 244
000222 127
000230 435
000238 830
000246 810
000254 804
000007 437
000015 728
000023 945
000031 793
000039 25
000047 793
000055 916
000063 352
000071 846
000079 331
000087 438
000095 853
000103 13
000111 12
000119 744
000127 931
000135 284
000143 92
000151 192
000159 110
000167 785
000175 681
000183 776
000191 603
000199 976
000207 126
000215 660
000223 39
000231 991
000239 618
000247 821
000255 63
000002 629
000010 374
000018 970
000026 230
000034 907
000042 679
000050 740
000058 551
000066 436
000074 456
000082 186
000090 554
000098 130
000106 219
000114 96
000122 882
000130 542
000138 542
000146 407
000154 6
000162 15
000170 420
000178 689
000186 362
000194 664
000202 7
000210 277
000218 1
000226 82
000234 322
000242 510
000250 324
000001 32
000009 450
000017 999
000025 127
000033 256
000041 366
000049 11
000057 281
000065 693
000073 689
000081 808
000089 754
000097 229
000105 779
000113 478
000121 266
000129 782
000137 257
000145 191
000153 940
000161 642
000169 996
000177 983
000185 492
000193 774
000201 550
000209 443
000217 379
000225 886
000233 978
000241 50
000249 481
000003 551
000011 149
000019 991
000027 759
000035 961
000043 851
000051 707
000059 976
000067 722
000075 762
000083 693
000091 824
000099 323
000107 106
000115 60
000123 574
000131 76
000139 935
000147 198
000155 367
000163 764
000171 607
000179 112
000187 356
000195 930
000203 683
000211 906
000219 845
000227 708
000235 288
000243 806
000251 62
000005 317
000013 124
000021 211
000029 370
000037 112
000045 976
000053 483
000061 470
000069 935
000077 742
000085 439
000093 942
000101 298
000109 488
000117 923
000125 909
000133 857
000141 449
000149 476
000157 410
000165 49
000173 200
000181 226
000189 596
000197 876
000205 811
000213 115
000221 113
000229 559
000237 648
000245 275
000253 830
000260 730
000268 443
000276 865
000284 53
000292 177
000300 270
000308 22
000316 471
000324 673
000332 795
000340 203
000348 478
000356 262
000364 604
000372 664
000380 631
000388 182
000396 391
000404 136
000412 713
000420 921
000428 144
000436 297
000444 561
000452 256
000460 459
000468 5
000476 316
000484 165
000492 582
000500 715
000508 626
000262 969
000270 380
000278 361
000286 103
000294 452
000302 90
000310 178
000318 703
000326 339
000334 320
000342 345
000350 535
000358 387
000366 822
000374 566
000382 296
000390 184
000398 142
000406 585
000414 831
000422 719
000430 550
000438 167
000446 671
000454 615
000462 822
000470 599
000478 125
000486 232
000494 338
000502 871
000510 492
000263 239
000271 68
000279 295
000287 523
000295 329
000303 285
000311 657
000319 7
000327 216
000335 637
000343 621
000351 678
000359 231
000367 846
000375 816
000383 871
000391 758
000399 457
000407 117
000415 960
000423 802
000431 721
000439 527
000447 438
000455 292
000463 980
000471 570
000479 271
000487 386
000495 815
000503 102
000511 434
000258 640
000266 459
000274 525
000282 180
000290 286
000298 907
000306 911
000314 517
000322 553
000330 609
000338 321
000346 749
000354 960
000362 748
000370 272
000378 335
000386 126
000394 172
000402 745
000410 689
000418 378
000426 36
000434 763
000442 29
000450 326
000458 588
000466 625
000474 493
000482 922
000490 431
000498 461
000506 566
000261 791
000269 278
000277 46
000285 116
000293 696
000301 717
000309 317
000317 790
000325 628
000333 309
000341 622
000349 254
000357 587
000365 93
000373 979
000381 445
000389 824
000397 788
000405 350
000413 45
000421 612
000429 912
000437 514
000445 267
000453 742
000461 870
000469 24
000477 356
000485 114
000493 162
000501 670
000509 675
000257 377
000265 536
000273 178
000281 220
000289 116
000297 738
000305 28
000313 907
000321 897
000329 327
000337 883
000345 760
000353 145
000361 999
000369 551
000377 659
000385 109
000393 474
000401 912
000409 387
000417 296
000425 778
000433 891
000441 875
000449 700
000457 13
000465 252
000473 854
000481 633
000489 155
000497 28
000505 953
000259 940
000267 152
000275 254
000283 242
000291 528
000299 121
000307 361
000315 828
000323 678
000331 924
000339 828
000347 558
000355 272
000363 379
000371 740
000379 225
000387 606
000395 462
000403 371
000411 218
000419 169
000427 440
000435 328
000443 405
000451 91
000459 156
000467 412
000475 165
000483 597
000491 158
000499 365
000507 934
000516 152
000524 769
000532 66
000540 682
000548 311
000556 836
000564 573
000572 66
000580 864
000588 668
000596 431
000604 489
000612 355
000620 749
000628 619
000636 170
000644 488
000652 389
000660 489
000668 802
000676 151
000684 454
000692 360
000700 913
000708 667
000716 310
000724 259
000732 360
000740 193
000748 247
000756 270
000764 323
000518 373
000526 504
000534 708
000542 272
000550 103
000558 664
000566 404
000574 176
000582 692
000590 628
000598 906
000606 187
000614 423
000622 115
000630 252
000638 447
000646 456
000654 348
000662 542
000670 463
000678 294
000686 224
000694 291
000702 789
000710 866
000718 141
000726 404
000734 468
000742 343
000750 700
000758 197
000766 610
000519 51
000527 406
000535 117
000543 838
000551 79
000559 866
000567 695
000575 377
000583 451
000591 329
000599 834
000607 326
000615 811
000623 601
000631 458
000639 955
000647 369
000655 105
000663 658
000671 178
000679 764
000687 507
000695 9
000703 614
000711 35
000719 975
000727 391
000735 615
000743 870
000751 631
000759 532
000767 642
000517 833
000525 776
000533 942
000541 194
000549 857
000557 439
000565 70
000573 807
000581 995
000589 549
000597 404
000605 520
000613 9
000621 232
000629 405
000637 188
000645 610
000653 840
000661 922
000669 970
000677 257
000685 162
000693 415
000701 460
000709 280
000717 853
000725 464
000733 551
000741 794
000749 357
000757 277
000765 969
000514 204
000522 852
000530 957
000538 510
000546 274
000554 394
000562 234
000570 732
000578 503
000586 618
000594 911
000602 792
000610 934
000618 744
000626 11
000634 31
000642 517
000650 33
000658 973
000666 29
000674 225
000682 873
000690 24
000698 740
000706 955
000714 742
000722 295
000730 581
000738 833
000746 686
000754 753
000762 380
000513 520
000521 855
000529 489
000537 497
000545 481
000553 702
000561 852
000569 81
000577 92
000585 312
000593 97
000601 390
000609 24
000617 135
000625 482
000633 139
000641 984
000649 501
000657 869
000665 980
000673 331
000681 28
000689 692
000697 724
000705 382
000713 696
000721 626
000729 249
000737 738
000745 248
000753 849
000761 263
000515 384
000523 390
000531 937
000539 390
000547 611
000555 224
000563 493
000571 553
000579 57
000587 746
000595 798
000603 323
000611 802
000619 267
000627 81
000635 404
000643 328
000651 726
000659 117
000667 539
000675 998
000683 836
000691 69
000699 417
000707 125
000715 848
000723 317
000731 142
000739 624
000747 70
000755 881
000763 974
000000 541
000008 97
000016 191
000024 172
000032 553
000040 604
000048 103
000056 733
000064 842
000072 633
000080 190
000088 717
000096 798
000104 284
000112 678
000120 208
000128 164
000136 611
000144 922
000152 191
000160 912
000168 457
000176 451
000184 275
000192 734
000200 937
000208 376
000216 202
000224 807
000232 739
000240 990
000248 935
000772 223
000780 299
000788 8
000796 657
000804 37
000812 891
000820 616
000828 918
000836 401
000844 574
000852 858
000860 31
000868 789
000876 977
000884 753
000892 900
000900 257
000908 197
000916 284
000924 374
000932 629
000940 198
000948 316
000956 599
000964 700
000972 987
000980 704
000988 403
000996 341
001004 292
001012 272
001020 206
000774 822
000782 763
000790 67
000798 248
000806 68
000814 921
000822 670
000830 341
000838 727
000846 18
000854 818
000862 78
000870 396
000878 677
000886 456
000894 584
000902 844
000910 715
000918 142
000926 963
000934 578
000942 797
000950 572
000958 416
000966 361
000974 509
000982 1
000990 305
000998 717
001006 897
001014 480
001022 142
000773 717
000781 400
000789 467
000797 790
000805 389
000813 51
000821 782
000829 435
000837 21
000845 671
000853 237
000861 538
000869 41
000877 122
000885 772
000893 923
000901 431
000909 501
000917 596
000925 893
000933 107
000941 500
000949 252
000957 523
000965 410
000973 782
000981 819
000989 730
000997 683
001005 108
001013 682
001021 571
000775 227
000783 16
000791 338
000799 589
000807 569
000815 357
000823 726
000831 921
000839 712
000847 379
000855 904
000863 624
000871 673
000879 66
000887 737
000895 143
000903 701
000911 346
000919 281
000927 447
000935 582
000943 89
000951 594
000959 205
000967 695
000975 27
000983 765
000991 485
000999 206
001007 217
001015 598
001023 3
000770 79
000778 939
000786 89
000794 418
000802 173
000810 884
000818 484
000826 572
000834 534
000842 540
000850 968
000858 502
000866 570
000874 307
000882 190
000890 325
000898 404
000906 354
000914 71
000922 352
000930 169
000938 395
000946 385
000954 319
000962 950
000970 626
000978 904
000986 617
000994 598
001002 45
001010 236
001018 161
000769 860
000777 853
000785 919
000793 427
000801 478
000809 312
000817 666
000825 391
000833 948
000841 437
000849 790
000857 780
000865 3
000873 447
000881 367
000889 471
000897 665
000905 551
000913 611
000921 275
000929 583
000937 887
000945 578
000953 269
000961 779
000969 917
000977 29
000985 620
000993 29
001001 652
001009 516
001017 903
000771 980
000779 103
000787 713
000795 579
000803 856
000811 94
000819 126
000827 300
000835 54
000843 675
000851 977
000859 528
000867 425
000875 137
000883 365
000891 778
000899 820
000907 153
000915 460
000923 840
000931 543
000939 500
000947 605
000955 821
000963 281
000971 336
000979 868
000987 770
000995 298
001003 623
001011 359
001019 674
000256 868
000264 363
000272 250
000280 281
000288 929
000296 981
000304 989
000312 703
000320 822
000328 205
000336 201
000344 291
000352 337
000360 432
000368 568
000376 785
000384 443
000392 613
000400 223
000408 312
000416 715
000424 547
000432 378
000440 978
000448 599
000456 936
000464 933
000472 487
000480 937
000488 65
000496 162
000504 872
001028 930
001036 566
001044 907
001052 431
001060 83
001068 229
001076 959
001084 532
001092 90
001100 634
001108 481
001116 77
001124 557
001132 777
001140 526
001148 772
001156 726
001164 675
001172 533
001180 383
001188 77
001196 448
001204 958
001212 801
001220 394
001228 756
001236 437
001244 680
001252 137
001260 112
001268 935
001276 257
001030 946
001038 648
001046 796
001054 534
001062 828
001070 853
001078 754
001086 211
001094 680
001102 256
001110 523
001118 885
001126 999
001134 680
001142 86
001150 915
001158 621
001166 547
001174 710
001182 124
001190 777
001198 750
001206 253
001214 595
001222 949
001230 81
001238 881
001246 160
001254 849
001262 524
001270 30
001278 57
001029 505
001037 453
001045 505
001053 196
001061 449
001069 577
001077 824
001085 931
001093 175
001101 49
001109 727
001117 649
001125 250
001133 688
001141 901
001149 887
001157 754
001165 786
001173 626
001181 139
001189 824
001197 638
001205 113
001213 286
001221 804
001229 828
001237 744
001245 459
001253 746
001261 832
001269 295
001277 506
001031 349
001039 721
001047 139
001055 819
001063 381
001071 855
001079 990
001087 15
001095 273
001103 72
001111 357
001119 507
001127 284
001135 166
001143 799
001151 830
001159 899
001167 775
001175 583
001183 100
001191 896
001199 688
001207 472
001215 855
001223 114
001231 517
001239 875
001247 694
001255 844
001263 82
001271 86
001279 405
001026 423
001034 5
001042 676
001050 204
001058 300
001066 960
001074 290
001082 958
001090 734
001098 680
001106 759
001114 425
001122 796
001130 622
001138 750
001146 223
001154 134
001162 191
001170 817
001178 723
001186 664
001194 331
001202 36
001210 997
001218 869
001226 247
001234 990
001242 777
001250 288
001258 458
001266 130
001274 785
001025 904
001033 894
001041 760
001049 713
001057 723
001065 699
001073 467
001081 96
001089 532
001097 796
001105 465
001113 144
001121 937
001129 505
001137 326
001145 521
001153 670
001161 960
001169 964
001177 66
001185 983
001193 294
001201 515
001209 411
001217 733
001225 972
001233 953
001241 943
001249 999
001257 662
001265 309
001273 764
001027 815
001035 648
001043 648
001051 204
001059 299
001067 668
001075 699
001083 578
001091 694
001099 293
001107 608
001115 74
001123 912
001131 499
001139 429
001147 91
001155 921
001163 519
001171 236
001179 86
001187 292
001195 893
001203 588
001211 591
001219 904
001227 837
001235 403
001243 240
001251 744
001259 847
001267 492
001275 835
000512 632
000520 832
000528 616
000536 729
000544 334
000552 546
000560 48
000568 230
000576 600
000584 239
000592 30
000600 540
000608 737
000616 349
000624 56
000632 834
000640 284
000648 934
000656 777
000664 479
000672 672
000680 347
000688 892
000696 680
000704 737
000712 551
000720 290
000728 923
000736 325
000744 156
000752 997
000760 112
001284 737
001292 152
001300 433
001308 135
001316 508
001324 413
001332 196
001340 960
001348 917
001356 342
001364 760
001372 665
001380 230
001388 388
001396 457
001404 939
001412 271
001420 248
001428 476
001436 376
001444 433
001452 930
001460 955
001468 967
001476 821
001484 755
001492 999
001500 154
001508 184
001516 983
001524 964
001532 359
001286 230
001294 690
001302 602
001310 132
001318 209
001326 746
001334 794
001342 108
001350 825
001358 248
001366 548
001374 750
001382 838
001390 885
001398 393
001406 474
001414 984
001422 188
001430 834
001438 382
001446 944
001454 648
001462 55
001470 125
001478 165
001486 297
001494 276
001502 852
001510 599
001518 56
001526 200
001534 657
001285 242
001293 245
001301 887
001309 582
001317 515
001325 460
001333 721
001341 101
001349 592
001357 748
001365 443
001373 807
001381 33
001389 738
001397 598
001405 163
001413 963
001421 686
001429 674
001437 159
001445 876
001453 205
001461 928
001469 850
001477 27
001485 292
001493 551
001501 1
001509 165
001517 957
001525 523
001533 807
001287 995
001295 40
001303 110
001311 559
001319 758
001327 551
001335 167
001343 5
001351 864
001359 831
001367 163
001375 962
001383 156
001391 787
001399 678
001407 859
001415 628
001423 612
001431 954
001439 281
001447 342
001455 366
001463 399
001471 700
001479 490
001487 802
001495 640
001503 698
001511 856
001519 90
001527 871
001535 525
001282 944
001290 811
001298 84
001306 160
001314 720
001322 188
001330 20
001338 21
001346 193
001354 843
001362 640
001370 272
001378 991
001386 979
001394 265
001402 513
001410 739
001418 997
001426 109
001434 406
001442 412
001450 969
001458 197
001466 906
001474 746
001482 809
001490 435
001498 31
001506 847
001514 779
001522 549
001530 133
001281 189
001289 895
001297 754
001305 689
001313 640
001321 692
001329 329
001337 20
001345 735
001353 414
001361 281
001369 980
001377 525
001385 81
001393 80
001401 576
001409 903
001417 280
001425 143
001433 404
001441 44
001449 205
001457 119
001465 258
001473 261
001481 293
001489 656
001497 573
001505 282
001513 688
001521 148
001529 857
001283 729
001291 135
001299 165
001307 206
001315 241
001323 92
001331 399
001339 614
001347 733
001355 74
001363 547
001371 601
001379 202
001387 668
001395 724
001403 853
001411 450
001419 591
001427 533
001435 601
001443 644
001451 824
001459 736
001467 140
001475 707
001483 136
001491 916
001499 974
001507 575
001515 328
001523 834
001531 525
000768 728
000776 672
000784 150
000792 844
000800 417
000808 580
000816 837
000824 777
000832 63
000840 680
000848 32
000856 100
000864 276
000872 265
000880 139
000888 560
000896 37
000904 213
000912 251
000920 259
000928 7
000936 336
000944 68
000952 67
000960 376
000968 602
000976 324
000984 650
000992 19
001000 655
001008 344
001016 994
001540 910
001548 629
001556 319
001564 859
001572 4
001580 136
001588 967
001596 60
001604 671
001612 275
001620 660
001628 313
001636 584
001644 322
001652 293
001660 314
001668 671
001676 297
001684 206
001692 107
001700 28
001708 205
001716 676
001724 106
001732 996
001740 231
001748 457
001756 646
001764 514
001772 46
001780 333
001788 117
001542 829
001550 285
001558 209
001566 561
001574 510
001582 690
001590 188
001598 439
001606 264
001614 585
001622 512
001630 647
001638 554
001646 561
001654 922
001662 874
001670 94
001678 796
001686 881
001694 223
001702 788
001710 225
001718 384
001726 920
001734 444
001742 370
001750 794
001758 974
001766 722
001774 169
001782 692
001790 607
001541 309
001549 818
001557 581
001565 383
001573 782
001581 728
001589 690
001597 580
001605 0
001613 529
001621 174
001629 392
001637 661
001645 668
001653 587
001661 875
001669 929
001677 360
001685 724
001693 990
001701 271
001709 359
001717 113
001725 230
001733 547
001741 866
001749 620
001757 100
001765 423
001773 310
001781 655
001789 55
001543 64
001551 732
001559 859
001567 194
001575 182
001583 337
001591 935
001599 541
001607 780
001615 711
001623 474
001631 481
001639 472
001647 182
001655 173
001663 853
001671 512
001679 853
001687 702
001695 939
001703 806
001711 52
001719 258
001727 980
001735 99
001743 894
001751 185
001759 111
001767 231
001775 847
001783 299
001791 818
001538 675
001546 269
001554 804
001562 643
001570 402
001578 761
001586 385
001594 349
001602 377
001610 384
001618 192
001626 407
001634 343
001642 450
001650 636
001658 427
001666 765
001674 229
001682 719
001690 605
001698 371
001706 930
001714 845
001722 430
001730 503
001738 611
001746 540
001754 355
001762 934
001770 144
001778 737
001786 690
001537 358
001545 490
001553 388
001561 417
001569 469
001577 54
001585 771
001593 916
001601 758
001609 266
001617 956
001625 532
001633 584
001641 126
001649 64
001657 788
001665 827
001673 946
001681 782
001689 946
001697 370
001705 501
001713 860
001721 832
001729 78
001737 2
001745 63
001753 833
001761 222
001769 442
001777 671
001785 297
001539 38
001547 476
001555 870
001563 744
001571 4
001579 535
001587 666
001595 577
001603 214
001611 654
001619 413
001627 963
001635 159
001643 528
001651 859
001659 45
001667 996
001675 103
001683 911
001691 686
001699 263
001707 242
001715 707
001723 729
001731 863
001739 290
001747 317
001755 825
001763 700
001771 302
001779 317
001787 732
001024 108
001032 626
001040 234
001048 146
001056 504
001064 819
001072 822
001080 149
001088 385
001096 196
001104 525
001112 574
001120 137
001128 319
001136 917
001144 527
001152 45
001160 67
001168 659
001176 146
001184 354
001192 392
001200 439
001208 735
001216 516
001224 213
001232 37
001240 236
001248 904
001256 610
001264 915
001272 433
001796 552
001804 558
001812 149
001820 865
001828 179
001836 956
001844 602
001852 542
001860 357
001868 791
001876 346
001884 735
001892 487
001900 964
001908 672
001916 390
001924 724
001932 706
001940 774
001948 817
001956 179
001964 312
001972 675
001980 498
001988 178
001996 692
002004 876
002012 474
002020 795
002028 857
002036 526
002044 465
001798 57
001806 577
001814 620
001822 750
001830 545
001838 597
001846 584
001854 615
001862 642
001870 428
001878 454
001886 774
001894 163
001902 853
001910 821
001918 9
001926 333
001934 865
001942 390
001950 523
001958 632
001966 532
001974 51
001982 338
001990 548
001998 310
002006 345
002014 194
002022 527
002030 728
002038 945
002046 509
001797 46
001805 515
001813 345
001821 808
001829 94
001837 683
001845 540
001853 870
001861 350
001869 290
001877 865
001885 257
001893 485
001901 453
001909 620
001917 778
001925 104
001933 128
001941 972
001949 702
001957 441
001965 605
001973 306
001981 175
001989 316
001997 839
002005 941
002013 444
002021 730
002029 912
002037 537
002045 259
001799 16
001807 290
001815 491
001823 57
001831 980
001839 905
001847 563
001855 366
001863 624
001871 399
001879 279
001887 337
001895 814
001903 571
001911 746
001919 393
001927 325
001935 366
001943 597
001951 321
001959 830
001967 785
001975 417
001983 97
001991 145
001999 168
002007 315
002015 139
002023 465
002031 695
002039 263
002047 584
001794 416
001802 504
001810 192
001818 921
001826 724
001834 455
001842 396
001850 101
001858 29
001866 772
001874 103
001882 259
001890 555
001898 390
001906 437
001914 449
001922 417
001930 170
001938 654
001946 624
001954 821
001962 6
001970 632
001978 670
001986 605
001994 413
002002 198
002010 748
002018 988
002026 421
002034 336
002042 286
001793 363
001801 712
001809 46
001817 807
001825 488
001833 948
001841 412
001849 455
001857 682
001865 918
001873 522
001881 774
001889 411
001897 716
001905 345
001913 218
001921 168
001929 783
001937 105
001945 586
001953 727
001961 800
001969 481
001977 397
001985 835
001993 786
002001 868
002009 823
002017 774
002025 522
002033 192
002041 446
001795 684
001803 667
001811 332
001819 167
001827 101
001835 963
001843 105
001851 716
001859 836
001867 755
001875 311
001883 708
001891 665
001899 201
001907 204
001915 408
001923 235
001931 880
001939 921
001947 874
001955 386
001963 660
001971 855
001979 532
001987 621
001995 946
002003 552
002011 676
002019 357
002027 155
002035 131
002043 798
001280 337
001288 795
001296 425
001304 591
001312 724
001320 687
001328 210
001336 976
001344 601
001352 614
001360 768
001368 365
001376 415
001384 171
001392 463
001400 392
001408 480
001416 883
001424 771
001432 631
001440 380
001448 973
001456 419
001464 297
001472 557
001480 707
001488 305
001496 38
001504 67
001512 820
001520 319
001528 844
002052 282
002060 955
002068 995
002076 469
002084 630
002092 273
002100 592
002108 758
002116 568
002124 412
002132 397
002140 488
002148 152
002156 297
002164 234
002172 796
002180 412
002188 381
002196 567
002204 619
002212 123
002220 255
002228 549
002236 656
002244 257
002252 416
002260 388
002268 535
002276 592
002284 60
002292 116
002300 416
002054 72
002062 348
002070 659
002078 362
002086 911
002094 492
002102 48
002110 527
002118 977
002126 258
002134 842
002142 0
002150 284
002158 342
002166 869
002174 998
002182 945
002190 942
002198 392
002206 101
002214 198
002222 954
002230 960
002238 406
002246 523
002254 47
002262 656
002270 508
002278 326
002286 630
002294 523
002302 968
002053 989
002061 693
002069 314
002077 687
002085 562
002093 662
002101 289
002109 717
002117 45
002125 701
002133 442
002141 379
002149 468
002157 249
002165 559
002173 456
002181 227
002189 230
002197 633
002205 903
002213 58
002221 133
002229 889
002237 199
002245 612
002253 319
002261 350
002269 384
002277 622
002285 96
002293 479
002301 713
002055 749
002063 610
002071 660
002079 798
002087 932
002095 98
002103 84
002111 91
002119 839
002127 183
002135 755
002143 865
002151 570
002159 96
002167 503
002175 910
002183 404
002191 972
002199 741
002207 296
002215 679
002223 831
002231 288
002239 567
002247 407
002255 303
002263 976
002271 217
002279 267
002287 588
002295 466
002303 460
002050 67
002058 339
002066 64
002074 917
002082 725
002090 127
002098 371
002106 554
002114 991
002122 219
002130 748
002138 756
002146 321
002154 446
002162 318
002170 33
002178 826
002186 85
002194 221
002202 106
002210 269
002218 896
002226 374
002234 309
002242 300
002250 231
002258 833
002266 137
002274 126
002282 18
002290 246
002298 320
002049 573
002057 963
002065 128
002073 841
002081 894
002089 388
002097 895
002105 221
002113 879
002121 323
002129 384
002137 379
002145 240
002153 231
002161 367
002169 692
002177 850
002185 844
002193 246
002201 627
002209 25
002217 248
002225 66
002233 413
002241 850
002249 780
002257 25
002265 474
002273 262
002281 647
002289 701
002297 844
002051 635
002059 915
002067 324
002075 107
002083 525
002091 879
002099 281
002107 499
002115 970
002123 433
002131 288
002139 283
002147 605
002155 118
002163 728
002171 246
002179 767
002187 244
002195 936
002203 79
002211 220
002219 851
002227 666
002235 778
002243 720
002251 244
002259 182
002267 267
002275 290
002283 513
002291 656
002299 100
001536 642
001544 305
001552 935
001560 394
001568 800
001576 65
001584 998
001592 784
001600 899
001608 634
001616 339
001624 122
001632 517
001640 675
001648 433
001656 513
001664 748
001672 193
001680 969
001688 511
001696 879
001704 623
001712 396
001720 163
001728 232
001736 426
001744 734
001752 109
001760 701
001768 578
001776 361
001784 933
002308 734
002316 702
002324 751
002332 715
002340 576
002348 765
002356 154
002364 923
002372 595
002380 557
002388 532
002396 631
002404 263
002412 540
002420 456
002428 846
002436 339
002444 271
002452 444
002460 953
002468 863
002476 490
002484 786
002492 90
002500 953
002508 112
002516 283
002524 723
002532 710
002540 614
002548 208
002556 930
002310 185
002318 965
002326 657
002334 802
002342 605
002350 439
002358 584
002366 790
002374 255
002382 497
002390 742
002398 326
002406 100
002414 577
002422 256
002430 90
002438 44
002446 486
002454 37
002462 339
002470 200
002478 31
002486 31
002494 700
002502 278
002510 801
002518 741
002526 83
002534 563
002542 902
002550 506
002558 31
002309 15
002317 544
002325 882
002333 732
002341 180
002349 135
002357 653
002365 203
002373 306
002381 419
002389 757
002397 260
002405 162
002413 729
002421 528
002429 515
002437 494
002445 516
002453 211
002461 454
002469 720
002477 943
002485 898
002493 614
002501 64
002509 930
002517 983
002525 478
002533 59
002541 690
002549 978
002557 385
002311 553
002319 809
002327 568
002335 667
002343 3
002351 287
002359 515
002367 369
002375 761
002383 708
002391 291
002399 413
002407 780
002415 562
002423 545
002431 684
002439 570
002447 670
002455 417
002463 864
002471 768
002479 430
002487 697
002495 921
002503 777
002511 238
002519 700
002527 154
002535 578
002543 279
002551 996
002559 694
002306 641
002314 568
002322 693
002330 756
002338 982
002346 972
002354 548
002362 216
002370 803
002378 293
002386 870
002394 714
002402 581
002410 278
002418 856
002426 58
002434 107
002442 482
002450 625
002458 834
002466 996
002474 272
002482 780
002490 151
002498 550
002506 767
002514 611
002522 565
002530 168
002538 613
002546 625
002554 275
002305 364
002313 246
002321 672
002329 866
002337 443
002345 333
002353 425
002361 298
002369 193
002377 242
002385 358
002393 890
002401 514
002409 93
002417 110
002425 25
002433 206
002441 431
002449 272
002457 214
002465 617
002473 513
002481 182
002489 394
002497 901
002505 58
002513 930
002521 715
002529 246
002537 779
002545 905
002553 993
002307 626
002315 302
002323 632
002331 269
002339 160
002347 860
002355 655
002363 74
002371 810
002379 753
002387 66
002395 744
002403 22
002411 295
002419 444
002427 662
002435 508
002443 548
002451 85
002459 807
002467 642
002475 247
002483 20
002491 794
002499 299
002507 292
002515 937
002523 252
002531 19
002539 702
002547 557
002555 410
001792 349
001800 498
001808 737
001816 9
001824 83
001832 182
001840 58
001848 949
001856 539
001864 935
001872 974
001880 409
001888 711
001896 508
001904 591
001912 601
001920 385
001928 667
001936 7
001944 977
001952 866
001960 708
001968 855
001976 337
001984 42
001992 317
002000 192
002008 615
002016 838
002024 830
002032 296
002040 544
002564 480
002572 756
002580 487
002588 742
002596 713
002604 935
002612 362
002620 512
002628 723
002636 557
002644 442
002652 570
002660 376
002668 737
002676 46
002684 492
002692 245
002700 825
002708 634
002716 760
002724 932
002732 334
002740 639
002748 451
002756 822
002764 954
002772 852
002780 411
002788 339
002796 439
002804 257
002812 906
002566 503
002574 412
002582 131
002590 81
002598 841
002606 448
002614 658
002622 701
002630 48
002638 616
002646 114
002654 988
002662 546
002670 110
002678 426
002686 824
002694 343
002702 289
002710 378
002718 281
002726 684
002734 139
002742 454
002750 259
002758 227
002766 218
002774 329
002782 131
002790 564
002798 784
002806 76
002814 789
002565 451
002573 153
002581 146
002589 330
002597 667
002605 106
002613 644
002621 10
002629 223
002637 724
002645 527
002653 729
002661 360
002669 26
002677 796
002685 649
002693 577
002701 378
002709 948
002717 78
002725 11
002733 100
002741 781
002749 613
002757 217
002765 884
002773 139
002781 187
002789 788
002797 675
002805 371
002813 410
002567 468
002575 494
002583 960
002591 299
002599 485
002607 110
002615 163
002623 145
002631 601
002639 560
002647 714
002655 665
002663 22
002671 299
002679 685
002687 997
002695 338
002703 388
002711 694
002719 237
002727 62
002735 466
002743 376
002751 149
002759 624
002767 330
002775 198
002783 201
002791 366
002799 781
002807 853
002815 395
002562 312
002570 892
002578 181
002586 774
002594 845
002602 275
002610 758
002618 42
002626 704
002634 68
002642 816
002650 314
002658 807
002666 285
002674 737
002682 857
002690 689
002698 81
002706 310
002714 1
002722 608
002730 617
002738 335
002746 775
002754 951
002762 809
002770 328
002778 2
002786 716
002794 361
002802 908
002810 67
002561 591
002569 35
002577 356
002585 108
002593 292
002601 741
002609 493
002617 73
002625 875
002633 496
002641 214
002649 909
002657 20
002665 242
002673 45
002681 89
002689 345
002697 762
002705 86
002713 441
002721 534
002729 725
002737 129
002745 512
002753 680
002761 976
002769 33
002777 909
002785 805
002793 81
002801 176
002809 386
002563 507
002571 4
002579 655
002587 292
002595 633
002603 739
002611 534
002619 418
002627 872
002635 29
002643 754
002651 461
002659 246
002667 373
002675 358
002683 318
002691 196
002699 225
002707 529
002715 389
002723 491
002731 432
002739 147
002747 679
002755 361
002763 957
002771 407
002779 894
002787 729
002795 542
002803 534
002811 684
002048 839
002056 940
002064 30
002072 488
002080 666
002088 757
002096 841
002104 266
002112 177
002120 331
002128 134
002136 518
002144 354
002152 649
002160 539
002168 101
002176 574
002184 599
002192 491
002200 197
002208 537
002216 218
002224 219
002232 590
002240 330
002248 142
002256 630
002264 868
002272 652
002280 921
002288 478
002296 54
002820 967
002828 432
002836 349
002844 936
002852 870
002860 811
002868 619
002876 635
002884 952
002892 602
002900 686
002908 739
002916 318
002924 12
002932 50
002940 576
002948 461
002956 338
002964 857
002972 286
002980 467
002988 565
002996 791
003004 258
003012 177
003020 736
003028 649
003036 152
003044 569
003052 247
003060 940
003068 898
002822 16
002830 593
002838 828
002846 394
002854 526
002862 552
002870 219
002878 582
002886 855
002894 360
002902 572
002910 161
002918 393
002926 434
002934 315
002942 784
002950 717
002958 166
002966 660
002974 397
002982 452
002990 517
002998 841
003006 88
003014 73
003022 201
003030 94
003038 478
003046 63
003054 759
003062 754
003070 583
002821 463
002829 903
002837 912
002845 468
002853 728
002861 274
002869 931
002877 772
002885 526
002893 228
002901 279
002909 667
002917 185
002925 724
002933 596
002941 896
002949 410
002957 796
002965 375
002973 33
002981 220
002989 498
002997 405
003005 78
003013 586
003021 756
003029 510
003037 162
003045 633
003053 983
003061 123
003069 155
002823 486
002831 802
002839 685
002847 971
002855 567
002863 769
002871 965
002879 548
002887 455
002895 275
002903 43
002911 425
002919 892
002927 855
002935 820
002943 15
002951 842
002959 197
002967 647
002975 517
002983 353
002991 642
002999 814
003007 51
003015 84
003023 598
003031 294
003039 326
003047 691
003055 341
003063 520
003071 22
002818 746
002826 110
002834 986
002842 535
002850 828
002858 239
002866 640
002874 322
002882 515
002890 544
002898 116
002906 205
002914 916
002922 447
002930 522
002938 112
002946 378
002954 459
002962 540
002970 607
002978 731
002986 679
002994 868
003002 152
003010 740
003018 625
003026 311
003034 185
003042 457
003050 848
003058 814
003066 946
002817 553
002825 607
002833 869
002841 392
002849 705
002857 661
002865 903
002873 956
002881 309
002889 746
002897 950
002905 836
002913 845
002921 533
002929 30
002937 968
002945 130
002953 67
002961 382
002969 658
002977 51
002985 296
002993 343
003001 787
003009 21
003017 480
003025 228
003033 565
003041 782
003049 313
003057 284
003065 540
002819 265
002827 64
002835 283
002843 402
002851 198
002859 721
002867 402
002875 581
002883 929
002891 269
002899 406
002907 960
002915 604
002923 218
002931 91
002939 437
002947 628
002955 305
002963 883
002971 474
002979 907
002987 824
002995 290
003003 668
003011 710
003019 301
003027 88
003035 953
003043 706
003051 770
003059 652
003067 965
002304 520
002312 826
002320 722
002328 152
002336 968
002344 694
002352 887
002360 259
002368 286
002376 71
002384 136
002392 730
002400 525
002408 133
002416 380
002424 407
002432 724
002440 481
002448 925
002456 988
002464 20
002472 732
002480 434
002488 478
002496 835
002504 292
002512 750
002520 750
002528 642
002536 419
002544 247
002552 498
003076 245
003084 210
003092 430
003100 719
003108 873
003116 896
003124 176
003132 554
003140 823
003148 236
003156 316
003164 618
003172 424
003180 551
003188 879
003196 626
003204 344
003212 156
003220 950
003228 222
003236 278
003244 312
003252 666
003260 205
003268 902
003276 340
003284 542
003292 644
003300 86
003308 894
003316 49
003324 43
003078 291
003086 112
003094 362
003102 891
003110 279
003118 204
003126 150
003134 297
003142 340
003150 111
003158 784
003166 851
003174 151
003182 127
003190 31
003198 147
003206 845
003214 28
003222 357
003230 956
003238 663
003246 368
003254 521
003262 136
003270 693
003278 498
003286 669
003294 924
003302 956
003310 667
003318 291
003326 967
003077 347
003085 304
003093 285
003101 782
003109 476
003117 576
003125 214
003133 624
003141 915
003149 204
003157 414
003165 913
003173 738
003181 319
003189 310
003197 169
003205 71
003213 497
003221 837
003229 295
003237 21
003245 626
003253 960
003261 372
003269 43
003277 455
003285 518
003293 368
003301 946
003309 163
003317 19
003325 760
003079 304
003087 333
003095 243
003103 847
003111 466
003119 790
003127 282
003135 909
003143 799
003151 844
003159 726
003167 743
003175 843
003183 492
003191 115
003199 290
003207 595
003215 489
003223 952
003231 508
003239 134
003247 44
003255 396
003263 244
003271 896
003279 164
003287 226
003295 15
003303 310
003311 3
003319 622
003327 161
003074 279
003082 276
003090 951
003098 254
003106 507
003114 111
003122 663
003130 951
003138 187
003146 161
003154 347
003162 866
003170 310
003178 401
003186 60
003194 982
003202 271
003210 842
003218 17
003226 545
003234 481
003242 15
003250 857
003258 662
003266 61
003274 579
003282 786
003290 679
003298 596
003306 811
003314 153
003322 790
003073 773
003081 16
003089 953
003097 731
003105 172
003113 758
003121 170
003129 713
003137 371
003145 665
003153 603
003161 870
003169 252
003177 788
003185 18
003193 212
003201 357
003209 304
003217 273
003225 975
003233 151
003241 322
003249 353
003257 604
003265 776
003273 279
003281 9
003289 923
003297 269
003305 335
003313 720
003321 725
003075 605
003083 112
003091 470
003099 962
003107 910
003115 763
003123 101
003131 787
003139 763
003147 113
003155 935
003163 511
003171 685
003179 3
003187 1
003195 756
003203 723
003211 648
003219 340
003227 222
003235 648
003243 766
003251 63
003259 357
003267 953
003275 791
003283 214
003291 79
003299 667
003307 623
003315 690
003323 978
003332 800
003340 859
003348 93
003356 438
003364 339
003372 692
003380 875
003388 605
003396 555
003404 541
003412 592
003420 522
003428 265
003436 854
003444 350
003452 172
003460 856
003468 733
003476 254
003484 374
003492 173
003500 298
003508 489
003516 317
003524 645
003532 871
003540 803
003548 240
003556 645
003564 189
003572 799
003580 550
003334 295
003342 309
003350 634
003358 24
003366 678
003374 151
003382 844
003390 614
003398 221
003406 57
003414 21
003422 69
003430 75
003438 942
003446 229
003454 461
003462 369
003470 277
003478 573
003486 103
003494 659
003502 148
003510 934
003518 895
003526 278
003534 543
003542 542
003550 596
003558 335
003566 541
003574 779
003582 585
002560 443
002568 888
002576 766
002584 945
002592 249
002600 656
002608 878
002616 94
002624 513
002632 741
002640 5
002648 335
002656 946
002664 734
002672 999
002680 321
002688 4
002696 852
002704 987
002712 749
002720 965
002728 807
002736 254
002744 900
002752 468
002760 732
002768 215
002776 291
002784 700
002792 829
002800 350
002808 296
003333 423
003341 498
003349 380
003357 554
003365 285
003373 17
003381 461
003389 20
003397 160
003405 123
003413 575
003421 887
003429 634
003437 797
003445 502
003453 179
003461 423
003469 75
003477 177
003485 328
003493 537
003501 846
003509 893
003517 939
003525 354
003533 256
003541 341
003549 43
003557 696
003565 252
003573 660
003581 414
003335 780
003343 559
003351 469
003359 466
003367 788
003375 514
003383 92
003391 197
003399 892
003407 146
003415 646
003423 6
003431 42
003439 847
003447 201
003455 291
003463 33
003471 792
003479 99
003487 869
003495 736
003503 174
003511 190
003519 283
003527 195
003535 772
003543 537
003551 217
003559 995
003567 671
003575 213
003583 915
003330 741
003338 228
003346 29
003354 738
003362 214
003370 574
003378 739
003386 848
003394 926
003402 733
003410 762
003418 383
003426 592
003434 517
003442 743
003450 420
003458 710
003466 100
003474 290
003482 150
003490 509
003498 505
003506 363
003514 821
003522 569
003530 347
003538 29
003546 369
003554 58
003562 286
003570 914
003578 980
003329 266
003337 384
003345 599
003353 575
003361 14
003369 120
003377 884
003385 33
003393 73
003401 820
003409 90
003417 130
003425 373
003433 367
003441 729
003449 922
003457 201
003465 81
003473 878
003481 802
003489 382
003497 870
003505 474
003513 570
003521 281
003529 718
003537 531
003545 917
003553 526
003561 344
003569 357
003577 550
003331 631
003339 642
003347 346
003355 726
003363 488
003371 536
003379 869
003387 24
003395 646
003403 667
003411 137
003419 478
003427 742
003435 108
003443 837
003451 806
003459 186
003467 492
003475 670
003483 28
003491 732
003499 178
003507 747
003515 781
003523 443
003531 644
003539 485
003547 633
003555 4
003563 65
003571 442
003579 365
003588 781
003596 407
003604 369
003612 108
003620 63
003628 420
003636 696
003644 535
003652 772
003660 792
003668 249
003676 904
003684 126
003692 721
003700 538
003708 804
003716 801
003724 563
003732 858
003740 596
003748 74
003756 898
003764 546
003772 571
003780 919
003788 104
003796 792
003804 311
003812 276
003820 230
003828 832
003836 736
003590 202
003598 972
003606 503
003614 909
003622 804
003630 730
003638 707
003646 623
003654 70
003662 290
003670 342
003678 5
003686 133
003694 844
003702 144
003710 894
003718 973
003726 728
003734 854
003742 886
003750 313
003758 226
003766 253
003774 386
003782 75
003790 809
003798 665
003806 654
003814 569
003822 821
003830 916
003838 167
002816 198
002824 73
002832 591
002840 177
002848 164
002856 734
002864 707
002872 995
002880 511
002888 381
002896 350
002904 249
002912 843
002920 72
002928 145
002936 285
002944 600
002952 673
002960 615
002968 931
002976 667
002984 649
002992 720
003000 130
003008 742
003016 781
003024 514
003032 555
003040 779
003048 899
003056 215
003064 564
003589 257
003597 919
003605 101
003613 136
003621 883
003629 466
003637 724
003645 745
003653 252
003661 604
003669 67
003677 950
003685 655
003693 204
003701 269
003709 155
003717 755
003725 340
003733 428
003741 580
003749 870
003757 874
003765 838
003773 514
003781 117
003789 483
003797 262
003805 536
003813 245
003821 706
003829 542
003837 743
003591 511
003599 781
003607 454
003615 462
003623 741
003631 484
003639 764
003647 996
003655 89
003663 421
003671 638
003679 310
003687 264
003695 171
003703 288
003711 132
003719 839
003727 193
003735 847
003743 936
003751 597
003759 35
003767 467
003775 875
003783 745
003791 180
003799 815
003807 240
003815 558
003823 850
003831 127
003839 401
003586 961
003594 77
003602 225
003610 901
003618 703
003626 521
003634 210
003642 484
003650 982
003658 456
003666 197
003674 243
003682 276
003690 4
003698 992
003706 200
003714 205
003722 460
003730 552
003738 910
003746 671
003754 85
003762 720
003770 255
003778 749
003786 241
003794 943
003802 167
003810 406
003818 683
003826 640
003834 582
003585 438
003593 166
003601 645
003609 525
003617 260
003625 810
003633 910
003641 789
003649 990
003657 694
003665 278
003673 457
003681 409
003689 233
003697 908
003705 200
003713 640
003721 918
003729 430
003737 618
003745 907
003753 189
003761 992
003769 662
003777 232
003785 188
003793 730
003801 710
003809 49
003817 855
003825 501
003833 136
003587 753
003595 826
003603 193
003611 782
003619 827
003627 519
003635 431
003643 568
003651 106
003659 292
003667 566
003675 740
003683 219
003691 496
003699 397
003707 935
003715 536
003723 457
003731 785
003739 395
003747 733
003755 852
003763 640
003771 594
003779 208
003787 521
003795 11
003803 919
003811 142
003819 266
003827 752
003835 246
003844 415
003852 676
003860 643
003868 866
003876 825
003884 587
003892 934
003900 460
003908 28
003916 184
003924 6
003932 815
003940 616
003948 665
003956 876
003964 834
003972 697
003980 652
003988 803
003996 423
004004 203
004012 565
004020 571
004028 529
004036 52
004044 911
004052 873
004060 10
004068 120
004076 28
004084 925
004092 956
003846 544
003854 417
003862 407
003870 39
003878 553
003886 731
003894 495
003902 748
003910 874
003918 46
003926 312
003934 113
003942 165
003950 105
003958 461
003966 573
003974 836
003982 758
003990 117
003998 883
004006 926
004014 359
004022 925
004030 326
004038 645
004046 236
004054 211
004062 948
004070 968
004078 504
004086 175
004094 783
003845 591
003853 807
003861 588
003869 291
003877 406
003885 765
003893 369
003901 169
003909 392
003917 587
003925 994
003933 445
003941 508
003949 644
003957 61
003965 840
003973 881
003981 80
003989 72
003997 630
004005 244
004013 176
004021 30
004029 361
004037 529
004045 330
004053 996
004061 52
004069 113
004077 798
004085 300
004093 609
003072 500
003080 936
003088 244
003096 514
003104 945
003112 570
003120 533
003128 441
003136 784
003144 40
003152 875
003160 282
003168 153
003176 663
003184 286
003192 291
003200 587
003208 771
003216 977
003224 668
003232 435
003240 814
003248 253
003256 326
003264 841
003272 118
003280 185
003288 802
003296 322
003304 164
003312 838
003320 347
003847 771
003855 205
003863 657
003871 799
003879 278
003887 628
003895 793
003903 813
003911 705
003919 677
003927 11
003935 544
003943 415
003951 349
003959 948
003967 891
003975 284
003983 213
003991 66
003999 861
004007 380
004015 704
004023 589
004031 750
004039 172
004047 745
004055 420
004063 589
004071 429
004079 650
004087 620
004095 13
003842 331
003850 527
003858 623
003866 383
003874 299
003882 29
003890 849
003898 218
003906 224
003914 870
003922 367
003930 199
003938 497
003946 139
003954 158
003962 460
003970 932
003978 451
003986 702
003994 623
004002 851
004010 323
004018 137
004026 32
004034 639
004042 249
004050 412
004058 234
004066 653
004074 509
004082 445
004090 383
003841 855
003849 228
003857 297
003865 606
003873 695
003881 908
003889 83
003897 478
003905 853
003913 363
003921 77
003929 717
003937 922
003945 443
003953 984
003961 677
003969 40
003977 691
003985 555
003993 226
004001 479
004009 677
004017 547
004025 612
004033 511
004041 608
004049 320
004057 236
004065 229
004073 840
004081 494
004089 2
003843 245
003851 352
003859 623
003867 704
003875 69
003883 849
003891 552
003899 790
003907 810
003915 836
003923 23
003931 612
003939 313
003947 845
003955 536
003963 333
003971 159
003979 873
003987 508
003995 776
004003 537
004011 339
004019 809
004027 570
004035 903
004043 631
004051 635
004059 702
004067 396
004075 85
004083 353
004091 471
004100 654
004108 240
004116 36
004124 98
004132 598
004140 351
004148 955
004156 742
004164 239
004172 954
004180 511
004188 400
004196 820
004204 696
004212 560
004220 620
004228 242
004236 841
004244 519
004252 496
004260 830
004268 520
004276 558
004284 219
004292 789
004300 20
004308 957
004316 148
004324 10
004332 524
004340 734
004348 38
004102 793
004110 956
004118 467
004126 408
004134 949
004142 986
004150 965
004158 324
004166 662
004174 156
004182 463
004190 139
004198 718
004206 469
004214 197
004222 821
004230 990
004238 325
004246 459
004254 993
004262 341
004270 259
004278 126
004286 751
004294 312
004302 684
004310 505
004318 374
004326 191
004334 559
004342 737
004350 955
004101 338
004109 408
004117 767
004125 335
004133 361
004141 791
004149 985
004157 231
004165 403
004173 968
004181 54
004189 441
004197 872
004205 382
004213 304
004221 252
004229 857
004237 997
004245 238
004253 667
004261 204
004269 255
004277 507
004285 286
004293 320
004301 954
004309 769
004317 642
004325 798
004333 112
004341 999
004349 820
003328 142
003336 201
003344 912
003352 564
003360 132
003368 733
003376 765
003384 542
003392 943
003400 93
003408 884
003416 293
003424 599
003432 854
003440 878
003448 673
003456 710
003464 398
003472 727
003480 128
003488 134
003496 926
003504 696
003512 293
003520 433
003528 916
003536 128
003544 350
003552 312
003560 546
003568 471
003576 391
004103 860
004111 672
004119 674
004127 598
004135 82
004143 738
004151 255
004159 257
004167 286
004175 198
004183 164
004191 933
004199 299
004207 642
004215 384
004223 444
004231 126
004239 423
004247 560
004255 281
004263 263
004271 549
004279 474
004287 243
004295 824
004303 871
004311 656
004319 384
004327 801
004335 624
004343 831
004351 638
004098 238
004106 187
004114 683
004122 197
004130 241
004138 266
004146 824
004154 950
004162 226
004170 877
004178 90
004186 45
004194 951
004202 52
004210 924
004218 430
004226 655
004234 918
004242 577
004250 144
004258 488
004266 999
004274 684
004282 17
004290 972
004298 248
004306 346
004314 318
004322 8
004330 299
004338 204
004346 330
004097 854
004105 982
004113 290
004121 679
004129 384
004137 596
004145 399
004153 454
004161 468
004169 25
004177 907
004185 670
004193 748
004201 762
004209 746
004217 774
004225 230
004233 458
004241 577
004249 307
004257 874
004265 678
004273 426
004281 590
004289 360
004297 383
004305 217
004313 568
004321 351
004329 752
004337 767
004345 595
004099 125
004107 967
004115 878
004123 908
004131 10
004139 680
004147 990
004155 778
004163 589
004171 979
004179 255
004187 296
004195 898
004203 385
004211 220
004219 176
004227 417
004235 353
004243 947
004251 381
004259 66
004267 360
004275 883
004283 201
004291 574
004299 544
004307 922
004315 966
004323 765
004331 511
004339 111
004347 173
004356 593
004364 208
004372 898
004380 524
004388 390
004396 662
004404 33
004412 861
004420 125
004428 44
004436 191
004444 392
004452 64
004460 933
004468 695
004476 714
004484 17
004492 483
004500 51
004508 675
004516 584
004524 766
004532 946
004540 486
004548 801
004556 908
004564 968
004572 961
004580 227
004588 283
004596 94
004604 582
004358 933
004366 229
004374 12
004382 544
004390 171
004398 418
004406 924
004414 346
004422 950
004430 567
004438 176
004446 281
004454 441
004462 840
004470 346
004478 617
004486 193
004494 153
004502 650
004510 944
004518 582
004526 921
004534 46
004542 167
004550 501
004558 824
004566 64
004574 81
004582 889
004590 885
004598 238
004606 964
004357 517
004365 534
004373 201
004381 8
004389 544
004397 680
004405 33
004413 242
004421 950
004429 808
004437 648
004445 37
004453 75
004461 587
004469 221
004477 115
004485 513
004493 732
004501 19
004509 635
004517 639
004525 488
004533 450
004541 894
004549 28
004557 113
004565 911
004573 780
004581 8
004589 236
004597 711
004605 962
003584 594
003592 235
003600 375
003608 490
003616 191
003624 30
003632 188
003640 133
003648 865
003656 850
003664 487
003672 985
003680 240
003688 286
003696 694
003704 111
003712 983
003720 995
003728 901
003736 959
003744 743
003752 721
003760 632
003768 874
003776 294
003784 874
003792 602
003800 209
003808 786
003816 74
003824 612
003832 225
004359 453
004367 482
004375 931
004383 489
004391 251
004399 790
004407 373
004415 253
004423 193
004431 319
004439 921
004447 554
004455 187
004463 585
004471 907
004479 551
004487 260
004495 788
004503 12
004511 958
004519 549
004527 699
004535 573
004543 198
004551 114
004559 626
004567 992
004575 598
004583 314
004591 205
004599 547
004607 106
004354 302
004362 460
004370 135
004378 241
004386 519
004394 315
004402 108
004410 459
004418 682
004426 694
004434 172
004442 283
004450 843
004458 983
004466 78
004474 975
004482 192
004490 261
004498 114
004506 343
004514 524
004522 30
004530 658
004538 224
004546 316
004554 398
004562 965
004570 804
004578 846
004586 204
004594 379
004602 733
004353 357
004361 147
004369 229
004377 820
004385 808
004393 116
004401 493
004409 307
004417 522
004425 829
004433 413
004441 894
004449 510
004457 862
004465 345
004473 992
004481 623
004489 195
004497 761
004505 515
004513 162
004521 345
004529 928
004537 129
004545 886
004553 770
004561 697
004569 846
004577 881
004585 377
004593 850
004601 610
004355 630
004363 710
004371 392
004379 203
004387 395
004395 55
004403 256
004411 987
004419 300
004427 147
004435 871
004443 192
004451 513
004459 523
004467 286
004475 184
004483 504
004491 502
004499 955
004507 19
004515 35
004523 571
004531 771
004539 388
004547 425
004555 71
004563 535
004571 656
004579 947
004587 81
004595 965
004603 258
004612 450
004620 682
004628 277
004636 712
004644 544
004652 134
004660 470
004668 281
004676 864
004684 723
004692 139
004700 417
004708 893
004716 475
004724 701
004732 744
004740 515
004748 534
004756 942
004764 398
004772 229
004780 566
004788 350
004796 44
004804 746
004812 467
004820 493
004828 661
004836 729
004844 281
004852 361
004860 854
004614 499
004622 725
004630 158
004638 609
004646 858
004654 88
004662 720
004670 269
004678 13
004686 315
004694 470
004702 56
004710 181
004718 678
004726 498
004734 539
004742 483
004750 536
004758 530
004766 489
004774 125
004782 134
004790 91
004798 763
004806 507
004814 385
004822 7
004830 389
004838 111
004846 274
004854 499
004862 805
004613 541
004621 984
004629 735
004637 277
004645 835
004653 647
004661 122
004669 87
004677 169
004685 326
004693 770
004701 651
004709 811
004717 786
004725 475
004733 596
004741 956
004749 376
004757 519
004765 247
004773 372
004781 521
004789 972
004797 703
004805 534
004813 471
004821 14
004829 706
004837 434
004845 522
004853 22
004861 353
003840 29
003848 971
003856 446
003864 435
003872 749
003880 160
003888 627
003896 337
003904 812
003912 187
003920 868
003928 158
003936 459
003944 922
003952 893
003960 484
003968 324
003976 623
003984 844
003992 822
004000 812
004008 630
004016 98
004024 724
004032 326
004040 379
004048 781
004056 199
004064 803
004072 567
004080 123
004088 615
004615 888
004623 220
004631 208
004639 948
004647 361
004655 795
004663 744
004671 574
004679 81
004687 36
004695 265
004703 492
004711 634
004719 389
004727 226
004735 703
004743 736
004751 34
004759 889
004767 528
004775 945
004783 388
004791 28
004799 370
004807 307
004815 189
004823 639
004831 881
004839 356
004847 239
004855 238
004863 246
004610 748
004618 716
004626 328
004634 529
004642 570
004650 79
004658 663
004666 946
004674 223
004682 530
004690 366
004698 609
004706 449
004714 276
004722 449
004730 398
004738 679
004746 102
004754 690
004762 738
004770 2
004778 569
004786 757
004794 891
004802 563
004810 602
004818 844
004826 954
004834 164
004842 861
004850 710
004858 532
004609 331
004617 841
004625 150
004633 623
004641 209
004649 779
004657 349
004665 298
004673 352
004681 901
004689 446
004697 624
004705 410
004713 251
004721 826
004729 360
004737 576
004745 304
004753 723
004761 296
004769 26
004777 61
004785 886
004793 269
004801 805
004809 392
004817 577
004825 839
004833 739
004841 80
004849 42
004857 840
004611 14
004619 246
004627 380
004635 834
004643 163
004651 949
004659 973
004667 994
004675 625
004683 906
004691 497
004699 234
004707 769
004715 100
004723 717
004731 2
004739 210
004747 669
004755 374
004763 33
004771 772
004779 423
004787 511
004795 318
004803 441
004811 827
004819 518
004827 852
004835 183
004843 906
004851 196
004859 875
004868 32
004876 556
004884 475
004892 457
004900 2
004908 944
004916 875
004924 27
004932 157
004940 298
004948 185
004956 386
004964 565
004972 855
004980 653
004988 869
004996 668
005004 22
005012 683
005020 801
005028 251
005036 107
005044 987
005052 786
005060 179
005068 641
005076 942
005084 425
005092 967
005100 754
005108 966
005116 395
004870 993
004878 231
004886 696
004894 499
004902 519
004910 946
004918 971
004926 583
004934 463
004942 352
004950 674
004958 415
004966 890
004974 173
004982 359
004990 62
004998 223
005006 88
005014 793
005022 686
005030 749
005038 392
005046 456
005054 496
005062 285
005070 66
005078 707
005086 825
005094 900
005102 658
005110 164
005118 855
004869 468
004877 189
004885 550
004893 539
004901 310
004909 566
004917 927
004925 145
004933 543
004941 192
004949 49
004957 915
004965 908
004973 718
004981 998
004989 210
004997 335
005005 16
005013 10
005021 105
005029 132
005037 264
005045 43
005053 802
005061 662
005069 785
005077 27
005085 647
005093 424
005101 441
005109 825
005117 553
004096 645
004104 279
004112 646
004120 531
004128 70
004136 735
004144 677
004152 241
004160 657
004168 993
004176 51
004184 525
004192 996
004200 19
004208 172
004216 386
004224 754
004232 61
004240 292
004248 749
004256 437
004264 553
004272 932
004280 170
004288 752
004296 369
004304 197
004312 856
004320 109
004328 913
004336 828
004344 385
004871 684
004879 470
004887 345
004895 615
004903 570
004911 379
004919 232
004927 646
004935 672
004943 610
004951 489
004959 390
004967 966
004975 990
004983 850
004991 167
004999 183
005007 499
005015 688
005023 177
005031 393
005039 857
005047 325
005055 833
005063 490
005071 619
005079 631
005087 992
005095 152
005103 471
005111 914
005119 611
004866 365
004874 131
004882 684
004890 667
004898 598
004906 996
004914 42
004922 101
004930 322
004938 134
004946 182
004954 105
004962 79
004970 540
004978 92
004986 4
004994 592
005002 301
005010 922
005018 781
005026 830
005034 467
005042 998
005050 323
005058 704
005066 864
005074 716
005082 197
005090 410
005098 379
005106 956
005114 244
004865 305
004873 737
004881 266
004889 976
004897 862
004905 208
004913 501
004921 137
004929 246
004937 611
004945 903
004953 842
004961 315
004969 347
004977 460
004985 356
004993 351
005001 230
005009 713
005017 753
005025 87
005033 557
005041 844
005049 396
005057 756
005065 304
005073 966
005081 581
005089 706
005097 885
005105 651
005113 496
004867 792
004875 691
004883 912
004891 325
004899 742
004907 479
004915 261
004923 214
004931 372
004939 799
004947 285
004955 397
004963 168
004971 51
004979 70
004987 113
004995 558
005003 640
005011 796
005019 848
005027 432
005035 203
005043 749
005051 231
005059 208
005067 790
005075 123
005083 789
005091 52
005099 816
005107 727
005115 763
005124 514
005132 846
005140 674
005148 652
005156 957
005164 495
005172 597
005180 474
005188 307
005196 843
005204 470
005212 406
005220 704
005228 60
005236 144
005244 410
005252 396
005260 645
005268 879
005276 990
005284 877
005292 120
005300 105
005308 617
005316 577
005324 76
005332 0
005340 130
005348 860
005356 518
005364 124
005372 723
005126 637
005134 984
005142 781
005150 827
005158 175
005166 976
005174 895
005182 204
005190 457
005198 438
005206 879
005214 701
005222 966
005230 360
005238 315
005246 977
005254 847
005262 85
005270 559
005278 45
005286 730
005294 624
005302 492
005310 34
005318 77
005326 174
005334 43
005342 357
005350 605
005358 353
005366 208
005374 285
005125 939
005133 726
005141 602
005149 771
005157 446
005165 694
005173 800
005181 530
005189 222
005197 411
005205 303
005213 532
005221 716
005229 991
005237 458
005245 584
005253 119
005261 82
005269 643
005277 978
005285 321
005293 962
005301 922
005309 632
005317 198
005325 174
005333 859
005341 841
005349 240
005357 66
005365 502
005373 452
004352 656
004360 504
004368 45
004376 347
004384 259
004392 849
004400 485
004408 652
004416 934
004424 138
004432 73
004440 638
004448 464
004456 806
004464 741
004472 124
004480 933
004488 304
004496 991
004504 296
004512 623
004520 605
004528 519
004536 347
004544 697
004552 912
004560 474
004568 173
004576 90
004584 613
004592 857
004600 639
005127 856
005135 690
005143 551
005151 736
005159 635
005167 259
005175 124
005183 205
005191 764
005199 777
005207 996
005215 460
005223 803
005231 253
005239 482
005247 577
005255 130
005263 723
005271 686
005279 803
005287 215
005295 838
005303 279
005311 282
005319 315
005327 7
005335 703
005343 239
005351 844
005359 955
005367 917
005375 264
005122 685
005130 747
005138 808
005146 37
005154 655
005162 768
005170 465
005178 758
005186 575
005194 855
005202 937
005210 540
005218 482
005226 473
005234 215
005242 399
005250 365
005258 112
005266 225
005274 522
005282 415
005290 762
005298 281
005306 727
005314 676
005322 663
005330 827
005338 167
005346 507
005354 428
005362 15
005370 335
005121 595
005129 509
005137 844
005145 44
005153 336
005161 108
005169 406
005177 663
005185 987
005193 579
005201 229
005209 918
005217 407
005225 748
005233 873
005241 866
005249 790
005257 274
005265 926
005273 139
005281 51
005289 680
005297 845
005305 689
005313 236
005321 20
005329 410
005337 94
005345 487
005353 220
005361 442
005369 540
005123 196
005131 320
005139 602
005147 113
005155 309
005163 948
005171 166
005179 423
005187 923
005195 258
005203 471
005211 625
005219 925
005227 87
005235 418
005243 923
005251 95
005259 183
005267 450
005275 689
005283 87
005291 444
005299 325
005307 27
005315 837
005323 834
005331 720
005339 698
005347 422
005355 882
005363 715
005371 937
005380 483
005388 665
005396 976
005404 92
005412 231
005420 701
005428 883
005436 935
005444 486
005452 413
005460 146
005468 171
005476 380
005484 672
005492 280
005500 942
005508 530
005516 236
005524 786
005532 567
005540 198
005548 732
005556 208
005564 314
005572 27
005580 237
005588 891
005596 43
005604 71
005612 340
005620 10
005628 937
005382 689
005390 521
005398 36
005406 607
005414 612
005422 694
005430 439
005438 497
005446 688
005454 952
005462 158
005470 441
005478 102
005486 212
005494 475
005502 237
005510 525
005518 948
005526 774
005534 506
005542 111
005550 671
005558 834
005566 174
005574 532
005582 666
005590 14
005598 470
005606 851
005614 16
005622 726
005630 568
005381 767
005389 985
005397 491
005405 854
005413 587
005421 490
005429 502
005437 429
005445 620
005453 311
005461 839
005469 240
005477 6
005485 569
005493 267
005501 687
005509 630
005517 204
005525 871
005533 132
005541 348
005549 667
005557 343
005565 477
005573 979
005581 974
005589 134
005597 682
005605 792
005613 615
005621 327
005629 661
004608 306
004616 803
004624 11
004632 855
004640 303
004648 723
004656 994
004664 388
004672 230
004680 558
004688 596
004696 704
004704 157
004712 745
004720 322
004728 907
004736 584
004744 792
004752 930
004760 477
004768 486
004776 612
004784 47
004792 897
004800 915
004808 706
004816 805
004824 229
004832 124
004840 41
004848 474
004856 935
005383 430
005391 650
005399 752
005407 940
005415 748
005423 238
005431 44
005439 63
005447 350
005455 571
005463 952
005471 873
005479 878
005487 880
005495 870
005503 887
005511 325
005519 293
005527 271
005535 20
005543 132
005551 624
005559 911
005567 153
005575 795
005583 335
005591 587
005599 111
005607 393
005615 3
005623 570
005631 968
005378 441
005386 464
005394 49
005402 228
005410 591
005418 914
005426 95
005434 497
005442 123
005450 8
005458 149
005466 769
005474 265
005482 184
005490 866
005498 766
005506 590
005514 5
005522 635
005530 573
005538 726
005546 420
005554 146
005562 115
005570 565
005578 742
005586 879
005594 611
005602 751
005610 110
005618 212
005626 441
005377 231
005385 278
005393 247
005401 329
005409 505
005417 509
005425 268
005433 261
005441 714
005449 798
005457 520
005465 667
005473 603
005481 511
005489 288
005497 723
005505 524
005513 486
005521 488
005529 440
005537 956
005545 628
005553 742
005561 491
005569 365
005577 866
005585 567
005593 677
005601 676
005609 229
005617 725
005625 89
005379 374
005387 899
005395 270
005403 555
005411 134
005419 132
005427 56
005435 889
005443 90
005451 126
005459 787
005467 889
005475 720
005483 111
005491 389
005499 81
005507 164
005515 218
005523 93
005531 404
005539 606
005547 650
005555 938
005563 961
005571 84
005579 226
005587 30
005595 249
005603 536
005611 784
005619 360
005627 51
005636 245
005644 719
005652 949
005660 779
005668 983
005676 78
005684 569
005692 895
005700 668
005708 54
005716 475
005724 46
005732 12
005740 863
005748 772
005756 872
005764 847
005772 30
005780 21
005788 346
005796 476
005804 843
005812 953
005820 982
005828 134
005836 918
005844 287
005852 469
005860 861
005868 898
005876 614
005884 824
005638 555
005646 887
005654 132
005662 622
005670 205
005678 501
005686 352
005694 351
005702 933
005710 25
005718 200
005726 221
005734 775
005742 63
005750 954
005758 19
005766 599
005774 950
005782 843
005790 508
005798 338
005806 336
005814 831
005822 385
005830 609
005838 798
005846 148
005854 775
005862 74
005870 524
005878 105
005886 650
005637 678
005645 750
005653 726
005661 38
005669 41
005677 899
005685 451
005693 198
005701 70
005709 480
005717 805
005725 512
005733 941
005741 652
005749 573
005757 101
005765 327
005773 7
005781 312
005789 387
005797 848
005805 422
005813 617
005821 563
005829 530
005837 764
005845 266
005853 314
005861 989
005869 853
005877 567
005885 594
004864 490
004872 302
004880 811
004888 388
004896 134
004904 706
004912 272
004920 981
004928 680
004936 67
004944 635
004952 825
004960 276
004968 832
004976 213
004984 630
004992 810
005000 736
005008 422
005016 881
005024 560
005032 936
005040 798
005048 207
005056 230
005064 473
005072 960
005080 534
005088 555
005096 250
005104 665
005112 833
005639 638
005647 235
005655 566
005663 104
005671 629
005679 646
005687 131
005695 334
005703 518
005711 59
005719 401
005727 131
005735 279
005743 451
005751 476
005759 781
005767 572
005775 143
005783 842
005791 971
005799 278
005807 476
005815 258
005823 251
005831 655
005839 772
005847 149
005855 457
005863 162
005871 406
005879 750
005887 780
005634 850
005642 124
005650 832
005658 735
005666 985
005674 636
005682 420
005690 78
005698 172
005706 522
005714 497
005722 2
005730 451
005738 280
005746 981
005754 23
005762 717
005770 949
005778 879
005786 939
005794 449
005802 231
005810 525
005818 754
005826 920
005834 866
005842 351
005850 12
005858 848
005866 254
005874 911
005882 441
005633 349
005641 804
005649 561
005657 515
005665 707
005673 218
005681 485
005689 82
005697 37
005705 287
005713 240
005721 180
005729 975
005737 224
005745 279
005753 369
005761 612
005769 249
005777 124
005785 109
005793 694
005801 621
005809 871
005817 722
005825 465
005833 212
005841 341
005849 859
005857 444
005865 138
005873 912
005881 481
005635 930
005643 841
005651 454
005659 772
005667 678
005675 836
005683 81
005691 315
005699 957
005707 892
005715 601
005723 838
005731 888
005739 306
005747 811
005755 965
005763 8
005771 255
005779 336
005787 43
005795 135
005803 412
005811 787
005819 288
005827 292
005835 618
005843 593
005851 460
005859 922
005867 796
005875 124
005883 799
005892 455
005900 220
005908 559
005916 148
005924 491
005932 106
005940 976
005948 20
005956 166
005964 836
005972 352
005980 110
005988 506
005996 24
006004 224
006012 734
006020 806
006028 475
006036 146
006044 655
006052 879
006060 834
006068 476
006076 139
006084 526
006092 561
006100 335
006108 753
006116 445
006124 553
006132 693
006140 715
005894 761
005902 288
005910 321
005918 230
005926 818
005934 745
005942 870
005950 625
005958 240
005966 688
005974 282
005982 978
005990 811
005998 960
006006 369
006014 223
006022 432
006030 265
006038 969
006046 486
006054 293
006062 304
006070 286
006078 801
006086 690
006094 122
006102 183
006110 448
006118 606
006126 301
006134 464
006142 296
005893 150
005901 733
005909 491
005917 938
005925 93
005933 33
005941 743
005949 681
005957 193
005965 656
005973 468
005981 567
005989 189
005997 952
006005 258
006013 856
006021 59
006029 912
006037 376
006045 577
006053 505
006061 867
006069 645
006077 643
006085 852
006093 224
006101 475
006109 244
006117 81
006125 637
006133 748
006141 410
005120 419
005128 441
005136 963
005144 129
005152 721
005160 309
005168 338
005176 479
005184 256
005192 578
005200 823
005208 808
005216 892
005224 175
005232 284
005240 913
005248 131
005256 688
005264 993
005272 285
005280 524
005288 937
005296 897
005304 268
005312 952
005320 864
005328 373
005336 544
005344 193
005352 68
005360 630
005368 404
005895 98
005903 496
005911 92
005919 14
005927 466
005935 199
005943 654
005951 59
005959 133
005967 439
005975 155
005983 569
005991 457
005999 316
006007 543
006015 440
006023 657
006031 829
006039 11
006047 957
006055 514
006063 627
006071 999
006079 230
006087 771
006095 912
006103 393
006111 713
006119 997
006127 995
006135 883
006143 199
005890 761
005898 934
005906 920
005914 717
005922 424
005930 471
005938 59
005946 408
005954 901
005962 550
005970 303
005978 212
005986 449
005994 609
006002 842
006010 967
006018 117
006026 655
006034 196
006042 408
006050 366
006058 938
006066 966
006074 306
006082 641
006090 518
006098 902
006106 545
006114 490
006122 672
006130 80
006138 382
005889 132
005897 979
005905 62
005913 928
005921 845
005929 995
005937 346
005945 368
005953 108
005961 894
005969 709
005977 606
005985 277
005993 72
006001 528
006009 50
006017 926
006025 809
006033 63
006041 758
006049 389
006057 78
006065 126
006073 130
006081 604
006089 742
006097 921
006105 176
006113 573
006121 925
006129 779
006137 439
005891 888
005899 266
005907 600
005915 232
005923 802
005931 834
005939 66
005947 8
005955 454
005963 224
005971 359
005979 431
005987 208
005995 426
006003 155
006011 519
006019 877
006027 49
006035 596
006043 596
006051 627
006059 565
006067 280
006075 917
006083 420
006091 385
006099 924
006107 63
006115 926
006123 330
006131 934
006139 47
006148 579
006156 419
006164 550
006172 219
006180 760
006188 921
006196 488
006204 523
006212 654
006220 52
006228 475
006236 547
006244 987
006252 472
006260 977
006268 175
006276 643
006284 820
006292 452
006300 859
006308 877
006316 224
006324 596
006332 384
006340 332
006348 53
006356 136
006364 261
006372 503
006380 788
006388 603
006396 322
006150 241
006158 53
006166 980
006174 874
006182 947
006190 729
006198 520
006206 962
006214 493
006222 259
006230 325
006238 275
006246 730
006254 5
006262 853
006270 900
006278 267
006286 924
006294 34
006302 302
006310 461
006318 508
006326 252
006334 880
006342 861
006350 658
006358 42
006366 534
006374 913
006382 914
006390 579
006398 381
006149 728
006157 584
006165 779
006173 823
006181 42
006189 92
006197 571
006205 464
006213 375
006221 61
006229 931
006237 457
006245 843
006253 655
006261 199
006269 74
006277 2
006285 990
006293 984
006301 921
006309 134
006317 48
006325 72
006333 4
006341 449
006349 988
006357 997
006365 853
006373 769
006381 956
006389 567
006397 63
005376 524
005384 850
005392 103
005400 132
005408 709
005416 615
005424 489
005432 283
005440 973
005448 172
005456 332
005464 890
005472 571
005480 826
005488 734
005496 930
005504 82
005512 328
005520 870
005528 205
005536 100
005544 193
005552 659
005560 952
005568 800
005576 359
005584 782
005592 822
005600 301
005608 538
005616 931
005624 120
006151 4
006159 954
006167 717
006175 486
006183 534
006191 116
006199 951
006207 283
006215 692
006223 626
006231 499
006239 863
006247 75
006255 946
006263 65
006271 225
006279 560
006287 471
006295 813
006303 233
006311 487
006319 362
006327 47
006335 248
006343 907
006351 524
006359 378
006367 200
006375 261
006383 377
006391 244
006399 21
006146 560
006154 908
006162 782
006170 469
006178 450
006186 633
006194 146
006202 299
006210 11
006218 262
006226 457
006234 465
006242 504
006250 448
006258 770
006266 314
006274 598
006282 862
006290 612
006298 834
006306 401
006314 997
006322 939
006330 577
006338 387
006346 608
006354 227
006362 203
006370 424
006378 535
006386 447
006394 61
006145 283
006153 826
006161 470
006169 250
006177 877
006185 123
006193 873
006201 340
006209 402
006217 331
006225 90
006233 166
006241 535
006249 946
006257 945
006265 916
006273 537
006281 881
006289 720
006297 514
006305 136
006313 810
006321 88
006329 82
006337 339
006345 665
006353 879
006361 996
006369 634
006377 899
006385 694
006393 480
006147 335
006155 259
006163 663
006171 784
006179 583
006187 971
006195 561
006203 426
006211 199
006219 359
006227 218
006235 241
006243 414
006251 362
006259 543
006267 470
006275 451
006283 260
006291 639
006299 68
006307 148
006315 779
006323 336
006331 924
006339 668
006347 123
006355 472
006363 269
006371 866
006379 492
006387 865
006395 812
006404 539
006412 488
006420 752
006428 630
006436 644
006444 688
006452 281
006460 487
006468 65
006476 959
006484 373
006492 778
006500 147
006508 434
006516 686
006524 690
006532 99
006540 875
006548 115
006556 673
006564 172
006572 850
006580 471
006588 992
006596 376
006604 617
006612 466
006620 683
006628 18
006636 300
006644 693
006652 563
006406 198
006414 396
006422 615
006430 918
006438 772
006446 993
006454 389
006462 750
006470 16
006478 238
006486 11
006494 848
006502 762
006510 468
006518 378
006526 553
006534 703
006542 699
006550 312
006558 950
006566 22
006574 332
006582 969
006590 929
006598 710
006606 509
006614 374
006622 581
006630 569
006638 751
006646 353
006654 122
006405 62
006413 799
006421 440
006429 163
006437 877
006445 690
006453 758
006461 83
006469 912
006477 558
006485 640
006493 3
006501 567
006509 48
006517 910
006525 624
006533 57
006541 403
006549 196
006557 192
006565 672
006573 572
006581 356
006589 218
006597 664
006605 363
006613 602
006621 584
006629 12
006637 244
006645 357
006653 328
005632 675
005640 822
005648 931
005656 691
005664 809
005672 702
005680 801
005688 257
005696 543
005704 271
005712 658
005720 283
005728 12
005736 675
005744 524
005752 248
005760 363
005768 794
005776 611
005784 727
005792 526
005800 165
005808 538
005816 104
005824 52
005832 894
005840 361
005848 384
005856 456
005864 764
005872 843
005880 717
006407 399
006415 921
006423 288
006431 810
006439 412
006447 890
006455 343
006463 851
006471 223
006479 845
006487 793
006495 130
006503 639
006511 462
006519 434
006527 88
006535 790
006543 691
006551 50
006559 409
006567 219
006575 65
006583 894
006591 648
006599 353
006607 320
006615 669
006623 712
006631 205
006639 227
006647 650
006655 13
006401 402
006409 993
006417 736
006425 397
006433 988
006441 180
006449 648
006457 997
006465 896
006473 375
006481 415
006489 966
006497 921
006505 130
006513 923
006521 323
006529 378
006537 770
006545 541
006553 888
006561 693
006569 939
006577 719
006585 774
006593 179
006601 761
006609 850
006617 876
006625 568
006633 115
006641 372
006649 285
006402 102
006410 562
006418 7
006426 304
006434 405
006442 680
006450 115
006458 577
006466 800
006474 386
006482 946
006490 627
006498 813
006506 373
006514 382
006522 416
006530 359
006538 319
006546 566
006554 601
006562 921
006570 375
006578 975
006586 385
006594 16
006602 578
006610 202
006618 984
006626 916
006634 100
006642 924
006650 22
006660 435
006668 958
006676 352
006684 483
006692 102
006700 336
006708 703
006716 844
006724 953
006732 407
006740 284
006748 13
006756 239
006764 458
006772 630
006780 259
006788 137
006796 918
006804 468
006812 786
006820 868
006828 668
006836 391
006844 242
006852 613
006860 964
006868 183
006876 200
006884 273
006892 385
006900 956
006908 636
006403 970
006411 502
006419 295
006427 538
006435 119
006443 213
006451 430
006459 674
006467 492
006475 816
006483 888
006491 286
006499 885
006507 876
006515 502
006523 334
006531 570
006539 271
006547 577
006555 716
006563 994
006571 276
006579 832
006587 514
006595 309
006603 829
006611 118
006619 238
006627 132
006635 137
006643 899
006651 554
006662 606
006670 206
006678 593
006686 517
006694 594
006702 177
006710 872
006718 416
006726 910
006734 406
006742 622
006750 87
006758 931
006766 802
006774 677
006782 91
006790 198
006798 734
006806 249
006814 452
006822 562
006830 418
006838 796
006846 508
006854 86
006862 562
006870 610
006878 59
006886 176
006894 45
006902 862
006910 121
006661 318
006669 734
006677 682
006685 695
006693 5
006701 240
006709 679
006717 504
006725 60
006733 872
006741 537
006749 405
006757 961
006765 127
006773 747
006781 14
006789 310
006797 554
006805 477
006813 933
006821 224
006829 103
006837 655
006845 929
006853 89
006861 879
006869 370
006877 444
006885 993
006893 634
006901 514
006909 790
005888 139
005896 586
005904 997
005912 213
005920 983
005928 20
005936 33
005944 33
005952 630
005960 369
005968 501
005976 241
005984 309
005992 709
006000 961
006008 934
006016 961
006024 273
006032 752
006040 194
006048 170
006056 570
006064 539
006072 230
006080 232
006088 143
006096 852
006104 639
006112 815
006120 219
006128 465
006136 668
006663 352
006671 629
006679 824
006687 88
006695 479
006703 342
006711 683
006719 927
006727 492
006735 26
006743 97
006751 653
006759 66
006767 951
006775 364
006783 545
006791 861
006799 437
006807 117
006815 417
006823 975
006831 707
006839 448
006847 502
006855 922
006863 549
006871 883
006879 629
006887 77
006895 183
006903 442
006911 98
006916 761
006924 62
006932 910
006940 949
006948 936
006956 554
006964 691
006972 932
006980 663
006988 337
006996 749
007004 537
007012 283
007020 924
007028 588
007036 19
007044 336
007052 775
007060 406
007068 600
007076 929
007084 255
007092 891
007100 231
007108 807
007116 259
007124 885
007132 793
007140 134
007148 924
007156 716
007164 465
006657 829
006665 803
006673 936
006681 740
006689 782
006697 563
006705 148
006713 398
006721 311
006729 988
006737 730
006745 924
006753 728
006761 701
006769 781
006777 107
006785 701
006793 971
006801 516
006809 274
006817 946
006825 637
006833 76
006841 384
006849 169
006857 449
006865 379
006873 443
006881 739
006889 604
006897 512
006905 720
006659 16
006667 225
006675 285
006683 425
006691 161
006699 919
006707 654
006715 281
006723 60
006731 598
006739 560
006747 369
006755 816
006763 193
006771 517
006779 278
006787 881
006795 204
006803 167
006811 413
006819 920
006827 37
006835 188
006843 628
006851 631
006859 830
006867 179
006875 613
006883 908
006891 256
006899 336
006907 685
006658 165
006666 223
006674 428
006682 864
006690 166
006698 385
006706 474
006714 464
006722 40
006730 595
006738 722
006746 742
006754 983
006762 913
006770 857
006778 60
006786 600
006794 494
006802 725
006810 589
006818 406
006826 330
006834 308
006842 458
006850 167
006858 504
006866 51
006874 145
006882 390
006890 968
006898 7
006906 422
006918 292
006926 307
006934 442
006942 207
006950 69
006958 542
006966 556
006974 9
006982 130
006990 760
006998 221
007006 81
007014 633
007022 802
007030 747
007038 692
007046 214
007054 566
007062 840
007070 440
007078 803
007086 412
007094 466
007102 726
007110 682
007118 217
007126 867
007134 251
007142 239
007150 784
007158 734
007166 939
006917 460
006925 355
006933 476
006941 768
006949 556
006957 265
006965 488
006973 389
006981 854
006989 514
006997 390
007005 893
007013 706
007021 486
007029 845
007037 121
007045 497
007053 80
007061 991
007069 799
007077 323
007085 757
007093 828
007101 765
007109 878
007117 147
007125 466
007133 293
007141 500
007149 275
007157 866
007165 19
006144 355
006152 514
006160 507
006168 980
006176 921
006184 139
006192 320
006200 7
006208 63
006216 42
006224 870
006232 873
006240 311
006248 517
006256 413
006264 221
006272 632
006280 894
006288 829
006296 453
006304 562
006312 156
006320 96
006328 504
006336 993
006344 611
006352 108
006360 266
006368 622
006376 410
006384 79
006392 997
006919 981
006927 121
006935 493
006943 29
006951 700
006959 428
006967 474
006975 154
006983 893
006991 684
006999 223
007007 514
007015 753
007023 118
007031 683
007039 796
007047 585
007055 521
007063 198
007071 318
007079 641
007087 812
007095 159
007103 527
007111 179
007119 326
007127 276
007135 940
007143 400
007151 484
007159 981
007167 71
007172 371
007180 965
007188 279
007196 504
007204 485
007212 494
007220 774
007228 753
007236 979
007244 910
007252 496
007260 263
007268 165
007276 329
007284 551
007292 380
007300 855
007308 556
007316 325
007324 240
007332 106
007340 104
007348 156
007356 69
007364 839
007372 884
007380 207
007388 486
007396 410
007404 41
007412 379
007420 547
006913 602
006921 271
006929 223
006937 986
006945 313
006953 324
006961 227
006969 452
006977 858
006985 318
006993 699
007001 437
007009 293
007017 121
007025 127
007033 703
007041 217
007049 54
007057 321
007065 152
007073 221
007081 370
007089 87
007097 197
007105 666
007113 889
007121 440
007129 80
007137 150
007145 155
007153 4
007161 32
006915 768
006923 816
006931 151
006939 12
006947 994
006955 840
006963 328
006971 301
006979 677
006987 925
006995 960
007003 778
007011 559
007019 862
007027 318
007035 378
007043 518
007051 655
007059 131
007067 626
007075 797
007083 216
007091 292
007099 940
007107 137
007115 230
007123 183
007131 626
007139 348
007147 298
007155 381
007163 461
007174 470
007182 101
007190 375
007198 795
007206 390
007214 509
007222 610
007230 617
007238 126
007246 799
007254 211
007262 447
007270 665
007278 589
007286 33
007294 678
007302 670
007310 318
007318 629
007326 496
007334 563
007342 815
007350 643
007358 108
007366 558
007374 987
007382 214
007390 873
007398 716
007406 886
007414 954
007422 186
006914 259
006922 808
006930 424
006938 975
006946 637
006954 280
006962 999
006970 520
006978 196
006986 935
006994 456
007002 50
007010 69
007018 262
007026 354
007034 28
007042 157
007050 198
007058 379
007066 551
007074 655
007082 263
007090 308
007098 188
007106 891
007114 300
007122 764
007130 822
007138 376
007146 682
007154 355
007162 636
007173 823
007181 762
007189 434
007197 870
007205 34
007213 670
007221 515
007229 527
007237 111
007245 104
007253 351
007261 282
007269 711
007277 590
007285 665
007293 954
007301 188
007309 361
007317 136
007325 69
007333 128
007341 351
007349 977
007357 451
007365 179
007373 632
007381 302
007389 172
007397 383
007405 455
007413 440
007421 685
006400 695
006408 490
006416 384
006424 579
006432 29
006440 855
006448 116
006456 671
006464 3
006472 49
006480 12
006488 233
006496 194
006504 93
006512 959
006520 588
006528 547
006536 157
006544 142
006552 231
006560 747
006568 49
006576 664
006584 611
006592 26
006600 915
006608 307
006616 501
006624 357
006632 129
006640 943
006648 704
007175 506
007183 893
007191 507
007199 56
007207 413
007215 0
007223 50
007231 527
007239 248
007247 190
007255 37
007263 729
007271 353
007279 756
007287 97
007295 837
007303 417
007311 735
007319 504
007327 209
007335 26
007343 458
007351 662
007359 281
007367 232
007375 269
007383 152
007391 713
007399 914
007407 86
007415 189
007423 676
007428 423
007436 761
007444 112
007452 135
007460 542
007468 549
007476 755
007484 320
007492 107
007500 647
007508 863
007516 295
007524 933
007532 639
007540 207
007548 98
007556 808
007564 772
007572 512
007580 890
007588 303
007596 419
007604 92
007612 528
007620 749
007628 765
007636 322
007644 929
007652 756
007660 639
007668 961
007676 499
007169 550
007177 520
007185 204
007193 848
007201 110
007209 239
007217 916
007225 995
007233 332
007241 189
007249 87
007257 630
007265 209
007273 881
007281 364
007289 531
007297 906
007305 398
007313 998
007321 482
007329 398
007337 645
007345 357
007353 454
007361 717
007369 49
007377 30
007385 790
007393 473
007401 62
007409 67
007417 583
007171 200
007179 966
007187 331
007195 804
007203 415
007211 55
007219 908
007227 88
007235 218
007243 522
007251 834
007259 878
007267 439
007275 979
007283 652
007291 421
007299 471
007307 517
007315 947
007323 696
007331 252
007339 582
007347 840
007355 129
007363 531
007371 408
007379 642
007387 130
007395 332
007403 155
007411 55
007419 74
007430 609
007438 278
007446 772
007454 614
007462 808
007470 26
007478 279
007486 258
007494 447
007502 987
007510 935
007518 492
007526 497
007534 382
007542 890
007550 280
007558 993
007566 113
007574 812
007582 210
007590 53
007598 871
007606 814
007614 422
007622 830
007630 590
007638 299
007646 926
007654 208
007662 140
007670 910
007678 501
007429 306
007437 681
007445 480
007453 375
007461 503
007469 344
007477 129
007485 949
007493 944
007501 455
007509 600
007517 991
007525 231
007533 554
007541 324
007549 849
007557 569
007565 696
007573 74
007581 756
007589 745
007597 709
007605 971
007613 810
007621 865
007629 601
007637 563
007645 780
007653 152
007661 995
007669 442
007677 133
007170 577
007178 489
007186 379
007194 551
007202 635
007210 183
007218 248
007226 883
007234 953
007242 690
007250 999
007258 866
007266 514
007274 841
007282 733
007290 758
007298 533
007306 926
007314 60
007322 287
007330 794
007338 344
007346 542
007354 344
007362 646
007370 381
007378 377
007386 806
007394 211
007402 101
007410 801
007418 957
006656 135
006664 343
006672 858
006680 67
006688 787
006696 311
006704 659
006712 440
006720 494
006728 912
006736 383
006744 690
006752 195
006760 204
006768 404
006776 607
006784 857
006792 953
006800 889
006808 967
006816 584
006824 266
006832 24
006840 75
006848 364
006856 966
006864 524
006872 18
006880 171
006888 878
006896 733
006904 699
007431 676
007439 747
007447 283
007455 891
007463 357
007471 716
007479 982
007487 691
007495 993
007503 119
007511 216
007519 74
007527 885
007535 838
007543 112
007551 549
007559 388
007567 113
007575 842
007583 585
007591 200
007599 64
007607 642
007615 746
007623 135
007631 157
007639 817
007647 601
007655 522
007663 680
007671 580
007679 837
007684 246
007692 124
007700 355
007708 645
007716 840
007724 665
007732 975
007740 699
007748 991
007756 828
007764 656
007772 475
007780 150
007788 947
007796 252
007804 884
007812 574
007820 155
007828 522
007836 629
007844 598
007852 577
007860 94
007868 644
007876 996
007884 742
007892 925
007900 98
007908 689
007916 871
007924 936
007932 361
007686 649
007694 710
007702 938
007710 201
007718 910
007726 393
007734 404
007742 499
007750 358
007758 959
007766 310
007774 341
007782 601
007790 992
007798 675
007806 953
007814 817
007822 431
007830 670
007838 538
007846 10
007854 226
007862 669
007870 305
007878 72
007886 857
007894 605
007902 591
007910 47
007918 64
007926 278
007934 534
007685 374
007693 96
007701 204
007709 914
007717 840
007725 647
007733 872
007741 521
007749 980
007757 900
007765 603
007773 588
007781 430
007789 664
007797 156
007805 774
007813 739
007821 570
007829 110
007837 613
007845 505
007853 777
007861 185
007869 480
007877 13
007885 729
007893 598
007901 766
007909 392
007917 523
007925 198
007933 159
007427 412
007435 647
007443 383
007451 183
007459 64
007467 763
007475 807
007483 307
007491 103
007499 244
007507 76
007515 807
007523 901
007531 545
007539 859
007547 84
007555 689
007563 671
007571 699
007579 365
007587 119
007595 301
007603 183
007611 458
007619 276
007627 761
007635 153
007643 122
007651 144
007659 636
007667 820
007675 468
007425 73
007433 543
007441 773
007449 761
007457 468
007465 596
007473 261
007481 56
007489 791
007497 845
007505 387
007513 393
007521 746
007529 624
007537 651
007545 23
007553 645
007561 138
007569 962
007577 746
007585 378
007593 972
007601 806
007609 298
007617 416
007625 278
007633 745
007641 40
007649 869
007657 611
007665 51
007673 447
007426 281
007434 457
007442 844
007450 559
007458 306
007466 21
007474 760
007482 47
007490 377
007498 313
007506 533
007514 245
007522 208
007530 363
007538 950
007546 185
007554 883
007562 377
007570 335
007578 616
007586 658
007594 718
007602 610
007610 518
007618 297
007626 778
007634 474
007642 397
007650 21
007658 517
007666 134
007674 309
006912 366
006920 697
006928 699
006936 71
006944 179
006952 777
006960 630
006968 656
006976 466
006984 849
006992 255
007000 661
007008 593
007016 837
007024 984
007032 376
007040 890
007048 160
007056 763
007064 142
007072 480
007080 145
007088 982
007096 868
007104 911
007112 630
007120 174
007128 534
007136 398
007144 550
007152 315
007160 60
007687 313
007695 746
007703 412
007711 292
007719 414
007727 249
007735 399
007743 114
007751 274
007759 984
007767 973
007775 492
007783 737
007791 668
007799 648
007807 426
007815 626
007823 298
007831 812
007839 386
007847 426
007855 143
007863 435
007871 949
007879 346
007887 556
007895 722
007903 418
007911 544
007919 143
007927 367
007935 980
007940 772
007948 40
007956 677
007964 723
007972 850
007980 227
007988 827
007996 202
008004 128
008012 139
008020 485
008028 158
008036 882
008044 815
008052 4
008060 22
008068 708
008076 276
008084 366
008092 211
008100 767
008108 742
008116 785
008124 163
008132 350
008140 61
008148 19
008156 959
008164 961
008172 998
008180 656
008188 930
007941 587
007949 443
007957 708
007965 981
007973 506
007981 829
007989 840
007997 12
008005 372
008013 311
008021 778
008029 608
008037 22
008045 843
008053 603
008061 847
008069 950
008077 131
008085 563
008093 169
008101 153
008109 261
008117 336
008125 412
008133 256
008141 518
008149 684
008157 540
008165 500
008173 430
008181 854
008189 481
007942 425
007950 168
007958 705
007966 880
007974 670
007982 199
007990 776
007998 924
008006 19
008014 608
008022 48
008030 231
008038 809
008046 267
008054 308
008062 3
008070 927
008078 786
008086 438
008094 508
008102 845
008110 824
008118 130
008126 337
008134 588
008142 723
008150 176
008158 461
008166 297
008174 419
008182 253
008190 53
007681 383
007689 842
007697 335
007705 360
007713 623
007721 425
007729 56
007737 191
007745 240
007753 195
007761 753
007769 463
007777 796
007785 108
007793 765
007801 31
007809 820
007817 694
007825 711
007833 952
007841 493
007849 78
007857 586
007865 903
007873 345
007881 303
007889 599
007897 657
007905 871
007913 604
007921 963
007929 479
007683 838
007691 86
007699 661
007707 508
007715 224
007723 330
007731 697
007739 769
007747 368
007755 753
007763 425
007771 972
007779 160
007787 252
007795 777
007803 573
007811 237
007819 541
007827 810
007835 43
007843 23
007851 843
007859 376
007867 719
007875 722
007883 263
007891 581
007899 882
007907 924
007915 431
007923 723
007931 219
007682 496
007690 416
007698 934
007706 263
007714 817
007722 32
007730 350
007738 47
007746 323
007754 155
007762 38
007770 278
007778 720
007786 345
007794 515
007802 590
007810 154
007818 587
007826 439
007834 677
007842 467
007850 600
007858 353
007866 426
007874 287
007882 774
007890 997
007898 198
007906 517
007914 84
007922 594
007930 403
007168 160
007176 222
007184 798
007192 405
007200 401
007208 367
007216 537
007224 696
007232 959
007240 962
007248 726
007256 790
007264 400
007272 983
007280 640
007288 809
007296 888
007304 868
007312 469
007320 986
007328 430
007336 151
007344 408
007352 120
007360 645
007368 186
007376 920
007384 968
007392 884
007400 116
007408 314
007416 880
007943 332
007951 712
007959 2
007967 550
007975 836
007983 571
007991 737
007999 645
008007 400
008015 263
008023 870
008031 448
008039 319
008047 850
008055 792
008063 402
008071 786
008079 774
008087 101
008095 835
008103 493
008111 943
008119 686
008127 970
008135 356
008143 615
008151 968
008159 924
008167 479
008175 245
008183 241
008191 494
008196 157
008204 776
008212 714
008220 113
008228 515
008236 820
008244 870
008252 439
008260 251
008268 476
008276 37
008284 487
008292 355
008300 577
008308 312
008316 762
008324 561
008332 680
008340 606
008348 632
008356 881
008364 587
008372 182
008380 402
008388 291
008396 684
008404 600
008412 262
008420 824
008428 163
008436 743
008444 894
008197 738
008205 851
008213 690
008221 484
008229 899
008237 134
008245 600
008253 272
008261 63
008269 361
008277 613
008285 490
008293 110
008301 575
008309 202
008317 490
008325 413
008333 705
008341 733
008349 565
008357 323
008365 913
008373 926
008381 275
008389 722
008397 65
008405 815
008413 140
008421 981
008429 236
008437 960
008445 563
008198 470
008206 368
008214 340
008222 213
008230 859
008238 733
008246 458
008254 881
008262 825
008270 987
008278 374
008286 80
008294 92
008302 207
008310 318
008318 773
008326 662
008334 281
008342 614
008350 504
008358 512
008366 251
008374 3
008382 978
008390 827
008398 486
008406 277
008414 45
008422 547
008430 686
008438 544
008446 128
007937 481
007945 158
007953 983
007961 681
007969 23
007977 560
007985 138
007993 921
008001 847
008009 701
008017 887
008025 384
008033 263
008041 337
008049 249
008057 603
008065 398
008073 10
008081 944
008089 197
008097 656
008105 799
008113 213
008121 372
008129 676
008137 723
008145 306
008153 797
008161 488
008169 367
008177 290
008185 482
007939 665
007947 306
007955 353
007963 419
007971 745
007979 761
007987 140
007995 710
008003 460
008011 221
008019 577
008027 243
008035 441
008043 375
008051 183
008059 652
008067 235
008075 477
008083 649
008091 391
008099 687
008107 871
008115 524
008123 52
008131 461
008139 496
008147 745
008155 918
008163 363
008171 374
008179 834
008187 530
007938 601
007946 790
007954 347
007962 732
007970 366
007978 697
007986 906
007994 522
008002 118
008010 920
008018 755
008026 913
008034 201
008042 223
008050 602
008058 530
008066 767
008074 859
008082 68
008090 596
008098 718
008106 97
008114 587
008122 631
008130 628
008138 263
008146 85
008154 123
008162 316
008170 748
008178 534
008186 552
007424 618
007432 124
007440 638
007448 260
007456 175
007464 886
007472 791
007480 322
007488 176
007496 194
007504 852
007512 292
007520 46
007528 835
007536 769
007544 403
007552 927
007560 208
007568 938
007576 715
007584 686
007592 989
007600 692
007608 41
007616 32
007624 537
007632 165
007640 608
007648 761
007656 692
007664 312
007672 527
008452 324
008460 128
008468 812
008476 683
008484 636
008492 131
008500 368
008508 434
008516 237
008524 910
008532 799
008540 895
008548 66
008556 275
008564 666
008572 124
008580 454
008588 97
008596 908
008604 257
008612 511
008620 819
008628 487
008636 611
008644 36
008652 180
008660 311
008668 109
008676 384
008684 233
008692 163
008700 669
008199 325
008207 97
008215 549
008223 279
008231 991
008239 494
008247 130
008255 667
008263 323
008271 372
008279 960
008287 84
008295 654
008303 510
008311 786
008319 823
008327 109
008335 611
008343 170
008351 642
008359 12
008367 91
008375 408
008383 283
008391 578
008399 760
008407 239
008415 956
008423 713
008431 406
008439 367
008447 3
008453 420
008461 210
008469 321
008477 242
008485 657
008493 424
008501 445
008509 919
008517 985
008525 839
008533 442
008541 694
008549 250
008557 520
008565 619
008573 883
008581 774
008589 90
008597 755
008605 286
008613 954
008621 897
008629 60
008637 141
008645 849
008653 961
008661 606
008669 912
008677 720
008685 897
008693 797
008701 462
008454 801
008462 390
008470 657
008478 789
008486 786
008494 960
008502 772
008510 178
008518 491
008526 475
008534 8
008542 174
008550 189
008558 268
008566 513
008574 327
008582 808
008590 342
008598 964
008606 350
008614 478
008622 763
008630 473
008638 381
008646 219
008654 495
008662 621
008670 685
008678 367
008686 587
008694 211
008702 983
008193 859
008201 532
008209 767
008217 265
008225 387
008233 796
008241 34
008249 420
008257 325
008265 284
008273 195
008281 921
008289 744
008297 130
008305 358
008313 270
008321 21
008329 276
008337 513
008345 992
008353 64
008361 814
008369 718
008377 273
008385 723
008393 981
008401 197
008409 958
008417 174
008425 813
008433 318
008441 610
008195 393
008203 331
008211 706
008219 828
008227 691
008235 669
008243 388
008251 836
008259 603
008267 311
008275 123
008283 769
008291 590
008299 174
008307 986
008315 437
008323 557
008331 466
008339 577
008347 996
008355 578
008363 919
008371 573
008379 385
008387 80
008395 296
008403 668
008411 352
008419 975
008427 361
008435 559
008443 147
008194 832
008202 973
008210 910
008218 346
008226 491
008234 584
008242 772
008250 231
008258 368
008266 302
008274 382
008282 330
008290 403
008298 681
008306 983
008314 441
008322 794
008330 873
008338 0
008346 172
008354 730
008362 221
008370 951
008378 810
008386 5
008394 621
008402 197
008410 452
008418 620
008426 749
008434 516
008442 704
007680 614
007688 118
007696 892
007704 552
007712 159
007720 154
007728 558
007736 392
007744 792
007752 865
007760 66
007768 22
007776 742
007784 235
007792 420
007800 219
007808 189
007816 114
007824 159
007832 726
007840 510
007848 559
007856 634
007864 48
007872 992
007880 610
007888 727
007896 730
007904 692
007912 245
007920 745
007928 573
008708 724
008716 595
008724 325
008732 88
008740 46
008748 363
008756 531
008764 898
008772 127
008780 853
008788 192
008796 496
008804 341
008812 490
008820 425
008828 302
008836 873
008844 166
008852 270
008860 231
008868 412
008876 976
008884 871
008892 256
008900 562
008908 651
008916 320
008924 458
008932 52
008940 530
008948 415
008956 434
008455 206
008463 658
008471 870
008479 842
008487 325
008495 421
008503 780
008511 81
008519 258
008527 70
008535 246
008543 601
008551 142
008559 689
008567 833
008575 826
008583 61
008591 722
008599 403
008607 868
008615 519
008623 206
008631 422
008639 104
008647 935
008655 33
008663 595
008671 110
008679 547
008687 379
008695 587
008703 401
008709 178
008717 850
008725 400
008733 504
008741 302
008749 708
008757 710
008765 612
008773 354
008781 886
008789 709
008797 135
008805 300
008813 39
008821 561
008829 617
008837 422
008845 186
008853 768
008861 743
008869 712
008877 126
008885 412
008893 564
008901 530
008909 855
008917 11
008925 536
008933 256
008941 143
008949 896
008957 258
008710 357
008718 404
008726 508
008734 449
008742 137
008750 667
008758 85
008766 530
008774 338
008782 744
008790 814
008798 209
008806 847
008814 736
008822 551
008830 458
008838 17
008846 171
008854 32
008862 125
008870 830
008878 110
008886 353
008894 730
008902 500
008910 793
008918 299
008926 462
008934 873
008942 516
008950 234
008958 52
008449 31
008457 803
008465 489
008473 871
008481 511
008489 240
008497 318
008505 491
008513 994
008521 196
008529 543
008537 116
008545 434
008553 333
008561 542
008569 234
008577 193
008585 605
008593 68
008601 483
008609 905
008617 687
008625 186
008633 64
008641 4
008649 814
008657 795
008665 426
008673 950
008681 315
008689 532
008697 281
008451 403
008459 504
008467 244
008475 266
008483 829
008491 253
008499 62
008507 51
008515 184
008523 706
008531 125
008539 723
008547 852
008555 634
008563 266
008571 345
008579 301
008587 63
008595 192
008603 53
008611 969
008619 162
008627 410
008635 654
008643 889
008651 997
008659 948
008667 578
008675 422
008683 590
008691 529
008699 33
008450 744
008458 252
008466 733
008474 723
008482 347
008490 483
008498 719
008506 382
008514 391
008522 321
008530 373
008538 621
008546 563
008554 634
008562 974
008570 902
008578 469
008586 949
008594 10
008602 941
008610 475
008618 481
008626 130
008634 811
008642 153
008650 254
008658 85
008666 14
008674 263
008682 493
008690 869
008698 873
007936 883
007944 766
007952 677
007960 290
007968 328
007976 276
007984 583
007992 823
008000 303
008008 811
008016 858
008024 936
008032 485
008040 611
008048 79
008056 344
008064 781
008072 553
008080 301
008088 462
008096 398
008104 698
008112 757
008120 724
008128 172
008136 273
008144 788
008152 667
008160 508
008168 59
008176 338
008184 990
008964 804
008972 389
008980 666
008988 995
008996 501
009004 814
009012 393
009020 218
009028 540
009036 298
009044 164
009052 283
009060 517
009068 584
009076 453
009084 597
009092 601
009100 708
009108 119
009116 331
009124 917
009132 879
009140 434
009148 747
009156 822
009164 126
009172 464
009180 603
009188 800
009196 23
009204 986
009212 478
008711 736
008719 353
008727 425
008735 145
008743 16
008751 785
008759 209
008767 59
008775 61
008783 11
008791 303
008799 765
008807 513
008815 191
008823 480
008831 681
008839 326
008847 260
008855 435
008863 1
008871 886
008879 903
008887 0
008895 423
008903 714
008911 938
008919 35
008927 870
008935 538
008943 576
008951 392
008959 613
008965 979
008973 613
008981 675
008989 595
008997 218
009005 679
009013 924
009021 471
009029 447
009037 184
009045 818
009053 445
009061 23
009069 590
009077 93
009085 799
009093 731
009101 351
009109 467
009117 336
009125 917
009133 163
009141 955
009149 562
009157 370
009165 864
009173 111
009181 967
009189 948
009197 626
009205 170
009213 983
008966 842
008974 940
008982 744
008990 256
008998 976
009006 979
009014 199
009022 718
009030 676
009038 945
009046 165
009054 865
009062 728
009070 899
009078 816
009086 845
009094 535
009102 660
009110 981
009118 140
009126 605
009134 975
009142 431
009150 51
009158 881
009166 662
009174 613
009182 283
009190 564
009198 906
009206 431
009214 648
008705 697
008713 158
008721 349
008729 926
008737 123
008745 241
008753 51
008761 527
008769 504
008777 312
008785 951
008793 910
008801 583
008809 884
008817 559
008825 871
008833 201
008841 833
008849 484
008857 198
008865 302
008873 616
008881 280
008889 577
008897 831
008905 616
008913 667
008921 167
008929 472
008937 386
008945 853
008953 352
008707 858
008715 824
008723 25
008731 105
008739 708
008747 783
008755 55
008763 87
008771 20
008779 785
008787 721
008795 490
008803 187
008811 995
008819 254
008827 871
008835 777
008843 635
008851 546
008859 189
008867 37
008875 200
008883 358
008891 455
008899 995
008907 750
008915 670
008923 321
008931 919
008939 695
008947 857
008955 717
008706 852
008714 372
008722 185
008730 298
008738 989
008746 980
008754 966
008762 638
008770 464
008778 794
008786 940
008794 673
008802 708
008810 186
008818 304
008826 692
008834 343
008842 674
008850 775
008858 333
008866 321
008874 113
008882 246
008890 617
008898 867
008906 94
008914 558
008922 278
008930 37
008938 903
008946 938
008954 443
008192 629
008200 585
008208 538
008216 317
008224 945
008232 395
008240 155
008248 903
008256 669
008264 339
008272 38
008280 308
008288 747
008296 339
008304 767
008312 910
008320 181
008328 300
008336 686
008344 294
008352 19
008360 913
008368 247
008376 921
008384 411
008392 77
008400 684
008408 206
008416 132
008424 830
008432 547
008440 362
009220 556
009228 562
009236 600
009244 461
009252 111
009260 473
009268 601
009276 542
009284 869
009292 511
009300 328
009308 20
009316 107
009324 124
009332 834
009340 215
009348 720
009356 930
009364 763
009372 295
009380 185
009388 403
009396 83
009404 846
009412 895
009420 299
009428 850
009436 597
009444 912
009452 783
009460 185
009468 643
008967 250
008975 718
008983 370
008991 735
008999 63
009007 522
009015 314
009023 24
009031 856
009039 295
009047 73
009055 658
009063 270
009071 54
009079 741
009087 527
009095 408
009103 504
009111 761
009119 971
009127 696
009135 994
009143 653
009151 733
009159 496
009167 464
009175 874
009183 588
009191 192
009199 609
009207 470
009215 581
009221 190
009229 412
009237 543
009245 422
009253 217
009261 340
009269 313
009277 965
009285 461
009293 893
009301 669
009309 779
009317 580
009325 977
009333 864
009341 812
009349 881
009357 27
009365 841
009373 366
009381 486
009389 144
009397 340
009405 380
009413 691
009421 407
009429 349
009437 319
009445 882
009453 957
009461 66
009469 205
009222 977
009230 379
009238 639
009246 59
009254 827
009262 221
009270 815
009278 643
009286 877
009294 211
009302 386
009310 28
009318 786
009326 60
009334 447
009342 441
009350 503
009358 776
009366 57
009374 284
009382 621
009390 156
009398 290
009406 270
009414 817
009422 810
009430 316
009438 42
009446 359
009454 288
009462 46
009470 773
008961 268
008969 130
008977 804
008985 704
008993 633
009001 917
009009 436
009017 660
009025 369
009033 21
009041 579
009049 827
009057 927
009065 136
009073 403
009081 20
009089 762
009097 635
009105 1
009113 276
009121 222
009129 479
009137 551
009145 107
009153 783
009161 580
009169 81
009177 843
009185 885
009193 713
009201 16
009209 48
008963 869
008971 206
008979 775
008987 570
008995 872
009003 637
009011 207
009019 777
009027 971
009035 444
009043 778
009051 996
009059 155
009067 761
009075 836
009083 828
009091 226
009099 129
009107 945
009115 147
009123 190
009131 677
009139 192
009147 98
009155 771
009163 176
009171 259
009179 681
009187 432
009195 392
009203 851
009211 892
008962 221
008970 573
008978 294
008986 11
008994 170
009002 643
009010 329
009018 397
009026 253
009034 497
009042 652
009050 845
009058 197
009066 155
009074 944
009082 468
009090 268
009098 200
009106 450
009114 874
009122 74
009130 902
009138 175
009146 259
009154 106
009162 848
009170 902
009178 84
009186 146
009194 466
009202 745
009210 735
008448 193
008456 704
008464 502
008472 351
008480 21
008488 787
008496 371
008504 52
008512 882
008520 644
008528 942
008536 950
008544 959
008552 568
008560 72
008568 216
008576 7
008584 174
008592 558
008600 536
008608 669
008616 752
008624 852
008632 241
008640 187
008648 895
008656 3
008664 596
008672 551
008680 53
008688 878
008696 324
009476 826
009484 618
009492 854
009500 361
009508 4
009516 855
009524 268
009532 68
009540 803
009548 993
009556 495
009564 254
009572 8
009580 947
009588 748
009596 215
009604 977
009612 152
009620 342
009628 164
009636 810
009644 762
009652 157
009660 968
009668 436
009676 583
009684 260
009692 691
009700 477
009708 266
009716 4
009724 501
009477 737
009485 545
009493 431
009501 179
009509 645
009517 428
009525 304
009533 239
009541 364
009549 850
009557 503
009565 840
009573 561
009581 123
009589 748
009597 792
009605 60
009613 449
009621 216
009629 784
009637 980
009645 776
009653 700
009661 844
009669 5
009677 328
009685 297
009693 488
009701 382
009709 407
009717 943
009725 285
009223 468
009231 771
009239 397
009247 17
009255 492
009263 126
009271 96
009279 664
009287 169
009295 886
009303 778
009311 540
009319 81
009327 544
009335 446
009343 845
009351 890
009359 563
009367 813
009375 73
009383 531
009391 951
009399 391
009407 23
009415 922
009423 438
009431 378
009439 721
009447 122
009455 416
009463 184
009471 319
009478 632
009486 287
009494 985
009502 724
009510 602
009518 162
009526 226
009534 888
009542 159
009550 85
009558 844
009566 42
009574 85
009582 325
009590 414
009598 266
009606 891
009614 753
009622 313
009630 751
009638 675
009646 933
009654 167
009662 492
009670 693
009678 946
009686 928
009694 107
009702 211
009710 362
009718 734
009726 200
009217 133
009225 256
009233 746
009241 286
009249 89
009257 87
009265 306
009273 179
009281 258
009289 815
009297 364
009305 820
009313 861
009321 73
009329 103
009337 738
009345 483
009353 129
009361 611
009369 447
009377 613
009385 342
009393 158
009401 96
009409 203
009417 68
009425 997
009433 18
009441 14
009449 223
009457 471
009465 669
009219 847
009227 866
009235 455
009243 663
009251 652
009259 389
009267 399
009275 876
009283 545
009291 972
009299 162
009307 69
009315 368
009323 783
009331 782
009339 289
009347 123
009355 161
009363 1
009371 625
009379 424
009387 771
009395 118
009403 435
009411 852
009419 282
009427 466
009435 130
009443 155
009451 192
009459 809
009467 200
009218 464
009226 775
009234 687
009242 690
009250 858
009258 91
009266 783
009274 886
009282 529
009290 603
009298 219
009306 851
009314 880
009322 371
009330 34
009338 204
009346 897
009354 199
009362 546
009370 365
009378 389
009386 688
009394 304
009402 46
009410 15
009418 311
009426 497
009434 872
009442 324
009450 973
009458 76
009466 128
009732 649
009740 734
009748 503
009756 464
009764 937
009772 155
009780 750
009788 787
009796 803
009804 185
009812 889
009820 514
009828 103
009836 445
009844 504
009852 739
009860 518
009868 944
009876 365
009884 453
009892 659
009900 700
009908 299
009916 450
009924 739
009932 131
009940 822
009948 225
009956 257
009964 18
009972 824
009980 3
008704 365
008712 694
008720 172
008728 847
008736 191
008744 264
008752 756
008760 280
008768 308
008776 377
008784 743
008792 209
008800 638
008808 809
008816 121
008824 236
008832 4
008840 790
008848 640
008856 332
008864 402
008872 929
008880 746
008888 978
008896 695
008904 62
008912 716
008920 793
008928 828
008936 622
008944 520
008952 255
009733 423
009741 454
009749 264
009757 582
009765 415
009773 274
009781 138
009789 415
009797 612
009805 858
009813 132
009821 401
009829 507
009837 650
009845 404
009853 250
009861 904
009869 654
009877 762
009885 377
009893 109
009901 266
009909 165
009917 548
009925 653
009933 435
009941 92
009949 142
009957 341
009965 235
009973 716
009981 893
009734 367
009742 649
009750 921
009758 939
009766 314
009774 446
009782 876
009790 993
009798 413
009806 876
009814 460
009822 584
009830 530
009838 606
009846 273
009854 672
009862 325
009870 860
009878 504
009886 254
009894 917
009902 327
009910 466
009918 187
009926 367
009934 938
009942 545
009950 490
009958 295
009966 777
009974 287
009982 796
009479 116
009487 798
009495 846
009503 871
009511 42
009519 672
009527 857
009535 823
009543 34
009551 745
009559 224
009567 684
009575 546
009583 688
009591 428
009599 159
009607 99
009615 774
009623 725
009631 297
009639 985
009647 390
009655 394
009663 359
009671 229
009679 498
009687 921
009695 210
009703 997
009711 754
009719 256
009727 977
009475 175
009483 457
009491 714
009499 835
009507 182
009515 36
009523 357
009531 165
009539 174
009547 134
009555 757
009563 863
009571 744
009579 535
009587 924
009595 468
009603 595
009611 709
009619 280
009627 71
009635 280
009643 764
009651 344
009659 193
009667 197
009675 934
009683 676
009691 140
009699 178
009707 148
009715 179
009723 223
009473 852
009481 473
009489 854
009497 646
009505 532
009513 481
009521 854
009529 270
009537 943
009545 983
009553 477
009561 171
009569 365
009577 37
009585 254
009593 694
009601 298
009609 917
009617 622
009625 848
009633 206
009641 314
009649 151
009657 981
009665 144
009673 200
009681 720
009689 360
009697 693
009705 522
009713 956
009721 100
009474 456
009482 11
009490 942
009498 167
009506 565
009514 707
009522 949
009530 196
009538 278
009546 921
009554 798
009562 548
009570 775
009578 234
009586 611
009594 182
009602 542
009610 99
009618 291
009626 516
009634 740
009642 278
009650 820
009658 296
009666 127
009674 563
009682 272
009690 795
009698 319
009706 198
009714 548
009722 60
009988 195
009996 473
010004 313
010012 499
010020 110
010028 963
010036 798
010044 431
010052 24
010060 507
010068 852
010076 68
010084 927
010092 341
010100 443
010108 634
010116 658
010124 564
010132 285
010140 720
010148 209
010156 271
010164 923
010172 21
010180 153
010188 626
010196 952
010204 98
010212 272
010220 737
010228 887
010236 352
008960 505
008968 984
008976 63
008984 848
008992 867
009000 921
009008 383
009016 90
009024 770
009032 47
009040 543
009048 480
009056 618
009064 459
009072 244
009080 508
009088 336
009096 583
009104 552
009112 277
009120 120
009128 443
009136 485
009144 560
009152 470
009160 76
009168 311
009176 747
009184 772
009192 783
009200 48
009208 916
009989 708
009997 107
010005 482
010013 643
010021 722
010029 301
010037 150
010045 448
010053 686
010061 286
010069 940
010077 964
010085 272
010093 152
010101 263
010109 120
010117 303
010125 132
010133 885
010141 649
010149 660
010157 309
010165 489
010173 375
010181 233
010189 31
010197 493
010205 793
010213 343
010221 650
010229 122
010237 218
009990 797
009998 774
010006 423
010014 201
010022 732
010030 384
010038 863
010046 491
010054 973
010062 873
010070 330
010078 310
010086 698
010094 465
010102 359
010110 137
010118 324
010126 493
010134 230
010142 14
010150 869
010158 396
010166 942
010174 614
010182 255
010190 342
010198 209
010206 367
010214 680
010222 336
010230 259
010238 217
009735 896
009743 363
009751 483
009759 754
009767 686
009775 323
009783 383
009791 532
009799 415
009807 884
009815 475
009823 172
009831 661
009839 960
009847 89
009855 535
009863 272
009871 928
009879 635
009887 249
009895 361
009903 531
009911 954
009919 996
009927 312
009935 920
009943 723
009951 752
009959 134
009967 228
009975 107
009983 52
009731 578
009739 892
009747 401
009755 302
009763 327
009771 503
009779 618
009787 741
009795 944
009803 914
009811 657
009819 605
009827 797
009835 111
009843 920
009851 550
009859 258
009867 768
009875 832
009883 777
009891 433
009899 696
009907 575
009915 443
009923 624
009931 140
009939 378
009947 542
009955 557
009963 805
009971 942
009979 744
009729 178
009737 645
009745 654
009753 694
009761 700
009769 297
009777 126
009785 981
009793 109
009801 685
009809 601
009817 938
009825 761
009833 255
009841 76
009849 749
009857 274
009865 432
009873 271
009881 364
009889 655
009897 592
009905 135
009913 358
009921 69
009929 971
009937 122
009945 413
009953 105
009961 457
009969 315
009977 592
009730 139
009738 923
009746 885
009754 822
009762 411
009770 912
009778 133
009786 192
009794 735
009802 961
009810 747
009818 462
009826 92
009834 389
009842 343
009850 435
009858 170
009866 341
009874 644
009882 806
009890 543
009898 8
009906 302
009914 167
009922 109
009930 111
009938 69
009946 870
009954 552
009962 567
009970 180
009978 293
010244 372
010252 67
010260 831
010268 307
010276 177
010284 359
010292 358
010300 866
010308 985
010316 637
010324 752
010332 440
010340 258
010348 333
010356 179
010364 370
010372 940
010380 246
010388 927
010396 172
010404 619
010412 768
010420 401
010428 422
010436 977
010444 828
010452 122
010460 581
010468 438
010476 996
010484 619
010492 275
009216 789
009224 257
009232 524
009240 884
009248 777
009256 158
009264 760
009272 377
009280 946
009288 762
009296 432
009304 877
009312 711
009320 115
009328 988
009336 757
009344 675
009352 14
009360 995
009368 119
009376 641
009384 168
009392 773
009400 248
009408 418
009416 245
009424 831
009432 948
009440 96
009448 455
009456 222
009464 962
010245 752
010253 509
010261 266
010269 376
010277 373
010285 650
010293 727
010301 164
010309 251
010317 985
010325 353
010333 425
010341 974
010349 707
010357 5
010365 506
010373 942
010381 410
010389 956
010397 948
010405 134
010413 60
010421 500
010429 386
010437 128
010445 68
010453 334
010461 390
010469 516
010477 37
010485 839
010493 421
010246 142
010254 889
010262 844
010270 46
010278 107
010286 219
010294 609
010302 430
010310 353
010318 66
010326 668
010334 511
010342 556
010350 290
010358 785
010366 27
010374 147
010382 824
010390 286
010398 193
010406 346
010414 754
010422 547
010430 974
010438 508
010446 141
010454 113
010462 135
010470 534
010478 220
010486 141
010494 738
009991 278
009999 515
010007 636
010015 11
010023 734
010031 842
010039 799
010047 328
010055 538
010063 496
010071 150
010079 841
010087 910
010095 178
010103 422
010111 425
010119 489
010127 822
010135 445
010143 567
010151 506
010159 77
010167 306
010175 995
010183 450
010191 786
010199 694
010207 527
010215 377
010223 703
010231 721
010239 38
009987 553
009995 259
010003 916
010011 9
010019 341
010027 655
010035 321
010043 923
010051 834
010059 444
010067 772
010075 382
010083 125
010091 471
010099 470
010107 882
010115 380
010123 819
010131 409
010139 337
010147 67
010155 745
010163 751
010171 879
010179 380
010187 327
010195 88
010203 124
010211 686
010219 975
010227 412
010235 232
009985 752
009993 676
010001 659
010009 27
010017 210
010025 617
010033 153
010041 764
010049 534
010057 520
010065 199
010073 958
010081 742
010089 181
010097 445
010105 762
010113 980
010121 255
010129 926
010137 392
010145 995
010153 931
010161 14
010169 301
010177 346
010185 438
010193 81
010201 655
010209 896
010217 211
010225 350
010233 244
009986 724
009994 237
010002 478
010010 219
010018 341
010026 334
010034 178
010042 409
010050 897
010058 358
010066 118
010074 671
010082 606
010090 614
010098 338
010106 761
010114 197
010122 497
010130 879
010138 22
010146 630
010154 152
010162 75
010170 602
010178 262
010186 852
010194 20
010202 976
010210 33
010218 436
010226 284
010234 737
010500 379
010508 57
010516 811
010524 415
010532 627
010540 958
010548 984
010556 950
010564 86
010572 740
010580 102
010588 339
010596 901
010604 989
010612 568
010620 728
010628 85
010636 920
010644 467
010652 545
010660 230
010668 439
010676 407
010684 130
010692 544
010700 328
010708 611
010716 756
010724 707
010732 65
010740 459
010748 227
010501 150
010509 686
010517 97
010525 980
010533 910
010541 676
010549 692
010557 628
010565 848
010573 539
010581 426
010589 756
010597 336
010605 218
010613 576
010621 996
010629 836
010637 772
010645 172
010653 218
010661 887
010669 283
010677 804
010685 931
010693 479
010701 136
010709 248
010717 977
010725 529
010733 84
010741 166
010749 950
009472 941
009480 560
009488 77
009496 519
009504 712
009512 512
009520 820
009528 774
009536 263
009544 299
009552 419
009560 884
009568 780
009576 1
009584 475
009592 830
009600 306
009608 848
009616 189
009624 326
009632 423
009640 493
009648 475
009656 183
009664 277
009672 994
009680 379
009688 569
009696 764
009704 499
009712 50
009720 452
010502 166
010510 691
010518 987
010526 596
010534 230
010542 628
010550 614
010558 650
010566 72
010574 625
010582 134
010590 843
010598 408
010606 610
010614 27
010622 941
010630 930
010638 482
010646 651
010654 558
010662 118
010670 58
010678 700
010686 203
010694 885
010702 554
010710 536
010718 244
010726 282
010734 972
010742 407
010750 223
010247 824
010255 235
010263 8
010271 760
010279 628
010287 884
010295 625
010303 918
010311 233
010319 952
010327 462
010335 99
010343 971
010351 781
010359 416
010367 685
010375 551
010383 685
010391 429
010399 889
010407 840
010415 519
010423 45
010431 841
010439 68
010447 701
010455 749
010463 651
010471 286
010479 115
010487 282
010495 28
010243 678
010251 120
010259 65
010267 900
010275 874
010283 761
010291 336
010299 560
010307 437
010315 901
010323 3
010331 332
010339 328
010347 825
010355 743
010363 870
010371 171
010379 43
010387 399
010395 59
010403 260
010411 847
010419 684
010427 399
010435 636
010443 191
010451 19
010459 566
010467 342
010475 839
010483 88
010491 734
010241 718
010249 406
010257 396
010265 242
010273 444
010281 210
010289 428
010297 808
010305 3
010313 493
010321 821
010329 617
010337 116
010345 163
010353 34
010361 943
010369 38
010377 369
010385 86
010393 17
010401 281
010409 715
010417 64
010425 847
010433 605
010441 206
010449 554
010457 975
010465 73
010473 472
010481 31
010489 571
010242 829
010250 65
010258 903
010266 10
010274 778
010282 872
010290 657
010298 210
010306 545
010314 998
010322 824
010330 881
010338 242
010346 839
010354 126
010362 894
010370 291
010378 723
010386 720
010394 283
010402 554
010410 488
010418 458
010426 962
010434 917
010442 704
010450 65
010458 216
010466 884
010474 179
010482 585
010490 584
010756 108
010764 118
010772 822
010780 963
010788 943
010796 877
010804 620
010812 344
010820 716
010828 712
010836 283
010844 823
010852 617
010860 846
010868 827
010876 789
010884 2
010892 392
010900 202
010908 52
010916 591
010924 893
010932 234
010940 168
010948 855
010956 571
010964 453
010972 802
010980 478
010988 853
010996 180
011004 755
010757 585
010765 48
010773 282
010781 871
010789 445
010797 365
010805 196
010813 931
010821 174
010829 399
010837 339
010845 371
010853 497
010861 475
010869 733
010877 134
010885 562
010893 609
010901 623
010909 678
010917 796
010925 621
010933 503
010941 558
010949 525
010957 691
010965 338
010973 164
010981 366
010989 0
010997 734
011005 731
010758 74
010766 353
010774 577
010782 382
010790 952
010798 583
010806 300
010814 811
010822 378
010830 343
010838 668
010846 485
010854 947
010862 538
010870 255
010878 736
010886 788
010894 54
010902 888
010910 92
010918 432
010926 335
010934 956
010942 976
010950 74
010958 702
010966 754
010974 657
010982 447
010990 831
010998 315
011006 277
009728 861
009736 37
009744 50
009752 835
009760 221
009768 798
009776 578
009784 641
009792 203
009800 814
009808 893
009816 384
009824 271
009832 656
009840 369
009848 125
009856 450
009864 886
009872 572
009880 824
009888 614
009896 850
009904 812
009912 900
009920 971
009928 991
009936 631
009944 848
009952 540
009960 986
009968 536
009976 404
010503 621
010511 553
010519 401
010527 105
010535 928
010543 638
010551 391
010559 985
010567 526
010575 909
010583 724
010591 51
010599 66
010607 744
010615 343
010623 388
010631 292
010639 732
010647 374
010655 617
010663 493
010671 288
010679 419
010687 474
010695 100
010703 971
010711 205
010719 823
010727 515
010735 325
010743 571
010751 640
010499 101
010507 696
010515 958
010523 101
010531 293
010539 212
010547 553
010555 635
010563 235
010571 211
010579 468
010587 203
010595 332
010603 293
010611 282
010619 64
010627 302
010635 815
010643 943
010651 761
010659 382
010667 830
010675 495
010683 728
010691 401
010699 13
010707 420
010715 974
010723 17
010731 499
010739 353
010747 681
010497 972
010505 874
010513 277
010521 505
010529 537
010537 862
010545 436
010553 521
010561 374
010569 650
010577 891
010585 76
010593 331
010601 275
010609 912
010617 666
010625 609
010633 443
010641 642
010649 542
010657 989
010665 361
010673 944
010681 279
010689 446
010697 590
010705 668
010713 604
010721 425
010729 238
010737 328
010745 874
010498 556
010506 620
010514 142
010522 248
010530 293
010538 591
010546 549
010554 18
010562 64
010570 972
010578 151
010586 23
010594 204
010602 254
010610 584
010618 458
010626 347
010634 84
010642 690
010650 410
010658 217
010666 526
010674 754
010682 84
010690 557
010698 777
010706 20
010714 252
010722 551
010730 113
010738 489
010746 514
011012 694
011020 671
011028 4
011036 823
011044 673
011052 477
011060 679
011068 661
011076 33
011084 532
011092 463
011100 204
011108 93
011116 600
011124 12
011132 170
011140 899
011148 433
011156 997
011164 793
011172 145
011180 24
011188 497
011196 245
011204 189
011212 860
011220 225
011228 239
011236 558
011244 925
011252 455
011260 128
011013 599
011021 149
011029 403
011037 88
011045 416
011053 583
011061 157
011069 5
011077 434
011085 993
011093 709
011101 343
011109 523
011117 0
011125 822
011133 762
011141 508
011149 517
011157 809
011165 362
011173 305
011181 481
011189 343
011197 709
011205 280
011213 58
011221 98
011229 761
011237 700
011245 642
011253 740
011261 979
011014 144
011022 389
011030 201
011038 433
011046 185
011054 718
011062 108
011070 302
011078 733
011086 772
011094 626
011102 56
011110 858
011118 38
011126 78
011134 277
011142 2
011150 196
011158 287
011166 72
011174 495
011182 41
011190 294
011198 682
011206 738
011214 767
011222 126
011230 981
011238 768
011246 850
011254 611
011262 552
009984 410
009992 621
010000 33
010008 134
010016 125
010024 123
010032 51
010040 195
010048 104
010056 767
010064 695
010072 507
010080 181
010088 916
010096 664
010104 970
010112 61
010120 671
010128 587
010136 981
010144 698
010152 590
010160 851
010168 738
010176 434
010184 773
010192 124
010200 597
010208 237
010216 708
010224 502
010232 421
010759 654
010767 609
010775 180
010783 456
010791 748
010799 586
010807 187
010815 138
010823 28
010831 476
010839 890
010847 256
010855 516
010863 916
010871 373
010879 103
010887 651
010895 508
010903 885
010911 107
010919 149
010927 455
010935 777
010943 82
010951 449
010959 879
010967 132
010975 250
010983 145
010991 539
010999 892
011007 879
010755 861
010763 676
010771 92
010779 738
010787 367
010795 46
010803 735
010811 753
010819 369
010827 805
010835 56
010843 605
010851 314
010859 904
010867 212
010875 445
010883 781
010891 10
010899 73
010907 425
010915 115
010923 465
010931 811
010939 749
010947 15
010955 559
010963 201
010971 917
010979 522
010987 733
010995 277
011003 552
010753 128
010761 790
010769 816
010777 760
010785 152
010793 804
010801 544
010809 275
010817 812
010825 695
010833 87
010841 661
010849 565
010857 904
010865 169
010873 867
010881 110
010889 802
010897 162
010905 102
010913 881
010921 348
010929 934
010937 229
010945 635
010953 579
010961 425
010969 853
010977 36
010985 950
010993 725
011001 810
010754 300
010762 746
010770 969
010778 28
010786 864
010794 35
010802 415
010810 796
010818 481
010826 40
010834 14
010842 27
010850 545
010858 691
010866 997
010874 478
010882 112
010890 856
010898 947
010906 62
010914 45
010922 969
010930 450
010938 544
010946 908
010954 287
010962 604
010970 523
010978 428
010986 91
010994 914
011002 463
011268 918
011276 527
011284 444
011292 179
011300 498
011308 12
011316 368
011324 498
011332 707
011340 835
011348 456
011356 708
011364 518
011372 959
011380 242
011388 90
011396 429
011404 463
011412 723
011420 26
011428 117
011436 983
011444 846
011452 10
011460 136
011468 884
011476 672
011484 564
011492 652
011500 693
011508 618
011516 324
011269 364
011277 309
011285 8
011293 283
011301 157
011309 225
011317 86
011325 431
011333 30
011341 469
011349 526
011357 917
011365 823
011373 518
011381 693
011389 882
011397 319
011405 4
011413 782
011421 801
011429 630
011437 796
011445 211
011453 596
011461 873
011469 501
011477 32
011485 381
011493 69
011501 395
011509 878
011517 814
011270 329
011278 26
011286 492
011294 727
011302 795
011310 470
011318 68
011326 577
011334 252
011342 734
011350 483
011358 457
011366 180
011374 716
011382 633
011390 207
011398 363
011406 289
011414 998
011422 984
011430 134
011438 483
011446 11
011454 720
011462 416
011470 447
011478 815
011486 104
011494 527
011502 497
011510 938
011518 16
010240 936
010248 618
010256 645
010264 245
010272 813
010280 487
010288 716
010296 53
010304 893
010312 951
010320 920
010328 353
010336 181
010344 150
010352 689
010360 846
010368 523
010376 981
010384 308
010392 628
010400 932
010408 425
010416 988
010424 942
010432 696
010440 63
010448 842
010456 434
010464 205
010472 397
010480 767
010488 499
011015 278
011023 712
011031 650
011039 320
011047 981
011055 741
011063 459
011071 767
011079 480
011087 405
011095 171
011103 174
011111 552
011119 642
011127 654
011135 844
011143 388
011151 626
011159 561
011167 329
011175 761
011183 843
011191 482
011199 422
011207 127
011215 253
011223 620
011231 778
011239 449
011247 179
011255 682
011263 309
011011 123
011019 559
011027 874
011035 940
011043 17
011051 722
011059 930
011067 715
011075 38
011083 217
011091 575
011099 323
011107 66
011115 457
011123 594
011131 237
011139 298
011147 125
011155 691
011163 302
011171 811
011179 21
011187 725
011195 852
011203 419
011211 157
011219 696
011227 703
011235 333
011243 986
011251 612
011259 485
011009 769
011017 630
011025 328
011033 883
011041 526
011049 456
011057 169
011065 516
011073 619
011081 781
011089 674
011097 911
011105 700
011113 382
011121 707
011129 661
011137 195
011145 526
011153 352
011161 457
011169 807
011177 612
011185 584
011193 368
011201 909
011209 25
011217 573
011225 844
011233 283
011241 285
011249 656
011257 987
011010 304
011018 298
011026 43
011034 400
011042 258
011050 623
011058 522
011066 545
011074 782
011082 838
011090 305
011098 779
011106 858
011114 764
011122 77
011130 227
011138 665
011146 427
011154 389
011162 556
011170 164
011178 418
011186 923
011194 787
011202 762
011210 919
011218 413
011226 434
011234 50
011242 653
011250 466
011258 95
011524 491
011532 641
011540 557
011548 182
011556 310
011564 425
011572 561
011580 299
011588 271
011596 747
011604 342
011612 135
011620 677
011628 29
011636 379
011644 228
011652 34
011660 186
011668 869
011676 20
011684 591
011692 846
011700 162
011708 30
011716 308
011724 278
011732 888
011740 759
011748 939
011756 440
011764 795
011772 369
011525 262
011533 310
011541 964
011549 614
011557 863
011565 930
011573 847
011581 525
011589 673
011597 389
011605 836
011613 795
011621 457
011629 198
011637 332
011645 762
011653 717
011661 685
011669 104
011677 16
011685 343
011693 329
011701 465
011709 592
011717 333
011725 389
011733 679
011741 788
011749 663
011757 974
011765 411
011773 575
011526 693
011534 215
011542 542
011550 935
011558 578
011566 659
011574 359
011582 673
011590 627
011598 369
011606 870
011614 684
011622 283
011630 547
011638 58
011646 769
011654 176
011662 548
011670 957
011678 154
011686 450
011694 61
011702 504
011710 79
011718 777
011726 330
011734 53
011742 622
011750 996
011758 548
011766 694
011774 646
010496 799
010504 726
010512 882
010520 729
010528 789
010536 848
010544 665
010552 202
010560 234
010568 897
010576 877
010584 926
010592 310
010600 407
010608 623
010616 328
010624 821
010632 568
010640 503
010648 619
010656 367
010664 743
010672 311
010680 644
010688 657
010696 75
010704 354
010712 628
010720 943
010728 559
010736 786
010744 870
011271 5
011279 276
011287 106
011295 624
011303 211
011311 75
011319 47
011327 623
011335 875
011343 389
011351 331
011359 476
011367 239
011375 128
011383 683
011391 366
011399 320
011407 284
011415 9
011423 311
011431 758
011439 397
011447 499
011455 329
011463 342
011471 457
011479 877
011487 525
011495 777
011503 18
011511 144
011519 418
011267 184
011275 992
011283 399
011291 433
011299 15
011307 512
011315 218
011323 27
011331 785
011339 277
011347 509
011355 984
011363 955
011371 88
011379 933
011387 269
011395 86
011403 878
011411 49
011419 84
011427 286
011435 427
011443 11
011451 566
011459 409
011467 818
011475 756
011483 217
011491 782
011499 339
011507 466
011515 808
011265 280
011273 186
011281 299
011289 705
011297 518
011305 536
011313 985
011321 859
011329 40
011337 352
011345 798
011353 886
011361 376
011369 599
011377 255
011385 806
011393 842
011401 512
011409 378
011417 288
011425 156
011433 45
011441 969
011449 313
011457 37
011465 405
011473 816
011481 870
011489 367
011497 740
011505 777
011513 558
011266 672
011274 170
011282 318
011290 208
011298 444
011306 682
011314 143
011322 962
011330 36
011338 349
011346 125
011354 184
011362 774
011370 170
011378 288
011386 379
011394 975
011402 867
011410 249
011418 974
011426 400
011434 290
011442 238
011450 734
011458 577
011466 564
011474 594
011482 923
011490 90
011498 879
011506 327
011514 869
011780 451
011788 15
011796 915
011804 238
011812 610
011820 505
011828 50
011836 210
011844 779
011852 794
011860 116
011868 681
011876 665
011884 919
011892 243
011900 37
011908 824
011916 171
011924 709
011932 860
011940 301
011948 96
011956 27
011964 992
011972 171
011980 521
011988 552
011996 480
012004 2
012012 45
012020 523
012028 997
011781 940
011789 111
011797 977
011805 255
011813 794
011821 596
011829 564
011837 393
011845 376
011853 386
011861 891
011869 20
011877 883
011885 252
011893 597
011901 366
011909 481
011917 286
011925 227
011933 387
011941 758
011949 674
011957 538
011965 8
011973 733
011981 528
011989 548
011997 28
012005 351
012013 19
012021 764
012029 117
011782 148
011790 184
011798 947
011806 338
011814 268
011822 792
011830 901
011838 846
011846 205
011854 661
011862 223
011870 633
011878 357
011886 556
011894 722
011902 772
011910 998
011918 437
011926 41
011934 440
011942 459
011950 208
011958 237
011966 656
011974 321
011982 931
011990 66
011998 455
012006 337
012014 247
012022 369
012030 482
010752 811
010760 237
010768 721
010776 340
010784 959
010792 45
010800 115
010808 66
010816 605
010824 841
010832 943
010840 73
010848 874
010856 528
010864 115
010872 204
010880 845
010888 355
010896 637
010904 915
010912 785
010920 515
010928 586
010936 520
010944 349
010952 512
010960 317
010968 800
010976 224
010984 45
010992 44
011000 763
011527 685
011535 286
011543 480
011551 59
011559 784
011567 465
011575 176
011583 390
011591 725
011599 327
011607 939
011615 914
011623 784
011631 175
011639 471
011647 403
011655 815
011663 862
011671 963
011679 749
011687 70
011695 829
011703 956
011711 729
011719 807
011727 229
011735 30
011743 337
011751 904
011759 646
011767 7
011775 241
011523 228
011531 831
011539 135
011547 879
011555 426
011563 785
011571 843
011579 806
011587 119
011595 595
011603 984
011611 303
011619 656
011627 609
011635 631
011643 945
011651 203
011659 372
011667 9
011675 219
011683 957
011691 535
011699 43
011707 226
011715 693
011723 474
011731 230
011739 604
011747 371
011755 625
011763 863
011771 98
011521 909
011529 375
011537 767
011545 106
011553 839
011561 216
011569 845
011577 254
011585 668
011593 304
011601 16
011609 369
011617 468
011625 900
011633 25
011641 115
011649 242
011657 982
011665 372
011673 706
011681 701
011689 387
011697 977
011705 43
011713 617
011721 413
011729 666
011737 925
011745 992
011753 156
011761 941
011769 156
011522 612
011530 777
011538 46
011546 161
011554 511
011562 678
011570 17
011578 290
011586 526
011594 903
011602 169
011610 626
011618 882
011626 923
011634 327
011642 60
011650 869
011658 671
011666 75
011674 425
011682 660
011690 870
011698 974
011706 361
011714 727
011722 114
011730 428
011738 366
011746 437
011754 584
011762 403
011770 787
012036 641
012044 581
012052 958
012060 998
012068 326
012076 257
012084 49
012092 548
012100 921
012108 729
012116 805
012124 679
012132 962
012140 148
012148 402
012156 437
012164 859
012172 870
012180 525
012188 816
012196 580
012204 624
012212 258
012220 824
012228 903
012236 417
012244 349
012252 949
012260 809
012268 114
012276 289
012284 434
012037 820
012045 777
012053 447
012061 721
012069 140
012077 101
012085 779
012093 721
012101 901
012109 755
012117 618
012125 619
012133 513
012141 828
012149 288
012157 674
012165 543
012173 770
012181 143
012189 439
012197 687
012205 188
012213 340
012221 396
012229 34
012237 722
012245 969
012253 795
012261 629
012269 925
012277 799
012285 240
012038 597
012046 13
012054 250
012062 794
012070 374
012078 909
012086 129
012094 397
012102 577
012110 712
012118 177
012126 552
012134 547
012142 831
012150 318
012158 426
012166 354
012174 968
012182 244
012190 76
012198 239
012206 772
012214 830
012222 352
012230 447
012238 540
012246 42
012254 230
012262 130
012270 934
012278 679
012286 523
011008 834
011016 60
011024 693
011032 619
011040 391
011048 384
011056 374
011064 890
011072 869
011080 796
011088 576
011096 350
011104 609
011112 197
011120 294
011128 263
011136 557
011144 524
011152 393
011160 115
011168 719
011176 249
011184 254
011192 13
011200 411
011208 191
011216 484
011224 875
011232 301
011240 884
011248 820
011256 469
011783 977
011791 512
011799 307
011807 945
011815 605
011823 329
011831 287
011839 43
011847 24
011855 920
011863 345
011871 51
011879 701
011887 329
011895 659
011903 295
011911 565
011919 336
011927 628
011935 645
011943 284
011951 390
011959 797
011967 956
011975 382
011983 372
011991 403
011999 964
012007 348
012015 624
012023 2
012031 370
011779 584
011787 501
011795 499
011803 934
011811 861
011819 970
011827 473
011835 896
011843 378
011851 566
011859 331
011867 698
011875 957
011883 737
011891 804
011899 589
011907 515
011915 721
011923 495
011931 744
011939 214
011947 239
011955 932
011963 611
011971 515
011979 860
011987 483
011995 263
012003 575
012011 100
012019 626
012027 368
011777 385
011785 306
011793 806
011801 553
011809 920
011817 464
011825 567
011833 650
011841 395
011849 130
011857 990
011865 356
011873 881
011881 178
011889 550
011897 98
011905 168
011913 511
011921 374
011929 938
011937 599
011945 450
011953 348
011961 277
011969 899
011977 611
011985 794
011993 386
012001 132
012009 464
012017 767
012025 907
011778 320
011786 725
011794 228
011802 939
011810 587
011818 414
011826 465
011834 184
011842 787
011850 376
011858 366
011866 280
011874 918
011882 502
011890 934
011898 189
011906 925
011914 873
011922 937
011930 102
011938 694
011946 654
011954 852
011962 899
011970 55
011978 210
011986 281
011994 883
012002 932
012010 500
012018 812
012026 489
012292 412
012300 636
012308 676
012316 654
012324 31
012332 53
012340 29
012348 526
012356 596
012364 571
012372 425
012380 264
012388 959
012396 140
012404 384
012412 961
012420 494
012428 669
012436 564
012444 73
012452 736
012460 428
012468 316
012476 485
012484 978
012492 368
012500 283
012508 372
012516 284
012524 997
012532 390
012540 917
012293 24
012301 269
012309 601
012317 570
012325 238
012333 838
012341 327
012349 356
012357 525
012365 143
012373 710
012381 774
012389 259
012397 898
012405 217
012413 98
012421 404
012429 606
012437 596
012445 418
012453 745
012461 734
012469 831
012477 61
012485 855
012493 603
012501 812
012509 902
012517 971
012525 300
012533 727
012541 617
012294 718
012302 268
012310 914
012318 691
012326 840
012334 152
012342 703
012350 444
012358 863
012366 557
012374 548
012382 324
012390 722
012398 130
012406 75
012414 280
012422 397
012430 555
012438 749
012446 194
012454 48
012462 633
012470 8
012478 163
012486 343
012494 248
012502 65
012510 828
012518 78
012526 387
012534 268
012542 9
011264 329
011272 587
011280 975
011288 626
011296 710
011304 718
011312 43
011320 897
011328 830
011336 44
011344 141
011352 929
011360 840
011368 963
011376 290
011384 839
011392 436
011400 806
011408 757
011416 373
011424 98
011432 810
011440 605
011448 562
011456 329
011464 214
011472 633
011480 313
011488 593
011496 808
011504 163
011512 641
012039 245
012047 455
012055 65
012063 208
012071 329
012079 641
012087 467
012095 613
012103 243
012111 123
012119 502
012127 493
012135 986
012143 82
012151 715
012159 483
012167 361
012175 156
012183 258
012191 43
012199 266
012207 379
012215 639
012223 716
012231 408
012239 201
012247 310
012255 527
012263 962
012271 785
012279 735
012287 270
012035 840
012043 353
012051 450
012059 580
012067 991
012075 403
012083 655
012091 764
012099 941
012107 655
012115 281
012123 99
012131 473
012139 69
012147 86
012155 464
012163 440
012171 668
012179 371
012187 252
012195 269
012203 731
012211 31
012219 76
012227 740
012235 5
012243 926
012251 850
012259 558
012267 673
012275 301
012283 442
012033 37
012041 538
012049 596
012057 378
012065 384
012073 856
012081 634
012089 239
012097 286
012105 970
012113 304
012121 626
012129 848
012137 937
012145 78
012153 343
012161 554
012169 96
012177 864
012185 274
012193 368
012201 63
012209 270
012217 525
012225 644
012233 888
012241 821
012249 805
012257 589
012265 410
012273 928
012281 659
012034 622
012042 254
012050 424
012058 297
012066 415
012074 391
012082 196
012090 506
012098 767
012106 103
012114 336
012122 135
012130 329
012138 871
012146 784
012154 251
012162 291
012170 706
012178 885
012186 586
012194 49
012202 666
012210 483
012218 904
012226 633
012234 303
012242 973
012250 804
012258 54
012266 423
012274 385
012282 872
012548 587
012556 765
012564 816
012572 218
012580 433
012588 207
012596 373
012604 173
012612 383
012620 959
012628 984
012636 773
012644 594
012652 123
012660 227
012668 556
012676 28
012684 744
012692 864
012700 351
012708 64
012716 108
012724 767
012732 635
012740 675
012748 981
012756 62
012764 603
012772 9
012780 25
012788 528
012796 413
012549 415
012557 129
012565 910
012573 467
012581 985
012589 396
012597 34
012605 747
012613 515
012621 627
012629 61
012637 789
012645 185
012653 970
012661 876
012669 94
012677 457
012685 619
012693 430
012701 210
012709 822
012717 505
012725 211
012733 417
012741 999
012749 360
012757 299
012765 226
012773 162
012781 80
012789 356
012797 339
012550 220
012558 836
012566 540
012574 560
012582 191
012590 900
012598 670
012606 114
012614 652
012622 951
012630 441
012638 674
012646 66
012654 585
012662 70
012670 237
012678 772
012686 753
012694 363
012702 985
012710 554
012718 280
012726 49
012734 669
012742 734
012750 25
012758 95
012766 784
012774 641
012782 764
012790 100
012798 643
011520 246
011528 658
011536 393
011544 360
011552 679
011560 727
011568 527
011576 769
011584 106
011592 622
011600 293
011608 796
011616 578
011624 195
011632 86
011640 955
011648 897
011656 52
011664 776
011672 834
011680 918
011688 227
011696 17
011704 821
011712 75
011720 282
011728 384
011736 250
011744 201
011752 488
011760 19
011768 856
012295 271
012303 168
012311 268
012319 539
012327 163
012335 680
012343 475
012351 400
012359 453
012367 350
012375 758
012383 876
012391 682
012399 472
012407 602
012415 543
012423 650
012431 742
012439 204
012447 95
012455 64
012463 777
012471 501
012479 378
012487 118
012495 577
012503 343
012511 80
012519 924
012527 923
012535 905
012543 18
012291 193
012299 817
012307 191
012315 914
012323 981
012331 806
012339 144
012347 200
012355 73
012363 946
012371 879
012379 171
012387 630
012395 776
012403 160
012411 433
012419 82
012427 45
012435 769
012443 446
012451 387
012459 724
012467 961
012475 554
012483 571
012491 186
012499 110
012507 750
012515 621
012523 226
012531 640
012539 7
012289 520
012297 8
012305 119
012313 57
012321 457
012329 820
012337 694
012345 962
012353 835
012361 934
012369 283
012377 633
012385 706
012393 1
012401 712
012409 525
012417 239
012425 825
012433 609
012441 148
012449 946
012457 356
012465 728
012473 686
012481 469
012489 48
012497 567
012505 122
012513 881
012521 262
012529 396
012537 879
012804 537
012812 774
012820 301
012828 65
012836 723
012844 950
012852 487
012860 872
012868 723
012876 66
012884 874
012892 579
012900 4
012908 407
012916 475
012924 123
012932 417
012940 943
012948 474
012956 903
012964 306
012972 400
012980 232
012988 800
012996 434
013004 824
013012 576
013020 890
013028 47
013036 409
013044 86
013052 848
012290 460
012298 901
012306 63
012314 512
012322 907
012330 598
012338 530
012346 499
012354 424
012362 675
012370 757
012378 690
012386 207
012394 162
012402 332
012410 8
012418 278
012426 883
012434 861
012442 51
012450 81
012458 537
012466 904
012474 205
012482 786
012490 744
012498 652
012506 396
012514 906
012522 973
012530 670
012538 909
012805 880
012813 94
012821 883
012829 307
012837 384
012845 611
012853 629
012861 733
012869 868
012877 662
012885 579
012893 524
012901 960
012909 151
012917 835
012925 356
012933 783
012941 845
012949 114
012957 937
012965 893
012973 449
012981 423
012989 80
012997 330
013005 255
013013 745
013021 43
013029 471
013037 983
013045 306
013053 630
012806 408
012814 625
012822 999
012830 694
012838 73
012846 245
012854 848
012862 685
012870 769
012878 679
012886 679
012894 541
012902 955
012910 623
012918 535
012926 306
012934 564
012942 984
012950 402
012958 364
012966 995
012974 224
012982 20
012990 54
012998 869
013006 154
013014 488
013022 880
013030 555
013038 141
013046 707
013054 557
011776 387
011784 263
011792 823
011800 105
011808 697
011816 218
011824 575
011832 712
011840 395
011848 310
011856 892
011864 617
011872 913
011880 691
011888 67
011896 451
011904 673
011912 377
011920 581
011928 265
011936 465
011944 436
011952 969
011960 349
011968 134
011976 788
011984 467
011992 369
012000 470
012008 311
012016 560
012024 558
012551 922
012559 38
012567 131
012575 33
012583 264
012591 735
012599 424
012607 517
012615 266
012623 245
012631 267
012639 886
012647 750
012655 987
012663 690
012671 929
012679 694
012687 460
012695 709
012703 657
012711 557
012719 718
012727 427
012735 250
012743 819
012751 414
012759 98
012767 490
012775 984
012783 899
012791 515
012799 629
012547 831
012555 567
012563 106
012571 163
012579 441
012587 415
012595 339
012603 371
012611 849
012619 37
012627 417
012635 192
012643 403
012651 281
012659 990
012667 986
012675 271
012683 220
012691 833
012699 278
012707 330
012715 411
012723 212
012731 437
012739 97
012747 703
012755 476
012763 942
012771 282
012779 709
012787 355
012795 395
012545 789
012553 62
012561 28
012569 965
012577 433
012585 817
012593 128
012601 721
012609 428
012617 93
012625 121
012633 350
012641 176
012649 586
012657 839
012665 96
012673 80
012681 954
012689 161
012697 312
012705 283
012713 90
012721 815
012729 364
012737 130
012745 353
012753 301
012761 368
012769 401
012777 63
012785 853
012793 639
013060 482
013068 18
013076 980
013084 318
013092 259
013100 698
013108 763
013116 470
013124 586
013132 598
013140 56
013148 925
013156 167
013164 574
013172 143
013180 325
013188 131
013196 188
013204 581
013212 185
013220 769
013228 887
013236 163
013244 931
013252 931
013260 967
013268 919
013276 711
013284 997
013292 448
013300 44
013308 739
012546 537
012554 356
012562 770
012570 776
012578 793
012586 665
012594 827
012602 917
012610 412
012618 650
012626 684
012634 17
012642 454
012650 8
012658 725
012666 471
012674 666
012682 699
012690 222
012698 172
012706 549
012714 753
012722 488
012730 405
012738 645
012746 50
012754 916
012762 526
012770 33
012778 131
012786 691
012794 26
013061 12
013069 314
013077 238
013085 325
013093 222
013101 653
013109 166
013117 967
013125 428
013133 655
013141 772
013149 83
013157 947
013165 412
013173 367
013181 501
013189 398
013197 58
013205 630
013213 878
013221 374
013229 425
013237 414
013245 858
013253 662
013261 296
013269 301
013277 768
013285 733
013293 486
013301 147
013309 642
013062 715
013070 318
013078 889
013086 895
013094 351
013102 562
013110 240
013118 813
013126 573
013134 828
013142 448
013150 383
013158 676
013166 263
013174 986
013182 242
013190 641
013198 574
013206 942
013214 917
013222 176
013230 973
013238 136
013246 374
013254 256
013262 299
013270 119
013278 972
013286 624
013294 915
013302 221
013310 306
012032 194
012040 119
012048 949
012056 15
012064 529
012072 292
012080 487
012088 953
012096 623
012104 405
012112 647
012120 604
012128 753
012136 963
012144 510
012152 68
012160 172
012168 484
012176 80
012184 866
012192 641
012200 998
012208 199
012216 812
012224 879
012232 64
012240 44
012248 805
012256 867
012264 963
012272 75
012280 449
012807 823
012815 559
012823 88
012831 799
012839 167
012847 981
012855 729
012863 497
012871 477
012879 213
012887 867
012895 584
012903 720
012911 690
012919 521
012927 757
012935 969
012943 791
012951 394
012959 681
012967 560
012975 475
012983 425
012991 411
012999 412
013007 525
013015 869
013023 375
013031 916
013039 456
013047 107
013055 476
012803 192
012811 36
012819 717
012827 560
012835 71
012843 870
012851 729
012859 222
012867 293
012875 1
012883 403
012891 254
012899 748
012907 660
012915 511
012923 138
012931 76
012939 332
012947 956
012955 185
012963 254
012971 491
012979 714
012987 268
012995 799
013003 912
013011 458
013019 584
013027 625
013035 620
013043 617
013051 590
012801 814
012809 643
012817 461
012825 328
012833 752
012841 651
012849 824
012857 577
012865 471
012873 987
012881 678
012889 359
012897 312
012905 526
012913 23
012921 969
012929 29
012937 537
012945 126
012953 343
012961 929
012969 851
012977 756
012985 385
012993 562
013001 826
013009 348
013017 972
013025 457
013033 488
013041 468
013049 171
013316 912
013324 402
013332 738
013340 140
013348 108
013356 678
013364 114
013372 468
013380 124
013388 220
013396 184
013404 265
013412 84
013420 622
013428 310
013436 290
013444 750
013452 848
013460 225
013468 262
013476 592
013484 815
013492 537
013500 941
013508 795
013516 226
013524 527
013532 693
013540 165
013548 352
013556 919
013564 519
013317 305
013325 644
013333 305
013341 315
013349 300
013357 414
013365 535
013373 46
013381 389
013389 389
013397 634
013405 358
013413 872
013421 473
013429 500
013437 528
013445 908
013453 493
013461 934
013469 903
013477 848
013485 740
013493 674
013501 813
013509 421
013517 129
013525 869
013533 5
013541 122
013549 418
013557 945
013565 102
012802 498
012810 597
012818 240
012826 123
012834 786
012842 247
012850 346
012858 664
012866 768
012874 422
012882 648
012890 435
012898 789
012906 441
012914 819
012922 810
012930 162
012938 310
012946 365
012954 74
012962 245
012970 349
012978 661
012986 520
012994 144
013002 438
013010 604
013018 974
013026 603
013034 241
013042 690
013050 606
013318 374
013326 85
013334 956
013342 117
013350 666
013358 553
013366 448
013374 299
013382 795
013390 781
013398 163
013406 73
013414 316
013422 630
013430 220
013438 260
013446 238
013454 639
013462 806
013470 299
013478 637
013486 994
013494 594
013502 413
013510 907
013518 281
013526 518
013534 171
013542 875
013550 578
013558 100
013566 670
012288 449
012296 814
012304 458
012312 740
012320 689
012328 38
012336 282
012344 862
012352 263
012360 622
012368 908
012376 780
012384 459
012392 648
012400 19
012408 33
012416 677
012424 208
012432 782
012440 249
012448 312
012456 242
012464 910
012472 866
012480 460
012488 244
012496 749
012504 922
012512 636
012520 650
012528 722
012536 690
013063 473
013071 87
013079 719
013087 406
013095 407
013103 611
013111 617
013119 175
013127 305
013135 765
013143 357
013151 3
013159 627
013167 816
013175 590
013183 291
013191 600
013199 484
013207 151
013215 652
013223 126
013231 345
013239 972
013247 892
013255 654
013263 96
013271 626
013279 184
013287 988
013295 109
013303 177
013311 149
013059 38
013067 279
013075 33
013083 494
013091 224
013099 309
013107 794
013115 561
013123 220
013131 479
013139 377
013147 333
013155 22
013163 537
013171 718
013179 408
013187 199
013195 350
013203 763
013211 650
013219 415
013227 941
013235 127
013243 612
013251 383
013259 280
013267 197
013275 621
013283 735
013291 733
013299 816
013307 617
013057 897
013065 477
013073 823
013081 474
013089 87
013097 880
013105 864
013113 590
013121 442
013129 44
013137 127
013145 567
013153 151
013161 871
013169 611
013177 360
013185 883
013193 2
013201 563
013209 128
013217 988
013225 677
013233 539
013241 345
013249 142
013257 554
013265 971
013273 769
013281 339
013289 980
013297 906
013305 123
013572 86
013580 936
013588 11
013596 448
013604 50
013612 557
013620 53
013628 165
013636 366
013644 889
013652 923
013660 470
013668 83
013676 541
013684 9
013692 202
013700 447
013708 852
013716 735
013724 337
013732 656
013740 623
013748 174
013756 317
013764 986
013772 764
013780 884
013788 581
013796 617
013804 313
013812 153
013820 377
013573 567
013581 420
013589 368
013597 732
013605 889
013613 969
013621 164
013629 657
013637 602
013645 656
013653 957
013661 631
013669 470
013677 137
013685 183
013693 967
013701 422
013709 917
013717 941
013725 718
013733 577
013741 482
013749 703
013757 829
013765 886
013773 436
013781 200
013789 52
013797 866
013805 895
013813 372
013821 670
013574 284
013582 492
013590 991
013598 749
013606 472
013614 765
013622 373
013630 193
013638 391
013646 907
013654 845
013662 56
013670 480
013678 348
013686 426
013694 731
013702 728
013710 129
013718 397
013726 362
013734 890
013742 283
013750 144
013758 101
013766 946
013774 332
013782 215
013790 349
013798 811
013806 673
013814 672
013822 762
013058 981
013066 73
013074 992
013082 98
013090 834
013098 322
013106 190
013114 336
013122 500
013130 393
013138 782
013146 674
013154 155
013162 695
013170 872
013178 593
013186 557
013194 318
013202 303
013210 49
013218 869
013226 985
013234 648
013242 238
013250 801
013258 237
013266 75
013274 654
013282 619
013290 375
013298 564
013306 53
012544 432
012552 316
012560 18
012568 375
012576 97
012584 846
012592 258
012600 202
012608 800
012616 771
012624 520
012632 318
012640 621
012648 572
012656 940
012664 571
012672 937
012680 163
012688 236
012696 233
012704 686
012712 794
012720 208
012728 343
012736 107
012744 370
012752 840
012760 907
012768 860
012776 831
012784 900
012792 930
013319 339
013327 281
013335 270
013343 958
013351 265
013359 625
013367 567
013375 179
013383 345
013391 673
013399 870
013407 505
013415 81
013423 973
013431 874
013439 945
013447 695
013455 219
013463 102
013471 488
013479 677
013487 696
013495 24
013503 667
013511 196
013519 711
013527 59
013535 774
013543 497
013551 431
013559 226
013567 707
013315 249
013323 201
013331 706
013339 21
013347 416
013355 393
013363 71
013371 214
013379 659
013387 181
013395 996
013403 489
013411 295
013419 539
013427 484
013435 876
013443 395
013451 582
013459 194
013467 881
013475 113
013483 448
013491 981
013499 31
013507 336
013515 156
013523 168
013531 659
013539 918
013547 989
013555 888
013563 605
013313 758
013321 556
013329 276
013337 530
013345 825
013353 819
013361 657
013369 313
013377 292
013385 27
013393 798
013401 558
013409 880
013417 882
013425 596
013433 555
013441 643
013449 597
013457 396
013465 906
013473 412
013481 633
013489 528
013497 120
013505 685
013513 355
013521 918
013529 836
013537 496
013545 665
013553 631
013561 89
013828 631
013836 650
013844 708
013852 251
013860 811
013868 559
013876 157
013884 690
013892 640
013900 230
013908 528
013916 602
013924 373
013932 244
013940 555
013948 587
013956 481
013964 413
013972 522
013980 666
013988 782
013996 948
014004 699
014012 541
014020 200
014028 55
014036 647
014044 462
014052 244
014060 112
014068 844
014076 316
013829 235
013837 817
013845 676
013853 177
013861 336
013869 609
013877 634
013885 824
013893 208
013901 204
013909 289
013917 603
013925 483
013933 990
013941 802
013949 356
013957 507
013965 95
013973 396
013981 623
013989 688
013997 806
014005 150
014013 603
014021 268
014029 374
014037 385
014045 313
014053 18
014061 140
014069 134
014077 572
013830 634
013838 729
013846 602
013854 158
013862 643
013870 979
013878 142
013886 159
013894 15
013902 318
013910 774
013918 984
013926 988
013934 831
013942 197
013950 822
013958 467
013966 971
013974 392
013982 516
013990 768
013998 282
014006 952
014014 361
014022 0
014030 637
014038 839
014046 227
014054 902
014062 933
014070 155
014078 56
013314 986
013322 626
013330 106
013338 986
013346 680
013354 944
013362 931
013370 892
013378 401
013386 562
013394 421
013402 315
013410 227
013418 95
013426 863
013434 736
013442 350
013450 289
013458 799
013466 834
013474 817
013482 358
013490 607
013498 382
013506 214
013514 184
013522 542
013530 736
013538 636
013546 840
013554 690
013562 662
012800 172
012808 950
012816 369
012824 599
012832 126
012840 953
012848 137
012856 645
012864 958
012872 867
012880 606
012888 629
012896 140
012904 179
012912 734
012920 556
012928 555
012936 662
012944 271
012952 563
012960 323
012968 286
012976 818
012984 161
012992 43
013000 399
013008 655
013016 694
013024 306
013032 185
013040 416
013048 211
013575 679
013583 580
013591 898
013599 721
013607 239
013615 361
013623 325
013631 803
013639 684
013647 143
013655 27
013663 276
013671 88
013679 688
013687 499
013695 772
013703 179
013711 463
013719 392
013727 73
013735 441
013743 380
013751 611
013759 531
013767 221
013775 313
013783 781
013791 659
013799 36
013807 311
013815 539
013823 231
013571 514
013579 69
013587 652
013595 40
013603 237
013611 973
013619 347
013627 844
013635 962
013643 179
013651 116
013659 391
013667 715
013675 949
013683 585
013691 82
013699 655
013707 992
013715 590
013723 993
013731 51
013739 720
013747 539
013755 689
013763 55
013771 763
013779 140
013787 718
013795 81
013803 16
013811 907
013819 248
014084 471
014092 948
014100 331
014108 997
014116 85
014124 205
014132 941
014140 24
014148 169
014156 964
014164 424
014172 708
014180 424
014188 171
014196 852
014204 481
014212 942
014220 119
014228 66
014236 857
014244 292
014252 862
014260 67
014268 30
014276 567
014284 888
014292 781
014300 407
014308 399
014316 17
014324 54
014332 187
013569 258
013577 472
013585 138
013593 639
013601 309
013609 641
013617 851
013625 162
013633 580
013641 734
013649 16
013657 38
013665 772
013673 100
013681 408
013689 225
013697 133
013705 380
013713 223
013721 83
013729 644
013737 110
013745 884
013753 409
013761 410
013769 437
013777 419
013785 225
013793 554
013801 313
013809 575
013817 529
014085 826
014093 356
014101 38
014109 833
014117 260
014125 619
014133 662
014141 267
014149 783
014157 962
014165 978
014173 454
014181 321
014189 249
014197 243
014205 38
014213 604
014221 329
014229 960
014237 29
014245 300
014253 681
014261 470
014269 428
014277 989
014285 953
014293 371
014301 623
014309 755
014317 754
014325 261
014333 286
014086 265
014094 633
014102 362
014110 451
014118 652
014126 165
014134 780
014142 641
014150 266
014158 578
014166 511
014174 29
014182 834
014190 754
014198 16
014206 433
014214 730
014222 568
014230 877
014238 808
014246 676
014254 339
014262 465
014270 12
014278 555
014286 70
014294 823
014302 838
014310 980
014318 962
014326 834
014334 212
013570 658
013578 7
013586 606
013594 816
013602 665
013610 460
013618 435
013626 392
013634 870
013642 690
013650 217
013658 0
013666 378
013674 804
013682 766
013690 272
013698 994
013706 292
013714 34
013722 752
013730 136
013738 207
013746 789
013754 295
013762 705
013770 434
013778 647
013786 342
013794 859
013802 814
013810 350
013818 246
013056 662
013064 795
013072 729
013080 66
013088 840
013096 740
013104 798
013112 182
013120 994
013128 793
013136 40
013144 39
013152 16
013160 728
013168 770
013176 270
013184 148
013192 541
013200 381
013208 15
013216 803
013224 204
013232 680
013240 748
013248 913
013256 277
013264 506
013272 525
013280 96
013288 823
013296 299
013304 874
013831 889
013839 804
013847 817
013855 713
013863 946
013871 252
013879 493
013887 61
013895 847
013903 906
013911 643
013919 644
013927 37
013935 304
013943 703
013951 401
013959 625
013967 345
013975 670
013983 10
013991 600
013999 669
014007 938
014015 34
014023 870
014031 686
014039 521
014047 236
014055 933
014063 252
014071 560
014079 284
014340 212
014348 716
014356 898
014364 295
014372 357
014380 99
014388 971
014396 532
014404 336
014412 735
014420 802
014428 921
014436 662
014444 346
014452 847
014460 304
014468 716
014476 863
014484 938
014492 196
014500 445
014508 967
014516 509
014524 494
014532 824
014540 740
014548 90
014556 464
014564 266
014572 881
014580 746
014588 703
013827 178
013835 223
013843 27
013851 270
013859 100
013867 894
013875 537
013883 812
013891 691
013899 246
013907 705
013915 705
013923 282
013931 528
013939 430
013947 357
013955 721
013963 426
013971 999
013979 396
013987 69
013995 56
014003 301
014011 607
014019 777
014027 368
014035 789
014043 140
014051 302
014059 753
014067 308
014075 106
014341 25
014349 834
014357 878
014365 946
014373 207
014381 911
014389 710
014397 514
014405 744
014413 877
014421 22
014429 726
014437 534
014445 164
014453 431
014461 161
014469 768
014477 867
014485 980
014493 644
014501 153
014509 595
014517 496
014525 235
014533 746
014541 317
014549 565
014557 119
014565 340
014573 462
014581 812
014589 793
013825 949
013833 991
013841 438
013849 955
013857 472
013865 74
013873 868
013881 264
013889 52
013897 658
013905 25
013913 225
013921 789
013929 796
013937 984
013945 495
013953 74
013961 924
013969 394
013977 117
013985 222
013993 63
014001 127
014009 273
014017 905
014025 375
014033 388
014041 310
014049 547
014057 258
014065 26
014073 45
014342 438
014350 799
014358 125
014366 529
014374 780
014382 752
014390 127
014398 624
014406 755
014414 744
014422 447
014430 3
014438 567
014446 388
014454 561
014462 94
014470 841
014478 635
014486 851
014494 117
014502 455
014510 193
014518 969
014526 677
014534 725
014542 491
014550 459
014558 933
014566 672
014574 998
014582 867
014590 800
013826 104
013834 854
013842 153
013850 747
013858 742
013866 910
013874 968
013882 179
013890 331
013898 329
013906 140
013914 786
013922 418
013930 467
013938 83
013946 497
013954 367
013962 718
013970 911
013978 476
013986 909
013994 103
014002 22
014010 332
014018 801
014026 218
014034 829
014042 732
014050 155
014058 635
014066 164
014074 549
014087 834
014095 708
014103 13
014111 46
014119 773
014127 942
014135 837
014143 786
014151 914
014159 577
014167 91
014175 717
014183 34
014191 485
014199 171
014207 312
014215 669
014223 53
014231 805
014239 581
014247 937
014255 448
014263 820
014271 11
014279 287
014287 40
014295 331
014303 835
014311 221
014319 5
014327 896
014335 263
013312 921
013320 91
013328 862
013336 902
013344 240
013352 801
013360 285
013368 435
013376 377
013384 36
013392 63
013400 462
013408 904
013416 286
013424 281
013432 587
013440 164
013448 741
013456 800
013464 308
013472 659
013480 855
013488 967
013496 528
013504 656
013512 697
013520 989
013528 541
013536 635
013544 828
013552 268
013560 341
014596 755
014604 306
014612 578
014620 986
014628 164
014636 428
014644 408
014652 353
014660 575
014668 891
014676 954
014684 711
014692 88
014700 752
014708 309
014716 521
014724 878
014732 496
014740 624
014748 46
014756 84
014764 974
014772 885
014780 856
014788 133
014796 888
014804 127
014812 155
014820 415
014828 439
014836 24
014844 370
014083 773
014091 322
014099 148
014107 473
014115 360
014123 502
014131 59
014139 117
014147 186
014155 24
014163 212
014171 484
014179 477
014187 469
014195 211
014203 87
014211 222
014219 966
014227 100
014235 441
014243 449
014251 522
014259 242
014267 541
014275 615
014283 232
014291 79
014299 654
014307 929
014315 215
014323 748
014331 785
014597 506
014605 722
014613 284
014621 546
014629 78
014637 374
014645 307
014653 913
014661 963
014669 227
014677 168
014685 754
014693 440
014701 990
014709 50
014717 843
014725 631
014733 230
014741 925
014749 409
014757 820
014765 448
014773 290
014781 805
014789 520
014797 153
014805 794
014813 378
014821 439
014829 318
014837 774
014845 665
014081 721
014089 990
014097 228
014105 527
014113 447
014121 609
014129 858
014137 974
014145 426
014153 826
014161 445
014169 332
014177 206
014185 490
014193 346
014201 958
014209 544
014217 770
014225 258
014233 515
014241 649
014249 705
014257 180
014265 435
014273 877
014281 69
014289 793
014297 4
014305 853
014313 845
014321 360
014329 434
014598 99
014606 76
014614 813
014622 842
014630 73
014638 490
014646 405
014654 362
014662 467
014670 186
014678 269
014686 122
014694 521
014702 844
014710 0
014718 463
014726 143
014734 496
014742 681
014750 94
014758 900
014766 284
014774 328
014782 214
014790 158
014798 550
014806 599
014814 103
014822 932
014830 741
014838 968
014846 747
014082 115
014090 966
014098 797
014106 397
014114 600
014122 907
014130 245
014138 367
014146 622
014154 834
014162 138
014170 478
014178 250
014186 60
014194 27
014202 203
014210 740
014218 179
014226 145
014234 456
014242 910
014250 755
014258 762
014266 271
014274 887
014282 204
014290 318
014298 33
014306 253
014314 127
014322 340
014330 526
014343 198
014351 357
014359 973
014367 351
014375 57
014383 814
014391 872
014399 97
014407 471
014415 686
014423 288
014431 408
014439 106
014447 858
014455 65
014463 809
014471 878
014479 399
014487 395
014495 760
014503 528
014511 956
014519 681
014527 712
014535 266
014543 416
014551 525
014559 784
014567 762
014575 590
014583 208
014591 39
013568 128
013576 282
013584 781
013592 791
013600 288
013608 97
013616 588
013624 951
013632 895
013640 73
013648 15
013656 395
013664 894
013672 227
013680 649
013688 403
013696 722
013704 969
013712 421
013720 320
013728 799
013736 717
013744 857
013752 482
013760 417
013768 49
013776 418
013784 527
013792 793
013800 520
013808 171
013816 735
014852 498
014860 702
014868 321
014876 273
014884 944
014892 209
014900 809
014908 14
014916 491
014924 705
014932 889
014940 353
014948 139
014956 52
014964 402
014972 159
014980 855
014988 878
014996 149
015004 437
015012 852
015020 800
015028 1
015036 641
015044 471
015052 242
015060 266
015068 622
015076 474
015084 336
015092 37
015100 304
014853 836
014861 0
014869 9
014877 599
014885 781
014893 240
014901 904
014909 728
014917 27
014925 425
014933 756
014941 700
014949 640
014957 363
014965 990
014973 307
014981 579
014989 721
014997 175
015005 722
015013 570
015021 738
015029 10
015037 587
015045 142
015053 314
015061 936
015069 217
015077 365
015085 590
015093 837
015101 975
014339 582
014347 821
014355 870
014363 481
014371 832
014379 355
014387 755
014395 593
014403 678
014411 613
014419 110
014427 195
014435 306
014443 575
014451 634
014459 608
014467 468
014475 199
014483 733
014491 674
014499 536
014507 567
014515 689
014523 581
014531 754
014539 540
014547 101
014555 761
014563 36
014571 712
014579 498
014587 276
014854 481
014862 580
014870 682
014878 609
014886 912
014894 166
014902 858
014910 470
014918 45
014926 480
014934 667
014942 258
014950 704
014958 547
014966 470
014974 410
014982 957
014990 569
014998 740
015006 788
015014 623
015022 652
015030 164
015038 748
015046 767
015054 408
015062 189
015070 684
015078 941
015086 74
015094 774
015102 965
014337 140
014345 512
014353 804
014361 862
014369 790
014377 565
014385 650
014393 224
014401 355
014409 308
014417 293
014425 656
014433 798
014441 219
014449 292
014457 36
014465 346
014473 871
014481 64
014489 218
014497 836
014505 129
014513 470
014521 197
014529 514
014537 347
014545 776
014553 938
014561 94
014569 153
014577 178
014585 421
014338 80
014346 876
014354 970
014362 25
014370 6
014378 669
014386 109
014394 164
014402 5
014410 555
014418 838
014426 833
014434 724
014442 691
014450 167
014458 738
014466 491
014474 788
014482 755
014490 314
014498 648
014506 636
014514 810
014522 390
014530 332
014538 906
014546 712
014554 922
014562 352
014570 474
014578 452
014586 448
014599 366
014607 877
014615 402
014623 496
014631 282
014639 125
014647 964
014655 591
014663 185
014671 649
014679 651
014687 298
014695 476
014703 46
014711 768
014719 372
014727 451
014735 248
014743 310
014751 583
014759 718
014767 255
014775 311
014783 943
014791 609
014799 202
014807 563
014815 284
014823 419
014831 402
014839 519
014847 147
013824 658
013832 582
013840 675
013848 766
013856 245
013864 165
013872 254
013880 122
013888 176
013896 870
013904 218
013912 861
013920 881
013928 200
013936 753
013944 173
013952 466
013960 315
013968 131
013976 179
013984 458
013992 942
014000 308
014008 658
014016 854
014024 712
014032 312
014040 37
014048 377
014056 818
014064 810
014072 575
015108 101
015116 420
015124 14
015132 731
015140 257
015148 823
015156 330
015164 645
015172 275
015180 511
015188 471
015196 916
015204 930
015212 408
015220 65
015228 289
015236 978
015244 481
015252 31
015260 237
015268 339
015276 536
015284 641
015292 465
015300 222
015308 794
015316 631
015324 795
015332 307
015340 726
015348 799
015356 249
015109 877
015117 714
015125 813
015133 971
015141 537
015149 207
015157 729
015165 227
015173 901
015181 679
015189 735
015197 700
015205 237
015213 398
015221 513
015229 586
015237 938
015245 331
015253 748
015261 191
015269 133
015277 663
015285 897
015293 635
015301 262
015309 388
015317 922
015325 485
015333 227
015341 623
015349 575
015357 584
014595 35
014603 663
014611 931
014619 508
014627 690
014635 66
014643 586
014651 792
014659 257
014667 626
014675 600
014683 789
014691 115
014699 880
014707 990
014715 145
014723 694
014731 296
014739 979
014747 37
014755 555
014763 262
014771 486
014779 949
014787 989
014795 769
014803 45
014811 207
014819 254
014827 601
014835 729
014843 869
015110 905
015118 283
015126 656
015134 980
015142 565
015150 177
015158 488
015166 639
015174 108
015182 801
015190 9
015198 713
015206 438
015214 196
015222 151
015230 471
015238 306
015246 736
015254 37
015262 533
015270 584
015278 447
015286 613
015294 318
015302 509
015310 98
015318 21
015326 741
015334 778
015342 806
015350 196
015358 6
014593 541
014601 354
014609 832
014617 221
014625 59
014633 261
014641 755
014649 889
014657 283
014665 92
014673 625
014681 923
014689 540
014697 489
014705 5
014713 469
014721 901
014729 434
014737 720
014745 436
014753 806
014761 748
014769 97
014777 733
014785 239
014793 782
014801 836
014809 178
014817 661
014825 931
014833 670
014841 483
014594 627
014602 283
014610 538
014618 41
014626 801
014634 484
014642 921
014650 590
014658 903
014666 763
014674 375
014682 219
014690 118
014698 404
014706 262
014714 919
014722 570
014730 662
014738 564
014746 715
014754 914
014762 255
014770 184
014778 597
014786 174
014794 83
014802 658
014810 972
014818 119
014826 608
014834 893
014842 699
014855 754
014863 976
014871 525
014879 612
014887 453
014895 300
014903 879
014911 143
014919 559
014927 661
014935 251
014943 109
014951 544
014959 799
014967 894
014975 583
014983 347
014991 591
014999 536
015007 50
015015 492
015023 18
015031 675
015039 119
015047 593
015055 904
015063 891
015071 458
015079 444
015087 866
015095 893
015103 485
014080 805
014088 539
014096 239
014104 627
014112 842
014120 347
014128 379
014136 386
014144 930
014152 492
014160 886
014168 352
014176 588
014184 64
014192 280
014200 534
014208 830
014216 609
014224 383
014232 826
014240 560
014248 278
014256 720
014264 937
014272 31
014280 10
014288 613
014296 767
014304 322
014312 955
014320 946
014328 871
015364 447
015372 503
015380 811
015388 466
015396 136
015404 116
015412 787
015420 516
015428 882
015436 729
015444 787
015452 26
015460 149
015468 546
015476 578
015484 830
015492 246
015500 801
015508 777
015516 366
015524 638
015532 540
015540 72
015548 257
015556 199
015564 14
015572 586
015580 325
015588 566
015596 374
015604 837
015612 421
015365 976
015373 377
015381 28
015389 518
015397 751
015405 467
015413 919
015421 247
015429 364
015437 328
015445 547
015453 540
015461 945
015469 545
015477 921
015485 350
015493 102
015501 655
015509 414
015517 750
015525 867
015533 168
015541 792
015549 505
015557 525
015565 393
015573 909
015581 987
015589 57
015597 184
015605 782
015613 119
014851 182
014859 519
014867 450
014875 461
014883 590
014891 410
014899 703
014907 520
014915 821
014923 615
014931 35
014939 666
014947 112
014955 73
014963 96
014971 76
014979 567
014987 842
014995 204
015003 573
015011 449
015019 357
015027 308
015035 888
015043 380
015051 891
015059 487
015067 732
015075 239
015083 576
015091 584
015099 186
015366 375
015374 824
015382 453
015390 964
015398 433
015406 608
015414 379
015422 321
015430 103
015438 942
015446 322
015454 173
015462 44
015470 272
015478 700
015486 562
015494 558
015502 413
015510 966
015518 560
015526 683
015534 770
015542 771
015550 741
015558 797
015566 246
015574 938
015582 999
015590 81
015598 383
015606 452
015614 159
014849 225
014857 485
014865 353
014873 232
014881 764
014889 177
014897 550
014905 504
014913 522
014921 727
014929 263
014937 322
014945 227
014953 545
014961 215
014969 598
014977 732
014985 794
014993 264
015001 3
015009 232
015017 346
015025 911
015033 682
015041 902
015049 83
015057 118
015065 890
015073 317
015081 683
015089 468
015097 758
014850 915
014858 916
014866 715
014874 819
014882 305
014890 466
014898 391
014906 968
014914 965
014922 918
014930 246
014938 429
014946 618
014954 195
014962 816
014970 996
014978 899
014986 615
014994 76
015002 109
015010 682
015018 758
015026 540
015034 514
015042 20
015050 921
015058 91
015066 604
015074 733
015082 543
015090 164
015098 494
015111 230
015119 250
015127 847
015135 756
015143 198
015151 387
015159 512
015167 961
015175 317
015183 715
015191 551
015199 560
015207 364
015215 465
015223 66
015231 329
015239 978
015247 66
015255 669
015263 288
015271 556
015279 924
015287 649
015295 286
015303 892
015311 459
015319 256
015327 561
015335 375
015343 658
015351 420
015359 374
014336 92
014344 526
014352 930
014360 327
014368 605
014376 988
014384 597
014392 756
014400 948
014408 309
014416 842
014424 253
014432 224
014440 273
014448 14
014456 179
014464 475
014472 547
014480 983
014488 645
014496 531
014504 134
014512 79
014520 383
014528 658
014536 13
014544 781
014552 129
014560 577
014568 874
014576 29
014584 496
015620 62
015628 118
015636 965
015644 116
015652 742
015660 625
015668 79
015676 774
015684 672
015692 111
015700 861
015708 360
015716 823
015724 211
015732 838
015740 476
015748 333
015756 337
015764 811
015772 579
015780 873
015788 914
015796 678
015804 189
015812 981
015820 523
015828 907
015836 793
015844 831
015852 342
015860 727
015868 996
015621 545
015629 799
015637 239
015645 793
015653 67
015661 145
015669 43
015677 499
015685 969
015693 819
015701 521
015709 723
015717 500
015725 613
015733 151
015741 598
015749 505
015757 605
015765 309
015773 187
015781 188
015789 408
015797 775
015805 877
015813 250
015821 500
015829 22
015837 252
015845 531
015853 548
015861 624
015869 537
015107 191
015115 921
015123 799
015131 73
015139 790
015147 255
015155 955
015163 584
015171 8
015179 742
015187 907
015195 11
015203 338
015211 187
015219 235
015227 950
015235 929
015243 153
015251 905
015259 823
015267 906
015275 80
015283 949
015291 197
015299 417
015307 658
015315 529
015323 625
015331 536
015339 442
015347 426
015355 460
015622 658
015630 732
015638 880
015646 320
015654 596
015662 658
015670 793
015678 978
015686 513
015694 943
015702 783
015710 307
015718 905
015726 906
015734 150
015742 73
015750 469
015758 127
015766 69
015774 393
015782 420
015790 802
015798 381
015806 616
015814 9
015822 361
015830 543
015838 402
015846 442
015854 290
015862 324
015870 132
015105 253
015113 72
015121 425
015129 151
015137 53
015145 100
015153 387
015161 142
015169 976
015177 399
015185 595
015193 212
015201 195
015209 229
015217 664
015225 548
015233 554
015241 136
015249 939
015257 506
015265 156
015273 275
015281 285
015289 428
015297 204
015305 544
015313 164
015321 689
015329 953
015337 753
015345 702
015353 301
015106 852
015114 423
015122 608
015130 166
015138 278
015146 992
015154 84
015162 531
015170 418
015178 400
015186 798
015194 581
015202 833
015210 273
015218 771
015226 872
015234 765
015242 118
015250 176
015258 432
015266 728
015274 161
015282 920
015290 589
015298 162
015306 958
015314 424
015322 386
015330 938
015338 868
015346 976
015354 549
015367 677
015375 753
015383 796
015391 278
015399 202
015407 178
015415 263
015423 472
015431 700
015439 645
015447 212
015455 898
015463 142
015471 110
015479 899
015487 565
015495 882
015503 441
015511 559
015519 456
015527 695
015535 913
015543 397
015551 409
015559 274
015567 788
015575 775
015583 818
015591 371
015599 189
015607 29
015615 240
014592 785
014600 931
014608 463
014616 551
014624 44
014632 59
014640 145
014648 725
014656 789
014664 721
014672 15
014680 794
014688 267
014696 849
014704 513
014712 675
014720 933
014728 244
014736 22
014744 250
014752 838
014760 87
014768 117
014776 594
014784 896
014792 109
014800 229
014808 972
014816 225
014824 50
014832 262
014840 973
015876 544
015884 887
015892 121
015900 824
015908 191
015916 212
015924 624
015932 211
015940 186
015948 92
015956 778
015964 89
015972 257
015980 903
015988 922
015996 776
016004 527
016012 716
016020 880
016028 238
016036 846
016044 877
016052 531
016060 154
016068 226
016076 320
016084 636
016092 787
016100 145
016108 941
016116 107
016124 326
015877 785
015885 200
015893 335
015901 811
015909 476
015917 614
015925 185
015933 245
015941 656
015949 580
015957 988
015965 180
015973 578
015981 359
015989 177
015997 756
016005 648
016013 561
016021 296
016029 336
016037 960
016045 910
016053 91
016061 222
016069 639
016077 155
016085 691
016093 821
016101 661
016109 638
016117 379
016125 408
015363 610
015371 379
015379 112
015387 765
015395 150
015403 762
015411 710
015419 115
015427 960
015435 142
015443 83
015451 355
015459 928
015467 641
015475 714
015483 515
015491 251
015499 982
015507 84
015515 645
015523 264
015531 515
015539 215
015547 244
015555 2
015563 620
015571 700
015579 208
015587 479
015595 389
015603 482
015611 280
015878 284
015886 956
015894 881
015902 1
015910 213
015918 774
015926 102
015934 180
015942 224
015950 747
015958 810
015966 298
015974 780
015982 908
015990 245
015998 790
016006 19
016014 126
016022 242
016030 256
016038 678
016046 793
016054 75
016062 352
016070 80
016078 708
016086 833
016094 44
016102 505
016110 492
016118 359
016126 450
015361 667
015369 579
015377 857
015385 869
015393 420
015401 659
015409 694
015417 53
015425 333
015433 103
015441 887
015449 498
015457 252
015465 65
015473 770
015481 271
015489 269
015497 869
015505 270
015513 801
015521 452
015529 665
015537 600
015545 318
015553 945
015561 853
015569 885
015577 398
015585 454
015593 345
015601 866
015609 67
015362 271
015370 744
015378 295
015386 898
015394 378
015402 873
015410 578
015418 484
015426 261
015434 982
015442 957
015450 811
015458 610
015466 986
015474 223
015482 6
015490 956
015498 241
015506 760
015514 181
015522 411
015530 69
015538 289
015546 239
015554 860
015562 611
015570 328
015578 78
015586 183
015594 665
015602 584
015610 637
015623 435
015631 511
015639 64
015647 771
015655 667
015663 758
015671 684
015679 310
015687 854
015695 585
015703 593
015711 126
015719 751
015727 383
015735 445
015743 248
015751 138
015759 830
015767 851
015775 215
015783 774
015791 670
015799 895
015807 382
015815 387
015823 13
015831 639
015839 335
015847 675
015855 65
015863 283
015871 298
014848 20
014856 10
014864 658
014872 510
014880 506
014888 572
014896 497
014904 648
014912 127
014920 79
014928 552
014936 629
014944 0
014952 136
014960 362
014968 758
014976 821
014984 850
014992 121
015000 629
015008 671
015016 285
015024 697
015032 850
015040 996
015048 848
015056 305
015064 99
015072 149
015080 307
015088 680
015096 488
016132 454
016140 896
016148 26
016156 210
016164 101
016172 310
016180 907
016188 273
016196 247
016204 514
016212 336
016220 310
016228 411
016236 913
016244 610
016252 911
016260 217
016268 228
016276 950
016284 924
016292 823
016300 260
016308 569
016316 567
016324 162
016332 876
016340 821
016348 747
016356 892
016364 243
016372 474
016380 533
016133 462
016141 176
016149 431
016157 470
016165 571
016173 323
016181 942
016189 113
016197 780
016205 343
016213 853
016221 501
016229 159
016237 436
016245 879
016253 918
016261 3
016269 76
016277 798
016285 818
016293 122
016301 337
016309 609
016317 348
016325 993
016333 717
016341 166
016349 693
016357 707
016365 193
016373 449
016381 886
015619 234
015627 755
015635 666
015643 20
015651 534
015659 377
015667 640
015675 695
015683 303
015691 665
015699 282
015707 585
015715 232
015723 213
015731 354
015739 613
015747 689
015755 57
015763 755
015771 405
015779 440
015787 499
015795 508
015803 82
015811 852
015819 37
015827 418
015835 657
015843 912
015851 163
015859 37
015867 600
016134 787
016142 500
016150 688
016158 811
016166 461
016174 151
016182 209
016190 776
016198 189
016206 853
016214 384
016222 703
016230 151
016238 175
016246 270
016254 476
016262 567
016270 213
016278 611
016286 3
016294 151
016302 844
016310 569
016318 1
016326 210
016334 515
016342 896
016350 805
016358 8
016366 655
016374 769
016382 901
015617 127
015625 219
015633 538
015641 164
015649 796
015657 138
015665 762
015673 952
015681 523
015689 782
015697 855
015705 442
015713 101
015721 251
015729 959
015737 143
015745 474
015753 930
015761 117
015769 692
015777 557
015785 945
015793 1
015801 579
015809 820
015817 796
015825 146
015833 595
015841 695
015849 537
015857 566
015865 211
015618 49
015626 736
015634 80
015642 140
015650 825
015658 158
015666 671
015674 966
015682 423
015690 766
015698 991
015706 877
015714 730
015722 379
015730 778
015738 229
015746 943
015754 835
015762 722
015770 333
015778 11
015786 284
015794 629
015802 421
015810 897
015818 790
015826 790
015834 386
015842 214
015850 417
015858 286
015866 29
015879 574
015887 758
015895 445
015903 874
015911 228
015919 32
015927 740
015935 489
015943 298
015951 831
015959 214
015967 52
015975 349
015983 59
015991 982
015999 468
016007 524
016015 893
016023 848
016031 986
016039 690
016047 715
016055 961
016063 902
016071 962
016079 181
016087 525
016095 971
016103 741
016111 127
016119 177
016127 567
015104 17
015112 643
015120 894
015128 102
015136 637
015144 570
015152 980
015160 281
015168 982
015176 257
015184 136
015192 381
015200 215
015208 596
015216 385
015224 485
015232 751
015240 833
015248 724
015256 439
015264 23
015272 902
015280 858
015288 868
015296 101
015304 466
015312 238
015320 212
015328 514
015336 185
015344 451
015352 834
016388 298
016396 967
016404 781
016412 463
016420 776
016428 500
016436 689
016444 338
016452 723
016460 996
016468 831
016476 891
016484 562
016492 763
016500 202
016508 692
016516 366
016524 130
016532 408
016540 352
016548 246
016556 720
016564 93
016572 8
016580 635
016588 583
016596 470
016604 296
016612 839
016620 944
016628 538
016636 292
016389 0
016397 337
016405 809
016413 201
016421 348
016429 999
016437 967
016445 575
016453 386
016461 888
016469 400
016477 325
016485 386
016493 791
016501 476
016509 637
016517 793
016525 851
016533 118
016541 83
016549 374
016557 433
016565 18
016573 422
016581 878
016589 215
016597 392
016605 898
016613 499
016621 473
016629 690
016637 1
015875 777
015883 481
015891 24
015899 880
015907 664
015915 65
015923 529
015931 310
015939 490
015947 634
015955 615
015963 631
015971 169
015979 431
015987 47
015995 429
016003 334
016011 729
016019 13
016027 186
016035 661
016043 289
016051 925
016059 53
016067 531
016075 303
016083 937
016091 733
016099 880
016107 286
016115 870
016123 0
016390 919
016398 40
016406 739
016414 874
016422 407
016430 805
016438 901
016446 316
016454 265
016462 886
016470 631
016478 904
016486 808
016494 809
016502 454
016510 16
016518 395
016526 657
016534 387
016542 379
016550 825
016558 925
016566 404
016574 99
016582 267
016590 810
016598 76
016606 345
016614 134
016622 600
016630 410
016638 539
015873 123
015881 427
015889 286
015897 735
015905 397
015913 423
015921 947
015929 115
015937 505
015945 922
015953 795
015961 318
015969 579
015977 803
015985 868
015993 292
016001 3
016009 102
016017 8
016025 585
016033 683
016041 659
016049 795
016057 306
016065 667
016073 589
016081 164
016089 897
016097 655
016105 686
016113 506
016121 945
015874 866
015882 659
015890 199
015898 64
015906 406
015914 854
015922 511
015930 384
015938 551
015946 573
015954 40
015962 372
015970 619
015978 990
015986 171
015994 431
016002 972
016010 868
016018 865
016026 506
016034 571
016042 472
016050 10
016058 922
016066 190
016074 481
016082 986
016090 919
016098 614
016106 66
016114 700
016122 123
016644 816
016652 255
016660 577
016668 23
016676 132
016684 730
016692 141
016700 481
016708 862
016716 924
016724 97
016732 925
016740 119
016748 632
016756 414
016764 361
016772 461
016780 183
016788 255
016796 312
016804 270
016812 582
016820 842
016828 960
016836 986
016844 15
016852 96
016860 444
016868 837
016876 472
016884 294
016892 941
016135 732
016143 976
016151 971
016159 960
016167 433
016175 919
016183 227
016191 502
016199 522
016207 196
016215 524
016223 833
016231 552
016239 825
016247 688
016255 825
016263 263
016271 928
016279 411
016287 228
016295 872
016303 105
016311 76
016319 656
016327 762
016335 783
016343 265
016351 897
016359 893
016367 203
016375 514
016383 646
015360 827
015368 262
015376 361
015384 304
015392 56
015400 130
015408 387
015416 712
015424 244
015432 814
015440 395
015448 868
015456 811
015464 17
015472 674
015480 10
015488 576
015496 661
015504 857
015512 126
015520 428
015528 684
015536 330
015544 486
015552 208
015560 75
015568 513
015576 912
015584 882
015592 791
015600 672
015608 112
016645 156
016653 124
016661 494
016669 22
016677 444
016685 373
016693 911
016701 924
016709 684
016717 6
016725 329
016733 246
016741 326
016749 179
016757 100
016765 411
016773 350
016781 264
016789 730
016797 74
016805 615
016813 533
016821 124
016829 26
016837 669
016845 9
016853 124
016861 795
016869 535
016877 628
016885 515
016893 286
016646 436
016654 181
016662 198
016670 976
016678 867
016686 683
016694 771
016702 831
016710 769
016718 861
016726 132
016734 139
016742 870
016750 897
016758 140
016766 323
016774 731
016782 140
016790 249
016798 857
016806 191
016814 288
016822 119
016830 28
016838 877
016846 963
016854 173
016862 608
016870 324
016878 459
016886 137
016894 222
016131 454
016139 254
016147 641
016155 834
016163 889
016171 334
016179 71
016187 182
016195 320
016203 162
016211 564
016219 536
016227 258
016235 435
016243 121
016251 288
016259 244
016267 673
016275 814
016283 657
016291 100
016299 776
016307 245
016315 860
016323 191
016331 105
016339 317
016347 880
016355 836
016363 452
016371 983
016379 830
016129 419
016137 999
016145 776
016153 241
016161 290
016169 516
016177 253
016185 197
016193 530
016201 887
016209 620
016217 695
016225 431
016233 356
016241 779
016249 388
016257 266
016265 872
016273 508
016281 981
016289 959
016297 635
016305 806
016313 165
016321 150
016329 204
016337 458
016345 955
016353 602
016361 819
016369 104
016377 308
016130 810
016138 561
016146 463
016154 51
016162 533
016170 601
016178 81
016186 222
016194 345
016202 119
016210 867
016218 601
016226 785
016234 417
016242 241
016250 352
016258 655
016266 501
016274 79
016282 528
016290 585
016298 714
016306 763
016314 25
016322 537
016330 936
016338 7
016346 81
016354 788
016362 383
016370 571
016378 620
016900 767
016908 310
016916 117
016924 202
016932 634
016940 472
016948 625
016956 427
016964 886
016972 638
016980 706
016988 830
016996 819
017004 39
017012 594
017020 908
017028 509
017036 453
017044 660
017052 321
017060 32
017068 788
017076 966
017084 965
017092 159
017100 294
017108 172
017116 203
017124 579
017132 836
017140 723
017148 347
016391 978
016399 579
016407 570
016415 188
016423 378
016431 795
016439 919
016447 73
016455 153
016463 292
016471 95
016479 490
016487 318
016495 103
016503 899
016511 853
016519 916
016527 510
016535 185
016543 477
016551 474
016559 796
016567 424
016575 127
016583 387
016591 461
016599 723
016607 652
016615 340
016623 838
016631 872
016639 779
015616 326
015624 410
015632 247
015640 800
015648 417
015656 446
015664 527
015672 470
015680 669
015688 957
015696 753
015704 978
015712 843
015720 652
015728 189
015736 509
015744 815
015752 403
015760 980
015768 431
015776 506
015784 41
015792 935
015800 375
015808 319
015816 381
015824 457
015832 166
015840 415
015848 450
015856 413
015864 13
016901 242
016909 5
016917 983
016925 869
016933 635
016941 348
016949 677
016957 626
016965 296
016973 280
016981 198
016989 292
016997 439
017005 623
017013 406
017021 213
017029 786
017037 789
017045 512
017053 757
017061 287
017069 198
017077 873
017085 940
017093 563
017101 586
017109 73
017117 531
017125 64
017133 996
017141 392
017149 334
016902 867
016910 869
016918 980
016926 997
016934 419
016942 830
016950 468
016958 982
016966 21
016974 288
016982 98
016990 935
016998 423
017006 604
017014 44
017022 754
017030 474
017038 932
017046 368
017054 673
017062 890
017070 747
017078 420
017086 719
017094 316
017102 306
017110 335
017118 534
017126 704
017134 112
017142 790
017150 895
016387 284
016395 545
016403 349
016411 228
016419 925
016427 14
016435 651
016443 681
016451 973
016459 278
016467 636
016475 933
016483 44
016491 693
016499 487
016507 991
016515 788
016523 665
016531 34
016539 126
016547 356
016555 944
016563 67
016571 234
016579 624
016587 285
016595 589
016603 322
016611 77
016619 578
016627 31
016635 45
016385 486
016393 244
016401 499
016409 964
016417 12
016425 607
016433 320
016441 53
016449 563
016457 814
016465 509
016473 219
016481 89
016489 189
016497 414
016505 747
016513 507
016521 362
016529 207
016537 482
016545 905
016553 125
016561 182
016569 713
016577 193
016585 790
016593 607
016601 500
016609 365
016617 570
016625 849
016633 670
016386 983
016394 696
016402 125
016410 168
016418 838
016426 102
016434 818
016442 518
016450 581
016458 33
016466 945
016474 251
016482 428
016490 728
016498 750
016506 728
016514 978
016522 400
016530 574
016538 166
016546 264
016554 444
016562 749
016570 588
016578 715
016586 323
016594 249
016602 780
016610 614
016618 479
016626 617
016634 120
017156 873
017164 423
017172 0
017180 394
017188 881
017196 135
017204 664
017212 63
017220 375
017228 433
017236 202
017244 361
017252 713
017260 650
017268 174
017276 447
017284 457
017292 976
017300 29
017308 644
017316 369
017324 569
017332 470
017340 603
017348 393
017356 6
017364 972
017372 319
017380 352
017388 59
017396 68
017404 738
017157 616
017165 706
017173 979
017181 793
017189 139
017197 617
017205 664
017213 972
017221 820
017229 40
017237 806
017245 935
017253 242
017261 108
017269 230
017277 710
017285 456
017293 248
017301 629
017309 914
017317 49
017325 517
017333 243
017341 276
017349 369
017357 308
017365 883
017373 617
017381 545
017389 67
017397 531
017405 525
016647 754
016655 567
016663 384
016671 194
016679 571
016687 40
016695 323
016703 915
016711 396
016719 142
016727 284
016735 904
016743 416
016751 582
016759 464
016767 552
016775 838
016783 46
016791 96
016799 145
016807 434
016815 408
016823 422
016831 156
016839 998
016847 954
016855 222
016863 678
016871 61
016879 137
016887 464
016895 357
015872 848
015880 890
015888 470
015896 153
015904 471
015912 463
015920 240
015928 12
015936 869
015944 813
015952 832
015960 206
015968 602
015976 943
015984 673
015992 780
016000 992
016008 461
016016 407
016024 575
016032 229
016040 276
016048 288
016056 45
016064 529
016072 662
016080 827
016088 749
016096 718
016104 707
016112 809
016120 430
017158 870
017166 145
017174 855
017182 386
017190 870
017198 850
017206 287
017214 900
017222 26
017230 317
017238 254
017246 328
017254 668
017262 664
017270 773
017278 708
017286 942
017294 738
017302 239
017310 218
017318 270
017326 684
017334 83
017342 765
017350 439
017358 704
017366 264
017374 215
017382 55
017390 320
017398 990
017406 822
016643 900
016651 222
016659 103
016667 219
016675 490
016683 17
016691 672
016699 50
016707 768
016715 316
016723 808
016731 622
016739 391
016747 969
016755 618
016763 29
016771 663
016779 191
016787 961
016795 835
016803 972
016811 768
016819 758
016827 535
016835 856
016843 643
016851 472
016859 138
016867 867
016875 750
016883 579
016891 634
016641 701
016649 249
016657 179
016665 422
016673 629
016681 743
016689 623
016697 646
016705 249
016713 941
016721 627
016729 360
016737 377
016745 228
016753 123
016761 744
016769 425
016777 73
016785 414
016793 22
016801 213
016809 34
016817 491
016825 471
016833 817
016841 123
016849 648
016857 924
016865 682
016873 546
016881 973
016889 862
016642 476
016650 335
016658 6
016666 611
016674 355
016682 617
016690 162
016698 863
016706 708
016714 547
016722 684
016730 908
016738 178
016746 767
016754 598
016762 872
016770 947
016778 810
016786 826
016794 523
016802 243
016810 205
016818 435
016826 525
016834 286
016842 925
016850 183
016858 958
016866 172
016874 974
016882 457
016890 345
017412 479
017420 34
017428 331
017436 728
017444 332
017452 803
017460 530
017468 885
017476 999
017484 423
017492 579
017500 27
017508 638
017516 191
017524 26
017532 869
017540 607
017548 988
017556 631
017564 533
017572 794
017580 790
017588 596
017596 618
017604 673
017612 342
017620 581
017628 273
017636 200
017644 117
017652 9
017660 129
017413 447
017421 100
017429 39
017437 246
017445 123
017453 615
017461 47
017469 373
017477 382
017485 477
017493 111
017501 795
017509 448
017517 797
017525 923
017533 600
017541 787
017549 691
017557 559
017565 764
017573 961
017581 945
017589 774
017597 712
017605 764
017613 60
017621 193
017629 834
017637 57
017645 894
017653 230
017661 82
016903 39
016911 356
016919 447
016927 420
016935 599
016943 547
016951 910
016959 58
016967 584
016975 350
016983 434
016991 313
016999 594
017007 644
017015 981
017023 758
017031 179
017039 469
017047 275
017055 79
017063 19
017071 478
017079 269
017087 904
017095 385
017103 632
017111 126
017119 403
017127 43
017135 182
017143 32
017151 226
016128 595
016136 302
016144 109
016152 793
016160 838
016168 296
016176 23
016184 804
016192 760
016200 984
016208 689
016216 142
016224 713
016232 788
016240 128
016248 674
016256 112
016264 563
016272 902
016280 166
016288 346
016296 657
016304 157
016312 915
016320 850
016328 385
016336 161
016344 436
016352 693
016360 522
016368 602
016376 846
017414 943
017422 576
017430 428
017438 652
017446 636
017454 577
017462 169
017470 560
017478 414
017486 107
017494 521
017502 184
017510 835
017518 981
017526 485
017534 539
017542 642
017550 447
017558 984
017566 843
017574 75
017582 841
017590 960
017598 911
017606 729
017614 330
017622 633
017630 872
017638 453
017646 744
017654 458
017662 881
016899 903
016907 784
016915 37
016923 383
016931 732
016939 532
016947 898
016955 136
016963 355
016971 387
016979 456
016987 323
016995 396
017003 639
017011 393
017019 934
017027 182
017035 435
017043 106
017051 185
017059 928
017067 118
017075 940
017083 846
017091 511
017099 129
017107 780
017115 398
017123 530
017131 199
017139 897
017147 215
016897 1
016905 832
016913 690
016921 251
016929 856
016937 725
016945 696
016953 177
016961 612
016969 470
016977 773
016985 640
016993 726
017001 579
017009 169
017017 90
017025 471
017033 265
017041 182
017049 567
017057 59
017065 515
017073 94
017081 202
017089 355
017097 542
017105 748
017113 958
017121 844
017129 840
017137 620
017145 204
016898 920
016906 18
016914 77
016922 190
016930 992
016938 4
016946 518
016954 802
016962 242
016970 39
016978 975
016986 123
016994 990
017002 893
017010 285
017018 701
017026 735
017034 689
017042 650
017050 294
017058 229
017066 506
017074 953
017082 467
017090 944
017098 674
017106 591
017114 570
017122 686
017130 288
017138 509
017146 618
017668 813
017676 117
017684 369
017692 796
017700 761
017708 368
017716 766
017724 813
017732 546
017740 465
017748 495
017756 44
017764 996
017772 602
017780 864
017788 868
017796 426
017804 887
017812 131
017820 416
017828 458
017836 5
017844 761
017852 412
017860 474
017868 156
017876 368
017884 589
017892 431
017900 512
017908 87
017916 849
017669 847
017677 162
017685 904
017693 247
017701 629
017709 983
017717 845
017725 3
017733 405
017741 65
017749 594
017757 933
017765 176
017773 56
017781 817
017789 445
017797 964
017805 633
017813 448
017821 96
017829 570
017837 195
017845 708
017853 373
017861 899
017869 993
017877 266
017885 363
017893 642
017901 881
017909 711
017917 60
017159 609
017167 143
017175 900
017183 712
017191 421
017199 563
017207 942
017215 555
017223 401
017231 656
017239 209
017247 728
017255 658
017263 312
017271 815
017279 112
017287 73
017295 198
017303 868
017311 683
017319 8
017327 536
017335 204
017343 576
017351 977
017359 207
017367 244
017375 911
017383 856
017391 567
017399 499
017407 487
016384 599
016392 941
016400 479
016408 727
016416 167
016424 477
016432 126
016440 921
016448 960
016456 796
016464 117
016472 921
016480 247
016488 582
016496 48
016504 110
016512 376
016520 957
016528 323
016536 570
016544 884
016552 559
016560 200
016568 956
016576 730
016584 782
016592 597
016600 133
016608 405
016616 824
016624 875
016632 914
017670 296
017678 43
017686 109
017694 360
017702 995
017710 471
017718 25
017726 647
017734 954
017742 916
017750 562
017758 751
017766 107
017774 930
017782 948
017790 37
017798 435
017806 934
017814 713
017822 608
017830 79
017838 785
017846 178
017854 285
017862 222
017870 232
017878 190
017886 130
017894 94
017902 372
017910 494
017918 785
017155 329
017163 43
017171 456
017179 716
017187 489
017195 196
017203 790
017211 184
017219 453
017227 985
017235 569
017243 688
017251 651
017259 645
017267 363
017275 998
017283 550
017291 147
017299 380
017307 607
017315 8
017323 344
017331 352
017339 980
017347 632
017355 977
017363 183
017371 545
017379 737
017387 351
017395 180
017403 513
017153 773
017161 997
017169 526
017177 648
017185 316
017193 117
017201 201
017209 587
017217 132
017225 570
017233 693
017241 592
017249 319
017257 412
017265 881
017273 349
017281 982
017289 126
017297 918
017305 750
017313 932
017321 9
017329 655
017337 718
017345 410
017353 710
017361 755
017369 66
017377 503
017385 995
017393 415
017401 469
017154 434
017162 846
017170 980
017178 666
017186 836
017194 79
017202 727
017210 528
017218 841
017226 619
017234 296
017242 808
017250 795
017258 374
017266 415
017274 738
017282 219
017290 631
017298 895
017306 802
017314 203
017322 660
017330 541
017338 363
017346 200
017354 883
017362 971
017370 422
017378 508
017386 270
017394 137
017402 252
017924 997
017932 462
017940 606
017948 384
017956 804
017964 406
017972 760
017980 525
017988 350
017996 648
018004 955
018012 253
018020 829
018028 470
018036 181
018044 199
018052 765
018060 71
018068 263
018076 367
018084 569
018092 468
018100 318
018108 740
018116 569
018124 765
018132 112
018140 569
018148 278
018156 517
018164 427
018172 224
017925 775
017933 180
017941 6
017949 828
017957 129
017965 370
017973 813
017981 50
017989 720
017997 496
018005 879
018013 613
018021 482
018029 808
018037 546
018045 612
018053 438
018061 729
018069 366
018077 531
018085 474
018093 90
018101 273
018109 988
018117 487
018125 661
018133 794
018141 492
018149 662
018157 314
018165 387
018173 690
017415 292
017423 99
017431 364
017439 374
017447 814
017455 441
017463 143
017471 44
017479 603
017487 757
017495 5
017503 266
017511 414
017519 614
017527 907
017535 510
017543 899
017551 715
017559 693
017567 912
017575 788
017583 670
017591 740
017599 133
017607 5
017615 385
017623 34
017631 231
017639 107
017647 251
017655 692
017663 819
016640 494
016648 993
016656 806
016664 134
016672 802
016680 219
016688 358
016696 723
016704 21
016712 603
016720 668
016728 421
016736 921
016744 258
016752 728
016760 243
016768 576
016776 617
016784 997
016792 926
016800 990
016808 992
016816 339
016824 208
016832 711
016840 671
016848 481
016856 871
016864 60
016872 540
016880 902
016888 260
017926 13
017934 136
017942 462
017950 936
017958 379
017966 988
017974 379
017982 27
017990 993
017998 636
018006 514
018014 87
018022 879
018030 627
018038 723
018046 895
018054 886
018062 404
018070 214
018078 582
018086 672
018094 580
018102 321
018110 60
018118 468
018126 568
018134 11
018142 957
018150 863
018158 919
018166 494
018174 381
017411 628
017419 479
017427 27
017435 639
017443 35
017451 464
017459 251
017467 298
017475 945
017483 350
017491 284
017499 48
017507 33
017515 413
017523 115
017531 240
017539 263
017547 591
017555 653
017563 124
017571 960
017579 911
017587 617
017595 300
017603 321
017611 632
017619 165
017627 98
017635 322
017643 494
017651 142
017659 64
017409 886
017417 100
017425 115
017433 382
017441 128
017449 438
017457 970
017465 898
017473 108
017481 692
017489 766
017497 392
017505 536
017513 839
017521 565
017529 176
017537 566
017545 823
017553 343
017561 100
017569 946
017577 203
017585 163
017593 386
017601 703
017609 487
017617 54
017625 459
017633 410
017641 644
017649 447
017657 453
017410 396
017418 552
017426 186
017434 706
017442 42
017450 624
017458 206
017466 531
017474 914
017482 475
017490 539
017498 697
017506 751
017514 351
017522 788
017530 345
017538 836
017546 671
017554 132
017562 522
017570 829
017578 769
017586 104
017594 421
017602 258
017610 552
017618 521
017626 705
017634 977
017642 65
017650 980
017658 208
018180 30
018188 275
018196 568
018204 843
018212 877
018220 592
018228 933
018236 399
018244 750
018252 219
018260 270
018268 497
018276 24
018284 472
018292 183
018300 53
018308 358
018316 831
018324 802
018332 332
018340 188
018348 166
018356 108
018364 494
018372 936
018380 165
018388 356
018396 960
018404 380
018412 810
018420 777
018428 88
017671 211
017679 446
017687 917
017695 865
017703 381
017711 48
017719 993
017727 601
017735 148
017743 432
017751 60
017759 433
017767 355
017775 767
017783 788
017791 356
017799 270
017807 871
017815 561
017823 293
017831 768
017839 415
017847 585
017855 478
017863 226
017871 378
017879 78
017887 448
017895 268
017903 151
017911 919
017919 502
018181 273
018189 361
018197 872
018205 945
018213 839
018221 984
018229 308
018237 408
018245 848
018253 480
018261 605
018269 475
018277 40
018285 506
018293 393
018301 815
018309 430
018317 285
018325 815
018333 811
018341 235
018349 615
018357 459
018365 329
018373 56
018381 179
018389 681
018397 31
018405 214
018413 302
018421 915
018429 470
016896 589
016904 102
016912 451
016920 872
016928 421
016936 242
016944 132
016952 812
016960 716
016968 933
016976 276
016984 54
016992 915
017000 672
017008 97
017016 140
017024 177
017032 749
017040 425
017048 796
017056 724
017064 412
017072 106
017080 871
017088 949
017096 134
017104 850
017112 197
017120 249
017128 585
017136 40
017144 169
018182 541
018190 286
018198 935
018206 645
018214 720
018222 704
018230 898
018238 30
018246 521
018254 67
018262 565
018270 323
018278 706
018286 998
018294 19
018302 228
018310 255
018318 554
018326 266
018334 875
018342 652
018350 712
018358 480
018366 345
018374 517
018382 961
018390 935
018398 550
018406 282
018414 485
018422 442
018430 523
017667 884
017675 559
017683 701
017691 613
017699 890
017707 784
017715 139
017723 555
017731 940
017739 182
017747 956
017755 398
017763 50
017771 576
017779 372
017787 548
017795 842
017803 67
017811 153
017819 968
017827 133
017835 962
017843 231
017851 73
017859 579
017867 296
017875 247
017883 111
017891 499
017899 899
017907 962
017915 528
017665 345
017673 563
017681 664
017689 334
017697 702
017705 621
017713 60
017721 504
017729 286
017737 635
017745 413
017753 703
017761 329
017769 958
017777 882
017785 816
017793 595
017801 837
017809 429
017817 953
017825 572
017833 728
017841 282
017849 586
017857 371
017865 474
017873 281
017881 35
017889 287
017897 771
017905 183
017913 230
017666 210
017674 399
017682 715
017690 584
017698 416
017706 388
017714 712
017722 269
017730 97
017738 767
017746 22
017754 416
017762 321
017770 500
017778 192
017786 22
017794 373
017802 136
017810 423
017818 692
017826 761
017834 997
017842 78
017850 412
017858 644
017866 566
017874 111
017882 473
017890 306
017898 797
017906 944
017914 702
018436 565
018444 368
018452 66
018460 51
018468 271
018476 877
018484 255
018492 839
018500 289
018508 659
018516 896
018524 954
018532 274
018540 794
018548 666
018556 811
018564 437
018572 733
018580 772
018588 23
018596 102
018604 278
018612 125
018620 1
018628 680
018636 893
018644 87
018652 26
018660 694
018668 357
018676 265
018684 710
018437 92
018445 402
018453 11
018461 44
018469 921
018477 544
018485 191
018493 250
018501 822
018509 596
018517 121
018525 972
018533 165
018541 148
018549 745
018557 363
018565 951
018573 74
018581 922
018589 120
018597 848
018605 556
018613 470
018621 166
018629 166
018637 776
018645 536
018653 693
018661 337
018669 661
018677 662
018685 49
017927 120
017935 7
017943 328
017951 783
017959 477
017967 847
017975 269
017983 145
017991 470
017999 303
018007 963
018015 132
018023 717
018031 56
018039 450
018047 513
018055 392
018063 451
018071 7
018079 655
018087 336
018095 827
018103 420
018111 80
018119 881
018127 492
018135 580
018143 460
018151 681
018159 506
018167 669
018175 30
017152 328
017160 997
017168 211
017176 435
017184 17
017192 578
017200 916
017208 181
017216 339
017224 477
017232 894
017240 923
017248 572
017256 188
017264 806
017272 418
017280 29
017288 169
017296 420
017304 29
017312 804
017320 70
017328 489
017336 580
017344 864
017352 339
017360 400
017368 153
017376 343
017384 513
017392 45
017400 243
018438 796
018446 318
018454 773
018462 513
018470 295
018478 230
018486 515
018494 414
018502 334
018510 434
018518 492
018526 740
018534 61
018542 993
018550 819
018558 264
018566 679
018574 56
018582 39
018590 978
018598 331
018606 305
018614 703
018622 59
018630 771
018638 190
018646 586
018654 689
018662 271
018670 118
018678 425
018686 404
017923 106
017931 547
017939 943
017947 474
017955 557
017963 45
017971 787
017979 427
017987 238
017995 486
018003 888
018011 366
018019 282
018027 451
018035 672
018043 320
018051 800
018059 850
018067 461
018075 184
018083 424
018091 184
018099 632
018107 758
018115 432
018123 864
018131 863
018139 755
018147 133
018155 445
018163 84
018171 366
017921 680
017929 447
017937 738
017945 716
017953 276
017961 42
017969 730
017977 132
017985 110
017993 620
018001 986
018009 751
018017 465
018025 686
018033 197
018041 849
018049 460
018057 851
018065 922
018073 497
018081 756
018089 771
018097 745
018105 268
018113 468
018121 492
018129 985
018137 642
018145 658
018153 194
018161 74
018169 609
017922 80
017930 94
017938 75
017946 570
017954 467
017962 998
017970 43
017978 596
017986 919
017994 394
018002 96
018010 123
018018 930
018026 293
018034 802
018042 874
018050 401
018058 926
018066 505
018074 363
018082 846
018090 941
018098 856
018106 758
018114 202
018122 110
018130 872
018138 440
018146 100
018154 39
018162 126
018170 122
018692 620
018700 70
018708 951
018716 241
018724 254
018732 260
018740 379
018748 242
018756 230
018764 249
018772 150
018780 430
018788 584
018796 673
018804 166
018812 497
018820 808
018828 186
018836 167
018844 462
018852 422
018860 213
018868 941
018876 80
018884 12
018892 524
018900 536
018908 962
018916 137
018924 257
018932 832
018940 600
018693 736
018701 202
018709 574
018717 238
018725 769
018733 471
018741 299
018749 457
018757 190
018765 963
018773 489
018781 1
018789 764
018797 823
018805 128
018813 36
018821 234
018829 825
018837 13
018845 871
018853 692
018861 740
018869 118
018877 239
018885 862
018893 385
018901 287
018909 383
018917 583
018925 456
018933 576
018941 387
018183 341
018191 485
018199 497
018207 727
018215 772
018223 300
018231 638
018239 820
018247 560
018255 955
018263 725
018271 165
018279 43
018287 932
018295 433
018303 518
018311 761
018319 928
018327 701
018335 754
018343 229
018351 592
018359 4
018367 164
018375 988
018383 770
018391 892
018399 179
018407 604
018415 876
018423 657
018431 765
017408 54
017416 854
017424 706
017432 63
017440 990
017448 752
017456 642
017464 531
017472 641
017480 518
017488 391
017496 791
017504 171
017512 441
017520 892
017528 772
017536 702
017544 567
017552 172
017560 502
017568 198
017576 724
017584 587
017592 542
017600 900
017608 880
017616 972
017624 687
017632 706
017640 229
017648 373
017656 654
018694 5
018702 48
018710 521
018718 112
018726 299
018734 870
018742 376
018750 56
018758 666
018766 183
018774 739
018782 755
018790 970
018798 644
018806 118
018814 26
018822 946
018830 797
018838 256
018846 567
018854 610
018862 339
018870 423
018878 333
018886 807
018894 546
018902 943
018910 197
018918 69
018926 654
018934 777
018942 747
018179 768
018187 110
018195 905
018203 158
018211 939
018219 845
018227 993
018235 493
018243 970
018251 473
018259 586
018267 407
018275 948
018283 83
018291 728
018299 904
018307 932
018315 961
018323 531
018331 316
018339 396
018347 820
018355 91
018363 576
018371 51
018379 715
018387 282
018395 745
018403 823
018411 806
018419 404
018427 702
018177 705
018185 382
018193 597
018201 390
018209 355
018217 856
018225 357
018233 580
018241 201
018249 256
018257 239
018265 986
018273 557
018281 324
018289 289
018297 424
018305 141
018313 301
018321 568
018329 464
018337 912
018345 583
018353 578
018361 857
018369 770
018377 278
018385 879
018393 148
018401 511
018409 185
018417 359
018425 53
018948 513
018956 991
018964 768
018972 922
018980 746
018988 137
018996 940
019004 445
019012 451
019020 839
019028 724
019036 620
019044 778
019052 166
019060 143
019068 546
019076 295
019084 132
019092 318
019100 407
019108 626
019116 441
019124 261
019132 79
019140 717
019148 579
019156 223
019164 704
019172 840
019180 14
019188 400
019196 790
018178 218
018186 622
018194 850
018202 810
018210 828
018218 446
018226 461
018234 781
018242 988
018250 557
018258 647
018266 268
018274 501
018282 602
018290 778
018298 629
018306 452
018314 871
018322 829
018330 266
018338 156
018346 523
018354 56
018362 542
018370 522
018378 646
018386 656
018394 112
018402 787
018410 888
018418 917
018426 659
018949 534
018957 848
018965 928
018973 457
018981 41
018989 776
018997 201
019005 120
019013 439
019021 48
019029 240
019037 525
019045 454
019053 251
019061 716
019069 406
019077 184
019085 497
019093 988
019101 8
019109 892
019117 516
019125 437
019133 582
019141 40
019149 975
019157 909
019165 518
019173 240
019181 358
019189 635
019197 391
018439 700
018447 816
018455 424
018463 569
018471 203
018479 600
018487 540
018495 138
018503 218
018511 164
018519 671
018527 249
018535 552
018543 211
018551 109
018559 282
018567 993
018575 544
018583 419
018591 956
018599 631
018607 120
018615 287
018623 87
018631 706
018639 171
018647 916
018655 448
018663 774
018671 578
018679 487
018687 768
017664 706
017672 482
017680 310
017688 235
017696 879
017704 323
017712 258
017720 873
017728 406
017736 875
017744 176
017752 680
017760 958
017768 565
017776 204
017784 903
017792 912
017800 539
017808 874
017816 305
017824 407
017832 256
017840 899
017848 356
017856 424
017864 402
017872 791
017880 561
017888 346
017896 943
017904 550
017912 286
018950 491
018958 464
018966 123
018974 423
018982 480
018990 733
018998 823
019006 286
019014 79
019022 357
019030 431
019038 782
019046 93
019054 827
019062 573
019070 606
019078 972
019086 433
019094 36
019102 792
019110 3
019118 228
019126 463
019134 596
019142 66
019150 809
019158 551
019166 697
019174 74
019182 627
019190 308
019198 545
018435 160
018443 864
018451 398
018459 664
018467 479
018475 995
018483 249
018491 459
018499 222
018507 3
018515 96
018523 771
018531 63
018539 255
018547 824
018555 268
018563 582
018571 972
018579 127
018587 356
018595 833
018603 679
018611 885
018619 922
018627 795
018635 446
018643 726
018651 582
018659 954
018667 699
018675 896
018683 642
018433 846
018441 653
018449 525
018457 963
018465 250
018473 595
018481 268
018489 665
018497 811
018505 956
018513 75
018521 384
018529 226
018537 803
018545 438
018553 478
018561 8
018569 263
018577 55
018585 685
018593 640
018601 101
018609 861
018617 254
018625 651
018633 241
018641 908
018649 563
018657 778
018665 703
018673 918
018681 695
019204 290
019212 941
019220 758
019228 181
019236 937
019244 990
019252 162
019260 477
019268 604
019276 588
019284 802
019292 478
019300 441
019308 401
019316 844
019324 485
019332 9
019340 744
019348 313
019356 610
019364 39
019372 124
019380 315
019388 389
019396 961
019404 447
019412 597
019420 379
019428 809
019436 581
019444 659
019452 196
018434 938
018442 47
018450 363
018458 212
018466 398
018474 884
018482 677
018490 693
018498 960
018506 635
018514 399
018522 635
018530 146
018538 476
018546 158
018554 478
018562 920
018570 245
018578 940
018586 420
018594 796
018602 610
018610 834
018618 456
018626 610
018634 404
018642 98
018650 644
018658 432
018666 185
018674 58
018682 676
019205 447
019213 679
019221 827
019229 775
019237 784
019245 257
019253 495
019261 107
019269 620
019277 433
019285 764
019293 999
019301 754
019309 722
019317 717
019325 216
019333 571
019341 608
019349 997
019357 202
019365 833
019373 269
019381 984
019389 781
019397 436
019405 864
019413 35
019421 553
019429 338
019437 153
019445 424
019453 567
018695 876
018703 948
018711 377
018719 389
018727 391
018735 229
018743 916
018751 721
018759 162
018767 297
018775 28
018783 450
018791 296
018799 326
018807 722
018815 869
018823 742
018831 530
018839 909
018847 156
018855 494
018863 521
018871 810
018879 942
018887 1
018895 669
018903 885
018911 902
018919 489
018927 283
018935 336
018943 583
019206 928
019214 758
019222 534
019230 679
019238 693
019246 903
019254 516
019262 460
019270 599
019278 282
019286 303
019294 164
019302 952
019310 729
019318 426
019326 620
019334 879
019342 597
019350 580
019358 377
019366 122
019374 469
019382 765
019390 884
019398 381
019406 159
019414 938
019422 786
019430 432
019438 713
019446 180
019454 919
017920 794
017928 889
017936 340
017944 433
017952 674
017960 489
017968 572
017976 606
017984 791
017992 209
018000 481
018008 624
018016 870
018024 65
018032 316
018040 233
018048 733
018056 642
018064 63
018072 754
018080 314
018088 711
018096 60
018104 90
018112 560
018120 336
018128 550
018136 513
018144 709
018152 198
018160 873
018168 278
018691 449
018699 166
018707 157
018715 57
018723 376
018731 325
018739 638
018747 573
018755 1
018763 953
018771 627
018779 538
018787 625
018795 414
018803 852
018811 111
018819 999
018827 651
018835 632
018843 193
018851 747
018859 184
018867 992
018875 73
018883 540
018891 865
018899 795
018907 13
018915 759
018923 64
018931 400
018939 842
018689 535
018697 821
018705 115
018713 722
018721 775
018729 692
018737 931
018745 803
018753 28
018761 802
018769 895
018777 809
018785 692
018793 513
018801 183
018809 288
018817 597
018825 35
018833 62
018841 255
018849 583
018857 593
018865 884
018873 544
018881 105
018889 632
018897 272
018905 36
018913 260
018921 388
018929 258
018937 863
019460 41
019468 966
019476 14
019484 361
019492 503
019500 469
019508 824
019516 123
019524 213
019532 399
019540 651
019548 407
019556 402
019564 748
019572 64
019580 742
019588 364
019596 171
019604 861
019612 453
019620 613
019628 796
019636 442
019644 232
019652 831
019660 103
019668 460
019676 669
019684 617
019692 711
019700 736
019708 548
019461 918
019469 50
019477 467
019485 558
019493 188
019501 191
019509 774
019517 73
019525 881
019533 626
019541 692
019549 26
019557 98
019565 5
019573 184
019581 307
019589 375
019597 984
019605 226
019613 193
019621 643
019629 133
019637 285
019645 636
019653 106
019661 546
019669 577
019677 604
019685 803
019693 847
019701 540
019709 295
018690 837
018698 288
018706 746
018714 12
018722 26
018730 346
018738 720
018746 905
018754 929
018762 790
018770 145
018778 596
018786 293
018794 167
018802 213
018810 78
018818 306
018826 880
018834 207
018842 128
018850 849
018858 727
018866 792
018874 213
018882 360
018890 680
018898 641
018906 406
018914 516
018922 588
018930 635
018938 460
018951 631
018959 381
018967 496
018975 674
018983 755
018991 214
018999 581
019007 487
019015 622
019023 622
019031 783
019039 873
019047 821
019055 696
019063 797
019071 533
019079 897
019087 632
019095 811
019103 434
019111 959
019119 897
019127 196
019135 989
019143 753
019151 113
019159 213
019167 100
019175 434
019183 993
019191 42
019199 232
019462 602
019470 130
019478 848
019486 281
019494 677
019502 197
019510 289
019518 732
019526 848
019534 38
019542 18
019550 815
019558 311
019566 295
019574 372
019582 999
019590 599
019598 168
019606 929
019614 944
019622 103
019630 908
019638 108
019646 439
019654 836
019662 308
019670 623
019678 348
019686 841
019694 690
019702 939
019710 463
018176 218
018184 377
018192 868
018200 372
018208 831
018216 852
018224 115
018232 527
018240 27
018248 820
018256 385
018264 726
018272 365
018280 684
018288 349
018296 143
018304 211
018312 218
018320 528
018328 803
018336 730
018344 543
018352 881
018360 206
018368 475
018376 634
018384 763
018392 998
018400 790
018408 562
018416 133
018424 772
018947 427
018955 509
018963 648
018971 712
018979 250
018987 692
018995 420
019003 313
019011 611
019019 972
019027 759
019035 771
019043 480
019051 810
019059 624
019067 285
019075 758
019083 287
019091 681
019099 384
019107 827
019115 446
019123 686
019131 204
019139 165
019147 834
019155 894
019163 76
019171 387
019179 643
019187 965
019195 50
018945 996
018953 122
018961 43
018969 832
018977 74
018985 11
018993 562
019001 211
019009 433
019017 827
019025 498
019033 964
019041 682
019049 917
019057 411
019065 63
019073 881
019081 588
019089 672
019097 719
019105 436
019113 113
019121 30
019129 466
019137 856
019145 857
019153 556
019161 227
019169 935
019177 699
019185 482
019193 870
019716 868
019724 375
019732 961
019740 113
019748 581
019756 335
019764 205
019772 753
019780 300
019788 770
019796 406
019804 261
019812 100
019820 236
019828 583
019836 321
019844 357
019852 857
019860 979
019868 667
019876 712
019884 207
019892 796
019900 75
019908 370
019916 631
019924 694
019932 9
019940 274
019948 489
019956 450
019964 75
019717 750
019725 256
019733 416
019741 254
019749 903
019757 259
019765 478
019773 61
019781 448
019789 191
019797 38
019805 597
019813 629
019821 397
019829 60
019837 874
019845 231
019853 925
019861 574
019869 446
019877 633
019885 952
019893 890
019901 133
019909 849
019917 16
019925 12
019933 938
019941 115
019949 222
019957 210
019965 421
018946 581
018954 46
018962 135
018970 884
018978 673
018986 800
018994 39
019002 711
019010 777
019018 356
019026 268
019034 369
019042 743
019050 119
019058 491
019066 623
019074 917
019082 295
019090 611
019098 410
019106 12
019114 361
019122 839
019130 607
019138 333
019146 623
019154 612
019162 731
019170 589
019178 942
019186 281
019194 641
019207 979
019215 25
019223 53
019231 903
019239 316
019247 888
019255 338
019263 161
019271 341
019279 73
019287 394
019295 323
019303 210
019311 315
019319 686
019327 517
019335 410
019343 57
019351 445
019359 812
019367 982
019375 982
019383 963
019391 307
019399 105
019407 532
019415 579
019423 398
019431 893
019439 92
019447 950
019455 571
019718 913
019726 887
019734 997
019742 67
019750 114
019758 927
019766 476
019774 858
019782 318
019790 99
019798 226
019806 333
019814 981
019822 280
019830 107
019838 573
019846 330
019854 625
019862 261
019870 248
019878 726
019886 748
019894 590
019902 197
019910 923
019918 192
019926 272
019934 941
019942 706
019950 927
019958 247
019966 291
018432 123
018440 636
018448 756
018456 506
018464 636
018472 62
018480 968
018488 272
018496 592
018504 285
018512 499
018520 37
018528 172
018536 871
018544 400
018552 485
018560 278
018568 669
018576 799
018584 798
018592 412
018600 559
018608 649
018616 55
018624 800
018632 123
018640 552
018648 740
018656 280
018664 833
018672 497
018680 923
019203 214
019211 717
019219 466
019227 596
019235 645
019243 48
019251 396
019259 660
019267 206
019275 657
019283 706
019291 686
019299 134
019307 723
019315 451
019323 559
019331 891
019339 528
019347 845
019355 617
019363 385
019371 759
019379 73
019387 787
019395 453
019403 265
019411 482
019419 861
019427 969
019435 350
019443 373
019451 92
019201 878
019209 619
019217 145
019225 467
019233 306
019241 80
019249 981
019257 966
019265 402
019273 617
019281 739
019289 697
019297 358
019305 487
019313 562
019321 631
019329 504
019337 787
019345 777
019353 423
019361 962
019369 510
019377 891
019385 289
019393 387
019401 741
019409 835
019417 244
019425 695
019433 334
019441 144
019449 401
019972 955
019980 470
019988 774
019996 614
020004 547
020012 738
020020 980
020028 588
020036 502
020044 561
020052 666
020060 260
020068 378
020076 298
020084 792
020092 907
020100 551
020108 103
020116 844
020124 493
020132 297
020140 704
020148 949
020156 940
020164 307
020172 180
020180 140
020188 782
020196 266
020204 964
020212 330
020220 834
019973 338
019981 349
019989 3
019997 478
020005 893
020013 268
020021 717
020029 299
020037 190
020045 813
020053 0
020061 583
020069 920
020077 637
020085 592
020093 653
020101 64
020109 711
020117 772
020125 931
020133 124
020141 428
020149 818
020157 559
020165 136
020173 803
020181 265
020189 603
020197 426
020205 357
020213 666
020221 574
019463 993
019471 407
019479 481
019487 673
019495 665
019503 870
019511 304
019519 185
019527 602
019535 283
019543 956
019551 237
019559 236
019567 992
019575 277
019583 918
019591 591
019599 752
019607 296
019615 875
019623 281
019631 433
019639 587
019647 439
019655 658
019663 230
019671 482
019679 693
019687 493
019695 92
019703 625
019711 459
019202 333
019210 688
019218 146
019226 492
019234 721
019242 54
019250 935
019258 862
019266 552
019274 947
019282 471
019290 477
019298 448
019306 854
019314 546
019322 784
019330 958
019338 620
019346 218
019354 889
019362 233
019370 552
019378 891
019386 11
019394 562
019402 459
019410 157
019418 746
019426 843
019434 670
019442 0
019450 940
019974 58
019982 279
019990 602
019998 675
020006 74
020014 127
020022 582
020030 926
020038 216
020046 855
020054 964
020062 668
020070 339
020078 260
020086 88
020094 878
020102 46
020110 665
020118 980
020126 270
020134 909
020142 223
020150 657
020158 654
020166 2
020174 82
020182 159
020190 624
020198 491
020206 520
020214 320
020222 954
018688 468
018696 622
018704 549
018712 794
018720 307
018728 952
018736 516
018744 866
018752 472
018760 931
018768 566
018776 757
018784 902
018792 267
018800 176
018808 456
018816 976
018824 134
018832 550
018840 593
018848 930
018856 971
018864 712
018872 682
018880 850
018888 402
018896 503
018904 388
018912 368
018920 257
018928 808
018936 300
019459 956
019467 299
019475 16
019483 995
019491 681
019499 144
019507 334
019515 150
019523 656
019531 323
019539 614
019547 507
019555 470
019563 650
019571 922
019579 137
019587 202
019595 967
019603 945
019611 850
019619 272
019627 479
019635 219
019643 138
019651 269
019659 911
019667 106
019675 279
019683 57
019691 300
019699 208
019707 259
020228 127
020236 77
020244 258
020252 543
020260 980
020268 174
020276 705
020284 533
020292 524
020300 537
020308 972
020316 651
020324 114
020332 484
020340 915
020348 617
020356 740
020364 708
020372 399
020380 414
020388 152
020396 184
020404 338
020412 611
020420 681
020428 539
020436 53
020444 393
020452 399
020460 833
020468 513
020476 76
019457 35
019465 774
019473 758
019481 637
019489 911
019497 663
019505 853
019513 508
019521 948
019529 77
019537 551
019545 640
019553 464
019561 403
019569 380
019577 143
019585 218
019593 112
019601 239
019609 537
019617 37
019625 12
019633 561
019641 789
019649 746
019657 205
019665 780
019673 159
019681 499
019689 930
019697 64
019705 374
020229 678
020237 968
020245 117
020253 297
020261 34
020269 945
020277 65
020285 301
020293 219
020301 766
020309 281
020317 655
020325 651
020333 713
020341 682
020349 229
020357 843
020365 313
020373 653
020381 646
020389 552
020397 10
020405 891
020413 473
020421 550
020429 108
020437 538
020445 213
020453 151
020461 473
020469 989
020477 791
019719 15
019727 622
019735 119
019743 68
019751 977
019759 745
019767 891
019775 927
019783 927
019791 407
019799 123
019807 699
019815 863
019823 278
019831 886
019839 649
019847 314
019855 250
019863 436
019871 41
019879 182
019887 441
019895 285
019903 469
019911 385
019919 841
019927 559
019935 629
019943 267
019951 585
019959 256
019967 501
019458 473
019466 346
019474 491
019482 422
019490 1
019498 714
019506 431
019514 442
019522 401
019530 424
019538 750
019546 222
019554 257
019562 576
019570 169
019578 705
019586 282
019594 554
019602 528
019610 380
019618 452
019626 0
019634 186
019642 978
019650 738
019658 60
019666 322
019674 907
019682 615
019690 453
019698 446
019706 742
018944 448
018952 260
018960 70
018968 622
018976 902
018984 579
018992 29
019000 620
019008 203
019016 167
019024 705
019032 429
019040 784
019048 164
019056 931
019064 444
019072 455
019080 660
019088 987
019096 839
019104 881
019112 405
019120 602
019128 753
019136 478
019144 889
019152 55
019160 184
019168 304
019176 416
019184 926
019192 810
020230 698
020238 818
020246 790
020254 233
020262 308
020270 566
020278 124
020286 280
020294 471
020302 237
020310 279
020318 359
020326 130
020334 718
020342 318
020350 284
020358 145
020366 93
020374 555
020382 720
020390 64
020398 849
020406 148
020414 586
020422 367
020430 71
020438 792
020446 915
020454 126
020462 297
020470 806
020478 906
019715 779
019723 39
019731 276
019739 298
019747 113
019755 758
019763 652
019771 466
019779 405
019787 944
019795 216
019803 124
019811 936
019819 991
019827 740
019835 289
019843 693
019851 996
019859 464
019867 196
019875 212
019883 437
019891 772
019899 831
019907 619
019915 739
019923 694
019931 528
019939 320
019947 188
019955 179
019963 704
020484 765
020492 36
020500 157
020508 658
020516 626
020524 74
020532 529
020540 310
020548 809
020556 188
020564 896
020572 110
020580 432
020588 826
020596 36
020604 372
020612 836
020620 450
020628 922
020636 509
020644 99
020652 827
020660 434
020668 167
020676 453
020684 82
020692 407
020700 652
020708 955
020716 157
020724 207
020732 881
019713 635
019721 3
019729 206
019737 991
019745 289
019753 136
019761 26
019769 798
019777 783
019785 929
019793 915
019801 566
019809 366
019817 345
019825 970
019833 178
019841 109
019849 161
019857 616
019865 612
019873 204
019881 337
019889 518
019897 681
019905 485
019913 887
019921 315
019929 741
019937 341
019945 868
019953 329
019961 676
020485 693
020493 154
020501 787
020509 754
020517 75
020525 462
020533 521
020541 464
020549 928
020557 312
020565 451
020573 702
020581 903
020589 79
020597 472
020605 416
020613 954
020621 277
020629 927
020637 431
020645 421
020653 171
020661 645
020669 565
020677 610
020685 238
020693 964
020701 862
020709 481
020717 483
020725 504
020733 423
019975 949
019983 211
019991 344
019999 187
020007 895
020015 105
020023 59
020031 523
020039 14
020047 196
020055 791
020063 496
020071 200
020079 997
020087 894
020095 150
020103 869
020111 20
020119 463
020127 728
020135 29
020143 305
020151 999
020159 873
020167 558
020175 428
020183 200
020191 779
020199 983
020207 528
020215 923
020223 451
019714 192
019722 840
019730 695
019738 222
019746 759
019754 63
019762 838
019770 769
019778 742
019786 517
019794 965
019802 698
019810 586
019818 858
019826 728
019834 600
019842 104
019850 132
019858 378
019866 265
019874 683
019882 177
019890 321
019898 21
019906 650
019914 804
019922 472
019930 992
019938 588
019946 268
019954 300
019962 967
019200 421
019208 164
019216 862
019224 301
019232 902
019240 9
019248 892
019256 340
019264 823
019272 937
019280 758
019288 371
019296 848
019304 370
019312 74
019320 719
019328 205
019336 899
019344 49
019352 332
019360 137
019368 212
019376 350
019384 8
019392 530
019400 227
019408 259
019416 994
019424 425
019432 427
019440 248
019448 241
020486 544
020494 304
020502 977
020510 632
020518 122
020526 81
020534 382
020542 464
020550 301
020558 533
020566 796
020574 996
020582 3
020590 835
020598 277
020606 420
020614 832
020622 660
020630 902
020638 606
020646 22
020654 820
020662 595
020670 913
020678 953
020686 546
020694 709
020702 215
020710 937
020718 838
020726 933
020734 50
019971 313
019979 504
019987 720
019995 948
020003 392
020011 89
020019 276
020027 291
020035 533
020043 67
020051 632
020059 580
020067 196
020075 417
020083 2
020091 949
020099 767
020107 626
020115 276
020123 634
020131 487
020139 612
020147 314
020155 68
020163 817
020171 782
020179 294
020187 196
020195 411
020203 172
020211 610
020219 465
020740 90
020748 874
020756 148
020764 504
020772 631
020780 755
020788 357
020796 326
020804 217
020812 307
020820 940
020828 273
020836 687
020844 342
020852 269
020860 839
020868 754
020876 275
020884 499
020892 521
020900 20
020908 712
020916 254
020924 164
020932 437
020940 801
020948 912
020956 383
020964 42
020972 652
020980 720
020988 122
020741 752
020749 153
020757 618
020765 186
020773 696
020781 896
020789 428
020797 312
020805 807
020813 320
020821 757
020829 480
020837 477
020845 646
020853 903
020861 479
020869 92
020877 968
020885 850
020893 830
020901 855
020909 640
020917 322
020925 40
020933 702
020941 505
020949 464
020957 530
020965 19
020973 126
020981 467
020989 691
019969 715
019977 731
019985 787
019993 814
020001 787
020009 328
020017 7
020025 95
020033 135
020041 427
020049 854
020057 675
020065 176
020073 489
020081 883
020089 704
020097 877
020105 145
020113 491
020121 832
020129 497
020137 822
020145 828
020153 299
020161 145
020169 146
020177 645
020185 577
020193 494
020201 642
020209 848
020217 146
020231 598
020239 955
020247 424
020255 509
020263 743
020271 358
020279 441
020287 831
020295 406
020303 510
020311 198
020319 192
020327 232
020335 480
020343 607
020351 532
020359 595
020367 59
020375 13
020383 87
020391 34
020399 992
020407 665
020415 326
020423 206
020431 884
020439 544
020447 131
020455 857
020463 664
020471 971
020479 754
019970 581
019978 117
019986 25
019994 414
020002 863
020010 238
020018 769
020026 642
020034 513
020042 796
020050 498
020058 996
020066 821
020074 455
020082 478
020090 616
020098 231
020106 436
020114 624
020122 246
020130 870
020138 692
020146 977
020154 571
020162 995
020170 170
020178 165
020186 275
020194 176
020202 315
020210 928
020218 599
019456 639
019464 820
019472 340
019480 590
019488 222
019496 778
019504 265
019512 185
019520 36
019528 642
019536 691
019544 293
019552 78
019560 277
019568 391
019576 176
019584 140
019592 487
019600 515
019608 952
019616 39
019624 661
019632 573
019640 69
019648 537
019656 64
019664 261
019672 965
019680 786
019688 366
019696 466
019704 738
020742 880
020750 937
020758 461
020766 537
020774 856
020782 953
020790 81
020798 152
020806 971
020814 129
020822 891
020830 610
020838 848
020846 376
020854 59
020862 645
020870 229
020878 964
020886 569
020894 897
020902 313
020910 15
020918 43
020926 749
020934 525
020942 50
020950 748
020958 878
020966 578
020974 303
020982 44
020990 689
020227 560
020235 847
020243 775
020251 946
020259 810
020267 536
020275 437
020283 355
020291 993
020299 159
020307 459
020315 359
020323 471
020331 178
020339 741
020347 817
020355 95
020363 872
020371 998
020379 891
020387 544
020395 557
020403 321
020411 783
020419 113
020427 525
020435 983
020443 833
020451 899
020459 834
020467 651
020475 197
020996 568
021004 439
021012 875
021020 361
021028 563
021036 784
021044 949
021052 584
021060 724
021068 330
021076 878
021084 394
021092 390
021100 532
021108 551
021116 813
021124 551
021132 727
021140 987
021148 78
021156 520
021164 625
021172 656
021180 565
021188 904
021196 786
021204 927
021212 992
021220 633
021228 717
021236 558
021244 513
020997 84
021005 913
021013 943
021021 299
021029 354
021037 466
021045 272
021053 553
021061 147
021069 583
021077 301
021085 772
021093 221
021101 637
021109 209
021117 581
021125 127
021133 585
021141 621
021149 209
021157 404
021165 615
021173 137
021181 360
021189 536
021197 318
021205 597
021213 41
021221 827
021229 662
021237 104
021245 819
020225 163
020233 157
020241 681
020249 241
020257 21
020265 747
020273 992
020281 623
020289 374
020297 639
020305 170
020313 67
020321 978
020329 386
020337 494
020345 518
020353 646
020361 686
020369 717
020377 966
020385 696
020393 940
020401 368
020409 873
020417 488
020425 523
020433 735
020441 404
020449 912
020457 729
020465 413
020473 379
020487 908
020495 344
020503 73
020511 695
020519 175
020527 595
020535 282
020543 189
020551 66
020559 707
020567 548
020575 580
020583 27
020591 86
020599 858
020607 226
020615 343
020623 66
020631 812
020639 536
020647 51
020655 556
020663 872
020671 156
020679 588
020687 889
020695 542
020703 703
020711 102
020719 559
020727 462
020735 906
020226 189
020234 990
020242 848
020250 638
020258 598
020266 641
020274 779
020282 723
020290 615
020298 743
020306 662
020314 689
020322 70
020330 341
020338 519
020346 522
020354 271
020362 720
020370 663
020378 485
020386 878
020394 226
020402 153
020410 379
020418 824
020426 505
020434 216
020442 859
020450 822
020458 403
020466 270
020474 939
019712 638
019720 495
019728 841
019736 716
019744 648
019752 731
019760 130
019768 867
019776 751
019784 789
019792 980
019800 268
019808 134
019816 901
019824 877
019832 107
019840 128
019848 955
019856 736
019864 418
019872 227
019880 695
019888 69
019896 182
019904 691
019912 929
019920 938
019928 196
019936 604
019944 239
019952 478
019960 118
020998 352
021006 281
021014 196
021022 994
021030 322
021038 269
021046 662
021054 454
021062 962
021070 683
021078 625
021086 746
021094 475
021102 760
021110 45
021118 350
021126 910
021134 820
021142 889
021150 730
021158 734
021166 858
021174 877
021182 375
021190 496
021198 117
021206 323
021214 903
021222 737
021230 236
021238 60
021246 734
020483 911
020491 228
020499 480
020507 551
020515 781
020523 465
020531 584
020539 774
020547 411
020555 107
020563 778
020571 956
020579 782
020587 281
020595 131
020603 351
020611 474
020619 223
020627 464
020635 243
020643 230
020651 39
020659 674
020667 444
020675 355
020683 658
020691 322
020699 568
020707 336
020715 604
020723 806
020731 668
021252 28
021260 507
021268 387
021276 757
021284 257
021292 469
021300 844
021308 885
021316 256
021324 586
021332 322
021340 238
021348 19
021356 617
021364 453
021372 449
021380 714
021388 304
021396 268
021404 298
021412 484
021420 124
021428 837
021436 553
021444 951
021452 869
021460 974
021468 547
021476 444
021484 552
021492 824
021500 589
021253 776
021261 35
021269 887
021277 809
021285 169
021293 291
021301 670
021309 873
021317 13
021325 315
021333 479
021341 989
021349 584
021357 37
021365 459
021373 986
021381 8
021389 209
021397 18
021405 439
021413 137
021421 880
021429 797
021437 2
021445 33
021453 731
021461 568
021469 744
021477 305
021485 434
021493 322
021501 115
020481 342
020489 377
020497 419
020505 301
020513 243
020521 622
020529 634
020537 149
020545 102
020553 226
020561 411
020569 209
020577 274
020585 606
020593 918
020601 767
020609 906
020617 653
020625 566
020633 817
020641 848
020649 314
020657 776
020665 282
020673 799
020681 984
020689 666
020697 164
020705 987
020713 233
020721 400
020729 42
020743 671
020751 629
020759 57
020767 759
020775 637
020783 442
020791 290
020799 147
020807 632
020815 289
020823 23
020831 627
020839 735
020847 209
020855 824
020863 926
020871 540
020879 81
020887 692
020895 817
020903 425
020911 873
020919 521
020927 21
020935 718
020943 449
020951 976
020959 759
020967 968
020975 430
020983 643
020991 39
020482 661
020490 821
020498 769
020506 932
020514 262
020522 779
020530 759
020538 159
020546 69
020554 688
020562 222
020570 814
020578 507
020586 433
020594 467
020602 745
020610 718
020618 205
020626 919
020634 557
020642 907
020650 221
020658 719
020666 922
020674 449
020682 289
020690 123
020698 137
020706 941
020714 298
020722 245
020730 683
019968 845
019976 9
019984 888
019992 229
020000 110
020008 61
020016 995
020024 290
020032 724
020040 823
020048 604
020056 442
020064 983
020072 90
020080 250
020088 644
020096 396
020104 94
020112 58
020120 150
020128 516
020136 42
020144 86
020152 302
020160 875
020168 286
020176 374
020184 843
020192 615
020200 814
020208 756
020216 766
021254 653
021262 190
021270 110
021278 328
021286 961
021294 64
021302 279
021310 438
021318 836
021326 688
021334 873
021342 75
021350 444
021358 620
021366 159
021374 389
021382 921
021390 264
021398 917
021406 783
021414 713
021422 172
021430 990
021438 455
021446 199
021454 122
021462 168
021470 802
021478 670
021486 408
021494 303
021502 287
020739 302
020747 902
020755 375
020763 886
020771 975
020779 427
020787 470
020795 475
020803 657
020811 159
020819 726
020827 949
020835 822
020843 412
020851 304
020859 165
020867 696
020875 801
020883 359
020891 172
020899 64
020907 491
020915 163
020923 857
020931 499
020939 25
020947 821
020955 129
020963 626
020971 158
020979 786
020987 355
021508 720
021516 960
021524 150
021532 412
021540 23
021548 47
021556 398
021564 871
021572 391
021580 629
021588 715
021596 482
021604 81
021612 778
021620 10
021628 502
021636 491
021644 253
021652 113
021660 696
021668 123
021676 136
021684 486
021692 219
021700 492
021708 301
021716 19
021724 942
021732 596
021740 170
021748 25
021756 952
021509 99
021517 393
021525 753
021533 490
021541 962
021549 634
021557 342
021565 261
021573 454
021581 433
021589 808
021597 212
021605 134
021613 841
021621 405
021629 124
021637 903
021645 319
021653 996
021661 328
021669 123
021677 131
021685 720
021693 546
021701 738
021709 469
021717 447
021725 313
021733 615
021741 804
021749 504
021757 882
020737 997
020745 830
020753 838
020761 712
020769 673
020777 736
020785 467
020793 963
020801 599
020809 574
020817 518
020825 794
020833 465
020841 779
020849 902
020857 645
020865 621
020873 697
020881 197
020889 126
020897 827
020905 426
020913 573
020921 823
020929 231
020937 535
020945 65
020953 412
020961 13
020969 433
020977 779
020985 762
020999 773
021007 816
021015 912
021023 14
021031 790
021039 118
021047 139
021055 804
021063 189
021071 820
021079 678
021087 106
021095 811
021103 122
021111 545
021119 158
021127 991
021135 462
021143 159
021151 335
021159 711
021167 739
021175 186
021183 200
021191 589
021199 49
021207 387
021215 526
021223 710
021231 141
021239 15
021247 938
020738 566
020746 64
020754 932
020762 322
020770 711
020778 404
020786 31
020794 112
020802 94
020810 11
020818 267
020826 817
020834 308
020842 156
020850 177
020858 486
020866 413
020874 865
020882 273
020890 239
020898 946
020906 591
020914 801
020922 92
020930 117
020938 839
020946 700
020954 20
020962 178
020970 802
020978 72
020986 115
020224 578
020232 498
020240 309
020248 270
020256 919
020264 332
020272 102
020280 459
020288 507
020296 795
020304 780
020312 786
020320 168
020328 267
020336 619
020344 984
020352 714
020360 243
020368 987
020376 555
020384 464
020392 793
020400 899
020408 160
020416 374
020424 699
020432 688
020440 646
020448 230
020456 529
020464 78
020472 592
021510 546
021518 827
021526 938
021534 795
021542 4
021550 851
021558 540
021566 449
021574 90
021582 262
021590 312
021598 896
021606 77
021614 364
021622 705
021630 566
021638 795
021646 244
021654 97
021662 531
021670 810
021678 689
021686 770
021694 695
021702 966
021710 110
021718 357
021726 46
021734 186
021742 424
021750 130
021758 762
020995 462
021003 897
021011 333
021019 411
021027 910
021035 176
021043 755
021051 286
021059 22
021067 965
021075 927
021083 952
021091 720
021099 229
021107 524
021115 320
021123 879
021131 169
021139 755
021147 63
021155 391
021163 368
021171 280
021179 346
021187 239
021195 343
021203 441
021211 533
021219 745
021227 402
021235 598
021243 24
021764 63
021772 976
021780 726
021788 80
021796 559
021804 905
021812 924
021820 955
021828 36
021836 683
021844 932
021852 764
021860 157
021868 543
021876 396
021884 131
021892 372
021900 134
021908 765
021916 30
021924 723
021932 267
021940 669
021948 134
021956 348
021964 515
021972 545
021980 898
021988 515
021996 998
022004 246
022012 709
021765 772
021773 716
021781 10
021789 230
021797 733
021805 731
021813 262
021821 351
021829 263
021837 910
021845 47
021853 765
021861 384
021869 820
021877 661
021885 949
021893 826
021901 154
021909 100
021917 383
021925 533
021933 481
021941 411
021949 667
021957 232
021965 800
021973 941
021981 164
021989 376
021997 943
022005 724
022013 632
021255 551
021263 348
021271 365
021279 163
021287 780
021295 832
021303 937
021311 331
021319 759
021327 683
021335 945
021343 916
021351 872
021359 889
021367 933
021375 604
021383 301
021391 484
021399 341
021407 742
021415 889
021423 301
021431 550
021439 698
021447 577
021455 365
021463 337
021471 519
021479 456
021487 921
021495 533
021503 421
020993 970
021001 982
021009 689
021017 976
021025 164
021033 558
021041 821
021049 911
021057 877
021065 586
021073 550
021081 922
021089 773
021097 759
021105 361
021113 499
021121 527
021129 921
021137 588
021145 917
021153 967
021161 306
021169 989
021177 272
021185 750
021193 730
021201 595
021209 543
021217 397
021225 623
021233 13
021241 924
020994 632
021002 226
021010 222
021018 891
021026 363
021034 538
021042 989
021050 387
021058 610
021066 54
021074 736
021082 617
021090 485
021098 916
021106 645
021114 948
021122 883
021130 693
021138 844
021146 759
021154 813
021162 717
021170 804
021178 122
021186 966
021194 118
021202 562
021210 121
021218 73
021226 973
021234 975
021242 801
020480 153
020488 76
020496 443
020504 683
020512 774
020520 84
020528 369
020536 830
020544 503
020552 87
020560 916
020568 109
020576 372
020584 77
020592 662
020600 216
020608 943
020616 819
020624 885
020632 308
020640 64
020648 548
020656 944
020664 17
020672 651
020680 127
020688 399
020696 287
020704 350
020712 265
020720 510
020728 398
021766 460
021774 833
021782 16
021790 488
021798 625
021806 58
021814 893
021822 336
021830 795
021838 988
021846 740
021854 760
021862 820
021870 870
021878 301
021886 934
021894 461
021902 116
021910 939
021918 582
021926 338
021934 400
021942 464
021950 654
021958 451
021966 194
021974 795
021982 166
021990 589
021998 261
022006 845
022014 32
022020 400
022028 248
022036 555
022044 522
022052 72
022060 558
022068 521
022076 310
022084 99
022092 455
022100 940
022108 223
022116 47
022124 463
022132 897
022140 714
022148 919
022156 992
022164 915
022172 17
022180 235
022188 98
022196 330
022204 614
022212 243
022220 181
022228 465
022236 302
022244 505
022252 737
022260 709
022268 21
021251 23
021259 953
021267 425
021275 136
021283 148
021291 441
021299 133
021307 88
021315 272
021323 16
021331 318
021339 380
021347 773
021355 413
021363 798
021371 473
021379 20
021387 416
021395 728
021403 937
021411 912
021419 158
021427 323
021435 601
021443 318
021451 467
021459 355
021467 87
021475 273
021483 245
021491 971
021499 563
022021 551
022029 911
022037 488
022045 612
022053 598
022061 212
022069 226
022077 768
022085 672
022093 230
022101 82
022109 614
022117 675
022125 897
022133 723
022141 406
022149 177
022157 651
022165 993
022173 40
022181 575
022189 463
022197 193
022205 334
022213 103
022221 196
022229 115
022237 278
022245 263
022253 852
022261 537
022269 588
021511 535
021519 374
021527 301
021535 482
021543 552
021551 564
021559 617
021567 440
021575 388
021583 907
021591 124
021599 191
021607 606
021615 575
021623 911
021631 654
021639 62
021647 790
021655 36
021663 500
021671 791
021679 286
021687 614
021695 809
021703 967
021711 291
021719 419
021727 576
021735 463
021743 582
021751 591
021759 951
021249 77
021257 52
021265 993
021273 600
021281 515
021289 834
021297 659
021305 177
021313 533
021321 355
021329 985
021337 48
021345 754
021353 360
021361 290
021369 865
021377 18
021385 628
021393 849
021401 111
021409 596
021417 243
021425 303
021433 938
021441 400
021449 367
021457 537
021465 285
021473 146
021481 535
021489 861
021497 414
021250 579
021258 466
021266 9
021274 657
021282 432
021290 432
021298 784
021306 776
021314 83
021322 116
021330 111
021338 746
021346 32
021354 794
021362 722
021370 783
021378 687
021386 742
021394 431
021402 451
021410 558
021418 928
021426 541
021434 765
021442 229
021450 848
021458 553
021466 402
021474 391
021482 779
021490 30
021498 474
020736 924
020744 947
020752 248
020760 659
020768 928
020776 415
020784 188
020792 178
020800 865
020808 867
020816 493
020824 546
020832 157
020840 312
020848 289
020856 959
020864 754
020872 495
020880 669
020888 910
020896 695
020904 339
020912 204
020920 577
020928 257
020936 213
020944 830
020952 329
020960 841
020968 164
020976 416
020984 471
022022 596
022030 303
022038 159
022046 180
022054 121
022062 782
022070 780
022078 133
022086 691
022094 156
022102 373
022110 68
022118 922
022126 664
022134 233
022142 143
022150 142
022158 619
022166 565
022174 727
022182 549
022190 489
022198 956
022206 699
022214 752
022222 164
022230 562
022238 781
022246 462
022254 144
022262 468
022270 515
022276 475
022284 220
022292 795
022300 426
022308 821
022316 752
022324 761
022332 886
022340 453
022348 181
022356 482
022364 997
022372 932
022380 243
022388 353
022396 712
022404 479
022412 539
022420 598
022428 975
022436 340
022444 187
022452 263
022460 561
022468 436
022476 945
022484 729
022492 775
022500 43
022508 769
022516 660
022524 252
022277 784
022285 426
022293 743
022301 400
022309 78
022317 195
022325 563
022333 252
022341 609
022349 253
022357 182
022365 552
022373 691
022381 834
022389 564
022397 81
022405 541
022413 529
022421 540
022429 634
022437 756
022445 726
022453 293
022461 871
022469 86
022477 263
022485 618
022493 11
022501 409
022509 337
022517 936
022525 806
021507 892
021515 74
021523 98
021531 146
021539 874
021547 555
021555 626
021563 65
021571 285
021579 683
021587 534
021595 492
021603 141
021611 764
021619 636
021627 947
021635 254
021643 245
021651 980
021659 661
021667 794
021675 74
021683 497
021691 261
021699 107
021707 818
021715 512
021723 979
021731 878
021739 409
021747 198
021755 600
021767 948
021775 361
021783 584
021791 0
021799 365
021807 888
021815 590
021823 296
021831 20
021839 194
021847 180
021855 198
021863 411
021871 625
021879 380
021887 847
021895 389
021903 562
021911 969
021919 332
021927 215
021935 746
021943 694
021951 329
021959 662
021967 673
021975 6
021983 499
021991 645
021999 83
022007 456
022015 568
021505 520
021513 824
021521 857
021529 328
021537 637
021545 288
021553 701
021561 704
021569 233
021577 464
021585 606
021593 621
021601 370
021609 749
021617 898
021625 960
021633 942
021641 92
021649 61
021657 342
021665 83
021673 54
021681 974
021689 576
021697 118
021705 538
021713 369
021721 819
021729 309
021737 9
021745 943
021753 256
021506 764
021514 1
021522 784
021530 967
021538 972
021546 264
021554 479
021562 108
021570 868
021578 751
021586 350
021594 209
021602 117
021610 641
021618 72
021626 362
021634 355
021642 46
021650 203
021658 962
021666 955
021674 668
021682 633
021690 19
021698 212
021706 698
021714 104
021722 147
021730 364
021738 895
021746 296
021754 874
020992 328
021000 244
021008 386
021016 860
021024 552
021032 881
021040 938
021048 392
021056 567
021064 304
021072 991
021080 656
021088 923
021096 887
021104 689
021112 141
021120 848
021128 569
021136 570
021144 35
021152 888
021160 580
021168 514
021176 296
021184 797
021192 549
021200 390
021208 128
021216 681
021224 307
021232 648
021240 337
022278 945
022286 293
022294 532
022302 657
022310 33
022318 419
022326 981
022334 654
022342 139
022350 305
022358 497
022366 981
022374 602
022382 878
022390 498
022398 442
022406 209
022414 736
022422 297
022430 670
022438 77
022446 732
022454 898
022462 839
022470 482
022478 727
022486 391
022494 821
022502 753
022510 476
022518 147
022526 593
022532 165
022540 923
022548 983
022556 978
022564 699
022572 857
022580 93
022588 150
022596 988
022604 445
022612 106
022620 169
022628 325
022636 745
022644 8
022652 722
022660 269
022668 784
022676 298
022684 699
022692 617
022700 188
022708 81
022716 162
022724 958
022732 619
022740 608
022748 177
022756 237
022764 826
022772 970
022780 526
022533 768
022541 363
022549 189
022557 436
022565 460
022573 472
022581 92
022589 79
022597 698
022605 736
022613 721
022621 826
022629 755
022637 476
022645 216
022653 862
022661 64
022669 822
022677 600
022685 900
022693 589
022701 118
022709 563
022717 145
022725 36
022733 979
022741 155
022749 465
022757 619
022765 771
022773 451
022781 417
021763 117
021771 616
021779 545
021787 957
021795 883
021803 205
021811 530
021819 177
021827 457
021835 524
021843 870
021851 749
021859 391
021867 393
021875 845
021883 445
021891 300
021899 653
021907 75
021915 346
021923 360
021931 212
021939 326
021947 438
021955 697
021963 598
021971 564
021979 510
021987 784
021995 680
022003 225
022011 881
022023 589
022031 300
022039 299
022047 322
022055 76
022063 160
022071 972
022079 732
022087 949
022095 568
022103 501
022111 220
022119 341
022127 645
022135 551
022143 470
022151 322
022159 683
022167 764
022175 145
022183 266
022191 178
022199 423
022207 477
022215 591
022223 933
022231 327
022239 948
022247 931
022255 367
022263 52
022271 274
021761 111
021769 50
021777 984
021785 623
021793 454
021801 774
021809 757
021817 779
021825 254
021833 820
021841 1
021849 706
021857 494
021865 873
021873 996
021881 547
021889 175
021897 633
021905 530
021913 102
021921 707
021929 0
021937 126
021945 815
021953 268
021961 341
021969 780
021977 489
021985 241
021993 213
022001 586
022009 67
021762 794
021770 756
021778 631
021786 831
021794 643
021802 571
021810 157
021818 248
021826 2
021834 181
021842 79
021850 326
021858 309
021866 448
021874 104
021882 436
021890 131
021898 670
021906 831
021914 107
021922 602
021930 684
021938 995
021946 187
021954 949
021962 258
021970 858
021978 907
021986 547
021994 310
022002 369
022010 330
022534 950
022542 799
022550 543
022558 79
022566 78
022574 102
022582 36
022590 751
022598 749
022606 185
022614 998
022622 778
022630 355
022638 834
022646 745
022654 842
022662 498
022670 658
022678 448
022686 282
022694 87
022702 46
022710 358
022718 790
022726 413
022734 260
022742 924
022750 16
022758 898
022766 257
022774 185
022782 449
021248 163
021256 309
021264 777
021272 29
021280 270
021288 962
021296 261
021304 556
021312 267
021320 163
021328 819
021336 346
021344 635
021352 832
021360 894
021368 500
021376 869
021384 992
021392 923
021400 577
021408 758
021416 586
021424 977
021432 566
021440 898
021448 505
021456 660
021464 225
021472 705
021480 13
021488 644
021496 324
022788 814
022796 619
022804 11
022812 884
022820 74
022828 460
022836 931
022844 44
022852 141
022860 607
022868 866
022876 538
022884 426
022892 678
022900 570
022908 622
022916 207
022924 16
022932 389
022940 637
022948 402
022956 884
022964 115
022972 612
022980 140
022988 752
022996 989
023004 1
023012 614
023020 672
023028 335
023036 279
022789 92
022797 338
022805 837
022813 449
022821 884
022829 697
022837 90
022845 732
022853 624
022861 362
022869 998
022877 573
022885 566
022893 195
022901 693
022909 148
022917 677
022925 383
022933 480
022941 436
022949 988
022957 355
022965 959
022973 772
022981 725
022989 139
022997 857
023005 762
023013 526
023021 348
023029 658
023037 295
022019 719
022027 227
022035 567
022043 826
022051 331
022059 179
022067 653
022075 794
022083 734
022091 473
022099 912
022107 133
022115 119
022123 132
022131 249
022139 917
022147 195
022155 265
022163 611
022171 146
022179 551
022187 961
022195 76
022203 743
022211 215
022219 571
022227 20
022235 886
022243 283
022251 317
022259 176
022267 398
022279 301
022287 218
022295 523
022303 490
022311 905
022319 82
022327 997
022335 972
022343 374
022351 529
022359 213
022367 552
022375 535
022383 876
022391 704
022399 53
022407 894
022415 896
022423 645
022431 712
022439 547
022447 914
022455 960
022463 950
022471 631
022479 512
022487 434
022495 72
022503 873
022511 878
022519 451
022527 854
022017 771
022025 8
022033 4
022041 525
022049 14
022057 358
022065 558
022073 863
022081 3
022089 127
022097 988
022105 296
022113 225
022121 711
022129 433
022137 209
022145 529
022153 73
022161 779
022169 731
022177 830
022185 681
022193 286
022201 733
022209 281
022217 307
022225 345
022233 390
022241 559
022249 898
022257 222
022265 940
022018 814
022026 584
022034 522
022042 528
022050 959
022058 938
022066 176
022074 871
022082 954
022090 592
022098 49
022106 501
022114 0
022122 148
022130 610
022138 655
022146 124
022154 845
022162 537
022170 889
022178 229
022186 152
022194 503
022202 271
022210 173
022218 900
022226 919
022234 312
022242 365
022250 607
022258 509
022266 541
021504 93
021512 375
021520 183
021528 200
021536 202
021544 864
021552 401
021560 235
021568 851
021576 730
021584 931
021592 975
021600 560
021608 588
021616 319
021624 581
021632 637
021640 653
021648 472
021656 476
021664 620
021672 928
021680 727
021688 3
021696 482
021704 275
021712 125
021720 147
021728 366
021736 178
021744 452
021752 952
022790 622
022798 441
022806 791
022814 121
022822 386
022830 756
022838 671
022846 182
022854 924
022862 835
022870 384
022878 388
022886 977
022894 683
022902 421
022910 434
022918 53
022926 561
022934 975
022942 346
022950 933
022958 829
022966 856
022974 844
022982 422
022990 476
022998 778
023006 353
023014 706
023022 327
023030 457
023038 212
023044 75
023052 327
023060 128
023068 20
023076 923
023084 417
023092 453
023100 59
023108 84
023116 781
023124 20
023132 698
023140 320
023148 536
023156 628
023164 129
023172 86
023180 587
023188 277
023196 28
023204 220
023212 772
023220 152
023228 783
023236 228
023244 808
023252 115
023260 645
023268 980
023276 725
023284 203
023292 955
023045 825
023053 879
023061 260
023069 819
023077 272
023085 304
023093 52
023101 499
023109 770
023117 44
023125 178
023133 218
023141 711
023149 199
023157 745
023165 520
023173 870
023181 453
023189 851
023197 724
023205 689
023213 83
023221 672
023229 823
023237 90
023245 289
023253 299
023261 429
023269 750
023277 551
023285 95
023293 425
022275 555
022283 99
022291 410
022299 930
022307 152
022315 243
022323 990
022331 117
022339 121
022347 317
022355 768
022363 17
022371 841
022379 275
022387 911
022395 590
022403 918
022411 469
022419 925
022427 336
022435 437
022443 641
022451 451
022459 499
022467 508
022475 200
022483 297
022491 955
022499 914
022507 885
022515 479
022523 904
022535 786
022543 81
022551 574
022559 268
022567 673
022575 660
022583 872
022591 126
022599 51
022607 268
022615 229
022623 736
022631 266
022639 777
022647 956
022655 977
022663 252
022671 555
022679 536
022687 832
022695 921
022703 297
022711 422
022719 729
022727 499
022735 755
022743 696
022751 283
022759 955
022767 397
022775 423
022783 70
022273 225
022281 290
022289 491
022297 107
022305 702
022313 643
022321 398
022329 532
022337 171
022345 993
022353 663
022361 577
022369 13
022377 472
022385 226
022393 811
022401 292
022409 211
022417 417
022425 848
022433 166
022441 811
022449 94
022457 736
022465 75
022473 909
022481 616
022489 804
022497 939
022505 4
022513 154
022521 669
022274 331
022282 359
022290 988
022298 720
022306 108
022314 474
022322 120
022330 750
022338 277
022346 482
022354 867
022362 453
022370 600
022378 982
022386 598
022394 581
022402 400
022410 897
022418 860
022426 165
022434 873
022442 994
022450 716
022458 801
022466 693
022474 91
022482 228
022490 869
022498 500
022506 915
022514 552
022522 644
023046 171
023054 284
023062 505
023070 949
023078 989
023086 676
023094 36
023102 196
023110 810
023118 472
023126 89
023134 783
023142 619
023150 644
023158 35
023166 296
023174 134
023182 936
023190 163
023198 251
023206 210
023214 969
023222 421
023230 791
023238 119
023246 373
023254 790
023262 495
023270 606
023278 853
023286 419
023294 716
021760 390
021768 781
021776 518
021784 583
021792 790
021800 375
021808 949
021816 505
021824 281
021832 747
021840 797
021848 534
021856 233
021864 863
021872 462
021880 612
021888 507
021896 515
021904 480
021912 442
021920 881
021928 994
021936 164
021944 825
021952 834
021960 43
021968 347
021976 0
021984 682
021992 791
022000 156
022008 430
023300 882
023308 515
023316 864
023324 527
023332 89
023340 703
023348 359
023356 284
023364 134
023372 313
023380 742
023388 947
023396 887
023404 374
023412 295
023420 982
023428 316
023436 945
023444 272
023452 553
023460 883
023468 10
023476 168
023484 390
023492 658
023500 274
023508 910
023516 644
023524 909
023532 238
023540 252
023548 590
023301 658
023309 457
023317 153
023325 724
023333 361
023341 943
023349 465
023357 188
023365 464
023373 96
023381 818
023389 387
023397 463
023405 170
023413 696
023421 418
023429 44
023437 635
023445 860
023453 917
023461 865
023469 750
023477 237
023485 975
023493 799
023501 542
023509 543
023517 417
023525 586
023533 271
023541 272
023549 753
022531 801
022539 13
022547 459
022555 998
022563 439
022571 855
022579 882
022587 174
022595 329
022603 277
022611 12
022619 974
022627 654
022635 129
022643 394
022651 903
022659 637
022667 161
022675 329
022683 951
022691 233
022699 864
022707 336
022715 737
022723 637
022731 247
022739 863
022747 705
022755 251
022763 451
022771 462
022779 846
022791 331
022799 102
022807 905
022815 409
022823 710
022831 644
022839 947
022847 633
022855 216
022863 47
022871 193
022879 590
022887 472
022895 841
022903 563
022911 643
022919 911
022927 620
022935 509
022943 781
022951 789
022959 816
022967 246
022975 473
022983 424
022991 858
022999 624
023007 721
023015 199
023023 798
023031 954
023039 899
022529 578
022537 643
022545 0
022553 358
022561 786
022569 60
022577 206
022585 530
022593 232
022601 544
022609 86
022617 546
022625 665
022633 971
022641 490
022649 583
022657 809
022665 260
022673 762
022681 225
022689 47
022697 780
022705 281
022713 563
022721 663
022729 568
022737 259
022745 481
022753 630
022761 576
022769 964
022777 73
022530 375
022538 99
022546 389
022554 34
022562 998
022570 743
022578 6
022586 578
022594 778
022602 76
022610 356
022618 634
022626 532
022634 469
022642 969
022650 63
022658 985
022666 643
022674 799
022682 875
022690 270
022698 360
022706 323
022714 259
022722 172
022730 443
022738 749
022746 411
022754 694
022762 779
022770 43
022778 245
023302 843
023310 295
023318 267
023326 260
023334 430
023342 400
023350 381
023358 19
023366 883
023374 91
023382 387
023390 382
023398 428
023406 931
023414 20
023422 662
023430 116
023438 342
023446 712
023454 570
023462 328
023470 512
023478 721
023486 388
023494 196
023502 429
023510 643
023518 553
023526 960
023534 872
023542 840
023550 962
022016 735
022024 894
022032 243
022040 693
022048 889
022056 815
022064 854
022072 208
022080 248
022088 61
022096 566
022104 387
022112 757
022120 273
022128 900
022136 149
022144 423
022152 454
022160 605
022168 131
022176 605
022184 32
022192 354
022200 249
022208 966
022216 862
022224 484
022232 327
022240 853
022248 504
022256 950
022264 395
023556 533
023564 605
023572 11
023580 489
023588 630
023596 440
023604 191
023612 599
023620 879
023628 693
023636 730
023644 390
023652 718
023660 729
023668 729
023676 423
023684 600
023692 408
023700 589
023708 329
023716 48
023724 437
023732 924
023740 371
023748 370
023756 39
023764 282
023772 704
023780 792
023788 924
023796 426
023804 899
023557 128
023565 25
023573 759
023581 349
023589 120
023597 151
023605 336
023613 233
023621 135
023629 621
023637 818
023645 234
023653 62
023661 214
023669 812
023677 849
023685 657
023693 965
023701 993
023709 285
023717 951
023725 578
023733 423
023741 559
023749 699
023757 613
023765 204
023773 726
023781 396
023789 284
023797 196
023805 437
022787 668
022795 52
022803 619
022811 999
022819 102
022827 57
022835 532
022843 258
022851 673
022859 188
022867 491
022875 36
022883 186
022891 815
022899 103
022907 103
022915 141
022923 573
022931 324
022939 71
022947 912
022955 630
022963 527
022971 712
022979 199
022987 262
022995 847
023003 264
023011 869
023019 885
023027 847
023035 476
023047 484
023055 850
023063 24
023071 280
023079 982
023087 799
023095 29
023103 275
023111 232
023119 377
023127 634
023135 337
023143 738
023151 878
023159 272
023167 756
023175 430
023183 486
023191 730
023199 553
023207 149
023215 452
023223 699
023231 706
023239 764
023247 720
023255 761
023263 896
023271 463
023279 627
023287 361
023295 701
022785 659
022793 440
022801 930
022809 76
022817 62
022825 513
022833 449
022841 696
022849 412
022857 743
022865 152
022873 709
022881 648
022889 250
022897 866
022905 798
022913 365
022921 217
022929 998
022937 420
022945 458
022953 258
022961 389
022969 683
022977 885
022985 79
022993 571
023001 984
023009 280
023017 855
023025 80
023033 66
022786 198
022794 226
022802 720
022810 550
022818 887
022826 402
022834 737
022842 585
022850 286
022858 532
022866 172
022874 546
022882 12
022890 108
022898 318
022906 828
022914 313
022922 394
022930 384
022938 234
022946 22
022954 488
022962 343
022970 114
022978 954
022986 21
022994 138
023002 895
023010 136
023018 543
023026 264
023034 880
023558 140
023566 836
023574 113
023582 101
023590 65
023598 866
023606 959
023614 44
023622 290
023630 190
023638 179
023646 179
023654 738
023662 772
023670 606
023678 923
023686 449
023694 797
023702 407
023710 130
023718 335
023726 737
023734 331
023742 193
023750 281
023758 130
023766 844
023774 920
023782 868
023790 890
023798 481
023806 734
023812 954
023820 221
023828 226
023836 627
023844 82
023852 454
023860 917
023868 571
023876 152
023884 368
023892 484
023900 296
023908 620
023916 373
023924 120
023932 503
023940 712
023948 666
023956 3
023964 870
023972 406
023980 737
023988 436
023996 980
024004 664
024012 831
024020 785
024028 987
024036 909
024044 205
024052 58
024060 638
022272 468
022280 556
022288 675
022296 65
022304 984
022312 100
022320 859
022328 379
022336 200
022344 50
022352 340
022360 85
022368 813
022376 369
022384 254
022392 685
022400 708
022408 140
022416 838
022424 636
022432 134
022440 498
022448 301
022456 727
022464 938
022472 550
022480 36
022488 761
022496 104
022504 393
022512 872
022520 409
023813 394
023821 800
023829 916
023837 836
023845 937
023853 126
023861 939
023869 28
023877 348
023885 976
023893 185
023901 353
023909 727
023917 745
023925 746
023933 25
023941 784
023949 347
023957 501
023965 899
023973 450
023981 632
023989 836
023997 569
024005 55
024013 120
024021 736
024029 809
024037 23
024045 661
024053 202
024061 944
023043 862
023051 740
023059 499
023067 215
023075 549
023083 72
023091 897
023099 889
023107 737
023115 998
023123 684
023131 380
023139 457
023147 8
023155 256
023163 490
023171 763
023179 242
023187 632
023195 99
023203 848
023211 455
023219 868
023227 285
023235 201
023243 691
023251 129
023259 876
023267 911
023275 704
023283 354
023291 878
023303 752
023311 4
023319 122
023327 483
023335 487
023343 225
023351 394
023359 806
023367 44
023375 765
023383 620
023391 265
023399 110
023407 996
023415 810
023423 385
023431 340
023439 686
023447 705
023455 603
023463 728
023471 445
023479 454
023487 323
023495 663
023503 673
023511 679
023519 725
023527 758
023535 901
023543 489
023551 427
023041 644
023049 896
023057 559
023065 654
023073 617
023081 687
023089 261
023097 657
023105 621
023113 996
023121 686
023129 438
023137 599
023145 111
023153 382
023161 673
023169 139
023177 332
023185 719
023193 29
023201 459
023209 835
023217 904
023225 230
023233 983
023241 475
023249 212
023257 175
023265 658
023273 888
023281 246
023289 691
023042 981
023050 68
023058 781
023066 707
023074 421
023082 549
023090 892
023098 625
023106 348
023114 935
023122 493
023130 199
023138 618
023146 511
023154 790
023162 130
023170 270
023178 423
023186 516
023194 959
023202 244
023210 783
023218 752
023226 239
023234 382
023242 775
023250 563
023258 161
023266 750
023274 437
023282 787
023290 402
024068 395
024076 168
024084 117
024092 829
024100 877
024108 927
024116 850
024124 350
024132 876
024140 21
024148 690
024156 625
024164 293
024172 811
024180 935
024188 350
024196 576
024204 31
024212 357
024220 350
024228 897
024236 478
024244 724
024252 848
024260 491
024268 788
024276 322
024284 672
024292 101
024300 110
024308 69
024316 11
022528 996
022536 724
022544 921
022552 890
022560 243
022568 196
022576 202
022584 782
022592 742
022600 108
022608 280
022616 824
022624 825
022632 395
022640 385
022648 278
022656 535
022664 310
022672 241
022680 424
022688 119
022696 598
022704 262
022712 439
022720 860
022728 600
022736 966
022744 818
022752 929
022760 101
022768 392
022776 177
023814 971
023822 257
023830 981
023838 965
023846 271
023854 388
023862 782
023870 563
023878 978
023886 344
023894 743
023902 764
023910 861
023918 270
023926 954
023934 701
023942 453
023950 881
023958 199
023966 557
023974 649
023982 400
023990 637
023998 708
024006 743
024014 929
024022 135
024030 428
024038 767
024046 787
024054 570
024062 3
024069 630
024077 892
024085 529
024093 184
024101 100
024109 755
024117 60
024125 920
024133 822
024141 222
024149 814
024157 764
024165 534
024173 520
024181 932
024189 761
024197 191
024205 912
024213 522
024221 769
024229 88
024237 384
024245 562
024253 379
024261 627
024269 889
024277 602
024285 609
024293 856
024301 884
024309 911
024317 617
023299 78
023307 934
023315 729
023323 874
023331 603
023339 706
023347 112
023355 307
023363 632
023371 413
023379 309
023387 290
023395 934
023403 710
023411 928
023419 605
023427 263
023435 292
023443 935
023451 132
023459 57
023467 26
023475 215
023483 252
023491 822
023499 12
023507 128
023515 17
023523 386
023531 2
023539 756
023547 253
023559 679
023567 593
023575 744
023583 852
023591 204
023599 781
023607 143
023615 682
023623 253
023631 453
023639 627
023647 487
023655 184
023663 873
023671 721
023679 404
023687 108
023695 917
023703 17
023711 919
023719 166
023727 992
023735 682
023743 844
023751 587
023759 459
023767 404
023775 887
023783 893
023791 485
023799 145
023807 558
023297 131
023305 76
023313 683
023321 276
023329 931
023337 818
023345 874
023353 937
023361 291
023369 454
023377 388
023385 530
023393 917
023401 396
023409 48
023417 150
023425 238
023433 738
023441 683
023449 345
023457 238
023465 462
023473 723
023481 76
023489 402
023497 163
023505 234
023513 100
023521 740
023529 366
023537 399
023545 227
023298 864
023306 429
023314 64
023322 585
023330 329
023338 948
023346 795
023354 271
023362 269
023370 157
023378 105
023386 609
023394 898
023402 501
023410 275
023418 518
023426 273
023434 991
023442 33
023450 192
023458 509
023466 360
023474 909
023482 85
023490 729
023498 175
023506 540
023514 654
023522 8
023530 101
023538 173
023546 76
024324 947
024332 74
024340 799
024348 752
024356 840
024364 135
024372 380
024380 117
024388 103
024396 554
024404 83
024412 408
024420 717
024428 743
024436 86
024444 558
024452 778
024460 813
024468 573
024476 280
024484 686
024492 198
024500 981
024508 915
024516 534
024524 43
024532 287
024540 440
024548 139
024556 367
024564 644
024572 905
024325 102
024333 99
024341 501
024349 145
024357 416
024365 952
024373 95
024381 765
024389 563
024397 182
024405 449
024413 396
024421 777
024429 430
024437 160
024445 340
024453 59
024461 896
024469 665
024477 791
024485 464
024493 721
024501 993
024509 388
024517 596
024525 963
024533 90
024541 904
024549 611
024557 31
024565 776
024573 252
022784 834
022792 29
022800 157
022808 744
022816 112
022824 919
022832 700
022840 617
022848 678
022856 783
022864 624
022872 524
022880 521
022888 322
022896 147
022904 958
022912 411
022920 491
022928 781
022936 9
022944 86
022952 325
022960 30
022968 960
022976 242
022984 11
022992 706
023000 449
023008 628
023016 603
023024 87
023032 793
024070 387
024078 943
024086 267
024094 737
024102 929
024110 198
024118 156
024126 724
024134 787
024142 400
024150 196
024158 124
024166 772
024174 442
024182 776
024190 774
024198 475
024206 764
024214 480
024222 195
024230 230
024238 638
024246 483
024254 440
024262 699
024270 50
024278 259
024286 543
024294 305
024302 623
024310 722
024318 574
023555 963
023563 551
023571 317
023579 234
023587 899
023595 526
023603 389
023611 777
023619 269
023627 447
023635 490
023643 234
023651 375
023659 671
023667 946
023675 164
023683 934
023691 576
023699 809
023707 203
023715 738
023723 686
023731 170
023739 282
023747 775
023755 561
023763 787
023771 516
023779 887
023787 314
023795 512
023803 111
023815 817
023823 547
023831 618
023839 130
023847 175
023855 923
023863 458
023871 382
023879 598
023887 410
023895 639
023903 291
023911 297
023919 295
023927 222
023935 549
023943 310
023951 45
023959 187
023967 822
023975 455
023983 439
023991 511
023999 495
024007 110
024015 72
024023 703
024031 762
024039 411
024047 648
024055 474
024063 498
023553 895
023561 574
023569 81
023577 625
023585 511
023593 873
023601 157
023609 202
023617 555
023625 212
023633 653
023641 238
023649 158
023657 928
023665 641
023673 634
023681 303
023689 378
023697 395
023705 738
023713 67
023721 232
023729 532
023737 332
023745 69
023753 4
023761 813
023769 312
023777 643
023785 729
023793 390
023801 426
023554 148
023562 230
023570 334
023578 635
023586 877
023594 344
023602 132
023610 48
023618 437
023626 332
023634 415
023642 52
023650 554
023658 74
023666 614
023674 375
023682 98
023690 640
023698 510
023706 724
023714 617
023722 674
023730 739
023738 451
023746 229
023754 15
023762 937
023770 846
023778 336
023786 384
023794 104
023802 441
024580 238
024588 94
024596 514
024604 163
024612 899
024620 682
024628 589
024636 520
024644 179
024652 471
024660 288
024668 305
024676 289
024684 259
024692 371
024700 470
024708 2
024716 972
024724 629
024732 357
024740 536
024748 541
024756 834
024764 736
024772 417
024780 665
024788 192
024796 325
024804 862
024812 470
024820 172
024828 149
024581 20
024589 255
024597 719
024605 22
024613 239
024621 439
024629 738
024637 734
024645 426
024653 54
024661 200
024669 685
024677 963
024685 963
024693 208
024701 948
024709 491
024717 837
024725 99
024733 633
024741 214
024749 939
024757 682
024765 804
024773 864
024781 495
024789 446
024797 658
024805 639
024813 824
024821 399
024829 332
023040 244
023048 634
023056 669
023064 78
023072 291
023080 379
023088 550
023096 498
023104 184
023112 75
023120 335
023128 132
023136 512
023144 850
023152 585
023160 465
023168 269
023176 923
023184 390
023192 993
023200 651
023208 83
023216 98
023224 1
023232 424
023240 405
023248 887
023256 645
023264 455
023272 331
023280 390
023288 83
024326 877
024334 503
024342 699
024350 85
024358 257
024366 186
024374 475
024382 230
024390 967
024398 397
024406 878
024414 898
024422 2
024430 192
024438 728
024446 67
024454 866
024462 787
024470 269
024478 193
024486 127
024494 762
024502 298
024510 868
024518 443
024526 569
024534 43
024542 923
024550 275
024558 611
024566 164
024574 877
023811 593
023819 846
023827 801
023835 211
023843 605
023851 521
023859 730
023867 76
023875 707
023883 856
023891 675
023899 815
023907 717
023915 120
023923 934
023931 117
023939 78
023947 858
023955 512
023963 411
023971 709
023979 498
023987 460
023995 544
024003 270
024011 909
024019 193
024027 326
024035 356
024043 338
024051 793
024059 527
024071 70
024079 218
024087 371
024095 928
024103 749
024111 542
024119 436
024127 367
024135 392
024143 154
024151 125
024159 837
024167 240
024175 749
024183 114
024191 309
024199 581
024207 494
024215 755
024223 544
024231 965
024239 55
024247 517
024255 317
024263 996
024271 922
024279 18
024287 233
024295 807
024303 208
024311 763
024319 16
023809 915
023817 139
023825 796
023833 205
023841 605
023849 553
023857 236
023865 669
023873 399
023881 966
023889 624
023897 425
023905 18
023913 51
023921 327
023929 635
023937 108
023945 199
023953 295
023961 182
023969 631
023977 816
023985 106
023993 924
024001 649
024009 168
024017 165
024025 450
024033 693
024041 916
024049 328
024057 635
023810 0
023818 477
023826 71
023834 707
023842 912
023850 346
023858 448
023866 690
023874 178
023882 39
023890 291
023898 458
023906 813
023914 65
023922 434
023930 85
023938 664
023946 1
023954 722
023962 201
023970 977
023978 202
023986 502
023994 427
024002 805
024010 227
024018 871
024026 132
024034 93
024042 953
024050 855
024058 693
024836 190
024844 959
024852 69
024860 461
024868 245
024876 231
024884 977
024892 524
024900 931
024908 42
024916 77
024924 16
024932 622
024940 509
024948 409
024956 535
024964 762
024972 681
024980 309
024988 526
024996 90
025004 245
025012 240
025020 664
025028 883
025036 650
025044 980
025052 816
025060 150
025068 25
025076 484
025084 545
024837 808
024845 345
024853 77
024861 745
024869 920
024877 408
024885 429
024893 760
024901 869
024909 799
024917 962
024925 498
024933 680
024941 132
024949 905
024957 90
024965 145
024973 672
024981 970
024989 793
024997 357
025005 380
025013 642
025021 70
025029 945
025037 524
025045 236
025053 192
025061 167
025069 301
025077 286
025085 234
023296 863
023304 157
023312 593
023320 900
023328 658
023336 414
023344 927
023352 766
023360 408
023368 7
023376 738
023384 872
023392 603
023400 684
023408 738
023416 84
023424 217
023432 478
023440 500
023448 633
023456 712
023464 338
023472 145
023480 602
023488 416
023496 699
023504 797
023512 368
023520 899
023528 529
023536 564
023544 804
024582 83
024590 173
024598 983
024606 406
024614 825
024622 532
024630 411
024638 802
024646 436
024654 904
024662 960
024670 37
024678 379
024686 82
024694 2
024702 269
024710 261
024718 376
024726 39
024734 332
024742 335
024750 202
024758 135
024766 872
024774 36
024782 139
024790 165
024798 483
024806 955
024814 374
024822 113
024830 65
024067 467
024075 983
024083 738
024091 663
024099 17
024107 357
024115 788
024123 179
024131 418
024139 400
024147 148
024155 108
024163 99
024171 987
024179 757
024187 562
024195 84
024203 487
024211 808
024219 68
024227 930
024235 856
024243 189
024251 168
024259 250
024267 267
024275 192
024283 539
024291 781
024299 761
024307 121
024315 191
024327 378
024335 530
024343 278
024351 35
024359 66
024367 526
024375 445
024383 566
024391 972
024399 743
024407 167
024415 656
024423 826
024431 827
024439 189
024447 116
024455 388
024463 62
024471 195
024479 184
024487 563
024495 926
024503 979
024511 880
024519 753
024527 107
024535 537
024543 627
024551 284
024559 593
024567 248
024575 404
024065 514
024073 308
024081 2
024089 81
024097 213
024105 191
024113 504
024121 552
024129 800
024137 735
024145 562
024153 90
024161 315
024169 753
024177 591
024185 177
024193 69
024201 896
024209 631
024217 704
024225 157
024233 106
024241 409
024249 324
024257 190
024265 578
024273 432
024281 728
024289 671
024297 23
024305 894
024313 290
024066 486
024074 939
024082 507
024090 435
024098 393
024106 820
024114 510
024122 948
024130 873
024138 56
024146 354
024154 127
024162 309
024170 392
024178 260
024186 266
024194 959
024202 968
024210 143
024218 836
024226 451
024234 484
024242 412
024250 869
024258 883
024266 963
024274 376
024282 601
024290 554
024298 86
024306 648
024314 257
025092 653
025100 584
025108 399
025116 970
025124 11
025132 410
025140 978
025148 59
025156 442
025164 383
025172 648
025180 390
025188 291
025196 272
025204 201
025212 828
025220 737
025228 186
025236 831
025244 293
025252 808
025260 789
025268 786
025276 34
025284 969
025292 839
025300 653
025308 548
025316 317
025324 355
025332 641
025340 842
025093 882
025101 303
025109 976
025117 245
025125 350
025133 583
025141 713
025149 791
025157 210
025165 735
025173 403
025181 698
025189 514
025197 869
025205 713
025213 388
025221 297
025229 287
025237 980
025245 810
025253 80
025261 590
025269 256
025277 738
025285 650
025293 555
025301 733
025309 333
025317 445
025325 454
025333 409
025341 713
023552 813
023560 740
023568 217
023576 864
023584 755
023592 667
023600 176
023608 352
023616 754
023624 953
023632 500
023640 369
023648 278
023656 588
023664 584
023672 415
023680 307
023688 719
023696 380
023704 931
023712 905
023720 386
023728 134
023736 924
023744 384
023752 839
023760 631
023768 945
023776 912
023784 305
023792 857
023800 292
024838 99
024846 95
024854 702
024862 956
024870 574
024878 174
024886 631
024894 209
024902 935
024910 762
024918 461
024926 194
024934 669
024942 971
024950 786
024958 793
024966 857
024974 903
024982 791
024990 860
024998 141
025006 528
025014 11
025022 352
025030 184
025038 708
025046 217
025054 894
025062 626
025070 531
025078 881
025086 509
024583 449
024591 327
024599 384
024607 390
024615 609
024623 633
024631 12
024639 73
024647 245
024655 445
024663 119
024671 996
024679 340
024687 771
024695 335
024703 79
024711 980
024719 972
024727 860
024735 778
024743 820
024751 654
024759 61
024767 295
024775 638
024783 298
024791 898
024799 235
024807 545
024815 504
024823 261
024831 64
024323 156
024331 421
024339 431
024347 623
024355 36
024363 447
024371 727
024379 65
024387 841
024395 69
024403 49
024411 208
024419 375
024427 908
024435 80
024443 296
024451 747
024459 726
024467 728
024475 219
024483 773
024491 28
024499 870
024507 367
024515 924
024523 540
024531 388
024539 577
024547 18
024555 473
024563 743
024571 1
024321 164
024329 874
024337 549
024345 518
024353 629
024361 823
024369 518
024377 460
024385 638
024393 18
024401 526
024409 155
024417 531
024425 457
024433 168
024441 739
024449 309
024457 751
024465 860
024473 404
024481 904
024489 191
024497 400
024505 697
024513 970
024521 99
024529 54
024537 489
024545 929
024553 632
024561 63
024569 423
024322 850
024330 288
024338 610
024346 539
024354 590
024362 548
024370 539
024378 754
024386 707
024394 961
024402 407
024410 227
024418 77
024426 549
024434 572
024442 489
024450 101
024458 33
024466 320
024474 636
024482 262
024490 328
024498 377
024506 43
024514 716
024522 732
024530 304
024538 111
024546 804
024554 257
024562 142
024570 147
025348 46
025356 321
025364 233
025372 575
025380 494
025388 163
025396 68
025404 272
025412 17
025420 318
025428 409
025436 216
025444 520
025452 63
025460 887
025468 990
025476 447
025484 433
025492 292
025500 476
025508 725
025516 584
025524 761
025532 929
025540 180
025548 616
025556 628
025564 562
025572 432
025580 518
025588 8
025596 756
025349 782
025357 349
025365 508
025373 966
025381 728
025389 983
025397 495
025405 718
025413 787
025421 353
025429 458
025437 265
025445 651
025453 345
025461 308
025469 902
025477 204
025485 355
025493 906
025501 492
025509 684
025517 33
025525 9
025533 221
025541 601
025549 206
025557 578
025565 557
025573 293
025581 14
025589 743
025597 818
023808 80
023816 575
023824 36
023832 213
023840 791
023848 821
023856 613
023864 921
023872 898
023880 507
023888 82
023896 795
023904 57
023912 127
023920 504
023928 135
023936 256
023944 429
023952 810
023960 400
023968 770
023976 509
023984 307
023992 119
024000 290
024008 772
024016 480
024024 767
024032 322
024040 192
024048 974
024056 550
025094 411
025102 289
025110 767
025118 105
025126 192
025134 786
025142 994
025150 940
025158 343
025166 192
025174 304
025182 455
025190 673
025198 703
025206 865
025214 586
025222 468
025230 546
025238 925
025246 843
025254 317
025262 142
025270 177
025278 915
025286 282
025294 56
025302 893
025310 901
025318 141
025326 520
025334 245
025342 591
024839 193
024847 577
024855 436
024863 864
024871 504
024879 81
024887 769
024895 774
024903 361
024911 372
024919 600
024927 766
024935 185
024943 424
024951 749
024959 485
024967 796
024975 594
024983 374
024991 405
024999 894
025007 855
025015 672
025023 148
025031 583
025039 432
025047 776
025055 337
025063 857
025071 769
025079 501
025087 348
024579 312
024587 449
024595 54
024603 851
024611 190
024619 687
024627 110
024635 706
024643 575
024651 449
024659 106
024667 558
024675 611
024683 666
024691 713
024699 27
024707 415
024715 329
024723 67
024731 347
024739 862
024747 816
024755 807
024763 958
024771 362
024779 843
024787 751
024795 352
024803 337
024811 864
024819 979
024827 2
024577 722
024585 655
024593 949
024601 981
024609 523
024617 16
024625 235
024633 686
024641 287
024649 797
024657 862
024665 48
024673 871
024681 801
024689 714
024697 601
024705 357
024713 101
024721 949
024729 534
024737 126
024745 457
024753 11
024761 294
024769 577
024777 575
024785 269
024793 644
024801 633
024809 54
024817 935
024825 543
025604 724
025612 350
025620 542
025628 388
025636 362
025644 883
025652 473
025660 47
025668 721
025676 101
025684 74
025692 324
025700 481
025708 315
025716 289
025724 252
025732 404
025740 939
025748 982
025756 633
025764 529
025772 664
025780 924
025788 707
025796 253
025804 864
025812 44
025820 627
025828 171
025836 749
025844 301
025852 451
024578 92
024586 379
024594 139
024602 846
024610 350
024618 216
024626 107
024634 414
024642 965
024650 53
024658 215
024666 585
024674 341
024682 421
024690 602
024698 601
024706 344
024714 836
024722 668
024730 681
024738 90
024746 541
024754 528
024762 336
024770 589
024778 417
024786 560
024794 61
024802 0
024810 163
024818 57
024826 302
025605 11
025613 485
025621 212
025629 440
025637 80
025645 341
025653 5
025661 101
025669 477
025677 572
025685 363
025693 267
025701 492
025709 566
025717 862
025725 469
025733 443
025741 796
025749 956
025757 500
025765 74
025773 688
025781 167
025789 764
025797 241
025805 159
025813 901
025821 996
025829 308
025837 62
025845 441
025853 139
024064 967
024072 404
024080 37
024088 623
024096 137
024104 937
024112 815
024120 686
024128 412
024136 195
024144 480
024152 699
024160 947
024168 567
024176 751
024184 420
024192 451
024200 327
024208 945
024216 470
024224 148
024232 429
024240 55
024248 655
024256 70
024264 969
024272 486
024280 822
024288 461
024296 491
024304 968
024312 629
025350 252
025358 925
025366 286
025374 153
025382 865
025390 797
025398 229
025406 455
025414 390
025422 203
025430 876
025438 992
025446 465
025454 175
025462 598
025470 816
025478 357
025486 430
025494 526
025502 306
025510 3
025518 507
025526 306
025534 794
025542 547
025550 858
025558 830
025566 865
025574 748
025582 38
025590 195
025598 251
025095 224
025103 321
025111 146
025119 639
025127 658
025135 660
025143 593
025151 804
025159 968
025167 716
025175 878
025183 739
025191 972
025199 67
025207 186
025215 140
025223 643
025231 681
025239 353
025247 808
025255 246
025263 240
025271 715
025279 977
025287 877
025295 298
025303 8
025311 990
025319 224
025327 751
025335 400
025343 434
024835 197
024843 717
024851 126
024859 439
024867 603
024875 342
024883 371
024891 916
024899 286
024907 814
024915 779
024923 871
024931 705
024939 875
024947 741
024955 292
024963 998
024971 349
024979 559
024987 875
024995 727
025003 119
025011 767
025019 544
025027 568
025035 473
025043 948
025051 69
025059 954
025067 826
025075 773
025083 727
024833 92
024841 908
024849 895
024857 540
024865 638
024873 692
024881 676
024889 998
024897 38
024905 304
024913 131
024921 381
024929 396
024937 598
024945 82
024953 847
024961 990
024969 270
024977 229
024985 390
024993 798
025001 59
025009 766
025017 197
025025 658
025033 996
025041 997
025049 18
025057 577
025065 723
025073 974
025081 153
025860 867
025868 101
025876 95
025884 490
025892 93
025900 280
025908 3
025916 816
025924 24
025932 281
025940 37
025948 320
025956 697
025964 952
025972 664
025980 981
025988 43
025996 161
026004 923
026012 857
026020 464
026028 540
026036 464
026044 770
026052 638
026060 842
026068 231
026076 543
026084 149
026092 705
026100 918
026108 26
025861 75
025869 652
025877 722
025885 173
025893 445
025901 503
025909 935
025917 367
025925 652
025933 970
025941 648
025949 922
025957 523
025965 352
025973 408
025981 121
025989 741
025997 743
026005 576
026013 894
026021 795
026029 736
026037 389
026045 332
026053 42
026061 708
026069 917
026077 373
026085 660
026093 374
026101 503
026109 782
024834 121
024842 560
024850 926
024858 775
024866 602
024874 904
024882 781
024890 106
024898 422
024906 729
024914 637
024922 749
024930 947
024938 376
024946 757
024954 980
024962 542
024970 634
024978 435
024986 960
024994 467
025002 690
025010 445
025018 71
025026 19
025034 308
025042 555
025050 775
025058 664
025066 491
025074 616
025082 353
024320 952
024328 259
024336 625
024344 162
024352 873
024360 63
024368 446
024376 232
024384 299
024392 568
024400 517
024408 548
024416 758
024424 912
024432 804
024440 899
024448 686
024456 368
024464 793
024472 349
024480 43
024488 516
024496 284
024504 255
024512 359
024520 759
024528 273
024536 281
024544 668
024552 353
024560 502
024568 754
025606 753
025614 544
025622 398
025630 251
025638 800
025646 218
025654 814
025662 9
025670 628
025678 145
025686 195
025694 908
025702 357
025710 199
025718 793
025726 773
025734 627
025742 424
025750 199
025758 825
025766 986
025774 566
025782 248
025790 722
025798 934
025806 901
025814 771
025822 6
025830 273
025838 239
025846 344
025854 419
025351 657
025359 266
025367 119
025375 4
025383 845
025391 804
025399 283
025407 232
025415 36
025423 349
025431 637
025439 483
025447 791
025455 919
025463 381
025471 240
025479 633
025487 262
025495 599
025503 790
025511 505
025519 647
025527 726
025535 674
025543 251
025551 906
025559 592
025567 179
025575 296
025583 276
025591 810
025599 641
025091 958
025099 21
025107 516
025115 837
025123 657
025131 352
025139 679
025147 859
025155 880
025163 762
025171 870
025179 356
025187 65
025195 381
025203 324
025211 222
025219 138
025227 586
025235 969
025243 21
025251 507
025259 673
025267 922
025275 45
025283 759
025291 528
025299 450
025307 731
025315 35
025323 751
025331 75
025339 580
025089 586
025097 149
025105 744
025113 487
025121 643
025129 323
025137 477
025145 923
025153 297
025161 475
025169 701
025177 906
025185 421
025193 604
025201 373
025209 270
025217 846
025225 313
025233 879
025241 312
025249 117
025257 173
025265 945
025273 336
025281 686
025289 615
025297 188
025305 746
025313 136
025321 415
025329 550
025337 565
026116 263
026124 791
026132 914
026140 137
026148 349
026156 256
026164 892
026172 138
026180 426
026188 626
026196 827
026204 617
026212 29
026220 840
026228 216
026236 876
026244 449
026252 470
026260 287
026268 580
026276 802
026284 658
026292 663
026300 31
026308 196
026316 831
026324 937
026332 702
026340 391
026348 783
026356 112
026364 22
026117 242
026125 337
026133 715
026141 341
026149 602
026157 479
026165 443
026173 825
026181 259
026189 510
026197 833
026205 593
026213 226
026221 830
026229 27
026237 894
026245 563
026253 401
026261 795
026269 104
026277 757
026285 389
026293 594
026301 74
026309 170
026317 654
026325 734
026333 202
026341 367
026349 591
026357 525
026365 713
025090 331
025098 221
025106 181
025114 355
025122 806
025130 830
025138 194
025146 144
025154 539
025162 602
025170 680
025178 361
025186 701
025194 496
025202 987
025210 653
025218 709
025226 332
025234 264
025242 844
025250 577
025258 101
025266 577
025274 263
025282 932
025290 248
025298 631
025306 80
025314 516
025322 631
025330 511
025338 936
024576 865
024584 846
024592 657
024600 207
024608 822
024616 302
024624 793
024632 656
024640 38
024648 958
024656 808
024664 753
024672 96
024680 742
024688 492
024696 442
024704 235
024712 594
024720 741
024728 417
024736 412
024744 236
024752 163
024760 791
024768 644
024776 935
024784 473
024792 330
024800 315
024808 407
024816 996
024824 36
025862 631
025870 398
025878 678
025886 632
025894 279
025902 852
025910 774
025918 443
025926 803
025934 966
025942 821
025950 153
025958 636
025966 132
025974 692
025982 536
025990 863
025998 295
026006 634
026014 621
026022 210
026030 645
026038 122
026046 272
026054 960
026062 835
026070 673
026078 520
026086 665
026094 524
026102 554
026110 928
025607 634
025615 420
025623 241
025631 15
025639 374
025647 32
025655 502
025663 871
025671 612
025679 855
025687 848
025695 375
025703 917
025711 180
025719 990
025727 361
025735 868
025743 721
025751 597
025759 112
025767 885
025775 824
025783 986
025791 451
025799 205
025807 122
025815 922
025823 247
025831 434
025839 832
025847 511
025855 23
025347 700
025355 748
025363 520
025371 514
025379 806
025387 748
025395 109
025403 279
025411 585
025419 466
025427 988
025435 167
025443 376
025451 896
025459 335
025467 509
025475 286
025483 91
025491 291
025499 873
025507 561
025515 986
025523 584
025531 374
025539 657
025547 510
025555 443
025563 625
025571 800
025579 58
025587 129
025595 680
025345 120
025353 158
025361 749
025369 794
025377 743
025385 777
025393 472
025401 151
025409 464
025417 981
025425 964
025433 803
025441 817
025449 672
025457 170
025465 63
025473 233
025481 7
025489 5
025497 630
025505 337
025513 20
025521 109
025529 803
025537 522
025545 144
025553 745
025561 988
025569 306
025577 543
025585 118
025593 279
026372 220
026380 332
026388 324
026396 820
026404 908
026412 29
026420 283
026428 411
026436 434
026444 978
026452 735
026460 422
026468 638
026476 0
026484 888
026492 998
026500 537
026508 185
026516 373
026524 229
026532 916
026540 343
026548 285
026556 31
026564 449
026572 106
026580 942
026588 755
026596 522
026604 640
026612 205
026620 460
026373 902
026381 902
026389 51
026397 741
026405 905
026413 834
026421 218
026429 104
026437 878
026445 765
026453 376
026461 280
026469 29
026477 356
026485 413
026493 647
026501 712
026509 658
026517 600
026525 180
026533 640
026541 837
026549 766
026557 573
026565 311
026573 784
026581 158
026589 313
026597 592
026605 988
026613 374
026621 855
025346 846
025354 399
025362 795
025370 113
025378 142
025386 328
025394 806
025402 292
025410 950
025418 139
025426 621
025434 820
025442 768
025450 363
025458 854
025466 949
025474 923
025482 443
025490 94
025498 171
025506 702
025514 519
025522 854
025530 314
025538 88
025546 349
025554 556
025562 164
025570 728
025578 685
025586 783
025594 508
024832 388
024840 653
024848 23
024856 331
024864 528
024872 794
024880 264
024888 840
024896 304
024904 653
024912 483
024920 406
024928 636
024936 504
024944 689
024952 72
024960 257
024968 909
024976 26
024984 52
024992 608
025000 815
025008 842
025016 329
025024 127
025032 263
025040 721
025048 722
025056 263
025064 477
025072 129
025080 401
026118 484
026126 65
026134 739
026142 8
026150 261
026158 787
026166 472
026174 386
026182 237
026190 693
026198 717
026206 615
026214 727
026222 65
026230 229
026238 35
026246 128
026254 25
026262 898
026270 611
026278 413
026286 571
026294 547
026302 763
026310 539
026318 766
026326 967
026334 169
026342 619
026350 501
026358 973
026366 341
025863 101
025871 74
025879 660
025887 465
025895 912
025903 600
025911 31
025919 575
025927 10
025935 583
025943 102
025951 553
025959 86
025967 715
025975 148
025983 690
025991 395
025999 581
026007 500
026015 731
026023 535
026031 643
026039 315
026047 582
026055 238
026063 225
026071 986
026079 616
026087 331
026095 601
026103 313
026111 261
025603 885
025611 94
025619 43
025627 89
025635 872
025643 246
025651 58
025659 671
025667 622
025675 52
025683 843
025691 129
025699 371
025707 336
025715 812
025723 251
025731 317
025739 137
025747 161
025755 248
025763 609
025771 326
025779 767
025787 433
025795 177
025803 458
025811 201
025819 979
025827 269
025835 204
025843 922
025851 358
025601 96
025609 709
025617 864
025625 82
025633 586
025641 946
025649 694
025657 114
025665 699
025673 764
025681 827
025689 547
025697 184
025705 537
025713 193
025721 365
025729 778
025737 676
025745 104
025753 810
025761 291
025769 568
025777 786
025785 273
025793 446
025801 609
025809 70
025817 92
025825 96
025833 589
025841 493
025849 728
026628 695
026636 987
026644 576
026652 255
026660 752
026668 45
026676 493
026684 183
026692 295
026700 623
026708 441
026716 682
026724 224
026732 919
026740 961
026748 459
026756 185
026764 242
026772 66
026780 185
026788 489
026796 67
026804 121
026812 30
026820 673
026828 30
026836 108
026844 837
026852 179
026860 915
026868 956
026876 391
026629 988
026637 562
026645 640
026653 61
026661 797
026669 809
026677 249
026685 610
026693 796
026701 104
026709 142
026717 613
026725 47
026733 889
026741 905
026749 654
026757 547
026765 801
026773 495
026781 273
026789 857
026797 142
026805 528
026813 165
026821 897
026829 286
026837 175
026845 515
026853 96
026861 299
026869 872
026877 473
025602 745
025610 375
025618 982
025626 439
025634 393
025642 81
025650 679
025658 356
025666 526
025674 55
025682 332
025690 790
025698 575
025706 148
025714 839
025722 929
025730 592
025738 261
025746 738
025754 267
025762 317
025770 427
025778 38
025786 119
025794 442
025802 42
025810 215
025818 380
025826 405
025834 492
025842 975
025850 986
025088 173
025096 712
025104 303
025112 836
025120 260
025128 384
025136 609
025144 27
025152 337
025160 222
025168 484
025176 776
025184 409
025192 867
025200 943
025208 847
025216 129
025224 861
025232 681
025240 453
025248 654
025256 208
025264 977
025272 227
025280 423
025288 769
025296 80
025304 475
025312 325
025320 975
025328 701
025336 684
026119 277
026127 768
026135 918
026143 780
026151 979
026159 347
026167 723
026175 56
026183 165
026191 894
026199 562
026207 189
026215 342
026223 847
026231 488
026239 170
026247 438
026255 875
026263 733
026271 208
026279 508
026287 417
026295 996
026303 676
026311 255
026319 64
026327 950
026335 348
026343 657
026351 757
026359 291
026367 850
026374 618
026382 247
026390 280
026398 109
026406 995
026414 938
026422 500
026430 746
026438 705
026446 689
026454 518
026462 223
026470 32
026478 326
026486 626
026494 477
026502 229
026510 413
026518 452
026526 645
026534 990
026542 151
026550 736
026558 93
026566 308
026574 176
026582 117
026590 915
026598 174
026606 519
026614 412
026622 278
025859 124
025867 927
025875 710
025883 73
025891 578
025899 2
025907 913
025915 475
025923 506
025931 531
025939 238
025947 497
025955 128
025963 178
025971 818
025979 93
025987 840
025995 385
026003 424
026011 649
026019 638
026027 2
026035 695
026043 894
026051 795
026059 286
026067 893
026075 330
026083 688
026091 81
026099 249
026107 396
025857 710
025865 442
025873 73
025881 553
025889 575
025897 536
025905 357
025913 179
025921 884
025929 531
025937 72
025945 452
025953 358
025961 516
025969 959
025977 345
025985 877
025993 442
026001 718
026009 654
026017 312
026025 600
026033 662
026041 579
026049 736
026057 607
026065 793
026073 459
026081 736
026089 542
026097 411
026105 96
026884 707
026892 195
026900 142
026908 143
026916 354
026924 699
026932 340
026940 141
026948 185
026956 352
026964 445
026972 247
026980 615
026988 997
026996 990
027004 679
027012 899
027020 941
027028 64
027036 915
027044 235
027052 338
027060 9
027068 780
027076 507
027084 924
027092 295
027100 936
027108 245
027116 372
027124 406
027132 670
026885 134
026893 53
026901 312
026909 378
026917 404
026925 845
026933 790
026941 818
026949 662
026957 361
026965 167
026973 348
026981 572
026989 83
026997 403
027005 744
027013 920
027021 329
027029 121
027037 292
027045 992
027053 639
027061 322
027069 520
027077 516
027085 630
027093 358
027101 487
027109 138
027117 380
027125 962
027133 781
025858 133
025866 338
025874 530
025882 469
025890 618
025898 181
025906 653
025914 470
025922 207
025930 860
025938 495
025946 750
025954 52
025962 656
025970 672
025978 189
025986 210
025994 671
026002 502
026010 888
026018 246
026026 92
026034 389
026042 185
026050 433
026058 762
026066 230
026074 415
026082 75
026090 591
026098 438
026106 179
025344 576
025352 368
025360 96
025368 272
025376 699
025384 411
025392 545
025400 907
025408 397
025416 449
025424 70
025432 502
025440 514
025448 143
025456 868
025464 873
025472 117
025480 801
025488 346
025496 631
025504 376
025512 482
025520 50
025528 486
025536 973
025544 739
025552 162
025560 346
025568 848
025576 654
025584 668
025592 586
026375 397
026383 603
026391 595
026399 35
026407 919
026415 558
026423 543
026431 284
026439 537
026447 464
026455 167
026463 10
026471 387
026479 27
026487 173
026495 425
026503 492
026511 417
026519 542
026527 981
026535 870
026543 595
026551 53
026559 867
026567 56
026575 693
026583 758
026591 759
026599 685
026607 459
026615 198
026623 735
026630 763
026638 450
026646 750
026654 139
026662 306
026670 25
026678 682
026686 114
026694 10
026702 813
026710 995
026718 159
026726 81
026734 515
026742 344
026750 710
026758 704
026766 412
026774 699
026782 184
026790 20
026798 899
026806 992
026814 139
026822 165
026830 845
026838 583
026846 210
026854 400
026862 87
026870 957
026878 446
026115 610
026123 675
026131 769
026139 978
026147 868
026155 829
026163 319
026171 649
026179 195
026187 901
026195 426
026203 94
026211 693
026219 638
026227 764
026235 485
026243 428
026251 885
026259 602
026267 253
026275 545
026283 244
026291 680
026299 652
026307 263
026315 771
026323 256
026331 477
026339 761
026347 422
026355 474
026363 54
026113 414
026121 873
026129 18
026137 707
026145 574
026153 832
026161 260
026169 338
026177 209
026185 712
026193 323
026201 989
026209 269
026217 48
026225 589
026233 298
026241 98
026249 711
026257 568
026265 859
026273 772
026281 310
026289 313
026297 281
026305 476
026313 61
026321 901
026329 926
026337 583
026345 763
026353 52
026361 971
027140 581
027148 613
027156 841
027164 138
027172 478
027180 347
027188 234
027196 876
027204 921
027212 333
027220 773
027228 440
027236 80
027244 443
027252 909
027260 228
027268 626
027276 442
027284 87
027292 555
027300 874
027308 197
027316 533
027324 63
027332 189
027340 846
027348 294
027356 226
027364 477
027372 677
027380 265
027388 974
027141 195
027149 757
027157 819
027165 710
027173 931
027181 285
027189 338
027197 159
027205 362
027213 452
027221 891
027229 910
027237 111
027245 115
027253 893
027261 879
027269 494
027277 700
027285 935
027293 38
027301 400
027309 976
027317 166
027325 425
027333 213
027341 75
027349 671
027357 267
027365 456
027373 163
027381 902
027389 697
026114 660
026122 219
026130 634
026138 945
026146 566
026154 442
026162 725
026170 149
026178 45
026186 124
026194 133
026202 72
026210 108
026218 419
026226 244
026234 985
026242 877
026250 607
026258 622
026266 693
026274 501
026282 436
026290 840
026298 806
026306 742
026314 372
026322 15
026330 712
026338 674
026346 33
026354 827
026362 831
025600 17
025608 460
025616 254
025624 213
025632 722
025640 478
025648 309
025656 417
025664 919
025672 676
025680 48
025688 711
025696 944
025704 304
025712 832
025720 711
025728 836
025736 785
025744 916
025752 790
025760 844
025768 794
025776 957
025784 985
025792 575
025800 591
025808 566
025816 357
025824 993
025832 12
025840 184
025848 868
026631 631
026639 554
026647 334
026655 894
026663 921
026671 199
026679 967
026687 874
026695 323
026703 893
026711 395
026719 753
026727 943
026735 826
026743 950
026751 96
026759 99
026767 205
026775 83
026783 377
026791 667
026799 312
026807 182
026815 210
026823 903
026831 514
026839 661
026847 93
026855 402
026863 336
026871 14
026879 148
026886 299
026894 129
026902 610
026910 363
026918 708
026926 741
026934 410
026942 547
026950 955
026958 403
026966 355
026974 967
026982 150
026990 681
026998 343
027006 58
027014 773
027022 980
027030 733
027038 719
027046 214
027054 241
027062 75
027070 892
027078 223
027086 439
027094 342
027102 828
027110 485
027118 869
027126 268
027134 989
026371 39
026379 440
026387 637
026395 855
026403 399
026411 118
026419 691
026427 146
026435 902
026443 114
026451 961
026459 51
026467 233
026475 965
026483 447
026491 743
026499 926
026507 811
026515 226
026523 954
026531 166
026539 882
026547 806
026555 217
026563 948
026571 938
026579 22
026587 180
026595 531
026603 987
026611 638
026619 359
026369 15
026377 691
026385 229
026393 849
026401 534
026409 737
026417 385
026425 522
026433 672
026441 316
026449 123
026457 925
026465 556
026473 464
026481 131
026489 551
026497 853
026505 749
026513 464
026521 420
026529 924
026537 139
026545 788
026553 592
026561 315
026569 672
026577 773
026585 211
026593 534
026601 519
026609 508
026617 260
027396 67
027404 905
027412 925
027420 241
027428 208
027436 758
027444 808
027452 707
027460 765
027468 427
027476 579
027484 217
027492 168
027500 913
027508 403
027516 152
027524 596
027532 629
027540 951
027548 340
027556 587
027564 77
027572 551
027580 178
027588 290
027596 740
027604 255
027612 805
027620 724
027628 961
027636 715
027644 33
027397 774
027405 586
027413 777
027421 891
027429 500
027437 570
027445 354
027453 892
027461 737
027469 371
027477 47
027485 58
027493 169
027501 511
027509 358
027517 9
027525 843
027533 997
027541 253
027549 995
027557 149
027565 287
027573 540
027581 168
027589 225
027597 181
027605 103
027613 765
027621 150
027629 147
027637 723
027645 54
026370 197
026378 96
026386 871
026394 307
026402 458
026410 0
026418 276
026426 9
026434 398
026442 955
026450 995
026458 38
026466 206
026474 439
026482 643
026490 783
026498 916
026506 869
026514 988
026522 432
026530 28
026538 341
026546 599
026554 910
026562 613
026570 647
026578 93
026586 240
026594 195
026602 440
026610 761
026618 883
026887 830
026895 373
026903 123
026911 270
026919 653
026927 857
026935 433
026943 113
026951 240
026959 495
026967 88
026975 34
026983 42
026991 936
026999 454
027007 444
027015 893
027023 950
027031 138
027039 220
027047 807
027055 818
027063 993
027071 122
027079 323
027087 832
027095 78
027103 309
027111 679
027119 992
027127 179
027135 549
025856 907
025864 130
025872 749
025880 131
025888 86
025896 105
025904 896
025912 998
025920 910
025928 701
025936 442
025944 550
025952 453
025960 438
025968 426
025976 664
025984 380
025992 718
026000 771
026008 206
026016 490
026024 163
026032 208
026040 848
026048 532
026056 198
026064 783
026072 887
026080 357
026088 356
026096 787
026104 90
027142 956
027150 259
027158 767
027166 661
027174 127
027182 792
027190 286
027198 517
027206 497
027214 698
027222 556
027230 185
027238 496
027246 832
027254 568
027262 639
027270 815
027278 380
027286 742
027294 646
027302 860
027310 942
027318 320
027326 471
027334 381
027342 673
027350 31
027358 544
027366 294
027374 810
027382 302
027390 371
026627 607
026635 648
026643 742
026651 23
026659 276
026667 131
026675 462
026683 432
026691 246
026699 69
026707 861
026715 329
026723 994
026731 574
026739 583
026747 712
026755 348
026763 671
026771 117
026779 61
026787 302
026795 107
026803 978
026811 529
026819 127
026827 730
026835 639
026843 77
026851 482
026859 24
026867 881
026875 985
027652 289
027660 36
027668 914
027676 150
027684 565
027692 5
027700 281
027708 22
027716 872
027724 576
027732 300
027740 530
027748 189
027756 924
027764 268
027772 195
027780 63
027788 388
027796 785
027804 965
027812 775
027820 354
027828 339
027836 934
027844 476
027852 880
027860 878
027868 518
027876 640
027884 696
027892 882
027900 257
026625 20
026633 213
026641 252
026649 978
026657 50
026665 720
026673 281
026681 54
026689 69
026697 649
026705 457
026713 853
026721 43
026729 664
026737 860
026745 865
026753 664
026761 672
026769 950
026777 740
026785 286
026793 522
026801 788
026809 394
026817 847
026825 130
026833 957
026841 852
026849 505
026857 841
026865 470
026873 925
027653 640
027661 988
027669 504
027677 985
027685 250
027693 715
027701 963
027709 123
027717 689
027725 84
027733 996
027741 733
027749 833
027757 331
027765 672
027773 144
027781 749
027789 366
027797 562
027805 528
027813 929
027821 686
027829 572
027837 816
027845 484
027853 964
027861 141
027869 826
027877 5
027885 206
027893 782
027901 288
026626 728
026634 403
026642 274
026650 697
026658 907
026666 939
026674 897
026682 846
026690 47
026698 452
026706 751
026714 446
026722 932
026730 123
026738 331
026746 659
026754 159
026762 323
026770 255
026778 982
026786 583
026794 595
026802 316
026810 981
026818 105
026826 254
026834 795
026842 990
026850 782
026858 33
026866 782
026874 524
027143 730
027151 479
027159 222
027167 534
027175 662
027183 268
027191 683
027199 915
027207 844
027215 262
027223 672
027231 202
027239 655
027247 493
027255 504
027263 851
027271 110
027279 280
027287 162
027295 132
027303 194
027311 584
027319 590
027327 590
027335 119
027343 692
027351 175
027359 879
027367 930
027375 841
027383 675
027391 656
026112 436
026120 543
026128 520
026136 267
026144 837
026152 442
026160 579
026168 606
026176 988
026184 416
026192 739
026200 685
026208 774
026216 122
026224 700
026232 515
026240 741
026248 355
026256 266
026264 273
026272 211
026280 374
026288 705
026296 766
026304 963
026312 592
026320 616
026328 591
026336 888
026344 146
026352 615
026360 733
027398 828
027406 675
027414 752
027422 364
027430 466
027438 580
027446 138
027454 640
027462 504
027470 311
027478 564
027486 382
027494 789
027502 808
027510 683
027518 495
027526 441
027534 238
027542 731
027550 748
027558 401
027566 734
027574 287
027582 293
027590 341
027598 564
027606 866
027614 578
027622 457
027630 518
027638 734
027646 551
026883 284
026891 344
026899 649
026907 612
026915 515
026923 975
026931 551
026939 203
026947 309
026955 246
026963 439
026971 922
026979 354
026987 422
026995 774
027003 550
027011 132
027019 776
027027 82
027035 81
027043 752
027051 48
027059 207
027067 951
027075 471
027083 201
027091 737
027099 529
027107 135
027115 129
027123 353
027131 853
027908 596
027916 434
027924 367
027932 664
027940 355
027948 162
027956 243
027964 858
027972 151
027980 206
027988 245
027996 512
028004 769
028012 104
028020 353
028028 687
028036 643
028044 344
028052 8
028060 875
028068 574
028076 639
028084 196
028092 574
028100 574
028108 887
028116 465
028124 715
028132 139
028140 380
028148 940
028156 965
027909 828
027917 738
027925 547
027933 826
027941 530
027949 671
027957 301
027965 161
027973 658
027981 19
027989 89
027997 839
028005 544
028013 532
028021 25
028029 41
028037 169
028045 412
028053 850
028061 690
028069 995
028077 883
028085 82
028093 944
028101 669
028109 148
028117 723
028125 608
028133 576
028141 299
028149 164
028157 559
026881 607
026889 158
026897 691
026905 300
026913 924
026921 365
026929 656
026937 80
026945 680
026953 724
026961 802
026969 777
026977 143
026985 571
026993 918
027001 254
027009 77
027017 36
027025 826
027033 489
027041 271
027049 584
027057 679
027065 894
027073 765
027081 11
027089 613
027097 329
027105 796
027113 936
027121 764
027129 89
026882 630
026890 265
026898 66
026906 461
026914 602
026922 402
026930 767
026938 420
026946 342
026954 139
026962 375
026970 1
026978 484
026986 780
026994 416
027002 571
027010 917
027018 554
027026 572
027034 622
027042 935
027050 909
027058 755
027066 474
027074 779
027082 904
027090 456
027098 219
027106 818
027114 410
027122 603
027130 366
027399 741
027407 174
027415 548
027423 206
027431 719
027439 929
027447 297
027455 351
027463 549
027471 619
027479 70
027487 341
027495 842
027503 812
027511 702
027519 404
027527 205
027535 107
027543 197
027551 463
027559 296
027567 239
027575 564
027583 982
027591 998
027599 585
027607 983
027615 122
027623 46
027631 157
027639 472
027647 67
026368 747
026376 667
026384 282
026392 679
026400 725
026408 682
026416 7
026424 639
026432 427
026440 201
026448 315
026456 863
026464 360
026472 251
026480 109
026488 454
026496 298
026504 632
026512 241
026520 191
026528 111
026536 128
026544 522
026552 820
026560 937
026568 187
026576 109
026584 848
026592 928
026600 369
026608 756
026616 19
027654 274
027662 230
027670 974
027678 747
027686 720
027694 838
027702 737
027710 286
027718 907
027726 499
027734 542
027742 451
027750 66
027758 953
027766 615
027774 885
027782 45
027790 486
027798 81
027806 486
027814 615
027822 769
027830 215
027838 616
027846 174
027854 695
027862 538
027870 355
027878 147
027886 954
027894 599
027902 140
027139 561
027147 695
027155 243
027163 239
027171 786
027179 213
027187 825
027195 129
027203 397
027211 304
027219 264
027227 553
027235 165
027243 397
027251 89
027259 97
027267 725
027275 828
027283 341
027291 629
027299 779
027307 520
027315 399
027323 828
027331 743
027339 153
027347 891
027355 42
027363 718
027371 998
027379 521
027387 969
028164 619
028172 16
028180 228
028188 164
028196 21
028204 270
028212 976
028220 686
028228 49
028236 114
028244 280
028252 450
028260 233
028268 754
028276 6
028284 105
028292 978
028300 33
028308 118
028316 88
028324 782
028332 69
028340 649
028348 658
028356 435
028364 123
028372 722
028380 447
028388 469
028396 189
028404 79
028412 542
028165 510
028173 323
028181 211
028189 692
028197 43
028205 816
028213 721
028221 499
028229 150
028237 765
028245 324
028253 797
028261 54
028269 987
028277 293
028285 995
028293 237
028301 80
028309 962
028317 62
028325 217
028333 21
028341 707
028349 930
028357 316
028365 227
028373 908
028381 14
028389 83
028397 983
028405 390
028413 999
027137 468
027145 879
027153 951
027161 984
027169 923
027177 939
027185 701
027193 895
027201 771
027209 319
027217 524
027225 418
027233 205
027241 132
027249 61
027257 194
027265 444
027273 332
027281 756
027289 183
027297 161
027305 470
027313 443
027321 138
027329 67
027337 21
027345 60
027353 342
027361 586
027369 533
027377 573
027385 710
027138 402
027146 277
027154 590
027162 160
027170 837
027178 83
027186 695
027194 616
027202 934
027210 347
027218 591
027226 944
027234 499
027242 323
027250 348
027258 5
027266 577
027274 641
027282 375
027290 594
027298 93
027306 861
027314 91
027322 905
027330 529
027338 999
027346 954
027354 343
027362 725
027370 12
027378 795
027386 564
027655 965
027663 117
027671 347
027679 705
027687 838
027695 712
027703 89
027711 313
027719 615
027727 215
027735 289
027743 311
027751 65
027759 800
027767 777
027775 388
027783 751
027791 599
027799 392
027807 352
027815 936
027823 962
027831 569
027839 627
027847 170
027855 737
027863 581
027871 565
027879 811
027887 893
027895 955
027903 458
026624 154
026632 261
026640 817
026648 259
026656 891
026664 548
026672 321
026680 405
026688 380
026696 56
026704 582
026712 340
026720 438
026728 133
026736 366
026744 945
026752 532
026760 129
026768 666
026776 663
026784 336
026792 575
026800 637
026808 583
026816 891
026824 905
026832 295
026840 977
026848 544
026856 631
026864 879
026872 591
027910 85
027918 872
027926 40
027934 225
027942 877
027950 286
027958 576
027966 747
027974 691
027982 423
027990 894
027998 733
028006 421
028014 157
028022 164
028030 180
028038 757
028046 570
028054 892
028062 515
028070 181
028078 556
028086 447
028094 225
028102 647
028110 532
028118 407
028126 12
028134 828
028142 923
028150 406
028158 359
027395 970
027403 795
027411 712
027419 966
027427 268
027435 374
027443 114
027451 994
027459 595
027467 38
027475 238
027483 669
027491 787
027499 910
027507 866
027515 474
027523 869
027531 294
027539 862
027547 348
027555 731
027563 334
027571 451
027579 984
027587 328
027595 525
027603 382
027611 315
027619 835
027627 347
027635 44
027643 913
028420 561
028428 568
028436 32
028444 24
028452 902
028460 289
028468 441
028476 893
028484 110
028492 745
028500 488
028508 486
028516 204
028524 810
028532 297
028540 688
028548 887
028556 347
028564 754
028572 9
028580 43
028588 602
028596 60
028604 992
028612 45
028620 601
028628 837
028636 432
028644 605
028652 511
028660 603
028668 897
028421 268
028429 134
028437 855
028445 851
028453 775
028461 175
028469 862
028477 485
028485 32
028493 301
028501 872
028509 97
028517 440
028525 438
028533 378
028541 760
028549 148
028557 244
028565 882
028573 601
028581 642
028589 312
028597 667
028605 451
028613 865
028621 294
028629 738
028637 808
028645 847
028653 978
028661 340
028669 447
027393 86
027401 308
027409 964
027417 140
027425 404
027433 148
027441 126
027449 165
027457 322
027465 549
027473 113
027481 462
027489 403
027497 327
027505 796
027513 979
027521 184
027529 711
027537 251
027545 120
027553 48
027561 838
027569 1
027577 830
027585 91
027593 149
027601 499
027609 986
027617 522
027625 614
027633 571
027641 246
027394 988
027402 471
027410 109
027418 21
027426 923
027434 224
027442 862
027450 47
027458 788
027466 203
027474 308
027482 190
027490 710
027498 662
027506 561
027514 288
027522 528
027530 905
027538 989
027546 635
027554 49
027562 491
027570 13
027578 762
027586 606
027594 949
027602 882
027610 712
027618 440
027626 36
027634 269
027642 189
027911 472
027919 643
027927 759
027935 148
027943 251
027951 72
027959 777
027967 820
027975 875
027983 227
027991 556
027999 774
028007 479
028015 253
028023 843
028031 188
028039 882
028047 199
028055 998
028063 725
028071 267
028079 128
028087 218
028095 263
028103 933
028111 510
028119 58
028127 959
028135 373
028143 600
028151 788
028159 535
026880 800
026888 34
026896 165
026904 610
026912 401
026920 527
026928 635
026936 963
026944 823
026952 424
026960 200
026968 971
026976 570
026984 2
026992 546
027000 798
027008 753
027016 442
027024 661
027032 972
027040 997
027048 941
027056 234
027064 646
027072 849
027080 39
027088 597
027096 491
027104 422
027112 804
027120 226
027128 357
028166 818
028174 580
028182 236
028190 864
028198 172
028206 913
028214 73
028222 945
028230 148
028238 389
028246 713
028254 612
028262 553
028270 984
028278 488
028286 196
028294 120
028302 852
028310 159
028318 299
028326 728
028334 849
028342 7
028350 869
028358 759
028366 929
028374 594
028382 13
028390 930
028398 172
028406 473
028414 766
028676 61
028684 807
028692 187
028700 942
028708 332
028716 470
028724 680
028732 481
028740 479
028748 970
028756 611
028764 91
028772 91
028780 9
028788 970
028796 142
028804 179
028812 207
028820 704
028828 731
028836 39
028844 301
028852 135
028860 140
028868 758
028876 397
028884 667
028892 535
028900 330
028908 552
028916 593
028924 441
027651 68
027659 513
027667 813
027675 43
027683 361
027691 915
027699 840
027707 675
027715 256
027723 156
027731 420
027739 142
027747 793
027755 207
027763 408
027771 721
027779 292
027787 751
027795 224
027803 105
027811 694
027819 540
027827 700
027835 909
027843 855
027851 552
027859 540
027867 438
027875 824
027883 920
027891 830
027899 539
028677 28
028685 192
028693 536
028701 293
028709 525
028717 811
028725 557
028733 197
028741 92
028749 144
028757 57
028765 772
028773 515
028781 546
028789 491
028797 295
028805 447
028813 148
028821 922
028829 396
028837 856
028845 870
028853 878
028861 354
028869 346
028877 251
028885 121
028893 651
028901 701
028909 778
028917 820
028925 691
027649 688
027657 835
027665 460
027673 765
027681 537
027689 733
027697 443
027705 641
027713 264
027721 417
027729 39
027737 716
027745 720
027753 301
027761 439
027769 82
027777 578
027785 102
027793 401
027801 332
027809 945
027817 41
027825 133
027833 327
027841 312
027849 923
027857 966
027865 945
027873 961
027881 336
027889 570
027897 916
027650 532
027658 874
027666 596
027674 213
027682 984
027690 546
027698 578
027706 409
027714 481
027722 220
027730 481
027738 789
027746 24
027754 333
027762 360
027770 984
027778 787
027786 426
027794 700
027802 138
027810 614
027818 825
027826 468
027834 75
027842 901
027850 304
027858 982
027866 57
027874 915
027882 385
027890 172
027898 583
028167 781
028175 154
028183 78
028191 225
028199 668
028207 205
028215 552
028223 119
028231 520
028239 422
028247 218
028255 906
028263 735
028271 615
028279 857
028287 790
028295 466
028303 36
028311 358
028319 488
028327 470
028335 764
028343 604
028351 585
028359 211
028367 47
028375 574
028383 59
028391 349
028399 188
028407 487
028415 966
027136 201
027144 897
027152 331
027160 243
027168 634
027176 806
027184 782
027192 871
027200 552
027208 119
027216 140
027224 349
027232 356
027240 331
027248 741
027256 151
027264 527
027272 705
027280 233
027288 35
027296 849
027304 518
027312 743
027320 151
027328 922
027336 172
027344 917
027352 247
027360 306
027368 736
027376 231
027384 219
028422 416
028430 245
028438 315
028446 887
028454 552
028462 455
028470 507
028478 405
028486 725
028494 769
028502 586
028510 106
028518 69
028526 315
028534 466
028542 512
028550 665
028558 331
028566 991
028574 788
028582 837
028590 19
028598 239
028606 663
028614 81
028622 109
028630 978
028638 935
028646 449
028654 64
028662 599
028670 442
028932 155
028940 10
028948 772
028956 147
028964 417
028972 967
028980 378
028988 748
028996 36
029004 314
029012 570
029020 502
029028 354
029036 168
029044 270
029052 336
029060 284
029068 600
029076 266
029084 280
029092 402
029100 463
029108 53
029116 57
029124 532
029132 106
029140 446
029148 805
029156 309
029164 860
029172 442
029180 740
027907 672
027915 495
027923 311
027931 932
027939 991
027947 737
027955 250
027963 784
027971 408
027979 510
027987 928
027995 645
028003 498
028011 558
028019 614
028027 233
028035 153
028043 343
028051 387
028059 176
028067 911
028075 611
028083 694
028091 978
028099 127
028107 558
028115 19
028123 665
028131 558
028139 497
028147 651
028155 886
028933 961
028941 846
028949 880
028957 743
028965 479
028973 814
028981 185
028989 682
028997 735
029005 535
029013 586
029021 907
029029 822
029037 881
029045 699
029053 390
029061 165
029069 909
029077 669
029085 310
029093 657
029101 353
029109 728
029117 924
029125 722
029133 877
029141 61
029149 214
029157 692
029165 329
029173 908
029181 180
027905 859
027913 336
027921 25
027929 945
027937 448
027945 994
027953 243
027961 224
027969 909
027977 375
027985 681
027993 938
028001 27
028009 720
028017 642
028025 979
028033 635
028041 920
028049 401
028057 573
028065 136
028073 433
028081 694
028089 395
028097 376
028105 750
028113 375
028121 194
028129 967
028137 834
028145 394
028153 67
027906 401
027914 953
027922 41
027930 876
027938 113
027946 639
027954 10
027962 263
027970 668
027978 831
027986 847
027994 348
028002 567
028010 460
028018 716
028026 71
028034 143
028042 259
028050 636
028058 362
028066 513
028074 122
028082 838
028090 933
028098 18
028106 957
028114 982
028122 595
028130 439
028138 644
028146 177
028154 605
028423 77
028431 817
028439 159
028447 893
028455 960
028463 904
028471 127
028479 143
028487 244
028495 870
028503 980
028511 422
028519 521
028527 293
028535 434
028543 205
028551 587
028559 438
028567 779
028575 437
028583 928
028591 276
028599 361
028607 687
028615 872
028623 417
028631 368
028639 649
028647 40
028655 857
028663 526
028671 185
027392 66
027400 261
027408 465
027416 496
027424 78
027432 382
027440 781
027448 871
027456 223
027464 290
027472 655
027480 928
027488 766
027496 652
027504 640
027512 509
027520 0
027528 469
027536 472
027544 421
027552 774
027560 428
027568 483
027576 164
027584 960
027592 482
027600 388
027608 864
027616 871
027624 321
027632 170
027640 414
028678 163
028686 40
028694 990
028702 67
028710 431
028718 829
028726 388
028734 461
028742 346
028750 86
028758 285
028766 270
028774 138
028782 157
028790 155
028798 367
028806 722
028814 517
028822 263
028830 259
028838 839
028846 22
028854 218
028862 953
028870 446
028878 717
028886 433
028894 959
028902 348
028910 231
028918 234
028926 552
029188 43
029196 391
029204 100
029212 473
029220 591
029228 619
029236 441
029244 315
029252 274
029260 390
029268 361
029276 18
029284 783
029292 788
029300 515
029308 586
029316 83
029324 127
029332 231
029340 549
029348 581
029356 377
029364 368
029372 105
029380 309
029388 362
029396 670
029404 912
029412 364
029420 432
029428 118
029436 299
028163 92
028171 507
028179 478
028187 883
028195 136
028203 145
028211 231
028219 338
028227 563
028235 557
028243 752
028251 576
028259 560
028267 623
028275 399
028283 941
028291 840
028299 82
028307 28
028315 267
028323 336
028331 713
028339 771
028347 526
028355 211
028363 568
028371 885
028379 921
028387 287
028395 296
028403 223
028411 946
029189 527
029197 279
029205 129
029213 884
029221 545
029229 521
029237 848
029245 381
029253 360
029261 880
029269 989
029277 149
029285 696
029293 19
029301 159
029309 597
029317 944
029325 109
029333 793
029341 809
029349 519
029357 813
029365 13
029373 280
029381 518
029389 243
029397 973
029405 252
029413 248
029421 367
029429 517
029437 181
028161 718
028169 591
028177 339
028185 112
028193 909
028201 509
028209 928
028217 569
028225 178
028233 323
028241 185
028249 892
028257 566
028265 6
028273 430
028281 647
028289 18
028297 166
028305 988
028313 900
028321 500
028329 604
028337 950
028345 510
028353 141
028361 351
028369 574
028377 361
028385 327
028393 426
028401 34
028409 592
028162 479
028170 601
028178 214
028186 180
028194 812
028202 830
028210 924
028218 804
028226 669
028234 863
028242 713
028250 889
028258 420
028266 126
028274 158
028282 523
028290 251
028298 760
028306 877
028314 200
028322 29
028330 887
028338 714
028346 701
028354 384
028362 810
028370 301
028378 788
028386 353
028394 109
028402 131
028410 148
028679 282
028687 771
028695 918
028703 101
028711 441
028719 762
028727 957
028735 305
028743 20
028751 472
028759 310
028767 656
028775 285
028783 607
028791 166
028799 946
028807 195
028815 65
028823 587
028831 859
028839 775
028847 447
028855 903
028863 186
028871 429
028879 510
028887 183
028895 328
028903 946
028911 595
028919 210
028927 111
027648 706
027656 777
027664 899
027672 907
027680 247
027688 354
027696 361
027704 299
027712 706
027720 193
027728 728
027736 145
027744 54
027752 998
027760 544
027768 625
027776 540
027784 507
027792 314
027800 186
027808 511
027816 453
027824 230
027832 440
027840 558
027848 679
027856 73
027864 826
027872 560
027880 762
027888 565
027896 600
028934 993
028942 893
028950 274
028958 56
028966 968
028974 390
028982 824
028990 207
028998 738
029006 180
029014 42
029022 736
029030 485
029038 328
029046 606
029054 84
029062 128
029070 476
029078 170
029086 99
029094 608
029102 918
029110 560
029118 17
029126 749
029134 413
029142 53
029150 76
029158 289
029166 51
029174 381
029182 672
029444 735
029452 299
029460 966
029468 631
029476 136
029484 212
029492 162
029500 9
029508 568
029516 2
029524 235
029532 498
029540 740
029548 706
029556 427
029564 880
029572 867
029580 72
029588 839
029596 591
029604 0
029612 253
029620 297
029628 356
029636 177
029644 173
029652 294
029660 187
029668 619
029676 856
029684 909
029692 469
028419 738
028427 775
028435 966
028443 859
028451 92
028459 909
028467 58
028475 619
028483 279
028491 148
028499 705
028507 911
028515 308
028523 789
028531 219
028539 552
028547 216
028555 647
028563 914
028571 464
028579 331
028587 392
028595 34
028603 929
028611 549
028619 526
028627 808
028635 837
028643 58
028651 533
028659 870
028667 141
029445 44
029453 734
029461 304
029469 786
029477 93
029485 855
029493 919
029501 441
029509 929
029517 672
029525 825
029533 55
029541 652
029549 222
029557 243
029565 905
029573 591
029581 409
029589 790
029597 391
029605 117
029613 519
029621 559
029629 373
029637 185
029645 613
029653 928
029661 202
029669 683
029677 317
029685 914
029693 781
028417 503
028425 827
028433 900
028441 292
028449 828
028457 341
028465 299
028473 604
028481 922
028489 703
028497 498
028505 885
028513 928
028521 789
028529 431
028537 60
028545 479
028553 318
028561 78
028569 815
028577 331
028585 981
028593 615
028601 725
028609 463
028617 920
028625 800
028633 688
028641 93
028649 439
028657 676
028665 86
028935 948
028943 10
028951 467
028959 209
028967 779
028975 511
028983 917
028991 731
028999 676
029007 205
029015 651
029023 760
029031 600
029039 710
029047 496
029055 250
029063 686
029071 602
029079 15
029087 922
029095 251
029103 661
029111 449
029119 259
029127 644
029135 443
029143 224
029151 57
029159 365
029167 934
029175 275
029183 101
028418 881
028426 825
028434 706
028442 986
028450 774
028458 94
028466 271
028474 881
028482 45
028490 222
028498 974
028506 116
028514 643
028522 849
028530 959
028538 252
028546 187
028554 732
028562 748
028570 659
028578 432
028586 109
028594 800
028602 228
028610 70
028618 439
028626 217
028634 225
028642 864
028650 200
028658 805
028666 375
027904 778
027912 555
027920 110
027928 577
027936 822
027944 690
027952 73
027960 302
027968 752
027976 288
027984 114
027992 273
028000 40
028008 387
028016 94
028024 983
028032 5
028040 317
028048 211
028056 803
028064 424
028072 933
028080 783
028088 503
028096 279
028104 211
028112 213
028120 942
028128 845
028136 482
028144 111
028152 379
029190 192
029198 902
029206 227
029214 623
029222 706
029230 111
029238 650
029246 740
029254 92
029262 443
029270 966
029278 127
029286 408
029294 555
029302 655
029310 981
029318 939
029326 520
029334 858
029342 364
029350 689
029358 398
029366 872
029374 195
029382 314
029390 39
029398 559
029406 859
029414 514
029422 90
029430 908
029438 867
028675 175
028683 703
028691 808
028699 427
028707 802
028715 348
028723 659
028731 823
028739 313
028747 859
028755 694
028763 514
028771 707
028779 199
028787 981
028795 112
028803 398
028811 597
028819 858
028827 627
028835 647
028843 332
028851 536
028859 174
028867 274
028875 612
028883 400
028891 851
028899 710
028907 561
028915 223
028923 663
029700 382
029708 736
029716 442
029724 596
029732 519
029740 319
029748 231
029756 779
029764 425
029772 30
029780 15
029788 803
029796 317
029804 295
029812 933
029820 625
029828 169
029836 27
029844 506
029852 564
029860 997
029868 149
029876 55
029884 691
029892 508
029900 768
029908 610
029916 576
029924 234
029932 348
029940 898
029948 863
029701 283
029709 880
029717 102
029725 723
029733 715
029741 117
029749 675
029757 670
029765 268
029773 408
029781 251
029789 476
029797 93
029805 702
029813 649
029821 978
029829 720
029837 650
029845 35
029853 720
029861 135
029869 531
029877 742
029885 755
029893 396
029901 920
029909 485
029917 644
029925 222
029933 437
029941 915
029949 534
028673 677
028681 553
028689 653
028697 772
028705 719
028713 87
028721 635
028729 347
028737 223
028745 45
028753 949
028761 248
028769 116
028777 917
028785 190
028793 641
028801 692
028809 990
028817 893
028825 17
028833 227
028841 167
028849 82
028857 392
028865 92
028873 561
028881 824
028889 423
028897 677
028905 845
028913 908
028921 433
029191 320
029199 672
029207 232
029215 4
029223 688
029231 826
029239 604
029247 686
029255 963
029263 407
029271 252
029279 252
029287 839
029295 741
029303 862
029311 183
029319 743
029327 965
029335 226
029343 556
029351 863
029359 754
029367 678
029375 809
029383 419
029391 417
029399 35
029407 816
029415 414
029423 288
029431 248
029439 176
028674 695
028682 418
028690 76
028698 63
028706 266
028714 467
028722 993
028730 435
028738 905
028746 234
028754 81
028762 134
028770 425
028778 406
028786 311
028794 756
028802 179
028810 385
028818 619
028826 120
028834 739
028842 520
028850 559
028858 825
028866 52
028874 99
028882 349
028890 186
028898 162
028906 241
028914 653
028922 380
028160 415
028168 847
028176 153
028184 98
028192 258
028200 563
028208 546
028216 496
028224 801
028232 857
028240 469
028248 844
028256 770
028264 982
028272 906
028280 931
028288 346
028296 319
028304 530
028312 769
028320 467
028328 336
028336 173
028344 403
028352 978
028360 782
028368 533
028376 407
028384 7
028392 42
028400 426
028408 590
029446 184
029454 796
029462 991
029470 408
029478 216
029486 602
029494 439
029502 71
029510 907
029518 410
029526 746
029534 382
029542 848
029550 987
029558 603
029566 208
029574 699
029582 682
029590 464
029598 159
029606 711
029614 292
029622 817
029630 168
029638 476
029646 337
029654 773
029662 354
029670 254
029678 213
029686 567
029694 542
028931 771
028939 409
028947 421
028955 961
028963 91
028971 484
028979 955
028987 783
028995 655
029003 199
029011 672
029019 833
029027 434
029035 931
029043 979
029051 693
029059 471
029067 501
029075 773
029083 310
029091 674
029099 672
029107 130
029115 216
029123 482
029131 397
029139 509
029147 479
029155 512
029163 83
029171 336
029179 904
029956 177
029964 971
029972 41
029980 861
029988 53
029996 340
030004 265
030012 477
030020 742
030028 61
030036 625
030044 632
030052 326
030060 887
030068 536
030076 972
030084 698
030092 669
030100 298
030108 28
030116 48
030124 578
030132 947
030140 483
030148 325
030156 231
030164 986
030172 794
030180 197
030188 542
030196 219
030204 204
029957 682
029965 491
029973 739
029981 464
029989 311
029997 675
030005 812
030013 422
030021 502
030029 645
030037 814
030045 379
030053 707
030061 762
030069 355
030077 728
030085 323
030093 288
030101 932
030109 386
030117 196
030125 940
030133 444
030141 734
030149 839
030157 613
030165 200
030173 190
030181 568
030189 115
030197 913
030205 955
028929 837
028937 581
028945 667
028953 684
028961 657
028969 704
028977 309
028985 192
028993 462
029001 523
029009 402
029017 156
029025 464
029033 781
029041 490
029049 560
029057 873
029065 673
029073 416
029081 759
029089 860
029097 760
029105 252
029113 260
029121 704
029129 841
029137 809
029145 24
029153 270
029161 99
029169 538
029177 95
029447 33
029455 178
029463 397
029471 42
029479 762
029487 643
029495 173
029503 696
029511 553
029519 816
029527 844
029535 190
029543 882
029551 615
029559 73
029567 576
029575 808
029583 529
029591 350
029599 93
029607 744
029615 39
029623 962
029631 188
029639 312
029647 22
029655 968
029663 308
029671 303
029679 131
029687 775
029695 834
028930 639
028938 258
028946 913
028954 787
028962 15
028970 257
028978 605
028986 134
028994 639
029002 363
029010 936
029018 622
029026 588
029034 198
029042 627
029050 301
029058 165
029066 185
029074 918
029082 120
029090 898
029098 627
029106 648
029114 125
029122 100
029130 724
029138 598
029146 151
029154 750
029162 390
029170 665
029178 766
028416 641
028424 920
028432 685
028440 446
028448 665
028456 148
028464 913
028472 870
028480 803
028488 292
028496 102
028504 64
028512 977
028520 367
028528 304
028536 471
028544 169
028552 165
028560 595
028568 809
028576 430
028584 922
028592 687
028600 173
028608 423
028616 907
028624 799
028632 834
028640 191
028648 862
028656 496
028664 334
029702 865
029710 260
029718 846
029726 39
029734 164
029742 446
029750 490
029758 425
029766 432
029774 986
029782 932
029790 458
029798 1
029806 333
029814 491
029822 136
029830 382
029838 455
029846 826
029854 72
029862 844
029870 922
029878 654
029886 487
029894 839
029902 881
029910 374
029918 359
029926 957
029934 278
029942 550
029950 505
029187 226
029195 888
029203 167
029211 404
029219 318
029227 796
029235 401
029243 490
029251 85
029259 339
029267 320
029275 615
029283 557
029291 779
029299 140
029307 201
029315 191
029323 225
029331 325
029339 285
029347 88
029355 818
029363 450
029371 563
029379 989
029387 951
029395 2
029403 864
029411 625
029419 812
029427 528
029435 199
030213 170
030221 17
030229 92
030237 887
030245 545
030253 696
030261 451
030269 181
030277 627
030285 969
030293 809
030301 75
030309 881
030317 74
030325 326
030333 29
030341 848
030349 132
030357 742
030365 287
030373 387
030381 489
030389 306
030397 878
030405 482
030413 723
030421 19
030429 672
030437 862
030445 912
030453 628
030461 492
030212 981
030220 977
030228 267
030236 420
030244 633
030252 986
030260 160
030268 547
030276 259
030284 948
030292 355
030300 782
030308 989
030316 697
030324 589
030332 455
030340 674
030348 743
030356 964
030364 835
030372 266
030380 483
030388 235
030396 867
030404 675
030412 445
030420 240
030428 254
030436 478
030444 213
030452 387
030460 62
029185 633
029193 669
029201 307
029209 781
029217 702
029225 976
029233 859
029241 683
029249 703
029257 529
029265 493
029273 659
029281 677
029289 562
029297 548
029305 512
029313 682
029321 437
029329 976
029337 221
029345 707
029353 362
029361 532
029369 337
029377 686
029385 468
029393 91
029401 798
029409 830
029417 463
029425 436
029433 594
029703 697
029711 220
029719 944
029727 647
029735 331
029743 584
029751 505
029759 723
029767 459
029775 459
029783 978
029791 922
029799 346
029807 819
029815 96
029823 13
029831 956
029839 363
029847 826
029855 20
029863 720
029871 604
029879 609
029887 266
029895 658
029903 28
029911 715
029919 742
029927 199
029935 61
029943 842
029951 86
029186 975
029194 214
029202 26
029210 743
029218 483
029226 782
029234 263
029242 223
029250 307
029258 577
029266 108
029274 669
029282 1
029290 685
029298 993
029306 266
029314 587
029322 57
029330 942
029338 869
029346 557
029354 686
029362 316
029370 950
029378 159
029386 254
029394 974
029402 215
029410 292
029418 209
029426 71
029434 707
028672 979
028680 768
028688 931
028696 254
028704 523
028712 980
028720 531
028728 50
028736 605
028744 846
028752 157
028760 880
028768 604
028776 565
028784 963
028792 900
028800 161
028808 161
028816 923
028824 45
028832 803
028840 508
028848 854
028856 506
028864 179
028872 77
028880 14
028888 873
028896 378
028904 378
028912 461
028920 667
029958 273
029966 515
029974 858
029982 240
029990 32
029998 536
030006 337
030014 274
030022 579
030030 720
030038 264
030046 381
030054 891
030062 612
030070 257
030078 842
030086 171
030094 545
030102 892
030110 151
030118 987
030126 745
030134 676
030142 151
030150 543
030158 215
030166 676
030174 183
030182 463
030190 382
030198 377
030206 276
029443 698
029451 374
029459 696
029467 91
029475 986
029483 926
029491 730
029499 599
029507 737
029515 221
029523 72
029531 224
029539 902
029547 335
029555 112
029563 272
029571 363
029579 153
029587 281
029595 879
029603 204
029611 283
029619 786
029627 366
029635 535
029643 701
029651 155
029659 166
029667 646
029675 347
029683 394
029691 883
030469 333
030477 376
030485 806
030493 692
030501 284
030509 915
030517 944
030525 444
030533 537
030541 145
030549 255
030557 768
030565 408
030573 132
030581 300
030589 874
030597 980
030605 428
030613 965
030621 443
030629 297
030637 520
030645 71
030653 528
030661 707
030669 342
030677 308
030685 952
030693 892
030701 730
030709 801
030717 432
030468 515
030476 938
030484 658
030492 548
030500 116
030508 442
030516 90
030524 819
030532 830
030540 623
030548 73
030556 815
030564 232
030572 959
030580 372
030588 535
030596 523
030604 34
030612 766
030620 871
030628 577
030636 681
030644 81
030652 273
030660 68
030668 597
030676 980
030684 369
030692 443
030700 690
030708 763
030716 666
029441 197
029449 164
029457 334
029465 868
029473 740
029481 483
029489 314
029497 396
029505 159
029513 232
029521 468
029529 448
029537 607
029545 835
029553 220
029561 490
029569 651
029577 867
029585 595
029593 642
029601 970
029609 488
029617 779
029625 57
029633 656
029641 709
029649 135
029657 979
029665 692
029673 829
029681 444
029689 733
029959 185
029967 932
029975 444
029983 733
029991 22
029999 652
030007 29
030015 715
030023 160
030031 651
030039 991
030047 410
030055 785
030063 599
030071 894
030079 80
030087 967
030095 397
030103 710
030111 354
030119 786
030127 589
030135 325
030143 557
030151 463
030159 427
030167 300
030175 473
030183 251
030191 395
030199 866
030207 462
029442 205
029450 692
029458 306
029466 445
029474 603
029482 994
029490 83
029498 831
029506 125
029514 254
029522 57
029530 299
029538 981
029546 211
029554 513
029562 820
029570 304
029578 555
029586 121
029594 343
029602 310
029610 651
029618 899
029626 62
029634 57
029642 522
029650 577
029658 298
029666 745
029674 278
029682 601
029690 234
028928 116
028936 986
028944 840
028952 462
028960 784
028968 819
028976 669
028984 937
028992 216
029000 187
029008 321
029016 556
029024 784
029032 849
029040 363
029048 879
029056 303
029064 813
029072 684
029080 658
029088 159
029096 558
029104 918
029112 726
029120 388
029128 151
029136 608
029144 239
029152 719
029160 472
029168 91
029176 128
030214 433
030222 270
030230 713
030238 326
030246 915
030254 700
030262 899
030270 671
030278 102
030286 19
030294 273
030302 177
030310 830
030318 257
030326 194
030334 646
030342 107
030350 700
030358 41
030366 985
030374 339
030382 474
030390 259
030398 758
030406 794
030414 912
030422 67
030430 699
030438 230
030446 747
030454 14
030462 173
029699 54
029707 798
029715 851
029723 1
029731 417
029739 281
029747 585
029755 190
029763 159
029771 901
029779 459
029787 772
029795 291
029803 468
029811 271
029819 822
029827 128
029835 398
029843 946
029851 498
029859 575
029867 562
029875 128
029883 688
029891 755
029899 778
029907 728
029915 537
029923 183
029931 359
029939 859
029947 116
030725 329
030733 577
030741 149
030749 643
030757 225
030765 205
030773 470
030781 247
030789 268
030797 411
030805 83
030813 451
030821 868
030829 191
030837 848
030845 373
030853 616
030861 265
030869 275
030877 175
030885 522
030893 97
030901 933
030909 508
030917 814
030925 497
030933 108
030941 889
030949 315
030957 902
030965 266
030973 786
030724 378
030732 540
030740 758
030748 29
030756 465
030764 993
030772 796
030780 572
030788 328
030796 733
030804 756
030812 484
030820 215
030828 253
030836 861
030844 362
030852 566
030860 158
030868 298
030876 251
030884 651
030892 205
030900 994
030908 988
030916 820
030924 783
030932 116
030940 957
030948 193
030956 20
030964 849
030972 143
029697 138
029705 523
029713 984
029721 252
029729 401
029737 270
029745 528
029753 865
029761 601
029769 324
029777 306
029785 622
029793 639
029801 767
029809 363
029817 675
029825 438
029833 605
029841 286
029849 702
029857 973
029865 746
029873 136
029881 626
029889 816
029897 924
029905 349
029913 354
029921 460
029929 819
029937 122
029945 717
030215 947
030223 578
030231 804
030239 53
030247 801
030255 852
030263 401
030271 135
030279 698
030287 736
030295 751
030303 219
030311 318
030319 23
030327 259
030335 24
030343 548
030351 746
030359 997
030367 722
030375 0
030383 437
030391 723
030399 966
030407 631
030415 423
030423 642
030431 175
030439 151
030447 956
030455 742
030463 469
029698 574
029706 614
029714 499
029722 204
029730 848
029738 717
029746 461
029754 741
029762 573
029770 845
029778 354
029786 416
029794 279
029802 795
029810 808
029818 113
029826 512
029834 173
029842 11
029850 108
029858 169
029866 179
029874 565
029882 805
029890 704
029898 323
029906 673
029914 158
029922 373
029930 415
029938 783
029946 424
029184 408
029192 381
029200 296
029208 956
029216 10
029224 372
029232 144
029240 211
029248 66
029256 254
029264 558
029272 994
029280 315
029288 527
029296 268
029304 843
029312 25
029320 742
029328 527
029336 174
029344 637
029352 440
029360 891
029368 328
029376 164
029384 976
029392 542
029400 68
029408 652
029416 43
029424 347
029432 1
030470 977
030478 758
030486 97
030494 118
030502 507
030510 70
030518 455
030526 757
030534 815
030542 138
030550 924
030558 685
030566 989
030574 554
030582 306
030590 54
030598 8
030606 236
030614 975
030622 71
030630 448
030638 901
030646 357
030654 267
030662 501
030670 244
030678 731
030686 802
030694 951
030702 676
030710 443
030718 740
030981 943
030989 830
030997 861
031005 421
031013 236
031021 335
031029 471
031037 728
031045 73
031053 430
031061 691
031069 668
031077 249
031085 750
031093 992
031101 174
031109 637
031117 655
031125 123
031133 71
031141 966
031149 339
031157 224
031165 431
031173 869
031181 563
031189 531
031197 597
031205 101
031213 957
031221 303
031229 681
029955 394
029963 10
029971 850
029979 296
029987 202
029995 816
030003 76
030011 706
030019 501
030027 28
030035 292
030043 931
030051 32
030059 913
030067 608
030075 404
030083 764
030091 975
030099 525
030107 441
030115 966
030123 280
030131 552
030139 641
030147 484
030155 388
030163 919
030171 531
030179 210
030187 956
030195 134
030203 168
030980 142
030988 818
030996 434
031004 420
031012 546
031020 135
031028 982
031036 57
031044 822
031052 39
031060 274
031068 527
031076 258
031084 259
031092 437
031100 372
031108 886
031116 931
031124 740
031132 259
031140 367
031148 488
031156 486
031164 197
031172 180
031180 400
031188 911
031196 769
031204 739
031212 203
031220 318
031228 0
029953 522
029961 660
029969 323
029977 344
029985 496
029993 113
030001 993
030009 440
030017 478
030025 791
030033 229
030041 133
030049 769
030057 90
030065 394
030073 718
030081 687
030089 558
030097 86
030105 828
030113 517
030121 285
030129 748
030137 337
030145 827
030153 978
030161 572
030169 789
030177 303
030185 568
030193 938
030201 186
030471 490
030479 881
030487 537
030495 438
030503 769
030511 386
030519 559
030527 826
030535 893
030543 854
030551 456
030559 764
030567 993
030575 872
030583 929
030591 171
030599 301
030607 704
030615 164
030623 347
030631 554
030639 538
030647 817
030655 567
030663 481
030671 331
030679 458
030687 749
030695 871
030703 57
030711 933
030719 824
029954 306
029962 731
029970 194
029978 693
029986 966
029994 13
030002 920
030010 209
030018 177
030026 746
030034 221
030042 233
030050 766
030058 796
030066 219
030074 615
030082 109
030090 694
030098 390
030106 95
030114 665
030122 283
030130 404
030138 985
030146 41
030154 534
030162 910
030170 854
030178 195
030186 743
030194 812
030202 710
029440 893
029448 877
029456 606
029464 595
029472 781
029480 149
029488 110
029496 776
029504 770
029512 99
029520 693
029528 397
029536 813
029544 163
029552 771
029560 173
029568 822
029576 271
029584 377
029592 391
029600 312
029608 487
029616 668
029624 813
029632 39
029640 737
029648 535
029656 250
029664 437
029672 562
029680 418
029688 850
030726 529
030734 850
030742 930
030750 218
030758 505
030766 643
030774 776
030782 630
030790 184
030798 803
030806 248
030814 879
030822 39
030830 347
030838 58
030846 723
030854 751
030862 830
030870 115
030878 36
030886 545
030894 978
030902 755
030910 262
030918 500
030926 551
030934 923
030942 882
030950 136
030958 740
030966 515
030974 847
031237 227
031245 931
031253 230
031261 953
031269 620
031277 808
031285 778
031293 105
031301 813
031309 49
031317 984
031325 522
031333 793
031341 884
031349 12
031357 101
031365 777
031373 20
031381 205
031389 553
031397 475
031405 64
031413 607
031421 353
031429 220
031437 412
031445 768
031453 63
031461 83
031469 366
031477 217
031485 49
030211 652
030219 766
030227 417
030235 186
030243 682
030251 109
030259 142
030267 157
030275 212
030283 833
030291 725
030299 250
030307 465
030315 824
030323 416
030331 405
030339 776
030347 183
030355 206
030363 472
030371 470
030379 614
030387 779
030395 602
030403 88
030411 671
030419 485
030427 384
030435 31
030443 714
030451 117
030459 133
031236 540
031244 464
031252 181
031260 700
031268 373
031276 547
031284 483
031292 746
031300 49
031308 489
031316 466
031324 648
031332 306
031340 197
031348 630
031356 798
031364 35
031372 646
031380 897
031388 900
031396 356
031404 735
031412 721
031420 371
031428 200
031436 650
031444 297
031452 62
031460 51
031468 932
031476 653
031484 679
030209 351
030217 176
030225 545
030233 741
030241 319
030249 804
030257 423
030265 579
030273 397
030281 417
030289 35
030297 846
030305 403
030313 660
030321 184
030329 623
030337 422
030345 902
030353 301
030361 980
030369 791
030377 451
030385 291
030393 780
030401 450
030409 961
030417 219
030425 728
030433 397
030441 75
030449 315
030457 38
030727 863
030735 127
030743 839
030751 726
030759 924
030767 208
030775 706
030783 452
030791 89
030799 677
030807 104
030815 705
030823 739
030831 683
030839 272
030847 275
030855 613
030863 529
030871 68
030879 997
030887 324
030895 892
030903 584
030911 79
030919 81
030927 218
030935 11
030943 209
030951 20
030959 483
030967 513
030975 590
030210 370
030218 196
030226 540
030234 885
030242 416
030250 246
030258 864
030266 88
030274 482
030282 500
030290 319
030298 553
030306 748
030314 706
030322 206
030330 814
030338 887
030346 359
030354 189
030362 5
030370 272
030378 770
030386 540
030394 954
030402 890
030410 377
030418 822
030426 354
030434 876
030442 85
030450 169
030458 31
029696 387
029704 565
029712 37
029720 543
029728 209
029736 329
029744 379
029752 916
029760 498
029768 89
029776 777
029784 995
029792 471
029800 827
029808 369
029816 248
029824 999
029832 314
029840 387
029848 778
029856 6
029864 584
029872 243
029880 325
029888 837
029896 16
029904 413
029912 401
029920 498
029928 269
029936 512
029944 875
030982 588
030990 975
030998 327
031006 808
031014 547
031022 808
031030 896
031038 207
031046 614
031054 479
031062 103
031070 523
031078 218
031086 856
031094 708
031102 824
031110 691
031118 863
031126 484
031134 364
031142 530
031150 772
031158 239
031166 664
031174 346
031182 486
031190 510
031198 231
031206 231
031214 331
031222 58
031230 695
031493 456
031501 30
031509 917
031517 18
031525 912
031533 695
031541 175
031549 323
031557 206
031565 828
031573 47
031581 361
031589 658
031597 990
031605 596
031613 30
031621 882
031629 936
031637 266
031645 444
031653 466
031661 564
031669 281
031677 422
031685 461
031693 600
031701 500
031709 51
031717 366
031725 445
031733 204
031741 390
030467 793
030475 958
030483 938
030491 392
030499 294
030507 205
030515 22
030523 162
030531 43
030539 374
030547 91
030555 41
030563 567
030571 861
030579 571
030587 177
030595 88
030603 603
030611 598
030619 425
030627 594
030635 540
030643 705
030651 979
030659 226
030667 545
030675 396
030683 819
030691 878
030699 243
030707 290
030715 772
031492 412
031500 211
031508 247
031516 946
031524 3
031532 536
031540 293
031548 577
031556 993
031564 684
031572 18
031580 563
031588 295
031596 304
031604 514
031612 573
031620 776
031628 655
031636 834
031644 362
031652 28
031660 826
031668 878
031676 534
031684 767
031692 407
031700 509
031708 393
031716 234
031724 447
031732 82
031740 988
030465 516
030473 839
030481 55
030489 422
030497 623
030505 905
030513 58
030521 389
030529 885
030537 231
030545 661
030553 736
030561 981
030569 326
030577 653
030585 552
030593 258
030601 534
030609 285
030617 315
030625 662
030633 911
030641 389
030649 516
030657 198
030665 36
030673 18
030681 317
030689 286
030697 388
030705 862
030713 385
030983 635
030991 923
030999 748
031007 852
031015 16
031023 669
031031 299
031039 785
031047 367
031055 553
031063 578
031071 560
031079 393
031087 3
031095 375
031103 71
031111 143
031119 167
031127 820
031135 860
031143 66
031151 873
031159 356
031167 655
031175 418
031183 858
031191 266
031199 556
031207 315
031215 67
031223 276
031231 124
030466 678
030474 407
030482 258
030490 753
030498 333
030506 754
030514 445
030522 514
030530 412
030538 507
030546 486
030554 850
030562 332
030570 458
030578 29
030586 3
030594 971
030602 856
030610 684
030618 626
030626 182
030634 593
030642 270
030650 845
030658 687
030666 676
030674 140
030682 323
030690 97
030698 891
030706 454
030714 165
029952 745
029960 240
029968 294
029976 666
029984 94
029992 510
030000 453
030008 726
030016 924
030024 168
030032 102
030040 634
030048 300
030056 442
030064 736
030072 472
030080 408
030088 956
030096 186
030104 760
030112 621
030120 129
030128 202
030136 864
030144 127
030152 421
030160 56
030168 805
030176 39
030184 860
030192 389
030200 89
031238 953
031246 182
031254 436
031262 193
031270 659
031278 481
031286 352
031294 232
031302 194
031310 658
031318 353
031326 44
031334 361
031342 487
031350 760
031358 477
031366 867
031374 611
031382 577
031390 839
031398 18
031406 330
031414 40
031422 620
031430 288
031438 858
031446 527
031454 719
031462 730
031470 474
031478 539
031486 308
031749 946
031757 256
031765 275
031773 898
031781 940
031789 328
031797 776
031805 713
031813 701
031821 907
031829 242
031837 477
031845 980
031853 977
031861 132
031869 889
031877 746
031885 510
031893 533
031901 711
031909 956
031917 438
031925 605
031933 131
031941 582
031949 761
031957 936
031965 861
031973 851
031981 748
031989 892
031997 619
030723 438
030731 493
030739 115
030747 766
030755 899
030763 454
030771 605
030779 853
030787 647
030795 746
030803 62
030811 574
030819 878
030827 720
030835 156
030843 172
030851 838
030859 384
030867 267
030875 387
030883 808
030891 8
030899 167
030907 520
030915 258
030923 487
030931 601
030939 809
030947 108
030955 335
030963 295
030971 413
031748 781
031756 19
031764 217
031772 177
031780 662
031788 754
031796 743
031804 11
031812 857
031820 36
031828 602
031836 301
031844 349
031852 658
031860 519
031868 798
031876 16
031884 14
031892 965
031900 131
031908 784
031916 902
031924 227
031932 722
031940 577
031948 719
031956 161
031964 137
031972 8
031980 613
031988 618
031996 829
030721 665
030729 497
030737 795
030745 213
030753 809
030761 753
030769 474
030777 559
030785 944
030793 294
030801 11
030809 456
030817 433
030825 487
030833 773
030841 459
030849 179
030857 74
030865 80
030873 541
030881 813
030889 464
030897 246
030905 439
030913 91
030921 510
030929 810
030937 891
030945 162
030953 753
030961 906
030969 355
031239 476
031247 721
031255 837
031263 100
031271 288
031279 500
031287 960
031295 647
031303 648
031311 859
031319 896
031327 403
031335 885
031343 979
031351 958
031359 159
031367 749
031375 360
031383 843
031391 762
031399 116
031407 828
031415 515
031423 319
031431 300
031439 696
031447 907
031455 513
031463 262
031471 907
031479 87
031487 178
030722 675
030730 943
030738 695
030746 1
030754 604
030762 829
030770 735
030778 446
030786 727
030794 630
030802 681
030810 1
030818 820
030826 334
030834 511
030842 180
030850 310
030858 442
030866 351
030874 380
030882 560
030890 799
030898 194
030906 83
030914 196
030922 819
030930 723
030938 333
030946 383
030954 590
030962 420
030970 507
031494 768
031502 164
031510 249
031518 52
031526 252
031534 234
031542 825
031550 925
031558 973
031566 718
031574 820
031582 202
031590 191
031598 699
031606 576
031614 482
031622 126
031630 391
031638 136
031646 635
031654 32
031662 483
031670 942
031678 315
031686 708
031694 346
031702 333
031710 34
031718 334
031726 260
031734 48
031742 453
032005 542
032013 229
032021 996
032029 896
032037 230
032045 264
032053 974
032061 557
032069 139
032077 443
032085 987
032093 832
032101 797
032109 3
032117 760
032125 166
032133 434
032141 85
032149 598
032157 114
032165 851
032173 311
032181 322
032189 426
032197 61
032205 505
032213 116
032221 556
032229 849
032237 940
032245 538
032253 661
030208 104
030216 32
030224 186
030232 959
030240 457
030248 924
030256 933
030264 873
030272 90
030280 110
030288 684
030296 548
030304 100
030312 72
030320 190
030328 397
030336 300
030344 54
030352 623
030360 396
030368 914
030376 764
030384 733
030392 202
030400 953
030408 297
030416 589
030424 977
030432 447
030440 799
030448 159
030456 61
030979 354
030987 344
030995 966
031003 988
031011 472
031019 776
031027 70
031035 353
031043 58
031051 697
031059 450
031067 922
031075 147
031083 422
031091 140
031099 831
031107 738
031115 481
031123 467
031131 917
031139 176
031147 544
031155 911
031163 652
031171 183
031179 665
031187 487
031195 522
031203 817
031211 215
031219 601
031227 591
032004 418
032012 128
032020 185
032028 286
032036 771
032044 428
032052 848
032060 230
032068 90
032076 28
032084 398
032092 191
032100 545
032108 389
032116 968
032124 627
032132 779
032140 704
032148 430
032156 95
032164 157
032172 893
032180 693
032188 919
032196 242
032204 890
032212 592
032220 403
032228 293
032236 246
032244 522
032252 155
030977 864
030985 338
030993 992
031001 233
031009 266
031017 847
031025 691
031033 139
031041 888
031049 319
031057 903
031065 367
031073 128
031081 837
031089 132
031097 493
031105 587
031113 795
031121 613
031129 493
031137 319
031145 612
031153 614
031161 255
031169 570
031177 955
031185 465
031193 230
031201 218
031209 550
031217 875
031225 84
031495 34
031503 83
031511 85
031519 398
031527 666
031535 572
031543 732
031551 391
031559 169
031567 354
031575 482
031583 546
031591 440
031599 926
031607 117
031615 781
031623 220
031631 818
031639 661
031647 150
031655 160
031663 1
031671 487
031679 745
031687 59
031695 533
031703 85
031711 524
031719 903
031727 493
031735 381
031743 728
030978 3
030986 592
030994 649
031002 157
031010 565
031018 873
031026 554
031034 504
031042 767
031050 153
031058 852
031066 228
031074 811
031082 66
031090 418
031098 519
031106 128
031114 593
031122 6
031130 184
031138 783
031146 730
031154 322
031162 617
031170 431
031178 126
031186 169
031194 897
031202 750
031210 527
031218 994
031226 83
032261 583
032269 423
032277 336
032285 572
032293 319
032301 877
032309 394
032317 298
032325 819
032333 530
032341 605
032349 773
032357 277
032365 32
032373 399
032381 599
032389 368
032397 905
032405 931
032413 100
032421 155
032429 47
032437 276
032445 31
032453 206
032461 801
032469 103
032477 796
032485 257
032493 284
032501 87
032509 588
031750 355
031758 49
031766 725
031774 307
031782 430
031790 872
031798 271
031806 310
031814 595
031822 664
031830 225
031838 983
031846 911
031854 908
031862 776
031870 819
031878 386
031886 550
031894 331
031902 725
031910 121
031918 87
031926 636
031934 411
031942 445
031950 736
031958 466
031966 95
031974 55
031982 546
031990 607
031998 894
030464 757
030472 965
030480 520
030488 97
030496 571
030504 134
030512 898
030520 406
030528 515
030536 530
030544 545
030552 391
030560 990
030568 627
030576 413
030584 513
030592 297
030600 94
030608 778
030616 926
030624 870
030632 815
030640 899
030648 151
030656 488
030664 662
030672 165
030680 583
030688 101
030696 463
030704 300
030712 348
031235 593
031243 220
031251 643
031259 502
031267 196
031275 514
031283 331
031291 570
031299 726
031307 990
031315 584
031323 376
031331 264
031339 917
031347 964
031355 818
031363 249
031371 595
031379 901
031387 945
031395 327
031403 950
031411 305
031419 930
031427 213
031435 387
031443 661
031451 506
031459 887
031467 145
031475 978
031483 601
032260 425
032268 400
032276 796
032284 677
032292 374
032300 866
032308 557
032316 89
032324 638
032332 433
032340 659
032348 168
032356 988
032364 483
032372 18
032380 287
032388 817
032396 796
032404 918
032412 514
032420 392
032428 698
032436 35
032444 462
032452 45
032460 147
032468 157
032476 522
032484 902
032492 622
032500 354
032508 484
031233 961
031241 998
031249 587
031257 776
031265 35
031273 484
031281 417
031289 949
031297 846
031305 543
031313 869
031321 917
031329 668
031337 742
031345 519
031353 273
031361 503
031369 976
031377 182
031385 845
031393 140
031401 568
031409 464
031417 488
031425 30
031433 486
031441 115
031449 904
031457 972
031465 551
031473 803
031481 345
031751 164
031759 940
031767 634
031775 769
031783 452
031791 685
031799 136
031807 712
031815 810
031823 611
031831 425
031839 23
031847 572
031855 442
031863 401
031871 20
031879 294
031887 384
031895 467
031903 339
031911 340
031919 137
031927 4
031935 141
031943 98
031951 190
031959 87
031967 690
031975 627
031983 645
031991 13
031999 107
031234 852
031242 679
031250 8
031258 115
031266 663
031274 459
031282 50
031290 984
031298 81
031306 38
031314 523
031322 702
031330 940
031338 499
031346 329
031354 597
031362 462
031370 983
031378 524
031386 865
031394 634
031402 676
031410 531
031418 950
031426 726
031434 132
031442 996
031450 485
031458 670
031466 259
031474 96
031482 858
032517 867
032525 702
032533 989
032541 139
032549 68
032557 263
032565 100
032573 577
032581 903
032589 2
032597 127
032605 958
032613 564
032621 447
032629 150
032637 887
032645 322
032653 530
032661 748
032669 878
032677 719
032685 614
032693 916
032701 574
032709 138
032717 468
032725 773
032733 371
032741 58
032749 0
032757 688
032765 649
032006 261
032014 159
032022 250
032030 32
032038 452
032046 570
032054 14
032062 497
032070 231
032078 845
032086 26
032094 30
032102 395
032110 478
032118 789
032126 911
032134 258
032142 883
032150 696
032158 580
032166 559
032174 968
032182 750
032190 930
032198 143
032206 900
032214 924
032222 484
032230 466
032238 443
032246 764
032254 481
030720 192
030728 479
030736 389
030744 620
030752 195
030760 865
030768 63
030776 669
030784 459
030792 576
030800 546
030808 197
030816 305
030824 339
030832 531
030840 90
030848 178
030856 592
030864 676
030872 423
030880 798
030888 467
030896 154
030904 393
030912 37
030920 419
030928 275
030936 95
030944 719
030952 660
030960 298
030968 762
031491 407
031499 219
031507 899
031515 216
031523 259
031531 723
031539 770
031547 118
031555 904
031563 342
031571 685
031579 574
031587 450
031595 118
031603 644
031611 809
031619 359
031627 380
031635 655
031643 556
031651 9
031659 864
031667 308
031675 387
031683 580
031691 684
031699 532
031707 456
031715 320
031723 390
031731 874
031739 988
032516 369
032524 729
032532 890
032540 246
032548 195
032556 133
032564 629
032572 866
032580 395
032588 356
032596 346
032604 396
032612 840
032620 279
032628 532
032636 298
032644 827
032652 87
032660 267
032668 136
032676 10
032684 216
032692 599
032700 923
032708 369
032716 562
032724 402
032732 232
032740 672
032748 171
032756 290
032764 179
031489 259
031497 376
031505 658
031513 788
031521 647
031529 218
031537 581
031545 47
031553 155
031561 528
031569 258
031577 431
031585 496
031593 981
031601 197
031609 71
031617 475
031625 342
031633 386
031641 657
031649 708
031657 135
031665 99
031673 236
031681 836
031689 389
031697 916
031705 621
031713 740
031721 87
031729 190
031737 430
032007 517
032015 141
032023 927
032031 536
032039 272
032047 262
032055 526
032063 946
032071 890
032079 319
032087 829
032095 755
032103 716
032111 278
032119 614
032127 844
032135 351
032143 404
032151 687
032159 545
032167 931
032175 238
032183 721
032191 7
032199 832
032207 741
032215 822
032223 382
032231 67
032239 732
032247 930
032255 266
031490 522
031498 738
031506 392
031514 695
031522 572
031530 975
031538 571
031546 227
031554 607
031562 901
031570 894
031578 886
031586 733
031594 973
031602 142
031610 605
031618 948
031626 565
031634 209
031642 113
031650 713
031658 54
031666 813
031674 675
031682 843
031690 96
031698 875
031706 557
031714 882
031722 193
031730 957
031738 82
032773 445
032781 842
032789 47
032797 723
032805 757
032813 557
032821 576
032829 429
032837 260
032845 473
032853 100
032861 731
032869 758
032877 628
032885 271
032893 780
032901 966
032909 394
032917 258
032925 375
032933 584
032941 842
032949 72
032957 727
032965 887
032973 853
032981 339
032989 490
032997 872
033005 776
033013 338
033021 312
032262 965
032270 923
032278 775
032286 425
032294 131
032302 33
032310 320
032318 632
032326 488
032334 453
032342 91
032350 547
032358 163
032366 268
032374 528
032382 377
032390 621
032398 229
032406 642
032414 267
032422 864
032430 727
032438 532
032446 298
032454 545
032462 581
032470 681
032478 582
032486 617
032494 840
032502 862
032510 800
030976 18
030984 135
030992 464
031000 612
031008 120
031016 77
031024 731
031032 400
031040 507
031048 899
031056 997
031064 601
031072 499
031080 435
031088 676
031096 360
031104 6
031112 190
031120 683
031128 923
031136 650
031144 768
031152 433
031160 726
031168 797
031176 188
031184 900
031192 744
031200 167
031208 920
031216 959
031224 828
031747 753
031755 165
031763 475
031771 288
031779 789
031787 529
031795 890
031803 81
031811 527
031819 904
031827 289
031835 212
031843 746
031851 463
031859 156
031867 731
031875 834
031883 874
031891 190
031899 667
031907 543
031915 798
031923 439
031931 779
031939 495
031947 669
031955 660
031963 868
031971 479
031979 6
031987 43
031995 187
032772 962
032780 583
032788 252
032796 254
032804 832
032812 417
032820 115
032828 368
032836 223
032844 462
032852 633
032860 228
032868 245
032876 854
032884 263
032892 323
032900 522
032908 839
032916 66
032924 358
032932 358
032940 400
032948 741
032956 29
032964 9
032972 111
032980 755
032988 674
032996 194
033004 181
033012 615
033020 607
031745 580
031753 984
031761 803
031769 383
031777 500
031785 828
031793 97
031801 464
031809 444
031817 843
031825 966
031833 386
031841 30
031849 228
031857 702
031865 636
031873 928
031881 651
031889 782
031897 125
031905 238
031913 198
031921 440
031929 717
031937 331
031945 58
031953 73
031961 524
031969 136
031977 282
031985 885
031993 844
032263 778
032271 608
032279 657
032287 360
032295 183
032303 630
032311 244
032319 813
032327 77
032335 565
032343 949
032351 20
032359 886
032367 859
032375 356
032383 642
032391 960
032399 296
032407 390
032415 572
032423 356
032431 418
032439 448
032447 416
032455 427
032463 469
032471 431
032479 721
032487 312
032495 163
032503 682
032511 396
031746 578
031754 16
031762 291
031770 810
031778 563
031786 830
031794 916
031802 663
031810 345
031818 653
031826 348
031834 519
031842 359
031850 728
031858 263
031866 299
031874 76
031882 88
031890 307
031898 505
031906 343
031914 626
031922 694
031930 115
031938 328
031946 559
031954 93
031962 441
031970 405
031978 671
031986 752
031994 664
033029 674
033037 712
033045 255
033053 619
033061 185
033069 556
033077 524
033085 205
033093 971
033101 634
033109 444
033117 737
033125 296
033133 367
033141 134
033149 155
033157 982
033165 985
033173 306
033181 673
033189 733
033197 879
033205 231
033213 320
033221 623
033229 60
033237 41
033245 712
033253 611
033261 457
033269 182
033277 59
032518 816
032526 384
032534 660
032542 849
032550 279
032558 754
032566 542
032574 93
032582 395
032590 722
032598 589
032606 425
032614 436
032622 848
032630 366
032638 530
032646 501
032654 372
032662 725
032670 427
032678 892
032686 7
032694 927
032702 482
032710 138
032718 72
032726 823
032734 187
032742 595
032750 702
032758 433
032766 981
032003 408
032011 973
032019 667
032027 99
032035 330
032043 277
032051 89
032059 663
032067 140
032075 629
032083 588
032091 590
032099 546
032107 471
032115 135
032123 670
032131 651
032139 323
032147 599
032155 262
032163 174
032171 38
032179 652
032187 545
032195 712
032203 424
032211 798
032219 721
032227 439
032235 918
032243 436
032251 907
031232 560
031240 72
031248 687
031256 184
031264 406
031272 308
031280 497
031288 667
031296 191
031304 668
031312 748
031320 886
031328 688
031336 252
031344 32
031352 969
031360 965
031368 865
031376 138
031384 423
031392 180
031400 428
031408 180
031416 806
031424 740
031432 508
031440 221
031448 20
031456 143
031464 372
031472 672
031480 219
033028 798
033036 965
033044 943
033052 278
033060 983
033068 561
033076 859
033084 33
033092 794
033100 639
033108 746
033116 563
033124 196
033132 606
033140 853
033148 899
033156 431
033164 173
033172 783
033180 499
033188 396
033196 729
033204 387
033212 193
033220 530
033228 420
033236 488
033244 218
033252 628
033260 727
033268 984
033276 327
032001 336
032009 656
032017 252
032025 415
032033 426
032041 551
032049 475
032057 958
032065 839
032073 500
032081 484
032089 324
032097 362
032105 998
032113 68
032121 465
032129 848
032137 730
032145 718
032153 882
032161 674
032169 451
032177 729
032185 366
032193 630
032201 44
032209 287
032217 319
032225 145
032233 725
032241 318
032249 909
032519 859
032527 900
032535 301
032543 304
032551 455
032559 751
032567 934
032575 425
032583 721
032591 282
032599 727
032607 293
032615 553
032623 112
032631 206
032639 447
032647 852
032655 528
032663 336
032671 223
032679 952
032687 52
032695 785
032703 235
032711 872
032719 594
032727 639
032735 921
032743 419
032751 584
032759 110
032767 845
032002 123
032010 357
032018 789
032026 950
032034 517
032042 66
032050 40
032058 589
032066 571
032074 743
032082 33
032090 619
032098 514
032106 209
032114 309
032122 692
032130 72
032138 183
032146 720
032154 114
032162 512
032170 727
032178 827
032186 925
032194 362
032202 771
032210 355
032218 74
032226 525
032234 856
032242 620
032250 559
033285 456
033293 786
033301 929
033309 245
033317 161
033325 310
033333 825
033341 496
033349 11
033357 532
033365 542
033373 452
033381 905
033389 40
033397 842
033405 515
033413 366
033421 148
033429 891
033437 563
033445 475
033453 695
033461 559
033469 811
033477 769
033485 494
033493 911
033501 699
033509 279
033517 712
033525 700
033533 161
032774 67
032782 435
032790 757
032798 790
032806 801
032814 791
032822 280
032830 939
032838 154
032846 14
032854 406
032862 540
032870 139
032878 815
032886 9
032894 801
032902 769
032910 74
032918 822
032926 499
032934 998
032942 3
032950 244
032958 725
032966 648
032974 246
032982 276
032990 762
032998 774
033006 332
033014 41
033022 385
032259 306
032267 981
032275 352
032283 817
032291 993
032299 821
032307 986
032315 231
032323 460
032331 800
032339 336
032347 38
032355 402
032363 643
032371 42
032379 38
032387 33
032395 145
032403 634
032411 681
032419 964
032427 611
032435 943
032443 756
032451 909
032459 408
032467 34
032475 52
032483 607
032491 502
032499 203
032507 424
031488 559
031496 165
031504 422
031512 999
031520 353
031528 997
031536 365
031544 943
031552 116
031560 548
031568 596
031576 730
031584 887
031592 913
031600 877
031608 952
031616 52
031624 348
031632 893
031640 188
031648 132
031656 35
031664 71
031672 491
031680 161
031688 989
031696 724
031704 900
031712 366
031720 893
031728 737
031736 446
033284 438
033292 247
033300 926
033308 580
033316 835
033324 715
033332 775
033340 106
033348 634
033356 241
033364 869
033372 769
033380 915
033388 289
033396 287
033404 758
033412 911
033420 868
033428 841
033436 293
033444 796
033452 393
033460 838
033468 985
033476 695
033484 552
033492 380
033500 656
033508 512
033516 7
033524 167
033532 291
032257 0
032265 90
032273 717
032281 328
032289 468
032297 434
032305 46
032313 601
032321 281
032329 664
032337 154
032345 334
032353 7
032361 794
032369 895
032377 373
032385 47
032393 186
032401 976
032409 804
032417 520
032425 708
032433 682
032441 510
032449 451
032457 37
032465 83
032473 483
032481 836
032489 741
032497 523
032505 349
032775 470
032783 965
032791 304
032799 286
032807 796
032815 781
032823 864
032831 840
032839 923
032847 954
032855 649
032863 123
032871 83
032879 532
032887 234
032895 737
032903 167
032911 688
032919 608
032927 785
032935 168
032943 612
032951 878
032959 941
032967 745
032975 848
032983 932
032991 39
032999 549
033007 431
033015 487
033023 130
033541 235
033549 282
033557 130
033565 245
033573 327
033581 301
033589 415
033597 641
033605 491
033613 621
033621 986
033629 802
033637 75
033645 272
033653 920
033661 544
033669 178
033677 148
033685 229
033693 523
033701 557
033709 605
033717 674
033725 836
033733 495
033741 650
033749 663
033757 540
033765 174
033773 970
033781 526
033789 586
032258 556
032266 126
032274 869
032282 650
032290 565
032298 387
032306 194
032314 341
032322 733
032330 342
032338 819
032346 371
032354 916
032362 723
032370 999
032378 324
032386 843
032394 377
032402 433
032410 855
032418 935
032426 811
032434 450
032442 78
032450 492
032458 913
032466 579
032474 371
032482 341
032490 420
032498 894
032506 527
032515 282
032523 899
032531 260
032539 508
032547 640
032555 947
032563 899
032571 33
032579 684
032587 82
032595 941
032603 495
032611 863
032619 157
032627 764
032635 423
032643 381
032651 396
032659 207
032667 326
032675 260
032683 304
032691 998
032699 99
032707 248
032715 710
032723 77
032731 829
032739 717
032747 782
032755 752
032763 601
033030 500
033038 760
033046 398
033054 901
033062 683
033070 601
033078 608
033086 276
033094 706
033102 537
033110 631
033118 468
033126 768
033134 404
033142 795
033150 154
033158 877
033166 47
033174 837
033182 461
033190 508
033198 612
033206 423
033214 196
033222 998
033230 788
033238 670
033246 779
033254 336
033262 676
033270 386
033278 528
031744 258
031752 598
031760 120
031768 341
031776 852
031784 215
031792 830
031800 488
031808 153
031816 928
031824 434
031832 760
031840 645
031848 702
031856 540
031864 968
031872 177
031880 373
031888 506
031896 149
031904 404
031912 280
031920 121
031928 387
031936 756
031944 34
031952 291
031960 207
031968 51
031976 486
031984 996
031992 738
033540 961
033548 319
033556 789
033564 447
033572 500
033580 935
033588 282
033596 623
033604 12
033612 578
033620 608
033628 710
033636 614
033644 723
033652 806
033660 942
033668 779
033676 837
033684 786
033692 793
033700 253
033708 440
033716 499
033724 302
033732 29
033740 460
033748 16
033756 411
033764 170
033772 313
033780 678
033788 808
032513 912
032521 234
032529 333
032537 345
032545 311
032553 319
032561 456
032569 161
032577 153
032585 317
032593 779
032601 709
032609 368
032617 128
032625 705
032633 786
032641 707
032649 10
032657 9
032665 597
032673 443
032681 835
032689 531
032697 568
032705 67
032713 355
032721 342
032729 112
032737 596
032745 838
032753 721
032761 900
033031 139
033039 209
033047 842
033055 962
033063 128
033071 906
033079 713
033087 727
033095 7
033103 292
033111 646
033119 100
033127 169
033135 1
033143 592
033151 931
033159 881
033167 572
033175 515
033183 269
033191 835
033199 408
033207 990
033215 289
033223 827
033231 888
033239 863
033247 91
033255 571
033263 575
033271 710
033279 142
033797 91
033805 669
033813 79
033821 343
033829 57
033837 846
033845 602
033853 988
033861 518
033869 535
033877 504
033885 549
033893 641
033901 10
033909 269
033917 539
033925 703
033933 737
033941 450
033949 441
033957 877
033965 295
033973 526
033981 831
033989 469
033997 755
034005 371
034013 351
034021 465
034029 49
034037 460
034045 24
032514 767
032522 706
032530 85
032538 290
032546 783
032554 227
032562 220
032570 342
032578 387
032586 22
032594 900
032602 304
032610 107
032618 471
032626 779
032634 694
032642 682
032650 337
032658 150
032666 151
032674 820
032682 946
032690 436
032698 333
032706 217
032714 478
032722 410
032730 451
032738 90
032746 437
032754 251
032762 777
032771 342
032779 828
032787 299
032795 51
032803 312
032811 920
032819 105
032827 446
032835 879
032843 900
032851 288
032859 387
032867 681
032875 647
032883 662
032891 38
032899 179
032907 938
032915 993
032923 925
032931 319
032939 637
032947 166
032955 410
032963 374
032971 481
032979 570
032987 532
032995 645
033003 561
033011 561
033019 401
033286 746
033294 475
033302 774
033310 606
033318 959
033326 660
033334 163
033342 294
033350 395
033358 500
033366 476
033374 280
033382 151
033390 653
033398 658
033406 419
033414 978
033422 219
033430 176
033438 619
033446 838
033454 761
033462 786
033470 671
033478 86
033486 313
033494 498
033502 921
033510 499
033518 437
033526 908
033534 264
032000 944
032008 955
032016 69
032024 0
032032 867
032040 123
032048 565
032056 490
032064 149
032072 214
032080 858
032088 95
032096 371
032104 340
032112 344
032120 87
032128 714
032136 960
032144 161
032152 708
032160 606
032168 567
032176 363
032184 655
032192 32
032200 306
032208 657
032216 151
032224 157
032232 91
032240 968
032248 874
033796 931
033804 478
033812 465
033820 713
033828 863
033836 463
033844 127
033852 283
033860 866
033868 838
033876 708
033884 420
033892 366
033900 609
033908 643
033916 164
033924 721
033932 460
033940 585
033948 602
033956 333
033964 895
033972 266
033980 187
033988 175
033996 771
034004 976
034012 890
034020 421
034028 210
034036 191
034044 645
032769 672
032777 314
032785 648
032793 238
032801 484
032809 168
032817 992
032825 977
032833 302
032841 744
032849 54
032857 305
032865 558
032873 67
032881 452
032889 174
032897 97
032905 112
032913 637
032921 989
032929 333
032937 693
032945 26
032953 8
032961 288
032969 890
032977 548
032985 748
032993 477
033001 960
033009 385
033017 562
033287 253
033295 764
033303 497
033311 698
033319 771
033327 416
033335 63
033343 241
033351 596
033359 792
033367 21
033375 569
033383 846
033391 418
033399 928
033407 278
033415 109
033423 389
033431 860
033439 72
033447 835
033455 457
033463 778
033471 959
033479 556
033487 482
033495 522
033503 333
033511 972
033519 332
033527 941
033535 854
034053 240
034061 163
034069 104
034077 547
034085 379
034093 211
034101 500
034109 427
034117 248
034125 85
034133 666
034141 482
034149 333
034157 885
034165 568
034173 285
034181 225
034189 834
034197 63
034205 475
034213 530
034221 359
034229 57
034237 712
034245 143
034253 515
034261 743
034269 77
034277 631
034285 656
034293 930
034301 790
032770 859
032778 782
032786 570
032794 813
032802 554
032810 675
032818 38
032826 557
032834 807
032842 339
032850 154
032858 748
032866 523
032874 954
032882 856
032890 892
032898 905
032906 70
032914 90
032922 169
032930 228
032938 308
032946 859
032954 244
032962 721
032970 561
032978 851
032986 329
032994 887
033002 583
033010 895
033018 99
033027 294
033035 364
033043 535
033051 665
033059 194
033067 420
033075 195
033083 314
033091 125
033099 284
033107 741
033115 460
033123 858
033131 867
033139 458
033147 276
033155 514
033163 518
033171 751
033179 968
033187 725
033195 824
033203 770
033211 577
033219 445
033227 79
033235 674
033243 192
033251 996
033259 548
033267 236
033275 411
033542 901
033550 976
033558 880
033566 21
033574 192
033582 132
033590 471
033598 604
033606 551
033614 184
033622 175
033630 493
033638 905
033646 320
033654 846
033662 124
033670 53
033678 671
033686 391
033694 730
033702 793
033710 286
033718 981
033726 478
033734 132
033742 210
033750 637
033758 86
033766 61
033774 804
033782 725
033790 680
032256 872
032264 882
032272 984
032280 939
032288 286
032296 114
032304 362
032312 953
032320 50
032328 162
032336 751
032344 815
032352 29
032360 811
032368 158
032376 513
032384 724
032392 108
032400 694
032408 938
032416 66
032424 465
032432 886
032440 251
032448 526
032456 438
032464 491
032472 607
032480 245
032488 159
032496 294
032504 680
034052 586
034060 935
034068 363
034076 244
034084 891
034092 757
034100 241
034108 847
034116 421
034124 49
034132 181
034140 521
034148 395
034156 579
034164 684
034172 303
034180 10
034188 105
034196 111
034204 605
034212 121
034220 227
034228 958
034236 762
034244 726
034252 478
034260 519
034268 387
034276 745
034284 83
034292 497
034300 402
033025 139
033033 685
033041 415
033049 705
033057 343
033065 858
033073 150
033081 380
033089 359
033097 502
033105 921
033113 549
033121 573
033129 595
033137 948
033145 612
033153 696
033161 209
033169 753
033177 251
033185 860
033193 521
033201 985
033209 765
033217 115
033225 299
033233 663
033241 414
033249 46
033257 407
033265 225
033273 67
034309 805
034317 999
034325 289
034333 540
034341 0
034349 209
034357 479
034365 293
034373 918
034381 938
034389 404
034397 747
034405 880
034413 676
034421 755
034429 431
034437 936
034445 157
034453 785
034461 462
034469 24
034477 107
034485 497
034493 835
034501 482
034509 638
034517 841
034525 631
034533 327
034541 543
034549 908
034557 627
033543 361
033551 367
033559 823
033567 247
033575 628
033583 597
033591 324
033599 851
033607 27
033615 498
033623 377
033631 362
033639 601
033647 695
033655 107
033663 514
033671 572
033679 41
033687 439
033695 548
033703 806
033711 738
033719 180
033727 668
033735 785
033743 247
033751 333
033759 397
033767 896
033775 550
033783 137
033791 631
033026 912
033034 442
033042 164
033050 134
033058 45
033066 86
033074 41
033082 330
033090 15
033098 660
033106 318
033114 488
033122 354
033130 411
033138 217
033146 752
033154 888
033162 385
033170 717
033178 844
033186 311
033194 955
033202 664
033210 245
033218 658
033226 888
033234 219
033242 382
033250 982
033258 637
033266 397
033274 759
033798 853
033806 304
033814 963
033822 804
033830 405
033838 792
033846 905
033854 461
033862 195
033870 173
033878 111
033886 989
033894 268
033902 263
033910 232
033918 120
033926 280
033934 567
033942 484
033950 874
033958 303
033966 465
033974 574
033982 165
033990 333
033998 167
034006 797
034014 272
034022 126
034030 585
034038 3
034046 20
033283 211
033291 527
033299 132
033307 409
033315 386
033323 602
033331 996
033339 591
033347 999
033355 740
033363 748
033371 766
033379 785
033387 632
033395 375
033403 750
033411 56
033419 15
033427 255
033435 147
033443 712
033451 285
033459 519
033467 244
033475 962
033483 49
033491 232
033499 25
033507 430
033515 510
033523 34
033531 522
032512 785
032520 312
032528 599
032536 137
032544 316
032552 449
032560 675
032568 609
032576 825
032584 502
032592 808
032600 422
032608 733
032616 14
032624 532
032632 47
032640 70
032648 884
032656 827
032664 805
032672 509
032680 765
032688 891
032696 615
032704 413
032712 388
032720 266
032728 45
032736 689
032744 166
032752 42
032760 996
034308 230
034316 754
034324 741
034332 479
034340 757
034348 364
034356 635
034364 416
034372 83
034380 873
034388 533
034396 980
034404 56
034412 864
034420 408
034428 542
034436 24
034444 399
034452 923
034460 936
034468 929
034476 450
034484 900
034492 648
034500 972
034508 661
034516 741
034524 941
034532 515
034540 8
034548 985
034556 797
033281 533
033289 290
033297 630
033305 478
033313 965
033321 485
033329 269
033337 755
033345 174
033353 542
033361 168
033369 247
033377 50
033385 305
033393 608
033401 865
033409 246
033417 260
033425 918
033433 448
033441 784
033449 37
033457 401
033465 969
033473 356
033481 462
033489 909
033497 739
033505 450
033513 46
033521 890
033529 464
034565 134
034573 534
034581 775
034589 670
034597 589
034605 483
034613 227
034621 468
034629 886
034637 782
034645 195
034653 418
034661 685
034669 545
034677 669
034685 57
034693 693
034701 662
034709 329
034717 761
034725 463
034733 217
034741 404
034749 320
034757 199
034765 411
034773 370
034781 725
034789 887
034797 163
034805 226
034813 587
033799 456
033807 747
033815 393
033823 48
033831 475
033839 117
033847 570
033855 681
033863 733
033871 256
033879 699
033887 304
033895 908
033903 27
033911 43
033919 104
033927 936
033935 772
033943 692
033951 81
033959 503
033967 519
033975 311
033983 957
033991 32
033999 956
034007 999
034015 581
034023 431
034031 937
034039 378
034047 213
033282 572
033290 82
033298 310
033306 151
033314 626
033322 806
033330 311
033338 850
033346 800
033354 758
033362 676
033370 337
033378 440
033386 846
033394 481
033402 282
033410 549
033418 716
033426 825
033434 27
033442 731
033450 388
033458 984
033466 858
033474 367
033482 261
033490 936
033498 352
033506 992
033514 264
033522 921
033530 950
033539 415
033547 820
033555 995
033563 907
033571 934
033579 251
033587 995
033595 852
033603 51
033611 167
033619 727
033627 135
033635 947
033643 65
033651 141
033659 207
033667 109
033675 543
033683 854
033691 459
033699 632
033707 42
033715 506
033723 199
033731 69
033739 869
033747 605
033755 158
033763 37
033771 729
033779 274
033787 942
034054 178
034062 829
034070 279
034078 43
034086 37
034094 992
034102 383
034110 137
034118 360
034126 325
034134 10
034142 673
034150 231
034158 739
034166 862
034174 648
034182 118
034190 647
034198 792
034206 337
034214 829
034222 737
034230 835
034238 197
034246 107
034254 459
034262 109
034270 780
034278 660
034286 162
034294 862
034302 798
034564 514
034572 782
034580 685
034588 59
034596 361
034604 783
034612 774
034620 659
034628 128
034636 900
034644 603
034652 245
034660 434
034668 72
034676 917
034684 518
034692 205
034700 414
034708 882
034716 451
034724 609
034732 511
034740 865
034748 476
034756 309
034764 470
034772 783
034780 158
034788 433
034796 168
034804 405
034812 700
032768 545
032776 78
032784 232
032792 848
032800 264
032808 533
032816 688
032824 12
032832 791
032840 110
032848 115
032856 671
032864 480
032872 735
032880 121
032888 766
032896 593
032904 837
032912 180
032920 596
032928 15
032936 738
032944 331
032952 222
032960 702
032968 50
032976 931
032984 194
032992 292
033000 860
033008 35
033016 918
033537 98
033545 79
033553 821
033561 124
033569 912
033577 876
033585 900
033593 437
033601 608
033609 578
033617 959
033625 242
033633 991
033641 71
033649 557
033657 217
033665 660
033673 162
033681 417
033689 203
033697 840
033705 171
033713 444
033721 436
033729 8
033737 234
033745 75
033753 759
033761 631
033769 657
033777 804
033785 672
034821 157
034829 762
034837 320
034845 915
034853 133
034861 583
034869 404
034877 621
034885 173
034893 567
034901 973
034909 590
034917 731
034925 992
034933 130
034941 231
034949 893
034957 356
034965 273
034973 33
034981 728
034989 313
034997 809
035005 463
035013 172
035021 231
035029 624
035037 566
035045 38
035053 758
035061 398
035069 821
034055 471
034063 159
034071 414
034079 717
034087 709
034095 166
034103 9
034111 695
034119 736
034127 759
034135 831
034143 12
034151 248
034159 780
034167 798
034175 932
034183 554
034191 78
034199 972
034207 322
034215 323
034223 968
034231 537
034239 611
034247 747
034255 47
034263 300
034271 108
034279 474
034287 598
034295 371
034303 135
033538 216
033546 310
033554 975
033562 779
033570 397
033578 379
033586 928
033594 128
033602 764
033610 558
033618 543
033626 331
033634 540
033642 952
033650 996
033658 403
033666 694
033674 335
033682 200
033690 269
033698 233
033706 26
033714 878
033722 396
033730 557
033738 936
033746 601
033754 72
033762 963
033770 758
033778 501
033786 960
033795 147
033803 226
033811 436
033819 415
033827 874
033835 200
033843 383
033851 79
033859 292
033867 444
033875 108
033883 829
033891 480
033899 36
033907 57
033915 212
033923 610
033931 102
033939 636
033947 866
033955 265
033963 21
033971 460
033979 442
033987 782
033995 635
034003 995
034011 695
034019 628
034027 65
034035 971
034043 740
034310 789
034318 990
034326 629
034334 917
034342 26
034350 294
034358 174
034366 319
034374 221
034382 984
034390 75
034398 202
034406 716
034414 851
034422 390
034430 323
034438 708
034446 750
034454 928
034462 424
034470 162
034478 71
034486 15
034494 749
034502 713
034510 754
034518 531
034526 566
034534 408
034542 427
034550 401
034558 16
033024 363
033032 888
033040 877
033048 631
033056 788
033064 595
033072 475
033080 813
033088 491
033096 456
033104 412
033112 261
033120 797
033128 83
033136 745
033144 937
033152 872
033160 352
033168 412
033176 477
033184 540
033192 28
033200 877
033208 389
033216 620
033224 86
033232 376
033240 60
033248 85
033256 712
033264 484
033272 884
034820 36
034828 109
034836 220
034844 545
034852 525
034860 274
034868 633
034876 46
034884 325
034892 645
034900 745
034908 730
034916 926
034924 266
034932 139
034940 240
034948 397
034956 152
034964 129
034972 976
034980 564
034988 10
034996 864
035004 562
035012 465
035020 569
035028 305
035036 511
035044 359
035052 645
035060 804
035068 796
033793 788
033801 61
033809 799
033817 711
033825 801
033833 102
033841 817
033849 391
033857 875
033865 720
033873 962
033881 166
033889 199
033897 825
033905 959
033913 486
033921 675
033929 126
033937 866
033945 5
033953 879
033961 947
033969 3
033977 218
033985 262
033993 982
034001 5
034009 294
034017 330
034025 472
034033 231
034041 700
035077 341
035085 63
035093 467
035101 310
035109 577
035117 729
035125 880
035133 183
035141 368
035149 755
035157 904
035165 491
035173 263
035181 776
035189 924
035197 408
035205 988
035213 966
035221 236
035229 411
035237 541
035245 334
035253 590
035261 632
035269 252
035277 45
035285 662
035293 637
035301 715
035309 136
035317 193
035325 747
034311 4
034319 783
034327 852
034335 735
034343 192
034351 542
034359 601
034367 956
034375 186
034383 909
034391 709
034399 788
034407 678
034415 186
034423 981
034431 233
034439 564
034447 472
034455 505
034463 987
034471 6
034479 524
034487 822
034495 496
034503 361
034511 249
034519 181
034527 659
034535 300
034543 752
034551 275
034559 648
033794 85
033802 741
033810 732
033818 849
033826 520
033834 787
033842 654
033850 748
033858 715
033866 625
033874 979
033882 141
033890 118
033898 328
033906 483
033914 337
033922 690
033930 302
033938 776
033946 433
033954 657
033962 741
033970 888
033978 874
033986 905
033994 714
034002 909
034010 43
034018 103
034026 527
034034 944
034042 418
034051 37
034059 440
034067 658
034075 261
034083 574
034091 646
034099 257
034107 663
034115 250
034123 7
034131 290
034139 477
034147 971
034155 5
034163 971
034171 158
034179 574
034187 794
034195 333
034203 109
034211 3
034219 6
034227 474
034235 755
034243 414
034251 820
034259 432
034267 806
034275 186
034283 199
034291 975
034299 652
034566 790
034574 778
034582 494
034590 457
034598 556
034606 810
034614 678
034622 815
034630 401
034638 796
034646 947
034654 153
034662 938
034670 483
034678 266
034686 830
034694 433
034702 335
034710 807
034718 20
034726 572
034734 403
034742 84
034750 738
034758 184
034766 979
034774 400
034782 242
034790 103
034798 418
034806 248
034814 516
033280 696
033288 785
033296 632
033304 660
033312 802
033320 509
033328 696
033336 921
033344 985
033352 892
033360 850
033368 932
033376 752
033384 76
033392 696
033400 578
033408 212
033416 222
033424 542
033432 367
033440 903
033448 360
033456 213
033464 383
033472 786
033480 751
033488 890
033496 261
033504 868
033512 674
033520 652
033528 409
035076 568
035084 830
035092 467
035100 655
035108 821
035116 788
035124 46
035132 332
035140 582
035148 527
035156 117
035164 13
035172 217
035180 544
035188 41
035196 593
035204 609
035212 184
035220 226
035228 885
035236 325
035244 547
035252 528
035260 190
035268 822
035276 286
035284 212
035292 775
035300 120
035308 696
035316 465
035324 790
034049 117
034057 430
034065 362
034073 359
034081 203
034089 300
034097 24
034105 666
034113 768
034121 536
034129 145
034137 74
034145 488
034153 426
034161 164
034169 254
034177 380
034185 219
034193 945
034201 389
034209 822
034217 325
034225 601
034233 181
034241 471
034249 395
034257 227
034265 908
034273 526
034281 854
034289 840
034297 605
035333 2
035341 96
035349 116
035357 402
035365 633
035373 422
035381 660
035389 495
035397 320
035405 495
035413 397
035421 898
035429 195
035437 86
035445 535
035453 993
035461 32
035469 655
035477 505
035485 589
035493 211
035501 48
035509 942
035517 968
035525 677
035533 329
035541 787
035549 311
035557 670
035565 137
035573 776
035581 502
034567 554
034575 995
034583 677
034591 632
034599 762
034607 471
034615 805
034623 132
034631 762
034639 635
034647 144
034655 554
034663 36
034671 102
034679 954
034687 787
034695 909
034703 385
034711 720
034719 70
034727 910
034735 563
034743 863
034751 291
034759 910
034767 595
034775 706
034783 288
034791 989
034799 493
034807 183
034815 978
034050 148
034058 236
034066 573
034074 820
034082 735
034090 675
034098 68
034106 929
034114 182
034122 83
034130 663
034138 213
034146 26
034154 815
034162 534
034170 564
034178 26
034186 97
034194 760
034202 670
034210 324
034218 847
034226 400
034234 212
034242 356
034250 830
034258 757
034266 812
034274 229
034282 604
034290 655
034298 457
034307 710
034315 68
034323 600
034331 453
034339 496
034347 673
034355 745
034363 409
034371 41
034379 252
034387 875
034395 206
034403 993
034411 250
034419 225
034427 83
034435 249
034443 213
034451 339
034459 703
034467 962
034475 716
034483 231
034491 951
034499 912
034507 638
034515 554
034523 55
034531 204
034539 491
034547 199
034555 934
034822 348
034830 88
034838 779
034846 271
034854 728
034862 364
034870 871
034878 410
034886 758
034894 615
034902 827
034910 560
034918 690
034926 310
034934 360
034942 674
034950 550
034958 804
034966 71
034974 676
034982 390
034990 173
034998 422
035006 778
035014 805
035022 900
035030 922
035038 933
035046 119
035054 363
035062 325
035070 732
033536 594
033544 365
033552 951
033560 208
033568 358
033576 716
033584 56
033592 304
033600 276
033608 928
033616 938
033624 2
033632 77
033640 303
033648 272
033656 216
033664 655
033672 730
033680 343
033688 306
033696 682
033704 541
033712 937
033720 432
033728 466
033736 992
033744 616
033752 241
033760 421
033768 721
033776 647
033784 398
035332 908
035340 487
035348 543
035356 218
035364 903
035372 895
035380 415
035388 761
035396 367
035404 504
035412 656
035420 64
035428 36
035436 949
035444 643
035452 550
035460 413
035468 99
035476 28
035484 950
035492 340
035500 87
035508 511
035516 310
035524 687
035532 972
035540 498
035548 874
035556 546
035564 363
035572 206
035580 115
034305 144
034313 308
034321 62
034329 428
034337 99
034345 969
034353 425
034361 646
034369 360
034377 31
034385 278
034393 469
034401 361
034409 178
034417 80
034425 702
034433 171
034441 998
034449 200
034457 300
034465 510
034473 841
034481 744
034489 553
034497 857
034505 466
034513 23
034521 463
034529 203
034537 310
034545 738
034553 197
035589 986
035597 847
035605 744
035613 612
035621 528
035629 428
035637 805
035645 533
035653 889
035661 333
035669 968
035677 81
035685 88
035693 927
035701 280
035709 734
035717 310
035725 305
035733 207
035741 684
035749 631
035757 70
035765 150
035773 151
035781 154
035789 209
035797 292
035805 811
035813 136
035821 955
035829 466
035837 354
034823 662
034831 930
034839 751
034847 589
034855 12
034863 956
034871 646
034879 512
034887 611
034895 710
034903 803
034911 362
034919 261
034927 940
034935 520
034943 289
034951 458
034959 573
034967 313
034975 307
034983 670
034991 695
034999 885
035007 495
035015 485
035023 336
035031 949
035039 358
035047 76
035055 160
035063 991
035071 162
034306 219
034314 1
034322 992
034330 22
034338 589
034346 316
034354 307
034362 591
034370 920
034378 209
034386 738
034394 953
034402 355
034410 317
034418 31
034426 577
034434 256
034442 474
034450 1
034458 587
034466 575
034474 54
034482 864
034490 959
034498 394
034506 112
034514 359
034522 642
034530 835
034538 825
034546 723
034554 787
034563 227
034571 284
034579 623
034587 688
034595 38
034603 765
034611 983
034619 697
034627 971
034635 191
034643 708
034651 107
034659 609
034667 345
034675 779
034683 980
034691 668
034699 749
034707 724
034715 829
034723 87
034731 126
034739 956
034747 192
034755 607
034763 72
034771 555
034779 700
034787 16
034795 415
034803 498
034811 867
035078 631
035086 447
035094 361
035102 272
035110 737
035118 406
035126 227
035134 954
035142 736
035150 527
035158 190
035166 965
035174 843
035182 652
035190 41
035198 249
035206 528
035214 94
035222 862
035230 753
035238 741
035246 517
035254 160
035262 851
035270 885
035278 622
035286 666
035294 462
035302 707
035310 826
035318 678
035326 901
033792 411
033800 816
033808 344
033816 398
033824 731
033832 547
033840 680
033848 545
033856 495
033864 297
033872 821
033880 435
033888 224
033896 557
033904 413
033912 754
033920 697
033928 811
033936 730
033944 339
033952 708
033960 629
033968 99
033976 63
033984 353
033992 738
034000 306
034008 992
034016 401
034024 273
034032 370
034040 159
035588 71
035596 744
035604 186
035612 248
035620 273
035628 477
035636 869
035644 409
035652 13
035660 163
035668 533
035676 674
035684 753
035692 65
035700 24
035708 127
035716 626
035724 137
035732 354
035740 474
035748 592
035756 37
035764 345
035772 387
035780 280
035788 965
035796 412
035804 949
035812 445
035820 243
035828 597
035836 740
034561 261
034569 446
034577 68
034585 567
034593 1
034601 934
034609 538
034617 752
034625 610
034633 551
034641 305
034649 276
034657 47
034665 957
034673 247
034681 711
034689 858
034697 996
034705 942
034713 923
034721 248
034729 80
034737 142
034745 975
034753 737
034761 592
034769 797
034777 998
034785 1
034793 261
034801 389
034809 645
035845 130
035853 690
035861 728
035869 219
035877 974
035885 347
035893 548
035901 644
035909 298
035917 241
035925 519
035933 241
035941 562
035949 415
035957 48
035965 982
035973 735
035981 173
035989 441
035997 271
036005 514
036013 263
036021 390
036029 554
036037 207
036045 517
036053 219
036061 217
036069 594
036077 630
036085 159
036093 990
035079 636
035087 896
035095 680
035103 559
035111 919
035119 35
035127 406
035135 229
035143 382
035151 631
035159 379
035167 699
035175 777
035183 361
035191 346
035199 512
035207 324
035215 307
035223 780
035231 44
035239 254
035247 242
035255 766
035263 549
035271 168
035279 105
035287 940
035295 76
035303 172
035311 199
035319 332
035327 110
034562 134
034570 316
034578 126
034586 155
034594 413
034602 357
034610 394
034618 945
034626 832
034634 728
034642 251
034650 779
034658 865
034666 708
034674 785
034682 989
034690 676
034698 726
034706 451
034714 501
034722 617
034730 917
034738 32
034746 502
034754 480
034762 926
034770 881
034778 247
034786 692
034794 95
034802 708
034810 116
034819 416
034827 433
034835 858
034843 192
034851 583
034859 886
034867 825
034875 2
034883 963
034891 896
034899 906
034907 101
034915 866
034923 193
034931 510
034939 357
034947 812
034955 868
034963 827
034971 412
034979 487
034987 929
034995 23
035003 946
035011 90
035019 258
035027 876
035035 690
035043 511
035051 850
035059 928
035067 312
035334 707
035342 309
035350 255
035358 873
035366 11
035374 832
035382 450
035390 723
035398 938
035406 582
035414 550
035422 121
035430 966
035438 857
035446 361
035454 802
035462 920
035470 95
035478 499
035486 283
035494 58
035502 786
035510 984
035518 595
035526 755
035534 770
035542 50
035550 288
035558 609
035566 865
035574 137
035582 714
034048 126
034056 737
034064 823
034072 38
034080 635
034088 748
034096 775
034104 699
034112 627
034120 359
034128 598
034136 858
034144 895
034152 272
034160 690
034168 598
034176 673
034184 802
034192 449
034200 21
034208 151
034216 15
034224 114
034232 808
034240 103
034248 53
034256 714
034264 363
034272 567
034280 509
034288 835
034296 330
035844 261
035852 581
035860 58
035868 243
035876 501
035884 186
035892 773
035900 538
035908 690
035916 28
035924 684
035932 519
035940 431
035948 133
035956 683
035964 336
035972 598
035980 812
035988 388
035996 723
036004 624
036012 965
036020 983
036028 440
036036 918
036044 453
036052 657
036060 797
036068 279
036076 204
036084 345
036092 993
034817 535
034825 192
034833 317
034841 165
034849 223
034857 215
034865 571
034873 367
034881 158
034889 324
034897 683
034905 913
034913 367
034921 411
034929 623
034937 777
034945 589
034953 456
034961 206
034969 720
034977 797
034985 668
034993 979
035001 181
035009 455
035017 935
035025 75
035033 275
035041 861
035049 748
035057 132
035065 564
036101 464
036109 119
036117 508
036125 276
036133 115
036141 653
036149 240
036157 229
036165 569
036173 728
036181 313
036189 929
036197 252
036205 393
036213 689
036221 279
036229 655
036237 933
036245 405
036253 980
036261 324
036269 614
036277 573
036285 972
036293 517
036301 222
036309 559
036317 25
036325 835
036333 567
036341 686
036349 335
035335 322
035343 25
035351 185
035359 20
035367 243
035375 927
035383 954
035391 874
035399 780
035407 299
035415 164
035423 289
035431 795
035439 380
035447 600
035455 242
035463 281
035471 914
035479 927
035487 767
035495 572
035503 764
035511 86
035519 755
035527 942
035535 151
035543 715
035551 961
035559 245
035567 35
035575 699
035583 169
034818 283
034826 404
034834 678
034842 112
034850 949
034858 838
034866 285
034874 988
034882 506
034890 634
034898 718
034906 86
034914 59
034922 447
034930 668
034938 854
034946 247
034954 816
034962 778
034970 267
034978 203
034986 548
034994 177
035002 216
035010 448
035018 465
035026 698
035034 508
035042 678
035050 902
035058 188
035066 775
035075 983
035083 562
035091 415
035099 199
035107 541
035115 136
035123 241
035131 993
035139 824
035147 272
035155 71
035163 177
035171 251
035179 817
035187 384
035195 732
035203 238
035211 586
035219 367
035227 402
035235 968
035243 434
035251 740
035259 205
035267 927
035275 364
035283 213
035291 444
035299 734
035307 690
035315 312
035323 801
035590 997
035598 993
035606 960
035614 642
035622 135
035630 101
035638 552
035646 668
035654 737
035662 418
035670 528
035678 427
035686 131
035694 211
035702 288
035710 924
035718 674
035726 175
035734 896
035742 329
035750 667
035758 991
035766 364
035774 241
035782 552
035790 115
035798 559
035806 176
035814 643
035822 694
035830 334
035838 248
036100 406
036108 814
036116 777
036124 388
036132 957
036140 457
036148 429
036156 894
036164 622
036172 328
036180 24
036188 539
036196 628
036204 941
036212 382
036220 69
036228 82
036236 25
036244 101
036252 920
036260 492
036268 166
036276 421
036284 431
036292 737
036300 786
036308 607
036316 99
036324 374
036332 914
036340 657
036348 734
034304 694
034312 665
034320 365
034328 603
034336 458
034344 320
034352 639
034360 275
034368 998
034376 780
034384 459
034392 100
034400 67
034408 592
034416 113
034424 486
034432 75
034440 218
034448 828
034456 917
034464 123
034472 306
034480 639
034488 354
034496 140
034504 246
034512 501
034520 84
034528 304
034536 66
034544 422
034552 522
035073 848
035081 422
035089 430
035097 819
035105 730
035113 241
035121 737
035129 501
035137 4
035145 522
035153 523
035161 507
035169 43
035177 791
035185 332
035193 744
035201 905
035209 101
035217 20
035225 430
035233 489
035241 538
035249 248
035257 473
035265 27
035273 360
035281 410
035289 802
035297 551
035305 560
035313 364
035321 63
036357 63
036365 829
036373 513
036381 794
036389 449
036397 207
036405 259
036413 660
036421 320
036429 98
036437 28
036445 879
036453 293
036461 442
036469 190
036477 862
036485 827
036493 878
036501 13
036509 110
036517 295
036525 894
036533 880
036541 8
036549 872
036557 912
036565 766
036573 0
036581 37
036589 517
036597 256
036605 859
035591 857
035599 346
035607 404
035615 83
035623 294
035631 351
035639 173
035647 866
035655 754
035663 946
035671 355
035679 686
035687 777
035695 245
035703 886
035711 188
035719 811
035727 656
035735 274
035743 655
035751 911
035759 928
035767 646
035775 987
035783 278
035791 313
035799 803
035807 115
035815 657
035823 931
035831 707
035839 289
035331 799
035339 205
035347 537
035355 526
035363 963
035371 897
035379 263
035387 337
035395 735
035403 378
035411 980
035419 195
035427 352
035435 213
035443 728
035451 721
035459 462
035467 625
035475 953
035483 873
035491 334
035499 24
035507 363
035515 538
035523 531
035531 697
035539 128
035547 632
035555 26
035563 787
035571 977
035579 578
035074 985
035082 242
035090 667
035098 159
035106 643
035114 782
035122 10
035130 870
035138 237
035146 41
035154 286
035162 93
035170 250
035178 876
035186 904
035194 654
035202 896
035210 674
035218 572
035226 407
035234 271
035242 124
035250 914
035258 880
035266 788
035274 30
035282 952
035290 970
035298 490
035306 863
035314 252
035322 754
035846 802
035854 433
035862 222
035870 127
035878 337
035886 1
035894 501
035902 439
035910 254
035918 843
035926 57
035934 567
035942 377
035950 758
035958 248
035966 610
035974 727
035982 154
035990 493
035998 299
036006 113
036014 665
036022 83
036030 351
036038 555
036046 544
036054 591
036062 724
036070 765
036078 137
036086 780
036094 423
036356 328
036364 623
036372 278
036380 708
036388 861
036396 26
036404 647
036412 210
036420 919
036428 521
036436 377
036444 352
036452 969
036460 616
036468 952
036476 786
036484 740
036492 238
036500 715
036508 321
036516 831
036524 680
036532 521
036540 791
036548 670
036556 62
036564 499
036572 223
036580 44
036588 981
036596 993
036604 776
034560 561
034568 112
034576 34
034584 629
034592 82
034600 29
034608 347
034616 173
034624 670
034632 698
034640 415
034648 989
034656 800
034664 789
034672 781
034680 722
034688 614
034696 471
034704 483
034712 68
034720 828
034728 810
034736 986
034744 80
034752 101
034760 612
034768 287
034776 314
034784 95
034792 933
034800 504
034808 920
035329 673
035337 341
035345 978
035353 288
035361 850
035369 802
035377 798
035385 235
035393 829
035401 584
035409 226
035417 215
035425 927
035433 621
035441 964
035449 4
035457 644
035465 199
035473 367
035481 505
035489 897
035497 694
035505 401
035513 861
035521 863
035529 559
035537 112
035545 810
035553 864
035561 498
035569 945
035577 89
036613 542
036621 733
036629 100
036637 320
036645 995
036653 526
036661 420
036669 113
036677 359
036685 438
036693 863
036701 917
036709 768
036717 909
036725 487
036733 116
036741 137
036749 894
036757 107
036765 470
036773 997
036781 96
036789 191
036797 104
036805 235
036813 669
036821 67
036829 333
036837 747
036845 614
036853 175
036861 482
035847 268
035855 710
035863 92
035871 112
035879 36
035887 900
035895 356
035903 673
035911 458
035919 775
035927 596
035935 39
035943 68
035951 646
035959 750
035967 560
035975 843
035983 857
035991 800
035999 158
036007 865
036015 724
036023 417
036031 654
036039 93
036047 360
036055 496
036063 356
036071 976
036079 55
036087 60
036095 818
035587 833
035595 400
035603 370
035611 327
035619 967
035627 491
035635 421
035643 860
035651 786
035659 835
035667 574
035675 324
035683 786
035691 563
035699 652
035707 413
035715 223
035723 193
035731 367
035739 60
035747 45
035755 549
035763 762
035771 619
035779 866
035787 955
035795 135
035803 750
035811 769
035819 203
035827 946
035835 740
035330 78
035338 147
035346 556
035354 59
035362 338
035370 191
035378 128
035386 629
035394 942
035402 902
035410 851
035418 972
035426 645
035434 3
035442 836
035450 93
035458 924
035466 314
035474 309
035482 880
035490 305
035498 958
035506 400
035514 113
035522 374
035530 922
035538 227
035546 954
035554 470
035562 536
035570 496
035578 415
036102 898
036110 659
036118 530
036126 797
036134 333
036142 742
036150 954
036158 933
036166 219
036174 766
036182 78
036190 409
036198 770
036206 123
036214 399
036222 321
036230 8
036238 806
036246 833
036254 235
036262 230
036270 154
036278 173
036286 621
036294 902
036302 200
036310 405
036318 46
036326 371
036334 213
036342 19
036350 781
036612 677
036620 505
036628 871
036636 921
036644 916
036652 963
036660 420
036668 236
036676 230
036684 263
036692 213
036700 89
036708 574
036716 363
036724 668
036732 158
036740 559
036748 121
036756 375
036764 785
036772 724
036780 35
036788 301
036796 436
036804 790
036812 431
036820 940
036828 446
036836 813
036844 183
036852 766
036860 634
034816 192
034824 14
034832 568
034840 8
034848 752
034856 400
034864 349
034872 956
034880 421
034888 337
034896 49
034904 542
034912 973
034920 837
034928 267
034936 945
034944 493
034952 334
034960 446
034968 714
034976 6
034984 535
034992 470
035000 75
035008 844
035016 464
035024 595
035032 77
035040 751
035048 967
035056 155
035064 168
035585 559
035593 243
035601 659
035609 952
035617 582
035625 969
035633 42
035641 173
035649 215
035657 238
035665 121
035673 395
035681 627
035689 502
035697 328
035705 248
035713 576
035721 601
035729 555
035737 76
035745 108
035753 723
035761 668
035769 860
035777 77
035785 17
035793 33
035801 958
035809 80
035817 688
035825 663
035833 496
036869 244
036877 267
036885 282
036893 111
036901 590
036909 862
036917 990
036925 211
036933 524
036941 250
036949 508
036957 735
036965 166
036973 410
036981 18
036989 144
036997 744
037005 510
037013 829
037021 160
037029 302
037037 426
037045 292
037053 570
037061 639
037069 961
037077 4
037085 212
037093 589
037101 552
037109 378
037117 952
036103 556
036111 659
036119 379
036127 732
036135 802
036143 902
036151 827
036159 776
036167 662
036175 297
036183 392
036191 202
036199 753
036207 5
036215 205
036223 577
036231 210
036239 990
036247 947
036255 529
036263 867
036271 324
036279 49
036287 777
036295 708
036303 620
036311 473
036319 423
036327 56
036335 710
036343 184
036351 481
035843 888
035851 2
035859 897
035867 57
035875 345
035883 497
035891 308
035899 423
035907 579
035915 912
035923 212
035931 987
035939 75
035947 655
035955 816
035963 827
035971 27
035979 742
035987 783
035995 348
036003 849
036011 67
036019 323
036027 205
036035 645
036043 576
036051 249
036059 495
036067 702
036075 883
036083 646
036091 875
035586 980
035594 678
035602 880
035610 26
035618 77
035626 888
035634 263
035642 772
035650 329
035658 368
035666 749
035674 504
035682 574
035690 111
035698 922
035706 768
035714 605
035722 575
035730 879
035738 303
035746 313
035754 130
035762 428
035770 876
035778 685
035786 827
035794 716
035802 697
035810 776
035818 831
035826 399
035834 510
036358 683
036366 375
036374 971
036382 791
036390 164
036398 837
036406 52
036414 673
036422 662
036430 732
036438 36
036446 222
036454 42
036462 287
036470 148
036478 366
036486 166
036494 547
036502 988
036510 210
036518 479
036526 883
036534 90
036542 604
036550 404
036558 722
036566 419
036574 979
036582 211
036590 551
036598 966
036606 359
036868 993
036876 191
036884 883
036892 968
036900 286
036908 959
036916 80
036924 417
036932 958
036940 969
036948 51
036956 945
036964 638
036972 842
036980 925
036988 564
036996 156
037004 560
037012 155
037020 687
037028 769
037036 760
037044 786
037052 336
037060 775
037068 362
037076 766
037084 359
037092 70
037100 855
037108 297
037116 840
035072 201
035080 946
035088 544
035096 777
035104 202
035112 770
035120 489
035128 696
035136 98
035144 34
035152 34
035160 721
035168 83
035176 623
035184 76
035192 956
035200 683
035208 905
035216 252
035224 999
035232 228
035240 420
035248 508
035256 269
035264 994
035272 485
035280 617
035288 576
035296 721
035304 401
035312 506
035320 30
035841 730
035849 392
035857 901
035865 340
035873 736
035881 128
035889 57
035897 434
035905 721
035913 493
035921 118
035929 37
035937 741
035945 450
035953 713
035961 803
035969 917
035977 143
035985 229
035993 355
036001 34
036009 24
036017 973
036025 627
036033 8
036041 37
036049 276
036057 684
036065 558
036073 959
036081 295
036089 153
037125 267
037133 717
037141 222
037149 761
037157 462
037165 238
037173 625
037181 411
037189 259
037197 860
037205 66
037213 265
037221 455
037229 292
037237 367
037245 605
037253 114
037261 204
037269 675
037277 152
037285 315
037293 924
037301 759
037309 817
037317 498
037325 199
037333 593
037341 678
037349 333
037357 159
037365 344
037373 844
036359 499
036367 168
036375 156
036383 573
036391 608
036399 585
036407 781
036415 336
036423 290
036431 167
036439 768
036447 192
036455 782
036463 394
036471 645
036479 74
036487 111
036495 647
036503 899
036511 966
036519 232
036527 822
036535 379
036543 387
036551 19
036559 582
036567 734
036575 367
036583 436
036591 846
036599 622
036607 620
036099 972
036107 573
036115 327
036123 507
036131 531
036139 219
036147 865
036155 977
036163 873
036171 91
036179 191
036187 253
036195 521
036203 165
036211 767
036219 91
036227 991
036235 700
036243 164
036251 594
036259 103
036267 952
036275 42
036283 166
036291 534
036299 251
036307 990
036315 754
036323 847
036331 350
036339 410
036347 349
035842 329
035850 160
035858 210
035866 576
035874 51
035882 268
035890 843
035898 982
035906 213
035914 55
035922 144
035930 988
035938 24
035946 716
035954 550
035962 820
035970 907
035978 446
035986 415
035994 904
036002 151
036010 303
036018 192
036026 12
036034 787
036042 761
036050 168
036058 357
036066 631
036074 202
036082 219
036090 454
036614 738
036622 552
036630 343
036638 128
036646 545
036654 617
036662 564
036670 579
036678 741
036686 630
036694 654
036702 537
036710 462
036718 898
036726 322
036734 94
036742 711
036750 935
036758 688
036766 490
036774 514
036782 578
036790 368
036798 34
036806 33
036814 535
036822 168
036830 720
036838 485
036846 177
036854 267
036862 168
037124 225
037132 93
037140 629
037148 442
037156 216
037164 308
037172 964
037180 86
037188 318
037196 779
037204 930
037212 629
037220 593
037228 161
037236 953
037244 143
037252 760
037260 872
037268 77
037276 758
037284 762
037292 128
037300 0
037308 831
037316 361
037324 883
037332 439
037340 164
037348 367
037356 585
037364 237
037372 548
035328 335
035336 854
035344 907
035352 604
035360 236
035368 626
035376 128
035384 373
035392 85
035400 268
035408 145
035416 73
035424 761
035432 896
035440 60
035448 39
035456 290
035464 477
035472 688
035480 45
035488 809
035496 138
035504 865
035512 123
035520 727
035528 984
035536 956
035544 979
035552 221
035560 418
035568 177
035576 334
036097 699
036105 732
036113 503
036121 220
036129 288
036137 742
036145 130
036153 197
036161 49
036169 673
036177 505
036185 871
036193 573
036201 972
036209 488
036217 229
036225 581
036233 35
036241 274
036249 577
036257 371
036265 536
036273 655
036281 355
036289 891
036297 602
036305 136
036313 688
036321 292
036329 617
036337 27
036345 491
037381 377
037389 875
037397 945
037405 647
037413 496
037421 317
037429 291
037437 649
037445 539
037453 216
037461 595
037469 720
037477 657
037485 4
037493 512
037501 170
037509 944
037517 371
037525 456
037533 685
037541 474
037549 886
037557 373
037565 210
037573 489
037581 190
037589 272
037597 280
037605 821
037613 721
037621 81
037629 735
036615 916
036623 311
036631 711
036639 622
036647 232
036655 890
036663 250
036671 507
036679 754
036687 749
036695 812
036703 510
036711 588
036719 956
036727 830
036735 854
036743 804
036751 319
036759 264
036767 237
036775 48
036783 294
036791 330
036799 615
036807 986
036815 216
036823 982
036831 287
036839 839
036847 175
036855 44
036863 334
036355 406
036363 205
036371 762
036379 628
036387 746
036395 599
036403 651
036411 599
036419 306
036427 952
036435 671
036443 920
036451 806
036459 801
036467 124
036475 760
036483 305
036491 435
036499 570
036507 237
036515 784
036523 391
036531 595
036539 929
036547 18
036555 416
036563 241
036571 341
036579 662
036587 367
036595 285
036603 135
036098 680
036106 485
036114 797
036122 476
036130 854
036138 541
036146 388
036154 733
036162 432
036170 374
036178 537
036186 909
036194 53
036202 694
036210 264
036218 887
036226 394
036234 171
036242 923
036250 134
036258 882
036266 460
036274 444
036282 51
036290 1
036298 2
036306 800
036314 298
036322 851
036330 861
036338 842
036346 572
036870 365
036878 676
036886 225
036894 818
036902 490
036910 806
036918 752
036926 493
036934 558
036942 853
036950 400
036958 279
036966 922
036974 846
036982 70
036990 455
036998 625
037006 933
037014 465
037022 410
037030 36
037038 144
037046 411
037054 271
037062 210
037070 241
037078 570
037086 141
037094 228
037102 603
037110 837
037118 432
037380 117
037388 208
037396 67
037404 171
037412 236
037420 903
037428 675
037436 979
037444 452
037452 553
037460 527
037468 646
037476 239
037484 716
037492 278
037500 693
037508 542
037516 401
037524 362
037532 103
037540 216
037548 739
037556 684
037564 74
037572 842
037580 435
037588 542
037596 656
037604 616
037612 46
037620 139
037628 608
035584 47
035592 719
035600 978
035608 642
035616 54
035624 479
035632 31
035640 16
035648 786
035656 531
035664 918
035672 363
035680 570
035688 458
035696 156
035704 543
035712 151
035720 427
035728 857
035736 564
035744 156
035752 484
035760 918
035768 902
035776 611
035784 782
035792 761
035800 497
035808 342
035816 227
035824 438
035832 303
036353 599
036361 874
036369 824
036377 903
036385 548
036393 66
036401 727
036409 645
036417 729
036425 125
036433 486
036441 471
036449 988
036457 795
036465 30
036473 244
036481 538
036489 785
036497 722
036505 486
036513 93
036521 610
036529 463
036537 252
036545 961
036553 157
036561 628
036569 270
036577 589
036585 895
036593 520
036601 943
037637 150
037645 174
037653 883
037661 388
037669 45
037677 328
037685 258
037693 390
037701 435
037709 848
037717 554
037725 44
037733 923
037741 490
037749 812
037757 656
037765 263
037773 44
037781 53
037789 229
037797 514
037805 71
037813 476
037821 985
037829 647
037837 149
037845 531
037853 985
037861 448
037869 797
037877 299
037885 179
036871 662
036879 540
036887 499
036895 481
036903 706
036911 857
036919 402
036927 259
036935 829
036943 589
036951 414
036959 884
036967 197
036975 828
036983 243
036991 749
036999 648
037007 399
037015 893
037023 151
037031 751
037039 818
037047 627
037055 715
037063 551
037071 657
037079 112
037087 515
037095 572
037103 46
037111 719
037119 301
036611 897
036619 835
036627 990
036635 249
036643 524
036651 496
036659 83
036667 405
036675 922
036683 730
036691 679
036699 89
036707 580
036715 170
036723 109
036731 893
036739 702
036747 346
036755 426
036763 645
036771 194
036779 473
036787 77
036795 758
036803 241
036811 984
036819 199
036827 341
036835 754
036843 741
036851 957
036859 307
036354 890
036362 581
036370 822
036378 667
036386 118
036394 830
036402 752
036410 42
036418 163
036426 542
036434 245
036442 507
036450 370
036458 155
036466 176
036474 220
036482 558
036490 51
036498 60
036506 987
036514 847
036522 836
036530 270
036538 602
036546 330
036554 190
036562 548
036570 453
036578 504
036586 15
036594 829
036602 892
037126 214
037134 910
037142 479
037150 415
037158 604
037166 519
037174 782
037182 104
037190 868
037198 831
037206 531
037214 96
037222 205
037230 614
037238 850
037246 24
037254 644
037262 719
037270 827
037278 109
037286 787
037294 46
037302 847
037310 414
037318 987
037326 950
037334 854
037342 37
037350 475
037358 240
037366 708
037374 629
037636 209
037644 930
037652 370
037660 316
037668 943
037676 614
037684 388
037692 477
037700 651
037708 990
037716 503
037724 569
037732 387
037740 468
037748 547
037756 216
037764 216
037772 546
037780 124
037788 287
037796 989
037804 669
037812 183
037820 279
037828 756
037836 970
037844 806
037852 826
037860 390
037868 841
037876 885
037884 913
035840 976
035848 460
035856 429
035864 929
035872 621
035880 364
035888 260
035896 512
035904 366
035912 740
035920 976
035928 482
035936 295
035944 217
035952 828
035960 125
035968 776
035976 490
035984 365
035992 509
036000 947
036008 614
036016 208
036024 557
036032 262
036040 529
036048 273
036056 641
036064 400
036072 773
036080 937
036088 505
036609 881
036617 490
036625 772
036633 671
036641 692
036649 520
036657 544
036665 135
036673 126
036681 420
036689 827
036697 748
036705 965
036713 979
036721 454
036729 562
036737 667
036745 608
036753 335
036761 321
036769 473
036777 968
036785 82
036793 646
036801 596
036809 991
036817 259
036825 428
036833 648
036841 835
036849 205
036857 553
037893 64
037901 717
037909 394
037917 767
037925 697
037933 732
037941 639
037949 96
037957 603
037965 933
037973 996
037981 725
037989 518
037997 103
038005 822
038013 597
038021 313
038029 0
038037 896
038045 700
038053 459
038061 384
038069 403
038077 725
038085 591
038093 803
038101 279
038109 81
038117 139
038125 887
038133 212
038141 991
037127 75
037135 384
037143 247
037151 334
037159 822
037167 59
037175 589
037183 537
037191 423
037199 323
037207 182
037215 565
037223 688
037231 342
037239 729
037247 956
037255 597
037263 306
037271 182
037279 412
037287 683
037295 103
037303 24
037311 989
037319 158
037327 756
037335 603
037343 215
037351 423
037359 807
037367 81
037375 489
036867 94
036875 851
036883 511
036891 349
036899 323
036907 239
036915 394
036923 266
036931 692
036939 531
036947 132
036955 395
036963 635
036971 827
036979 807
036987 409
036995 755
037003 473
037011 996
037019 200
037027 782
037035 754
037043 562
037051 213
037059 397
037067 234
037075 305
037083 365
037091 443
037099 912
037107 10
037115 459
037892 580
037900 672
037908 184
037916 334
037924 305
037932 422
037940 529
037948 998
037956 565
037964 333
037972 915
037980 992
037988 755
037996 563
038004 349
038012 849
038020 98
038028 625
038036 529
038044 78
038052 167
038060 477
038068 516
038076 2
038084 935
038092 883
038100 879
038108 848
038116 961
038124 372
038132 473
038140 324
036610 626
036618 655
036626 539
036634 646
036642 557
036650 686
036658 811
036666 977
036674 47
036682 718
036690 941
036698 714
036706 418
036714 141
036722 985
036730 24
036738 848
036746 528
036754 648
036762 60
036770 310
036778 124
036786 960
036794 931
036802 477
036810 346
036818 348
036826 54
036834 964
036842 888
036850 356
036858 668
037382 704
037390 545
037398 490
037406 543
037414 458
037422 548
037430 570
037438 300
037446 449
037454 962
037462 959
037470 106
037478 868
037486 747
037494 555
037502 680
037510 8
037518 276
037526 419
037534 53
037542 617
037550 4
037558 542
037566 683
037574 989
037582 791
037590 812
037598 627
037606 494
037614 869
037622 201
037630 583
036096 504
036104 363
036112 558
036120 765
036128 240
036136 307
036144 624
036152 691
036160 398
036168 329
036176 247
036184 447
036192 512
036200 553
036208 40
036216 966
036224 474
036232 395
036240 990
036248 572
036256 473
036264 950
036272 590
036280 585
036288 716
036296 593
036304 77
036312 46
036320 646
036328 184
036336 370
036344 101
036865 35
036873 69
036881 705
036889 105
036897 645
036905 875
036913 488
036921 972
036929 41
036937 784
036945 77
036953 918
036961 706
036969 801
036977 920
036985 85
036993 834
037001 38
037009 793
037017 629
037025 21
037033 891
037041 340
037049 829
037057 908
037065 330
037073 645
037081 878
037089 180
037097 268
037105 697
037113 106
038149 383
038157 349
038165 632
038173 990
038181 981
038189 195
038197 472
038205 670
038213 267
038221 116
038229 500
038237 522
038245 844
038253 367
038261 472
038269 986
038277 736
038285 998
038293 540
038301 251
038309 778
038317 903
038325 894
038333 422
038341 646
038349 653
038357 701
038365 968
038373 454
038381 212
038389 456
038397 169
037383 647
037391 656
037399 613
037407 618
037415 769
037423 293
037431 248
037439 709
037447 514
037455 526
037463 121
037471 255
037479 779
037487 74
037495 669
037503 577
037511 150
037519 324
037527 337
037535 192
037543 266
037551 886
037559 891
037567 119
037575 576
037583 256
037591 730
037599 896
037607 793
037615 53
037623 673
037631 58
037123 310
037131 266
037139 634
037147 393
037155 150
037163 614
037171 344
037179 579
037187 160
037195 454
037203 590
037211 354
037219 328
037227 768
037235 177
037243 14
037251 123
037259 289
037267 119
037275 229
037283 538
037291 385
037299 778
037307 323
037315 465
037323 993
037331 984
037339 413
037347 636
037355 467
037363 893
037371 827
038148 237
038156 823
038164 88
038172 294
038180 319
038188 456
038196 680
038204 610
038212 28
038220 454
038228 671
038236 901
038244 958
038252 167
038260 723
038268 650
038276 314
038284 572
038292 445
038300 850
038308 764
038316 670
038324 283
038332 859
038340 18
038348 856
038356 929
038364 244
038372 894
038380 866
038388 342
038396 95
036866 780
036874 368
036882 704
036890 741
036898 690
036906 502
036914 90
036922 380
036930 193
036938 834
036946 653
036954 243
036962 899
036970 915
036978 851
036986 415
036994 727
037002 14
037010 463
037018 739
037026 898
037034 227
037042 612
037050 251
037058 605
037066 751
037074 328
037082 621
037090 231
037098 696
037106 634
037114 957
037638 704
037646 23
037654 678
037662 787
037670 721
037678 656
037686 934
037694 140
037702 934
037710 612
037718 368
037726 697
037734 108
037742 592
037750 717
037758 755
037766 791
037774 940
037782 910
037790 997
037798 267
037806 19
037814 945
037822 10
037830 224
037838 345
037846 671
037854 173
037862 610
037870 570
037878 851
037886 650
036352 444
036360 62
036368 716
036376 936
036384 231
036392 361
036400 84
036408 655
036416 141
036424 416
036432 397
036440 686
036448 915
036456 402
036464 598
036472 980
036480 364
036488 429
036496 335
036504 560
036512 54
036520 607
036528 456
036536 203
036544 622
036552 339
036560 682
036568 848
036576 220
036584 21
036592 152
036600 498
037121 195
037129 2
037137 285
037145 653
037153 375
037161 405
037169 917
037177 295
037185 366
037193 296
037201 227
037209 517
037217 569
037225 293
037233 503
037241 565
037249 472
037257 436
037265 626
037273 810
037281 88
037289 469
037297 985
037305 825
037313 525
037321 243
037329 413
037337 287
037345 978
037353 440
037361 388
037369 965
038405 189
038413 282
038421 845
038429 434
038437 973
038445 257
038453 538
038461 939
038469 81
038477 323
038485 521
038493 914
038501 928
038509 107
038517 627
038525 850
038533 457
038541 672
038549 271
038557 962
038565 738
038573 775
038581 179
038589 501
038597 985
038605 937
038613 383
038621 468
038629 402
038637 136
038645 744
038653 374
037639 888
037647 54
037655 108
037663 788
037671 122
037679 646
037687 592
037695 858
037703 270
037711 323
037719 588
037727 266
037735 993
037743 938
037751 147
037759 674
037767 472
037775 967
037783 250
037791 553
037799 457
037807 703
037815 153
037823 324
037831 511
037839 991
037847 255
037855 485
037863 668
037871 424
037879 483
037887 266
038404 146
038412 758
038420 86
038428 598
038436 566
038444 794
038452 309
038460 232
038468 653
038476 557
038484 463
038492 282
038500 200
038508 907
038516 974
038524 684
038532 225
038540 256
038548 292
038556 171
038564 207
038572 758
038580 484
038588 703
038596 259
038604 406
038612 66
038620 995
038628 484
038636 275
038644 366
038652 586
037379 961
037387 503
037395 346
037403 831
037411 808
037419 712
037427 967
037435 766
037443 301
037451 847
037459 262
037467 158
037475 147
037483 846
037491 930
037499 553
037507 428
037515 659
037523 214
037531 407
037539 603
037547 686
037555 200
037563 78
037571 643
037579 205
037587 73
037595 889
037603 453
037611 985
037619 148
037627 696
037894 19
037902 197
037910 461
037918 313
037926 369
037934 913
037942 346
037950 932
037958 349
037966 636
037974 691
037982 698
037990 395
037998 260
038006 508
038014 6
038022 358
038030 729
038038 916
038046 927
038054 138
038062 438
038070 620
038078 39
038086 976
038094 850
038102 884
038110 324
038118 789
038126 516
038134 490
038142 707
037122 9
037130 47
037138 62
037146 765
037154 162
037162 673
037170 207
037178 454
037186 544
037194 342
037202 273
037210 392
037218 728
037226 201
037234 42
037242 751
037250 43
037258 600
037266 114
037274 241
037282 926
037290 85
037298 306
037306 991
037314 926
037322 554
037330 481
037338 939
037346 433
037354 706
037362 826
037370 92
036608 585
036616 221
036624 194
036632 978
036640 767
036648 367
036656 380
036664 771
036672 510
036680 598
036688 775
036696 219
036704 454
036712 876
036720 251
036728 518
036736 669
036744 439
036752 200
036760 320
036768 42
036776 148
036784 319
036792 932
036800 928
036808 489
036816 430
036824 976
036832 805
036840 128
036848 593
036856 290
038661 10
038669 425
038677 237
038685 165
038693 228
038701 216
038709 415
038717 123
038725 681
038733 654
038741 938
038749 845
038757 264
038765 214
038773 176
038781 199
038789 191
038797 672
038805 371
038813 383
038821 579
038829 798
038837 317
038845 614
038853 376
038861 853
038869 571
038877 311
038885 786
038893 443
038901 492
038909 172
037377 469
037385 746
037393 3
037401 146
037409 1
037417 947
037425 947
037433 534
037441 191
037449 987
037457 425
037465 856
037473 494
037481 545
037489 379
037497 827
037505 123
037513 780
037521 774
037529 121
037537 454
037545 585
037553 985
037561 804
037569 344
037577 306
037585 202
037593 470
037601 976
037609 311
037617 197
037625 964
037895 440
037903 506
037911 967
037919 398
037927 225
037935 694
037943 871
037951 948
037959 303
037967 257
037975 570
037983 857
037991 564
037999 910
038007 910
038015 904
038023 917
038031 597
038039 42
038047 718
038055 337
038063 331
038071 567
038079 917
038087 677
038095 910
038103 804
038111 11
038119 850
038127 353
038135 996
038143 375
038660 368
038668 374
038676 638
038684 711
038692 589
038700 67
038708 502
038716 958
038724 175
038732 285
038740 755
038748 91
038756 504
038764 153
038772 988
038780 553
038788 172
038796 916
038804 332
038812 373
038820 181
038828 479
038836 840
038844 444
038852 751
038860 34
038868 179
038876 571
038884 321
038892 125
038900 124
038908 509
037635 136
037643 857
037651 414
037659 596
037667 300
037675 509
037683 44
037691 363
037699 198
037707 406
037715 548
037723 713
037731 291
037739 161
037747 361
037755 524
037763 694
037771 400
037779 617
037787 392
037795 460
037803 205
037811 205
037819 595
037827 434
037835 571
037843 242
037851 962
037859 940
037867 992
037875 176
037883 452
038150 158
038158 510
038166 976
038174 899
038182 641
038190 266
038198 242
038206 34
038214 466
038222 89
038230 818
038238 764
038246 637
038254 314
038262 478
038270 94
038278 711
038286 855
038294 939
038302 618
038310 539
038318 219
038326 600
038334 128
038342 370
038350 525
038358 613
038366 904
038374 470
038382 550
038390 590
038398 305
037378 35
037386 449
037394 431
037402 404
037410 610
037418 400
037426 219
037434 206
037442 563
037450 320
037458 648
037466 796
037474 260
037482 41
037490 264
037498 757
037506 316
037514 120
037522 529
037530 606
037538 42
037546 445
037554 437
037562 693
037570 45
037578 619
037586 549
037594 529
037602 709
037610 341
037618 992
037626 391
036864 672
036872 61
036880 321
036888 557
036896 515
036904 801
036912 589
036920 22
036928 171
036936 188
036944 391
036952 321
036960 978
036968 627
036976 611
036984 730
036992 307
037000 577
037008 464
037016 399
037024 424
037032 514
037040 168
037048 162
037056 438
037064 930
037072 631
037080 337
037088 365
037096 551
037104 318
037112 649
038917 91
038925 498
038933 103
038941 617
038949 329
038957 866
038965 140
038973 921
038981 7
038989 646
038997 171
039005 589
039013 845
039021 460
039029 574
039037 81
039045 880
039053 840
039061 36
039069 955
039077 193
039085 62
039093 978
039101 896
039109 573
039117 515
039125 477
039133 407
039141 158
039149 407
039157 65
039165 64
037633 893
037641 327
037649 472
037657 893
037665 971
037673 604
037681 616
037689 740
037697 399
037705 143
037713 356
037721 138
037729 583
037737 773
037745 268
037753 989
037761 265
037769 815
037777 445
037785 619
037793 826
037801 156
037809 378
037817 875
037825 309
037833 201
037841 248
037849 115
037857 365
037865 707
037873 507
037881 773
038151 146
038159 460
038167 918
038175 559
038183 556
038191 694
038199 845
038207 400
038215 402
038223 426
038231 968
038239 945
038247 145
038255 352
038263 881
038271 542
038279 811
038287 271
038295 992
038303 396
038311 255
038319 762
038327 834
038335 603
038343 541
038351 208
038359 223
038367 92
038375 176
038383 493
038391 646
038399 386
038916 558
038924 562
038932 833
038940 525
038948 581
038956 323
038964 118
038972 482
038980 650
038988 767
038996 73
039004 2
039012 276
039020 845
039028 214
039036 183
039044 548
039052 173
039060 85
039068 577
039076 576
039084 909
039092 444
039100 128
039108 621
039116 160
039124 626
039132 266
039140 625
039148 825
039156 162
039164 175
038406 347
038414 786
038422 141
038430 661
038438 634
038446 638
038454 879
038462 481
038470 281
038478 571
038486 472
038494 857
038502 402
038510 291
038518 910
038526 89
038534 557
038542 217
038550 511
038558 137
038566 991
038574 105
038582 695
038590 153
038598 666
038606 156
038614 855
038622 154
038630 388
038638 417
038646 798
038654 477
037634 741
037642 74
037650 898
037658 493
037666 47
037674 726
037682 133
037690 15
037698 917
037706 814
037714 425
037722 666
037730 723
037738 781
037746 173
037754 930
037762 561
037770 6
037778 18
037786 316
037794 933
037802 545
037810 144
037818 384
037826 402
037834 65
037842 624
037850 233
037858 246
037866 219
037874 976
037882 814
037891 526
037899 16
037907 901
037915 381
037923 319
037931 235
037939 321
037947 411
037955 424
037963 459
037971 487
037979 233
037987 817
037995 276
038003 231
038011 665
038019 165
038027 688
038035 99
038043 76
038051 246
038059 310
038067 764
038075 972
038083 420
038091 135
038099 228
038107 889
038115 328
038123 958
038131 587
038139 381
037120 601
037128 149
037136 756
037144 774
037152 204
037160 317
037168 34
037176 798
037184 874
037192 654
037200 108
037208 544
037216 915
037224 595
037232 469
037240 166
037248 541
037256 332
037264 747
037272 125
037280 133
037288 501
037296 560
037304 354
037312 791
037320 457
037328 857
037336 712
037344 228
037352 811
037360 459
037368 735
039173 585
039181 112
039189 585
039197 434
039205 182
039213 929
039221 451
039229 884
039237 45
039245 996
039253 870
039261 638
039269 664
039277 365
039285 317
039293 914
039301 552
039309 837
039317 515
039325 374
039333 821
039341 952
039349 487
039357 209
039365 851
039373 476
039381 205
039389 376
039397 476
039405 735
039413 128
039421 472
037889 654
037897 479
037905 110
037913 500
037921 564
037929 206
037937 320
037945 980
037953 128
037961 42
037969 474
037977 656
037985 869
037993 266
038001 794
038009 781
038017 200
038025 774
038033 253
038041 136
038049 860
038057 286
038065 761
038073 59
038081 873
038089 669
038097 664
038105 570
038113 727
038121 427
038129 70
038137 6
038407 425
038415 842
038423 723
038431 50
038439 461
038447 207
038455 90
038463 634
038471 807
038479 464
038487 771
038495 56
038503 940
038511 837
038519 978
038527 747
038535 627
038543 829
038551 521
038559 672
038567 72
038575 308
038583 321
038591 284
038599 895
038607 178
038615 648
038623 790
038631 110
038639 871
038647 133
038655 714
039172 377
039180 99
039188 551
039196 217
039204 329
039212 864
039220 364
039228 998
039236 101
039244 736
039252 15
039260 85
039268 287
039276 842
039284 659
039292 7
039300 401
039308 531
039316 996
039324 312
039332 167
039340 847
039348 23
039356 471
039364 341
039372 391
039380 238
039388 648
039396 335
039404 584
039412 253
039420 525
038662 265
038670 408
038678 705
038686 502
038694 108
038702 745
038710 885
038718 528
038726 776
038734 27
038742 733
038750 766
038758 743
038766 720
038774 986
038782 582
038790 605
038798 787
038806 706
038814 633
038822 113
038830 57
038838 900
038846 758
038854 603
038862 278
038870 548
038878 871
038886 877
038894 311
038902 586
038910 680
037890 527
037898 156
037906 234
037914 861
037922 384
037930 692
037938 454
037946 466
037954 967
037962 945
037970 800
037978 26
037986 899
037994 104
038002 688
038010 788
038018 355
038026 321
038034 158
038042 34
038050 47
038058 143
038066 556
038074 28
038082 283
038090 432
038098 879
038106 300
038114 596
038122 550
038130 918
038138 145
038147 50
038155 229
038163 937
038171 129
038179 418
038187 89
038195 430
038203 7
038211 857
038219 96
038227 209
038235 180
038243 710
038251 559
038259 800
038267 70
038275 540
038283 144
038291 928
038299 288
038307 454
038315 117
038323 322
038331 34
038339 84
038347 32
038355 721
038363 570
038371 304
038379 492
038387 216
038395 7
037376 468
037384 444
037392 953
037400 382
037408 429
037416 170
037424 776
037432 619
037440 53
037448 291
037456 423
037464 668
037472 379
037480 490
037488 39
037496 290
037504 226
037512 680
037520 48
037528 39
037536 772
037544 656
037552 108
037560 721
037568 540
037576 191
037584 597
037592 947
037600 930
037608 773
037616 596
037624 366
039429 18
039437 594
039445 63
039453 149
039461 105
039469 75
039477 190
039485 307
039493 337
039501 815
039509 577
039517 481
039525 767
039533 684
039541 252
039549 790
039557 61
039565 758
039573 569
039581 677
039589 758
039597 763
039605 488
039613 680
039621 177
039629 280
039637 625
039645 379
039653 685
039661 124
039669 570
039677 495
038145 619
038153 256
038161 883
038169 292
038177 190
038185 374
038193 442
038201 417
038209 466
038217 267
038225 476
038233 325
038241 847
038249 902
038257 725
038265 417
038273 597
038281 455
038289 199
038297 233
038305 992
038313 394
038321 854
038329 928
038337 972
038345 688
038353 299
038361 355
038369 727
038377 491
038385 287
038393 532
038663 141
038671 942
038679 923
038687 643
038695 172
038703 341
038711 537
038719 689
038727 727
038735 216
038743 483
038751 350
038759 605
038767 967
038775 78
038783 630
038791 396
038799 706
038807 553
038815 704
038823 364
038831 58
038839 666
038847 584
038855 92
038863 337
038871 516
038879 339
038887 243
038895 715
038903 40
038911 975
039428 980
039436 825
039444 21
039452 313
039460 257
039468 477
039476 687
039484 34
039492 367
039500 15
039508 44
039516 471
039524 82
039532 36
039540 212
039548 894
039556 242
039564 201
039572 79
039580 900
039588 336
039596 60
039604 601
039612 86
039620 276
039628 57
039636 439
039644 285
039652 150
039660 887
039668 628
039676 161
038918 662
038926 113
038934 858
038942 231
038950 358
038958 779
038966 895
038974 231
038982 193
038990 397
038998 624
039006 642
039014 983
039022 120
039030 669
039038 999
039046 598
039054 473
039062 884
039070 885
039078 192
039086 452
039094 736
039102 401
039110 140
039118 911
039126 539
039134 955
039142 336
039150 254
039158 268
039166 837
038146 531
038154 215
038162 595
038170 877
038178 298
038186 86
038194 466
038202 364
038210 860
038218 626
038226 42
038234 320
038242 860
038250 729
038258 894
038266 238
038274 862
038282 485
038290 707
038298 83
038306 589
038314 431
038322 795
038330 411
038338 250
038346 923
038354 202
038362 974
038370 222
038378 86
038386 727
038394 976
038403 846
038411 775
038419 97
038427 963
038435 451
038443 870
038451 8
038459 323
038467 791
038475 156
038483 620
038491 946
038499 593
038507 57
038515 177
038523 269
038531 398
038539 500
038547 296
038555 832
038563 798
038571 516
038579 346
038587 805
038595 668
038603 145
038611 269
038619 173
038627 932
038635 253
038643 94
038651 485
037632 878
037640 875
037648 522
037656 260
037664 661
037672 447
037680 404
037688 307
037696 287
037704 285
037712 762
037720 372
037728 241
037736 583
037744 623
037752 633
037760 394
037768 518
037776 837
037784 541
037792 99
037800 78
037808 986
037816 499
037824 131
037832 769
037840 97
037848 128
037856 716
037864 860
037872 528
037880 858
039685 212
039693 608
039701 779
039709 866
039717 854
039725 60
039733 320
039741 132
039749 340
039757 572
039765 549
039773 219
039781 499
039789 934
039797 473
039805 800
039813 817
039821 257
039829 502
039837 809
039845 301
039853 122
039861 925
039869 333
039877 801
039885 394
039893 78
039901 769
039909 514
039917 132
039925 717
039933 339
038401 61
038409 296
038417 122
038425 690
038433 463
038441 304
038449 448
038457 979
038465 961
038473 797
038481 659
038489 770
038497 135
038505 853
038513 953
038521 628
038529 695
038537 801
038545 497
038553 530
038561 529
038569 703
038577 917
038585 494
038593 750
038601 54
038609 604
038617 212
038625 608
038633 939
038641 586
038649 822
038919 333
038927 581
038935 459
038943 420
038951 660
038959 409
038967 858
038975 780
038983 449
038991 651
038999 365
039007 852
039015 342
039023 379
039031 623
039039 151
039047 525
039055 377
039063 314
039071 602
039079 740
039087 201
039095 695
039103 531
039111 647
039119 526
039127 77
039135 86
039143 145
039151 364
039159 459
039167 366
039684 4
039692 434
039700 681
039708 321
039716 745
039724 158
039732 328
039740 440
039748 262
039756 588
039764 407
039772 303
039780 830
039788 755
039796 530
039804 540
039812 2
039820 739
039828 904
039836 724
039844 451
039852 861
039860 634
039868 608
039876 185
039884 225
039892 238
039900 802
039908 835
039916 528
039924 199
039932 789
039174 949
039182 46
039190 471
039198 949
039206 738
039214 602
039222 581
039230 956
039238 295
039246 179
039254 434
039262 522
039270 590
039278 590
039286 834
039294 657
039302 861
039310 110
039318 168
039326 66
039334 518
039342 31
039350 636
039358 975
039366 344
039374 964
039382 758
039390 850
039398 988
039406 44
039414 696
039422 304
038402 734
038410 69
038418 239
038426 74
038434 882
038442 81
038450 861
038458 860
038466 821
038474 873
038482 504
038490 324
038498 972
038506 633
038514 498
038522 848
038530 531
038538 485
038546 266
038554 189
038562 928
038570 726
038578 443
038586 444
038594 795
038602 125
038610 381
038618 276
038626 70
038634 871
038642 589
038650 915
038659 47
038667 600
038675 10
038683 592
038691 256
038699 968
038707 855
038715 773
038723 645
038731 297
038739 974
038747 964
038755 410
038763 488
038771 208
038779 119
038787 555
038795 182
038803 657
038811 51
038819 527
038827 744
038835 47
038843 329
038851 762
038859 524
038867 10
038875 633
038883 182
038891 569
038899 111
038907 934
037888 441
037896 994
037904 906
037912 916
037920 654
037928 554
037936 323
037944 339
037952 595
037960 801
037968 750
037976 516
037984 581
037992 825
038000 797
038008 998
038016 647
038024 852
038032 706
038040 515
038048 925
038056 119
038064 725
038072 792
038080 44
038088 321
038096 660
038104 206
038112 869
038120 975
038128 711
038136 987
039941 695
039949 836
039957 674
039965 332
039973 708
039981 871
039989 329
039997 330
040005 265
040013 87
040021 852
040029 664
040037 731
040045 386
040053 780
040061 784
040069 847
040077 481
040085 126
040093 45
040101 61
040109 832
040117 381
040125 715
040133 82
040141 65
040149 606
040157 466
040165 818
040173 925
040181 168
040189 256
039175 719
039183 40
039191 896
039199 732
039207 582
039215 964
039223 368
039231 908
039239 27
039247 675
039255 931
039263 509
039271 232
039279 433
039287 655
039295 883
039303 84
039311 972
039319 166
039327 439
039335 827
039343 251
039351 701
039359 439
039367 517
039375 154
039383 322
039391 325
039399 35
039407 461
039415 844
039423 267
038657 69
038665 288
038673 593
038681 170
038689 16
038697 718
038705 773
038713 332
038721 249
038729 417
038737 219
038745 905
038753 53
038761 644
038769 512
038777 166
038785 355
038793 693
038801 632
038809 588
038817 48
038825 225
038833 992
038841 997
038849 274
038857 514
038865 650
038873 6
038881 911
038889 234
038897 795
038905 197
039940 836
039948 188
039956 478
039964 426
039972 651
039980 573
039988 24
039996 185
040004 751
040012 761
040020 168
040028 382
040036 236
040044 648
040052 386
040060 32
040068 227
040076 52
040084 429
040092 294
040100 763
040108 714
040116 485
040124 328
040132 69
040140 630
040148 383
040156 530
040164 433
040172 740
040180 689
040188 762
039430 124
039438 364
039446 136
039454 890
039462 391
039470 602
039478 745
039486 221
039494 198
039502 633
039510 686
039518 659
039526 543
039534 568
039542 290
039550 74
039558 616
039566 694
039574 116
039582 240
039590 635
039598 802
039606 49
039614 32
039622 948
039630 32
039638 216
039646 952
039654 342
039662 949
039670 402
039678 583
038658 160
038666 954
038674 546
038682 858
038690 610
038698 510
038706 452
038714 445
038722 66
038730 734
038738 44
038746 606
038754 284
038762 991
038770 995
038778 33
038786 984
038794 447
038802 768
038810 459
038818 922
038826 768
038834 858
038842 369
038850 365
038858 248
038866 494
038874 760
038882 572
038890 825
038898 547
038906 590
038915 763
038923 739
038931 739
038939 89
038947 17
038955 962
038963 499
038971 449
038979 174
038987 904
038995 587
039003 803
039011 607
039019 566
039027 410
039035 258
039043 374
039051 44
039059 457
039067 963
039075 793
039083 48
039091 378
039099 682
039107 663
039115 838
039123 884
039131 499
039139 605
039147 381
039155 858
039163 718
038144 279
038152 469
038160 833
038168 13
038176 753
038184 781
038192 289
038200 559
038208 91
038216 969
038224 8
038232 68
038240 801
038248 844
038256 447
038264 902
038272 320
038280 874
038288 991
038296 534
038304 272
038312 362
038320 350
038328 920
038336 512
038344 911
038352 677
038360 98
038368 698
038376 80
038384 500
038392 415
040197 173
040205 57
040213 461
040221 454
040229 502
040237 975
040245 712
040253 920
040261 368
040269 108
040277 125
040285 566
040293 865
040301 961
040309 228
040317 839
040325 451
040333 545
040341 562
040349 633
040357 581
040365 368
040373 80
040381 61
040389 183
040397 282
040405 738
040413 616
040421 193
040429 427
040437 540
040445 702
039431 478
039439 72
039447 530
039455 295
039463 961
039471 927
039479 719
039487 673
039495 379
039503 718
039511 799
039519 520
039527 59
039535 899
039543 764
039551 456
039559 427
039567 190
039575 732
039583 961
039591 422
039599 865
039607 693
039615 812
039623 768
039631 976
039639 719
039647 493
039655 731
039663 60
039671 890
039679 56
038913 203
038921 920
038929 285
038937 669
038945 536
038953 352
038961 979
038969 42
038977 763
038985 501
038993 565
039001 76
039009 448
039017 858
039025 7
039033 569
039041 822
039049 520
039057 752
039065 405
039073 472
039081 942
039089 527
039097 196
039105 455
039113 606
039121 868
039129 683
039137 419
039145 922
039153 335
039161 832
040196 341
040204 424
040212 20
040220 465
040228 782
040236 858
040244 101
040252 983
040260 439
040268 364
040276 834
040284 151
040292 266
040300 235
040308 174
040316 541
040324 877
040332 353
040340 128
040348 854
040356 238
040364 184
040372 461
040380 753
040388 717
040396 69
040404 445
040412 387
040420 69
040428 957
040436 72
040444 551
039686 737
039694 798
039702 196
039710 665
039718 585
039726 188
039734 999
039742 531
039750 237
039758 492
039766 130
039774 171
039782 541
039790 149
039798 686
039806 120
039814 664
039822 460
039830 972
039838 114
039846 281
039854 491
039862 599
039870 586
039878 609
039886 299
039894 483
039902 952
039910 411
039918 771
039926 719
039934 179
038914 500
038922 673
038930 206
038938 166
038946 921
038954 535
038962 919
038970 524
038978 702
038986 331
038994 861
039002 293
039010 915
039018 232
039026 824
039034 444
039042 592
039050 931
039058 709
039066 182
039074 536
039082 506
039090 322
039098 556
039106 785
039114 236
039122 373
039130 952
039138 446
039146 381
039154 281
039162 708
039171 180
039179 34
039187 16
039195 512
039203 531
039211 853
039219 862
039227 662
039235 29
039243 110
039251 444
039259 869
039267 898
039275 962
039283 119
039291 391
039299 19
039307 580
039315 571
039323 734
039331 553
039339 208
039347 367
039355 736
039363 619
039371 893
039379 779
039387 18
039395 749
039403 138
039411 684
039419 735
038400 625
038408 639
038416 819
038424 782
038432 20
038440 216
038448 310
038456 658
038464 705
038472 70
038480 976
038488 596
038496 463
038504 204
038512 102
038520 747
038528 698
038536 381
038544 52
038552 708
038560 882
038568 364
038576 876
038584 93
038592 563
038600 7
038608 48
038616 968
038624 495
038632 930
038640 241
038648 711
040453 767
040461 454
040469 786
040477 114
040485 222
040493 481
040501 661
040509 519
040517 9
040525 818
040533 262
040541 764
040549 233
040557 980
040565 880
040573 298
040581 927
040589 643
040597 682
040605 360
040613 558
040621 411
040629 583
040637 68
040645 31
040653 487
040661 959
040669 462
040677 818
040685 816
040693 580
040701 124
039687 645
039695 802
039703 237
039711 233
039719 894
039727 84
039735 998
039743 323
039751 594
039759 82
039767 784
039775 574
039783 337
039791 1
039799 726
039807 220
039815 420
039823 388
039831 719
039839 857
039847 479
039855 608
039863 642
039871 821
039879 27
039887 939
039895 139
039903 623
039911 650
039919 161
039927 876
039935 326
039169 733
039177 189
039185 589
039193 674
039201 5
039209 72
039217 247
039225 135
039233 149
039241 589
039249 380
039257 244
039265 5
039273 445
039281 36
039289 340
039297 56
039305 770
039313 500
039321 818
039329 309
039337 977
039345 769
039353 540
039361 546
039369 734
039377 412
039385 415
039393 263
039401 340
039409 281
039417 121
040452 761
040460 894
040468 889
040476 586
040484 302
040492 387
040500 791
040508 972
040516 37
040524 120
040532 136
040540 640
040548 771
040556 180
040564 143
040572 460
040580 51
040588 114
040596 864
040604 988
040612 544
040620 665
040628 457
040636 952
040644 901
040652 261
040660 86
040668 671
040676 525
040684 810
040692 503
040700 8
039942 888
039950 713
039958 773
039966 852
039974 792
039982 789
039990 302
039998 589
040006 511
040014 447
040022 223
040030 700
040038 916
040046 584
040054 37
040062 543
040070 434
040078 10
040086 626
040094 657
040102 816
040110 53
040118 713
040126 895
040134 634
040142 125
040150 806
040158 28
040166 126
040174 528
040182 214
040190 498
039170 666
039178 336
039186 720
039194 465
039202 974
039210 339
039218 683
039226 36
039234 989
039242 873
039250 849
039258 142
039266 745
039274 88
039282 579
039290 536
039298 898
039306 303
039314 786
039322 760
039330 596
039338 86
039346 856
039354 443
039362 612
039370 425
039378 91
039386 2
039394 498
039402 121
039410 857
039418 958
039427 129
039435 56
039443 820
039451 22
039459 250
039467 609
039475 877
039483 494
039491 419
039499 999
039507 405
039515 109
039523 447
039531 882
039539 610
039547 233
039555 422
039563 350
039571 644
039579 1
039587 947
039595 558
039603 248
039611 530
039619 61
039627 8
039635 941
039643 590
039651 597
039659 622
039667 185
039675 478
038656 440
038664 655
038672 828
038680 853
038688 291
038696 579
038704 504
038712 740
038720 426
038728 25
038736 894
038744 164
038752 32
038760 258
038768 118
038776 20
038784 479
038792 4
038800 329
038808 135
038816 981
038824 641
038832 311
038840 901
038848 589
038856 10
038864 407
038872 899
038880 74
038888 844
038896 598
038904 794
040709 85
040717 505
040725 394
040733 911
040741 978
040749 94
040757 647
040765 753
040773 892
040781 605
040789 578
040797 923
040805 85
040813 447
040821 729
040829 151
040837 110
040845 805
040853 411
040861 435
040869 888
040877 508
040885 663
040893 486
040901 543
040909 597
040917 302
040925 172
040933 948
040941 355
040949 928
040957 926
039943 511
039951 857
039959 903
039967 906
039975 958
039983 774
039991 790
039999 393
040007 558
040015 223
040023 635
040031 404
040039 600
040047 710
040055 451
040063 457
040071 470
040079 299
040087 48
040095 102
040103 309
040111 487
040119 475
040127 458
040135 718
040143 915
040151 79
040159 943
040167 791
040175 522
040183 556
040191 587
039425 566
039433 557
039441 678
039449 489
039457 813
039465 598
039473 942
039481 675
039489 636
039497 376
039505 196
039513 735
039521 699
039529 14
039537 667
039545 353
039553 141
039561 811
039569 601
039577 602
039585 942
039593 691
039601 729
039609 323
039617 873
039625 164
039633 417
039641 958
039649 234
039657 948
039665 169
039673 661
040708 993
040716 925
040724 963
040732 509
040740 282
040748 870
040756 225
040764 41
040772 107
040780 817
040788 983
040796 119
040804 935
040812 162
040820 18
040828 724
040836 320
040844 232
040852 241
040860 742
040868 45
040876 838
040884 807
040892 169
040900 673
040908 359
040916 919
040924 566
040932 155
040940 353
040948 764
040956 44
040198 265
040206 764
040214 21
040222 81
040230 167
040238 23
040246 437
040254 33
040262 289
040270 664
040278 619
040286 896
040294 481
040302 377
040310 795
040318 519
040326 552
040334 15
040342 785
040350 139
040358 499
040366 509
040374 166
040382 677
040390 269
040398 507
040406 440
040414 574
040422 168
040430 194
040438 365
040446 50
039426 664
039434 234
039442 32
039450 598
039458 667
039466 876
039474 15
039482 18
039490 327
039498 28
039506 656
039514 218
039522 976
039530 613
039538 704
039546 396
039554 84
039562 867
039570 227
039578 228
039586 628
039594 722
039602 223
039610 760
039618 139
039626 157
039634 950
039642 727
039650 85
039658 799
039666 324
039674 918
039683 362
039691 705
039699 394
039707 89
039715 651
039723 484
039731 169
039739 332
039747 980
039755 219
039763 544
039771 162
039779 551
039787 867
039795 418
039803 552
039811 415
039819 417
039827 393
039835 793
039843 87
039851 447
039859 500
039867 645
039875 884
039883 422
039891 544
039899 782
039907 168
039915 667
039923 706
039931 759
038912 666
038920 992
038928 236
038936 172
038944 854
038952 133
038960 23
038968 309
038976 138
038984 686
038992 500
039000 893
039008 220
039016 268
039024 687
039032 945
039040 516
039048 855
039056 690
039064 625
039072 872
039080 276
039088 138
039096 709
039104 248
039112 725
039120 131
039128 931
039136 232
039144 426
039152 749
039160 171
040965 573
040973 380
040981 101
040989 695
040997 104
041005 591
041013 957
041021 579
041029 866
041037 575
041045 191
041053 673
041061 988
041069 217
041077 409
041085 116
041093 740
041101 618
041109 280
041117 484
041125 559
041133 66
041141 440
041149 959
041157 430
041165 552
041173 303
041181 19
041189 931
041197 628
041205 229
041213 764
040199 508
040207 7
040215 39
040223 692
040231 543
040239 852
040247 466
040255 964
040263 560
040271 424
040279 408
040287 640
040295 627
040303 429
040311 452
040319 383
040327 80
040335 113
040343 190
040351 2
040359 11
040367 903
040375 957
040383 509
040391 75
040399 671
040407 551
040415 734
040423 86
040431 931
040439 536
040447 787
039681 740
039689 235
039697 409
039705 203
039713 903
039721 920
039729 190
039737 228
039745 766
039753 626
039761 425
039769 979
039777 953
039785 838
039793 446
039801 450
039809 804
039817 966
039825 824
039833 954
039841 166
039849 268
039857 446
039865 975
039873 304
039881 647
039889 449
039897 454
039905 804
039913 160
039921 148
039929 423
040964 287
040972 58
040980 459
040988 688
040996 174
041004 570
041012 549
041020 204
041028 485
041036 427
041044 919
041052 886
041060 326
041068 91
041076 499
041084 964
041092 339
041100 552
041108 648
041116 348
041124 707
041132 744
041140 78
041148 774
041156 561
041164 522
041172 494
041180 99
041188 770
041196 240
041204 614
041212 446
040454 12
040462 657
040470 103
040478 169
040486 766
040494 717
040502 874
040510 434
040518 725
040526 213
040534 439
040542 630
040550 128
040558 350
040566 46
040574 706
040582 629
040590 238
040598 244
040606 948
040614 139
040622 427
040630 833
040638 215
040646 251
040654 850
040662 350
040670 509
040678 751
040686 913
040694 425
040702 451
039682 597
039690 439
039698 789
039706 742
039714 949
039722 293
039730 790
039738 22
039746 156
039754 581
039762 740
039770 412
039778 395
039786 760
039794 690
039802 36
039810 500
039818 97
039826 185
039834 224
039842 40
039850 349
039858 572
039866 828
039874 940
039882 813
039890 525
039898 128
039906 439
039914 379
039922 0
039930 438
039939 999
039947 979
039955 827
039963 491
039971 226
039979 883
039987 259
039995 364
040003 178
040011 852
040019 851
040027 526
040035 76
040043 835
040051 302
040059 336
040067 571
040075 680
040083 718
040091 887
040099 582
040107 436
040115 46
040123 141
040131 924
040139 9
040147 388
040155 851
040163 774
040171 229
040179 528
040187 456
041221 19
041229 308
041237 921
041245 448
041253 173
041261 695
041269 75
041277 659
041285 141
041293 804
041301 680
041309 416
041317 873
041325 397
041333 615
041341 859
041349 687
041357 134
041365 400
041373 348
041381 995
041389 854
041397 749
041405 349
041413 886
041421 510
041429 344
041437 867
041445 204
041453 960
041461 904
041469 499
039168 84
039176 609
039184 527
039192 5
039200 188
039208 957
039216 477
039224 221
039232 259
039240 554
039248 927
039256 971
039264 717
039272 310
039280 166
039288 46
039296 959
039304 480
039312 24
039320 853
039328 523
039336 999
039344 801
039352 420
039360 543
039368 707
039376 224
039384 956
039392 925
039400 834
039408 338
039416 574
039937 962
039945 289
039953 108
039961 989
039969 899
039977 84
039985 830
039993 933
040001 918
040009 728
040017 365
040025 930
040033 758
040041 232
040049 972
040057 959
040065 567
040073 338
040081 745
040089 50
040097 503
040105 486
040113 37
040121 957
040129 507
040137 44
040145 210
040153 549
040161 946
040169 168
040177 917
040185 616
040455 750
040463 913
040471 889
040479 917
040487 148
040495 162
040503 750
040511 879
040519 768
040527 743
040535 208
040543 762
040551 679
040559 237
040567 273
040575 978
040583 3
040591 663
040599 670
040607 769
040615 481
040623 167
040631 189
040639 349
040647 152
040655 766
040663 162
040671 819
040679 488
040687 646
040695 217
040703 598
041220 37
041228 859
041236 379
041244 737
041252 719
041260 529
041268 795
041276 933
041284 697
041292 78
041300 653
041308 937
041316 617
041324 78
041332 631
041340 440
041348 681
041356 213
041364 807
041372 119
041380 827
041388 778
041396 992
041404 483
041412 684
041420 314
041428 242
041436 858
041444 408
041452 276
041460 461
041468 167
040710 879
040718 829
040726 9
040734 342
040742 763
040750 405
040758 84
040766 945
040774 26
040782 280
040790 774
040798 437
040806 341
040814 870
040822 925
040830 976
040838 777
040846 292
040854 724
040862 855
040870 836
040878 957
040886 110
040894 652
040902 344
040910 879
040918 715
040926 468
040934 226
040942 719
040950 354
040958 807
039938 640
039946 503
039954 87
039962 371
039970 658
039978 250
039986 819
039994 683
040002 505
040010 801
040018 646
040026 973
040034 777
040042 571
040050 597
040058 875
040066 753
040074 961
040082 420
040090 30
040098 954
040106 388
040114 508
040122 825
040130 666
040138 550
040146 635
040154 921
040162 911
040170 751
040178 596
040186 858
040195 847
040203 477
040211 730
040219 814
040227 172
040235 694
040243 472
040251 275
040259 279
040267 817
040275 811
040283 736
040291 314
040299 573
040307 39
040315 789
040323 737
040331 98
040339 445
040347 419
040355 7
040363 548
040371 808
040379 211
040387 277
040395 497
040403 658
040411 831
040419 192
040427 563
040435 731
040443 699
041477 540
041485 334
041493 635
041501 751
041509 578
041517 29
041525 245
041533 14
041541 269
041549 581
041557 57
041565 732
041573 591
041581 179
041589 189
041597 462
041605 824
041613 545
041621 690
041629 828
041637 535
041645 809
041653 719
041661 194
041669 731
041677 210
041685 349
041693 974
041701 994
041709 670
041717 782
041725 80
039424 461
039432 772
039440 774
039448 234
039456 904
039464 214
039472 642
039480 679
039488 571
039496 500
039504 48
039512 506
039520 662
039528 121
039536 506
039544 226
039552 667
039560 441
039568 299
039576 753
039584 512
039592 134
039600 277
039608 491
039616 12
039624 724
039632 624
039640 78
039648 400
039656 770
039664 520
039672 663
040193 940
040201 203
040209 384
040217 993
040225 941
040233 134
040241 599
040249 276
040257 952
040265 633
040273 737
040281 943
040289 878
040297 769
040305 843
040313 673
040321 531
040329 32
040337 305
040345 356
040353 874
040361 986
040369 908
040377 750
040385 220
040393 973
040401 924
040409 316
040417 624
040425 696
040433 512
040441 574
040711 638
040719 804
040727 113
040735 677
040743 266
040751 690
040759 239
040767 654
040775 339
040783 737
040791 360
040799 454
040807 149
040815 370
040823 988
040831 511
040839 907
040847 717
040855 950
040863 297
040871 721
040879 907
040887 637
040895 718
040903 619
040911 641
040919 210
040927 941
040935 491
040943 171
040951 583
040959 63
041476 180
041484 981
041492 888
041500 541
041508 838
041516 815
041524 479
041532 176
041540 889
041548 647
041556 850
041564 210
041572 17
041580 110
041588 525
041596 598
041604 672
041612 142
041620 979
041628 293
041636 211
041644 786
041652 526
041660 936
041668 287
041676 156
041684 404
041692 874
041700 600
041708 457
041716 319
041724 570
040966 666
040974 784
040982 137
040990 553
040998 495
041006 28
041014 95
041022 893
041030 630
041038 189
041046 494
041054 510
041062 747
041070 175
041078 891
041086 522
041094 472
041102 370
041110 573
041118 3
041126 840
041134 400
041142 654
041150 377
041158 60
041166 618
041174 668
041182 256
041190 121
041198 971
041206 135
041214 797
040194 912
040202 298
040210 369
040218 118
040226 370
040234 2
040242 554
040250 51
040258 754
040266 30
040274 727
040282 476
040290 290
040298 573
040306 410
040314 689
040322 702
040330 673
040338 736
040346 611
040354 88
040362 487
040370 790
040378 424
040386 392
040394 902
040402 420
040410 592
040418 371
040426 544
040434 430
040442 857
040451 469
040459 914
040467 989
040475 114
040483 332
040491 763
040499 157
040507 978
040515 931
040523 36
040531 163
040539 335
040547 232
040555 589
040563 929
040571 506
040579 410
040587 252
040595 140
040603 74
040611 29
040619 730
040627 861
040635 575
040643 544
040651 532
040659 663
040667 766
040675 985
040683 744
040691 506
040699 197
041733 589
041741 938
041749 987
041757 366
041765 893
041773 856
041781 774
041789 890
041797 561
041805 160
041813 207
041821 106
041829 400
041837 105
041845 643
041853 156
041861 494
041869 695
041877 194
041885 434
041893 801
041901 217
041909 657
041917 866
041925 388
041933 580
041941 632
041949 40
041957 750
041965 410
041973 204
041981 669
039680 896
039688 528
039696 872
039704 12
039712 237
039720 238
039728 673
039736 114
039744 535
039752 504
039760 165
039768 665
039776 868
039784 498
039792 564
039800 444
039808 739
039816 539
039824 490
039832 378
039840 238
039848 18
039856 233
039864 950
039872 335
039880 698
039888 499
039896 364
039904 790
039912 754
039920 330
039928 385
040449 343
040457 237
040465 496
040473 469
040481 296
040489 421
040497 323
040505 892
040513 761
040521 312
040529 954
040537 41
040545 193
040553 192
040561 434
040569 368
040577 997
040585 150
040593 654
040601 72
040609 588
040617 291
040625 10
040633 52
040641 484
040649 348
040657 443
040665 166
040673 695
040681 493
040689 163
040697 838
041732 202
041740 61
041748 210
041756 698
041764 337
041772 980
041780 48
041788 476
041796 634
041804 964
041812 825
041820 438
041828 955
041836 966
041844 11
041852 866
041860 789
041868 532
041876 701
041884 766
041892 28
041900 315
041908 984
041916 577
041924 474
041932 983
041940 327
041948 720
041956 364
041964 165
041972 295
041980 70
040967 697
040975 867
040983 76
040991 811
040999 271
041007 661
041015 535
041023 887
041031 16
041039 739
041047 860
041055 480
041063 14
041071 738
041079 829
041087 870
041095 95
041103 338
041111 725
041119 780
041127 968
041135 344
041143 742
041151 302
041159 294
041167 896
041175 724
041183 507
041191 391
041199 193
041207 364
041215 818
041222 42
041230 77
041238 866
041246 363
041254 881
041262 394
041270 511
041278 621
041286 588
041294 72
041302 198
041310 341
041318 603
041326 17
041334 168
041342 912
041350 218
041358 195
041366 353
041374 741
041382 791
041390 638
041398 876
041406 507
041414 574
041422 958
041430 977
041438 52
041446 260
041454 199
041462 760
041470 995
040450 687
040458 769
040466 276
040474 976
040482 446
040490 879
040498 169
040506 733
040514 204
040522 875
040530 962
040538 689
040546 110
040554 268
040562 417
040570 787
040578 5
040586 606
040594 302
040602 893
040610 186
040618 308
040626 858
040634 698
040642 767
040650 852
040658 671
040666 667
040674 66
040682 541
040690 900
040698 528
040707 837
040715 953
040723 908
040731 32
040739 620
040747 235
040755 677
040763 84
040771 9
040779 807
040787 371
040795 452
040803 333
040811 74
040819 830
040827 764
040835 601
040843 504
040851 226
040859 472
040867 170
040875 11
040883 726
040891 989
040899 59
040907 692
040915 916
040923 221
040931 54
040939 272
040947 670
040955 408
041989 529
041997 961
042005 949
042013 727
042021 180
042029 928
042037 238
042045 940
042053 28
042061 650
042069 550
042077 629
042085 732
042093 162
042101 297
042109 180
042117 354
042125 773
042133 13
042141 684
042149 971
042157 747
042165 339
042173 670
042181 286
042189 677
042197 268
042205 275
042213 304
042221 311
042229 116
042237 308
039936 704
039944 172
039952 1
039960 243
039968 22
039976 280
039984 696
039992 880
040000 658
040008 212
040016 441
040024 354
040032 306
040040 761
040048 747
040056 536
040064 338
040072 897
040080 550
040088 744
040096 860
040104 849
040112 927
040120 636
040128 484
040136 109
040144 809
040152 41
040160 283
040168 782
040176 796
040184 266
040705 596
040713 169
040721 857
040729 497
040737 985
040745 313
040753 685
040761 247
040769 785
040777 494
040785 143
040793 444
040801 46
040809 119
040817 224
040825 803
040833 285
040841 903
040849 89
040857 359
040865 165
040873 158
040881 410
040889 707
040897 666
040905 26
040913 880
040921 933
040929 968
040937 176
040945 567
040953 426
041988 525
041996 812
042004 49
042012 977
042020 946
042028 592
042036 262
042044 19
042052 477
042060 540
042068 625
042076 427
042084 222
042092 815
042100 658
042108 892
042116 895
042124 3
042132 358
042140 171
042148 628
042156 365
042164 219
042172 710
042180 724
042188 429
042196 323
042204 318
042212 835
042220 369
042228 335
042236 384
041223 737
041231 48
041239 20
041247 827
041255 602
041263 295
041271 849
041279 104
041287 511
041295 135
041303 938
041311 357
041319 975
041327 715
041335 2
041343 754
041351 505
041359 686
041367 184
041375 978
041383 650
041391 632
041399 260
041407 85
041415 260
041423 357
041431 731
041439 644
041447 321
041455 979
041463 218
041471 97
041478 993
041486 923
041494 97
041502 557
041510 313
041518 292
041526 753
041534 111
041542 422
041550 635
041558 931
041566 653
041574 607
041582 395
041590 138
041598 759
041606 11
041614 508
041622 494
041630 421
041638 817
041646 492
041654 295
041662 909
041670 717
041678 154
041686 789
041694 542
041702 559
041710 666
041718 745
041726 228
040706 595
040714 45
040722 219
040730 784
040738 373
040746 846
040754 408
040762 549
040770 745
040778 741
040786 89
040794 106
040802 552
040810 135
040818 383
040826 114
040834 401
040842 494
040850 72
040858 880
040866 496
040874 530
040882 227
040890 742
040898 922
040906 646
040914 213
040922 234
040930 707
040938 916
040946 238
040954 474
040963 862
040971 955
040979 561
040987 86
040995 373
041003 604
041011 864
041019 443
041027 275
041035 649
041043 211
041051 613
041059 37
041067 387
041075 783
041083 293
041091 885
041099 474
041107 812
041115 797
041123 776
041131 771
041139 197
041147 731
041155 684
041163 801
041171 199
041179 254
041187 602
041195 690
041203 976
041211 707
042245 321
042253 279
042261 680
042269 861
042277 246
042285 654
042293 425
042301 549
042309 864
042317 59
042325 244
042333 795
042341 661
042349 470
042357 994
042365 2
042373 37
042381 583
042389 986
042397 326
042405 306
042413 638
042421 614
042429 521
042437 954
042445 781
042453 669
042461 968
042469 656
042477 961
042485 913
042493 875
040192 450
040200 596
040208 341
040216 83
040224 770
040232 385
040240 947
040248 989
040256 957
040264 259
040272 747
040280 19
040288 471
040296 880
040304 243
040312 386
040320 3
040328 733
040336 271
040344 904
040352 284
040360 129
040368 180
040376 658
040384 45
040392 377
040400 244
040408 633
040416 617
040424 556
040432 440
040440 465
042244 54
042252 641
042260 830
042268 970
042276 642
042284 824
042292 216
042300 665
042308 681
042316 702
042324 82
042332 505
042340 272
042348 392
042356 799
042364 843
042372 162
042380 764
042388 116
042396 220
042404 381
042412 85
042420 247
042428 819
042436 244
042444 965
042452 470
042460 547
042468 169
042476 52
042484 135
042492 693
040961 642
040969 756
040977 539
040985 104
040993 945
041001 453
041009 238
041017 709
041025 854
041033 296
041041 393
041049 1
041057 648
041065 233
041073 276
041081 115
041089 904
041097 796
041105 395
041113 916
041121 494
041129 783
041137 918
041145 317
041153 100
041161 420
041169 149
041177 163
041185 48
041193 435
041201 224
041209 670
041479 787
041487 415
041495 748
041503 464
041511 260
041519 156
041527 441
041535 15
041543 570
041551 194
041559 363
041567 188
041575 53
041583 42
041591 758
041599 901
041607 21
041615 372
041623 535
041631 457
041639 655
041647 420
041655 867
041663 711
041671 56
041679 710
041687 320
041695 615
041703 715
041711 698
041719 487
041727 781
041734 590
041742 97
041750 526
041758 847
041766 61
041774 116
041782 567
041790 343
041798 154
041806 530
041814 562
041822 415
041830 504
041838 866
041846 661
041854 871
041862 943
041870 285
041878 803
041886 197
041894 186
041902 217
041910 612
041918 775
041926 523
041934 540
041942 770
041950 910
041958 56
041966 988
041974 301
041982 794
040962 528
040970 522
040978 128
040986 440
040994 740
041002 663
041010 377
041018 14
041026 384
041034 662
041042 371
041050 935
041058 976
041066 107
041074 650
041082 338
041090 729
041098 218
041106 963
041114 407
041122 941
041130 511
041138 842
041146 396
041154 580
041162 789
041170 526
041178 874
041186 882
041194 39
041202 123
041210 635
042501 231
042509 979
042517 993
042525 9
042533 158
042541 21
042549 555
042557 68
042565 416
042573 962
042581 399
042589 825
042597 394
042605 406
042613 12
042621 257
042629 844
042637 964
042645 719
042653 698
042661 63
042669 859
042677 866
042685 928
042693 74
042701 86
042709 821
042717 669
042725 584
042733 616
042741 999
042749 223
041219 113
041227 209
041235 872
041243 685
041251 574
041259 370
041267 687
041275 599
041283 901
041291 227
041299 688
041307 559
041315 687
041323 150
041331 70
041339 956
041347 932
041355 755
041363 851
041371 707
041379 231
041387 793
041395 226
041403 957
041411 579
041419 365
041427 562
041435 665
041443 201
041451 532
041459 972
041467 548
040448 420
040456 785
040464 796
040472 417
040480 77
040488 520
040496 904
040504 289
040512 254
040520 399
040528 977
040536 643
040544 578
040552 857
040560 177
040568 978
040576 422
040584 54
040592 253
040600 969
040608 47
040616 269
040624 32
040632 495
040640 805
040648 602
040656 437
040664 919
040672 784
040680 69
040688 280
040696 365
042500 593
042508 475
042516 19
042524 811
042532 875
042540 689
042548 226
042556 421
042564 71
042572 787
042580 558
042588 560
042596 767
042604 168
042612 198
042620 650
042628 222
042636 561
042644 372
042652 347
042660 545
042668 102
042676 539
042684 231
042692 944
042700 704
042708 477
042716 512
042724 22
042732 766
042740 741
042748 611
041217 847
041225 745
041233 522
041241 254
041249 576
041257 585
041265 542
041273 386
041281 984
041289 730
041297 909
041305 505
041313 873
041321 845
041329 990
041337 742
041345 776
041353 641
041361 115
041369 117
041377 502
041385 149
041393 396
041401 730
041409 200
041417 455
041425 508
041433 580
041441 562
041449 592
041457 530
041465 29
041735 75
041743 718
041751 231
041759 688
041767 10
041775 200
041783 425
041791 977
041799 874
041807 741
041815 845
041823 741
041831 820
041839 399
041847 368
041855 214
041863 332
041871 244
041879 851
041887 299
041895 176
041903 195
041911 698
041919 528
041927 307
041935 323
041943 856
041951 621
041959 295
041967 182
041975 892
041983 925
041990 823
041998 8
042006 735
042014 150
042022 537
042030 960
042038 909
042046 907
042054 251
042062 336
042070 35
042078 437
042086 910
042094 154
042102 835
042110 150
042118 656
042126 161
042134 73
042142 963
042150 450
042158 693
042166 221
042174 338
042182 516
042190 286
042198 568
042206 960
042214 244
042222 447
042230 199
042238 72
041218 840
041226 163
041234 313
041242 255
041250 466
041258 937
041266 818
041274 180
041282 509
041290 83
041298 670
041306 980
041314 208
041322 889
041330 565
041338 356
041346 424
041354 12
041362 492
041370 443
041378 580
041386 46
041394 459
041402 709
041410 472
041418 756
041426 374
041434 693
041442 930
041450 741
041458 321
041466 239
042757 444
042765 476
042773 113
042781 918
042789 712
042797 948
042805 786
042813 81
042821 80
042829 202
042837 967
042845 435
042853 86
042861 209
042869 518
042877 80
042885 279
042893 431
042901 373
042909 915
042917 821
042925 306
042933 818
042941 701
042949 90
042957 821
042965 391
042973 234
042981 797
042989 305
042997 140
043005 816
041475 792
041483 731
041491 759
041499 237
041507 449
041515 302
041523 223
041531 66
041539 300
041547 451
041555 128
041563 145
041571 28
041579 877
041587 918
041595 950
041603 953
041611 487
041619 125
041627 362
041635 259
041643 703
041651 282
041659 103
041667 811
041675 808
041683 551
041691 651
041699 910
041707 131
041715 843
041723 390
040704 383
040712 672
040720 890
040728 547
040736 2
040744 433
040752 500
040760 358
040768 319
040776 414
040784 45
040792 851
040800 856
040808 74
040816 59
040824 463
040832 500
040840 800
040848 653
040856 988
040864 477
040872 982
040880 231
040888 21
040896 553
040904 694
040912 870
040920 175
040928 156
040936 408
040944 188
040952 923
042756 219
042764 591
042772 600
042780 587
042788 485
042796 258
042804 612
042812 90
042820 380
042828 165
042836 600
042844 496
042852 852
042860 117
042868 578
042876 127
042884 981
042892 334
042900 126
042908 667
042916 822
042924 525
042932 85
042940 323
042948 710
042956 496
042964 291
042972 616
042980 381
042988 899
042996 260
043004 526
041473 519
041481 423
041489 275
041497 216
041505 136
041513 185
041521 98
041529 738
041537 800
041545 626
041553 241
041561 974
041569 766
041577 635
041585 579
041593 796
041601 573
041609 161
041617 629
041625 650
041633 607
041641 975
041649 859
041657 830
041665 947
041673 510
041681 14
041689 319
041697 712
041705 41
041713 785
041721 411
041991 452
041999 290
042007 654
042015 157
042023 795
042031 523
042039 190
042047 966
042055 597
042063 725
042071 877
042079 63
042087 783
042095 83
042103 498
042111 215
042119 202
042127 478
042135 202
042143 162
042151 658
042159 28
042167 877
042175 811
042183 299
042191 713
042199 97
042207 580
042215 266
042223 364
042231 176
042239 791
042246 954
042254 937
042262 423
042270 113
042278 551
042286 189
042294 263
042302 934
042310 888
042318 306
042326 6
042334 792
042342 77
042350 966
042358 624
042366 534
042374 924
042382 888
042390 627
042398 683
042406 511
042414 27
042422 427
042430 3
042438 376
042446 89
042454 630
042462 3
042470 658
042478 229
042486 636
042494 34
043013 824
043021 191
043029 847
043037 501
043045 743
043053 386
043061 48
043069 614
043077 769
043085 991
043093 685
043101 748
043109 495
043117 700
043125 86
043133 578
043141 687
043149 650
043157 332
043165 564
043173 660
043181 351
043189 189
043197 736
043205 820
043213 257
043221 675
043229 431
043237 82
043245 177
043253 432
043261 53
041474 137
041482 637
041490 263
041498 979
041506 755
041514 118
041522 950
041530 278
041538 254
041546 136
041554 304
041562 798
041570 947
041578 606
041586 244
041594 112
041602 22
041610 252
041618 955
041626 284
041634 14
041642 88
041650 358
041658 420
041666 643
041674 420
041682 306
041690 909
041698 704
041706 370
041714 918
041722 689
041731 873
041739 438
041747 448
041755 830
041763 40
041771 705
041779 566
041787 872
041795 818
041803 612
041811 421
041819 5
041827 833
041835 249
041843 262
041851 507
041859 272
041867 206
041875 270
041883 853
041891 504
041899 888
041907 115
041915 194
041923 544
041931 414
041939 721
041947 334
041955 29
041963 619
041971 398
041979 849
040960 545
040968 517
040976 382
040984 329
040992 24
041000 280
041008 934
041016 836
041024 275
041032 683
041040 319
041048 965
041056 326
041064 700
041072 120
041080 238
041088 914
041096 500
041104 117
041112 161
041120 32
041128 472
041136 6
041144 272
041152 102
041160 435
041168 487
041176 495
041184 8
041192 134
041200 375
041208 829
043012 186
043020 734
043028 384
043036 78
043044 81
043052 356
043060 882
043068 65
043076 869
043084 533
043092 859
043100 415
043108 175
043116 194
043124 505
043132 576
043140 369
043148 640
043156 673
043164 911
043172 597
043180 614
043188 242
043196 856
043204 683
043212 265
043220 326
043228 594
043236 141
043244 629
043252 296
043260 761
041729 194
041737 859
041745 679
041753 332
041761 348
041769 143
041777 904
041785 85
041793 583
041801 461
041809 886
041817 291
041825 502
041833 938
041841 163
041849 672
041857 693
041865 775
041873 548
041881 471
041889 742
041897 952
041905 349
041913 508
041921 112
041929 812
041937 1
041945 190
041953 359
041961 13
041969 202
041977 118
042247 729
042255 893
042263 382
042271 835
042279 743
042287 525
042295 220
042303 707
042311 271
042319 956
042327 145
042335 785
042343 790
042351 199
042359 846
042367 587
042375 787
042383 406
042391 52
042399 854
042407 677
042415 182
042423 263
042431 600
042439 587
042447 645
042455 402
042463 977
042471 880
042479 340
042487 832
042495 658
042502 364
042510 588
042518 987
042526 408
042534 153
042542 560
042550 65
042558 661
042566 655
042574 541
042582 810
042590 608
042598 970
042606 968
042614 600
042622 5
042630 872
042638 327
042646 516
042654 707
042662 22
042670 612
042678 281
042686 150
042694 644
042702 383
042710 501
042718 445
042726 946
042734 895
042742 468
042750 753
043269 500
043277 23
043285 925
043293 609
043301 537
043309 104
043317 731
043325 212
043333 815
043341 219
043349 504
043357 893
043365 144
043373 18
043381 922
043389 584
043397 569
043405 570
043413 753
043421 922
043429 476
043437 455
043445 163
043453 411
043461 821
043469 989
043477 264
043485 336
043493 723
043501 677
043509 555
043517 150
041730 519
041738 206
041746 781
041754 836
041762 597
041770 73
041778 8
041786 134
041794 64
041802 179
041810 821
041818 875
041826 497
041834 581
041842 367
041850 482
041858 442
041866 816
041874 451
041882 961
041890 979
041898 520
041906 492
041914 464
041922 202
041930 802
041938 907
041946 537
041954 624
041962 725
041970 856
041978 469
041987 420
041995 401
042003 22
042011 608
042019 940
042027 84
042035 874
042043 599
042051 3
042059 512
042067 368
042075 985
042083 555
042091 421
042099 606
042107 799
042115 362
042123 957
042131 186
042139 610
042147 895
042155 257
042163 545
042171 884
042179 861
042187 22
042195 771
042203 334
042211 390
042219 895
042227 316
042235 965
041216 969
041224 393
041232 946
041240 761
041248 260
041256 679
041264 756
041272 215
041280 335
041288 476
041296 382
041304 491
041312 419
041320 118
041328 679
041336 106
041344 196
041352 638
041360 325
041368 416
041376 202
041384 707
041392 818
041400 977
041408 259
041416 923
041424 59
041432 719
041440 712
041448 941
041456 404
041464 907
043268 234
043276 903
043284 801
043292 425
043300 57
043308 216
043316 321
043324 995
043332 676
043340 788
043348 296
043356 696
043364 73
043372 205
043380 962
043388 864
043396 448
043404 767
043412 507
043420 469
043428 769
043436 875
043444 657
043452 11
043460 537
043468 246
043476 349
043484 560
043492 452
043500 268
043508 657
043516 395
041985 84
041993 710
042001 142
042009 148
042017 404
042025 26
042033 670
042041 830
042049 804
042057 51
042065 326
042073 889
042081 50
042089 802
042097 963
042105 512
042113 831
042121 394
042129 527
042137 741
042145 518
042153 966
042161 883
042169 10
042177 242
042185 554
042193 122
042201 280
042209 938
042217 936
042225 702
042233 593
042503 937
042511 878
042519 223
042527 749
042535 19
042543 941
042551 836
042559 50
042567 334
042575 886
042583 160
042591 429
042599 605
042607 549
042615 229
042623 330
042631 865
042639 356
042647 388
042655 7
042663 48
042671 955
042679 422
042687 947
042695 559
042703 219
042711 252
042719 492
042727 685
042735 709
042743 453
042751 240
042758 991
042766 891
042774 159
042782 647
042790 469
042798 790
042806 120
042814 994
042822 856
042830 60
042838 840
042846 334
042854 690
042862 626
042870 584
042878 131
042886 286
042894 240
042902 240
042910 9
042918 574
042926 847
042934 788
042942 743
042950 695
042958 681
042966 361
042974 75
042982 990
042990 148
042998 317
043006 934
043525 778
043533 195
043541 659
043549 854
043557 863
043565 640
043573 772
043581 342
043589 657
043597 979
043605 890
043613 900
043621 522
043629 827
043637 193
043645 786
043653 45
043661 832
043669 620
043677 271
043685 403
043693 431
043701 601
043709 107
043717 641
043725 822
043733 536
043741 189
043749 428
043757 582
043765 352
043773 276
041986 545
041994 5
042002 491
042010 111
042018 912
042026 297
042034 284
042042 950
042050 954
042058 241
042066 287
042074 505
042082 662
042090 369
042098 246
042106 330
042114 90
042122 463
042130 533
042138 678
042146 276
042154 135
042162 616
042170 857
042178 363
042186 335
042194 926
042202 293
042210 52
042218 259
042226 760
042234 221
042243 130
042251 264
042259 544
042267 821
042275 89
042283 595
042291 230
042299 682
042307 368
042315 541
042323 455
042331 761
042339 520
042347 556
042355 780
042363 247
042371 409
042379 894
042387 976
042395 298
042403 981
042411 801
042419 881
042427 882
042435 65
042443 80
042451 392
042459 295
042467 542
042475 603
042483 254
042491 620
041472 390
041480 729
041488 1
041496 678
041504 227
041512 745
041520 316
041528 534
041536 945
041544 654
041552 882
041560 130
041568 600
041576 508
041584 347
041592 41
041600 855
041608 250
041616 107
041624 771
041632 431
041640 177
041648 569
041656 852
041664 306
041672 215
041680 949
041688 839
041696 374
041704 923
041712 426
041720 474
043524 735
043532 985
043540 734
043548 740
043556 181
043564 248
043572 415
043580 341
043588 939
043596 339
043604 155
043612 744
043620 926
043628 423
043636 778
043644 827
043652 168
043660 616
043668 211
043676 944
043684 498
043692 206
043700 691
043708 328
043716 526
043724 215
043732 133
043740 197
043748 609
043756 489
043764 129
043772 601
042241 678
042249 828
042257 870
042265 987
042273 750
042281 685
042289 822
042297 13
042305 979
042313 709
042321 892
042329 997
042337 509
042345 825
042353 792
042361 485
042369 726
042377 269
042385 966
042393 145
042401 440
042409 196
042417 681
042425 661
042433 337
042441 846
042449 633
042457 147
042465 910
042473 304
042481 841
042489 543
042759 684
042767 441
042775 287
042783 95
042791 157
042799 313
042807 962
042815 138
042823 190
042831 822
042839 530
042847 817
042855 71
042863 92
042871 559
042879 69
042887 883
042895 832
042903 729
042911 898
042919 323
042927 157
042935 778
042943 102
042951 662
042959 276
042967 772
042975 503
042983 529
042991 818
042999 86
043007 114
043014 974
043022 437
043030 383
043038 940
043046 810
043054 769
043062 22
043070 781
043078 594
043086 525
043094 242
043102 674
043110 115
043118 469
043126 961
043134 474
043142 310
043150 853
043158 488
043166 75
043174 10
043182 446
043190 672
043198 738
043206 728
043214 105
043222 802
043230 305
043238 959
043246 758
043254 743
043262 809
043781 200
043789 36
043797 323
043805 901
043813 690
043821 387
043829 177
043837 192
043845 598
043853 856
043861 837
043869 602
043877 702
043885 664
043893 314
043901 311
043909 836
043917 184
043925 806
043933 192
043941 266
043949 278
043957 183
043965 990
043973 157
043981 672
043989 755
043997 495
044005 528
044013 483
044021 582
044029 740
042242 819
042250 786
042258 695
042266 743
042274 197
042282 752
042290 385
042298 861
042306 180
042314 225
042322 566
042330 422
042338 770
042346 896
042354 434
042362 126
042370 51
042378 552
042386 280
042394 232
042402 887
042410 917
042418 181
042426 200
042434 162
042442 795
042450 297
042458 56
042466 288
042474 453
042482 510
042490 156
042499 409
042507 169
042515 6
042523 557
042531 364
042539 155
042547 290
042555 602
042563 165
042571 380
042579 408
042587 248
042595 163
042603 933
042611 562
042619 403
042627 33
042635 132
042643 806
042651 195
042659 574
042667 255
042675 535
042683 465
042691 942
042699 201
042707 116
042715 711
042723 166
042731 155
042739 59
042747 931
041728 961
041736 284
041744 214
041752 693
041760 321
041768 957
041776 308
041784 117
041792 898
041800 318
041808 3
041816 42
041824 940
041832 671
041840 489
041848 417
041856 796
041864 267
041872 805
041880 393
041888 765
041896 219
041904 517
041912 68
041920 250
041928 437
041936 473
041944 860
041952 725
041960 729
041968 735
041976 535
043780 669
043788 675
043796 879
043804 90
043812 35
043820 283
043828 43
043836 420
043844 638
043852 655
043860 625
043868 324
043876 177
043884 721
043892 372
043900 45
043908 460
043916 676
043924 878
043932 68
043940 405
043948 291
043956 365
043964 968
043972 910
043980 322
043988 277
043996 391
044004 224
044012 189
044020 765
044028 115
042497 182
042505 232
042513 375
042521 631
042529 573
042537 340
042545 605
042553 795
042561 894
042569 179
042577 913
042585 830
042593 685
042601 280
042609 927
042617 645
042625 593
042633 144
042641 481
042649 127
042657 720
042665 21
042673 755
042681 847
042689 495
042697 598
042705 306
042713 950
042721 239
042729 377
042737 621
042745 194
043015 541
043023 325
043031 646
043039 766
043047 841
043055 85
043063 344
043071 971
043079 141
043087 596
043095 206
043103 346
043111 168
043119 365
043127 488
043135 517
043143 380
043151 325
043159 886
043167 102
043175 597
043183 665
043191 929
043199 655
043207 95
043215 453
043223 822
043231 209
043239 820
043247 484
043255 726
043263 308
043270 0
043278 217
043286 841
043294 251
043302 638
043310 585
043318 349
043326 308
043334 56
043342 453
043350 488
043358 730
043366 834
043374 692
043382 471
043390 520
043398 752
043406 724
043414 623
043422 94
043430 504
043438 173
043446 963
043454 812
043462 593
043470 145
043478 264
043486 329
043494 717
043502 308
043510 38
043518 632
044037 523
044045 618
044053 204
044061 390
044069 120
044077 510
044085 7
044093 324
044101 779
044109 63
044117 281
044125 416
044133 351
044141 740
044149 184
044157 505
044165 97
044173 144
044181 51
044189 988
044197 77
044205 349
044213 996
044221 363
044229 455
044237 571
044245 522
044253 691
044261 576
044269 865
044277 600
044285 397
042498 681
042506 314
042514 233
042522 380
042530 910
042538 599
042546 269
042554 371
042562 38
042570 723
042578 379
042586 456
042594 389
042602 84
042610 145
042618 348
042626 607
042634 983
042642 965
042650 407
042658 98
042666 84
042674 246
042682 994
042690 732
042698 569
042706 370
042714 230
042722 182
042730 628
042738 445
042746 429
042755 248
042763 510
042771 998
042779 485
042787 440
042795 135
042803 3
042811 838
042819 808
042827 84
042835 96
042843 761
042851 890
042859 529
042867 60
042875 354
042883 834
042891 340
042899 543
042907 791
042915 395
042923 727
042931 439
042939 843
042947 527
042955 879
042963 324
042971 40
042979 316
042987 284
042995 313
043003 374
041984 372
041992 687
042000 463
042008 494
042016 696
042024 963
042032 83
042040 635
042048 519
042056 97
042064 907
042072 811
042080 235
042088 322
042096 39
042104 202
042112 818
042120 760
042128 763
042136 602
042144 758
042152 229
042160 363
042168 114
042176 412
042184 225
042192 105
042200 881
042208 821
042216 290
042224 306
042232 493
044036 854
044044 400
044052 15
044060 259
044068 554
044076 361
044084 41
044092 396
044100 792
044108 230
044116 793
044124 56
044132 346
044140 794
044148 91
044156 243
044164 126
044172 278
044180 297
044188 976
044196 427
044204 578
044212 389
044220 229
044228 849
044236 193
044244 644
044252 48
044260 748
044268 611
044276 219
044284 631
042753 927
042761 613
042769 888
042777 443
042785 876
042793 281
042801 296
042809 178
042817 910
042825 391
042833 672
042841 389
042849 834
042857 516
042865 888
042873 644
042881 903
042889 236
042897 898
042905 461
042913 217
042921 42
042929 276
042937 981
042945 613
042953 358
042961 941
042969 417
042977 292
042985 57
042993 336
043001 138
043271 496
043279 417
043287 935
043295 773
043303 85
043311 932
043319 542
043327 917
043335 847
043343 365
043351 637
043359 94
043367 51
043375 727
043383 607
043391 966
043399 120
043407 248
043415 344
043423 975
043431 677
043439 300
043447 828
043455 270
043463 964
043471 567
043479 251
043487 315
043495 194
043503 255
043511 237
043519 150
043526 584
043534 10
043542 815
043550 561
043558 118
043566 76
043574 527
043582 904
043590 730
043598 326
043606 31
043614 955
043622 118
043630 858
043638 323
043646 681
043654 630
043662 709
043670 72
043678 782
043686 436
043694 568
043702 566
043710 517
043718 8
043726 657
043734 934
043742 883
043750 82
043758 662
043766 154
043774 720
044293 390
044301 865
044309 755
044317 653
044325 616
044333 505
044341 834
044349 453
044357 872
044365 819
044373 116
044381 20
044389 366
044397 656
044405 342
044413 301
044421 679
044429 81
044437 253
044445 296
044453 907
044461 108
044469 2
044477 903
044485 161
044493 971
044501 334
044509 860
044517 337
044525 877
044533 501
044541 370
042754 510
042762 119
042770 625
042778 174
042786 392
042794 88
042802 172
042810 683
042818 241
042826 357
042834 353
042842 654
042850 723
042858 425
042866 71
042874 484
042882 148
042890 956
042898 999
042906 251
042914 230
042922 369
042930 36
042938 457
042946 537
042954 4
042962 161
042970 436
042978 482
042986 517
042994 389
043002 827
043011 847
043019 293
043027 578
043035 316
043043 681
043051 458
043059 650
043067 575
043075 937
043083 327
043091 51
043099 733
043107 988
043115 550
043123 934
043131 348
043139 668
043147 609
043155 299
043163 538
043171 97
043179 977
043187 310
043195 539
043203 905
043211 849
043219 52
043227 887
043235 156
043243 163
043251 553
043259 265
044292 484
044300 271
044308 514
044316 426
044324 51
044332 638
044340 0
044348 499
044356 47
044364 347
044372 1
044380 573
044388 407
044396 692
044404 200
044412 997
044420 353
044428 748
044436 658
044444 691
044452 960
044460 566
044468 758
044476 699
044484 53
044492 716
044500 270
044508 659
044516 286
044524 451
044532 666
044540 437
042240 703
042248 932
042256 594
042264 639
042272 982
042280 370
042288 810
042296 461
042304 637
042312 910
042320 540
042328 949
042336 70
042344 589
042352 902
042360 154
042368 200
042376 652
042384 122
042392 596
042400 980
042408 230
042416 738
042424 436
042432 363
042440 875
042448 332
042456 958
042464 239
042472 459
042480 122
042488 948
043009 593
043017 473
043025 656
043033 428
043041 780
043049 448
043057 139
043065 217
043073 161
043081 82
043089 348
043097 671
043105 89
043113 151
043121 620
043129 844
043137 371
043145 375
043153 973
043161 143
043169 664
043177 803
043185 335
043193 877
043201 533
043209 64
043217 108
043225 423
043233 792
043241 965
043249 825
043257 324
043527 397
043535 31
043543 8
043551 121
043559 376
043567 271
043575 791
043583 862
043591 599
043599 503
043607 569
043615 89
043623 788
043631 399
043639 722
043647 549
043655 293
043663 81
043671 452
043679 655
043687 782
043695 129
043703 657
043711 405
043719 158
043727 947
043735 654
043743 39
043751 174
043759 289
043767 478
043775 410
043782 970
043790 341
043798 717
043806 50
043814 153
043822 547
043830 662
043838 966
043846 548
043854 953
043862 292
043870 556
043878 212
043886 520
043894 462
043902 94
043910 559
043918 828
043926 333
043934 490
043942 277
043950 867
043958 725
043966 632
043974 62
043982 162
043990 234
043998 700
044006 328
044014 113
044022 573
044030 426
044549 443
044557 683
044565 382
044573 786
044581 890
044589 980
044597 662
044605 2
044613 441
044621 825
044629 507
044637 459
044645 922
044653 422
044661 935
044669 936
044677 326
044685 179
044693 483
044701 134
044709 608
044717 863
044725 601
044733 920
044741 906
044749 912
044757 155
044765 571
044773 454
044781 763
044789 679
044797 373
043010 475
043018 243
043026 623
043034 133
043042 133
043050 535
043058 320
043066 96
043074 504
043082 786
043090 267
043098 277
043106 337
043114 0
043122 743
043130 973
043138 828
043146 788
043154 962
043162 285
043170 869
043178 581
043186 685
043194 5
043202 459
043210 444
043218 191
043226 362
043234 546
043242 92
043250 874
043258 327
043267 755
043275 419
043283 734
043291 529
043299 224
043307 715
043315 180
043323 40
043331 163
043339 798
043347 224
043355 868
043363 925
043371 467
043379 364
043387 395
043395 885
043403 984
043411 771
043419 412
043427 834
043435 518
043443 540
043451 93
043459 678
043467 276
043475 860
043483 781
043491 318
043499 407
043507 902
043515 356
044548 122
044556 41
044564 472
044572 27
044580 322
044588 428
044596 989
044604 438
044612 306
044620 371
044628 595
044636 516
044644 35
044652 435
044660 955
044668 927
044676 963
044684 994
044692 922
044700 369
044708 350
044716 224
044724 706
044732 704
044740 534
044748 321
044756 892
044764 18
044772 100
044780 167
044788 644
044796 385
042496 82
042504 150
042512 20
042520 89
042528 502
042536 406
042544 943
042552 515
042560 592
042568 48
042576 585
042584 188
042592 502
042600 227
042608 866
042616 118
042624 843
042632 876
042640 86
042648 122
042656 596
042664 74
042672 212
042680 788
042688 468
042696 866
042704 642
042712 824
042720 973
042728 365
042736 825
042744 411
043265 680
043273 648
043281 596
043289 840
043297 22
043305 276
043313 911
043321 423
043329 804
043337 571
043345 907
043353 952
043361 435
043369 639
043377 109
043385 934
043393 607
043401 73
043409 228
043417 757
043425 255
043433 219
043441 732
043449 33
043457 848
043465 614
043473 490
043481 527
043489 145
043497 44
043505 707
043513 881
043783 654
043791 740
043799 939
043807 623
043815 429
043823 614
043831 854
043839 222
043847 471
043855 608
043863 380
043871 535
043879 734
043887 955
043895 402
043903 523
043911 377
043919 770
043927 883
043935 800
043943 500
043951 215
043959 642
043967 357
043975 775
043983 130
043991 416
043999 619
044007 762
044015 492
044023 56
044031 113
044038 665
044046 283
044054 148
044062 460
044070 722
044078 444
044086 858
044094 265
044102 117
044110 394
044118 30
044126 886
044134 618
044142 385
044150 811
044158 366
044166 16
044174 142
044182 776
044190 858
044198 816
044206 775
044214 238
044222 308
044230 833
044238 881
044246 88
044254 890
044262 565
044270 506
044278 863
044286 669
044805 840
044813 886
044821 2
044829 940
044837 588
044845 250
044853 828
044861 906
044869 704
044877 52
044885 10
044893 556
044901 371
044909 453
044917 199
044925 256
044933 846
044941 685
044949 372
044957 128
044965 13
044973 556
044981 35
044989 18
044997 336
045005 843
045013 28
045021 63
045029 78
045037 158
045045 687
045053 324
043266 298
043274 411
043282 836
043290 339
043298 33
043306 27
043314 289
043322 258
043330 258
043338 137
043346 852
043354 701
043362 110
043370 380
043378 92
043386 760
043394 357
043402 369
043410 356
043418 451
043426 970
043434 773
043442 464
043450 886
043458 494
043466 198
043474 101
043482 816
043490 934
043498 446
043506 371
043514 318
043523 576
043531 498
043539 948
043547 387
043555 945
043563 529
043571 66
043579 654
043587 482
043595 122
043603 684
043611 927
043619 604
043627 456
043635 2
043643 700
043651 633
043659 472
043667 159
043675 828
043683 894
043691 527
043699 620
043707 314
043715 406
043723 930
043731 687
043739 30
043747 864
043755 708
043763 972
043771 932
044804 247
044812 554
044820 514
044828 197
044836 894
044844 558
044852 143
044860 951
044868 372
044876 295
044884 323
044892 839
044900 778
044908 597
044916 137
044924 721
044932 876
044940 881
044948 393
044956 875
044964 530
044972 443
044980 715
044988 808
044996 475
045004 62
045012 635
045020 240
045028 149
045036 229
045044 690
045052 680
042752 60
042760 569
042768 443
042776 24
042784 995
042792 770
042800 514
042808 593
042816 641
042824 226
042832 990
042840 205
042848 385
042856 177
042864 14
042872 503
042880 814
042888 446
042896 166
042904 487
042912 557
042920 931
042928 815
042936 435
042944 130
042952 357
042960 737
042968 147
042976 214
042984 596
042992 571
043000 656
043521 728
043529 719
043537 931
043545 947
043553 3
043561 648
043569 784
043577 588
043585 192
043593 370
043601 259
043609 674
043617 386
043625 216
043633 841
043641 782
043649 653
043657 600
043665 678
043673 597
043681 92
043689 582
043697 750
043705 122
043713 195
043721 659
043729 542
043737 755
043745 770
043753 540
043761 471
043769 713
045061 745
045069 913
045077 616
045085 848
045093 409
045101 210
045109 681
045117 824
045125 240
045133 267
045141 610
045149 376
045157 914
045165 523
045173 536
045181 609
045189 995
045197 879
045205 820
045213 15
045221 603
045229 965
045237 291
045245 428
045253 995
045261 728
045269 701
045277 126
045285 617
045293 921
045301 488
045309 852
044039 213
044047 859
044055 263
044063 487
044071 499
044079 882
044087 558
044095 236
044103 384
044111 767
044119 369
044127 703
044135 258
044143 662
044151 790
044159 435
044167 242
044175 858
044183 589
044191 758
044199 161
044207 615
044215 992
044223 537
044231 234
044239 101
044247 237
044255 577
044263 370
044271 795
044279 409
044287 37
044294 189
044302 806
044310 571
044318 401
044326 407
044334 989
044342 644
044350 294
044358 653
044366 300
044374 223
044382 132
044390 787
044398 356
044406 635
044414 405
044422 834
044430 534
044438 108
044446 74
044454 77
044462 399
044470 269
044478 880
044486 57
044494 76
044502 821
044510 258
044518 594
044526 389
044534 999
044542 288
043522 62
043530 518
043538 28
043546 266
043554 983
043562 682
043570 675
043578 312
043586 293
043594 24
043602 7
043610 516
043618 346
043626 211
043634 660
043642 154
043650 570
043658 507
043666 530
043674 51
043682 771
043690 944
043698 396
043706 457
043714 561
043722 618
043730 989
043738 583
043746 865
043754 388
043762 910
043770 817
045060 561
045068 326
045076 508
045084 373
045092 725
045100 358
045108 741
045116 63
045124 319
045132 429
045140 823
045148 131
045156 152
045164 193
045172 419
045180 109
045188 429
045196 380
045204 180
045212 512
045220 796
045228 637
045236 638
045244 92
045252 86
045260 175
045268 560
045276 164
045284 544
045292 800
045300 697
045308 925
043779 834
043787 8
043795 564
043803 42
043811 634
043819 468
043827 973
043835 531
043843 241
043851 150
043859 725
043867 868
043875 532
043883 345
043891 733
043899 359
043907 638
043915 397
043923 748
043931 894
043939 828
043947 772
043955 669
043963 916
043971 231
043979 852
043987 369
043995 425
044003 39
044011 0
044019 883
044027 230
043008 577
043016 341
043024 777
043032 64
043040 209
043048 965
043056 137
043064 630
043072 260
043080 462
043088 618
043096 495
043104 22
043112 600
043120 192
043128 984
043136 268
043144 99
043152 858
043160 862
043168 519
043176 613
043184 589
043192 495
043200 161
043208 141
043216 189
043224 633
043232 577
043240 273
043248 709
043256 343
043777 678
043785 31
043793 190
043801 537
043809 64
043817 813
043825 425
043833 166
043841 430
043849 346
043857 59
043865 643
043873 681
043881 446
043889 397
043897 934
043905 226
043913 255
043921 787
043929 855
043937 974
043945 293
043953 375
043961 761
043969 764
043977 189
043985 485
043993 483
044001 114
044009 785
044017 531
044025 388
045317 386
045325 931
045333 545
045341 21
045349 66
045357 607
045365 918
045373 681
045381 980
045389 346
045397 357
045405 730
045413 783
045421 963
045429 148
045437 409
045445 621
045453 477
045461 281
045469 805
045477 154
045485 220
045493 656
045501 652
045509 344
045517 306
045525 477
045533 335
045541 994
045549 498
045557 748
045565 906
044295 58
044303 347
044311 735
044319 893
044327 952
044335 946
044343 378
044351 825
044359 651
044367 581
044375 633
044383 274
044391 412
044399 295
044407 8
044415 351
044423 986
044431 44
044439 244
044447 570
044455 756
044463 631
044471 371
044479 689
044487 545
044495 57
044503 327
044511 949
044519 471
044527 64
044535 169
044543 482
044550 893
044558 874
044566 368
044574 75
044582 593
044590 580
044598 276
044606 458
044614 928
044622 169
044630 709
044638 852
044646 489
044654 755
044662 65
044670 492
044678 955
044686 499
044694 484
044702 882
044710 17
044718 230
044726 130
044734 356
044742 793
044750 239
044758 284
044766 992
044774 302
044782 613
044790 903
044798 664
043778 797
043786 176
043794 343
043802 244
043810 987
043818 746
043826 735
043834 588
043842 524
043850 68
043858 153
043866 495
043874 98
043882 425
043890 107
043898 714
043906 547
043914 358
043922 83
043930 4
043938 412
043946 247
043954 268
043962 933
043970 977
043978 717
043986 997
043994 769
044002 974
044010 858
044018 577
044026 711
045316 999
045324 786
045332 688
045340 110
045348 376
045356 48
045364 418
045372 155
045380 130
045388 718
045396 416
045404 870
045412 528
045420 661
045428 607
045436 350
045444 440
045452 185
045460 584
045468 366
045476 734
045484 940
045492 555
045500 445
045508 890
045516 922
045524 337
045532 234
045540 163
045548 699
045556 157
045564 577
044035 567
044043 777
044051 735
044059 781
044067 56
044075 589
044083 161
044091 594
044099 978
044107 590
044115 734
044123 827
044131 208
044139 54
044147 914
044155 74
044163 86
044171 935
044179 644
044187 361
044195 595
044203 739
044211 458
044219 139
044227 149
044235 733
044243 593
044251 748
044259 124
044267 440
044275 659
044283 583
043264 829
043272 549
043280 646
043288 76
043296 402
043304 424
043312 385
043320 41
043328 16
043336 646
043344 625
043352 777
043360 987
043368 759
043376 158
043384 190
043392 828
043400 110
043408 401
043416 6
043424 821
043432 689
043440 619
043448 594
043456 651
043464 190
043472 732
043480 694
043488 620
043496 555
043504 1
043512 935
044033 807
044041 90
044049 115
044057 376
044065 57
044073 890
044081 278
044089 804
044097 277
044105 53
044113 989
044121 489
044129 869
044137 878
044145 672
044153 153
044161 126
044169 622
044177 229
044185 823
044193 37
044201 285
044209 621
044217 245
044225 907
044233 538
044241 192
044249 254
044257 799
044265 503
044273 507
044281 825
045573 608
045581 284
045589 571
045597 931
045605 250
045613 406
045621 402
045629 82
045637 870
045645 15
045653 748
045661 730
045669 351
045677 352
045685 982
045693 118
045701 580
045709 176
045717 174
045725 86
045733 692
045741 318
045749 913
045757 496
045765 315
045773 471
045781 176
045789 382
045797 863
045805 887
045813 265
045821 597
044551 809
044559 253
044567 365
044575 68
044583 186
044591 816
044599 907
044607 975
044615 387
044623 501
044631 331
044639 949
044647 911
044655 231
044663 225
044671 516
044679 547
044687 590
044695 521
044703 258
044711 154
044719 638
044727 618
044735 865
044743 973
044751 679
044759 905
044767 436
044775 996
044783 760
044791 991
044799 455
044806 173
044814 713
044822 373
044830 244
044838 815
044846 317
044854 617
044862 710
044870 704
044878 128
044886 267
044894 882
044902 72
044910 19
044918 953
044926 936
044934 386
044942 636
044950 226
044958 364
044966 835
044974 268
044982 483
044990 576
044998 743
045006 276
045014 22
045022 1
045030 581
045038 635
045046 574
045054 902
045572 813
045580 501
045588 635
045596 621
045604 165
045612 227
045620 974
045628 704
045636 227
045644 635
045652 956
045660 440
045668 328
045676 154
045684 62
045692 410
045700 153
045708 675
045716 442
045724 828
045732 634
045740 454
045748 315
045756 237
045764 458
045772 294
045780 297
045788 342
045796 818
045804 748
045812 202
045820 416
044034 733
044042 9
044050 494
044058 556
044066 680
044074 255
044082 917
044090 563
044098 484
044106 121
044114 298
044122 663
044130 696
044138 658
044146 586
044154 824
044162 380
044170 902
044178 581
044186 71
044194 755
044202 790
044210 11
044218 132
044226 199
044234 917
044242 381
044250 394
044258 305
044266 374
044274 348
044282 647
044291 105
044299 198
044307 72
044315 690
044323 942
044331 584
044339 1
044347 497
044355 928
044363 594
044371 703
044379 237
044387 950
044395 523
044403 129
044411 687
044419 906
044427 801
044435 271
044443 265
044451 208
044459 662
044467 10
044475 865
044483 75
044491 375
044499 574
044507 486
044515 287
044523 301
044531 664
044539 997
044289 98
044297 867
044305 35
044313 559
044321 485
044329 494
044337 687
044345 322
044353 405
044361 453
044369 491
044377 176
044385 867
044393 890
044401 649
044409 970
044417 501
044425 634
044433 371
044441 79
044449 235
044457 156
044465 88
044473 560
044481 633
044489 426
044497 895
044505 68
044513 474
044521 146
044529 97
044537 424
043520 710
043528 411
043536 88
043544 498
043552 666
043560 587
043568 430
043576 424
043584 122
043592 13
043600 966
043608 17
043616 670
043624 531
043632 82
043640 227
043648 13
043656 345
043664 902
043672 576
043680 186
043688 665
043696 826
043704 987
043712 367
043720 667
043728 740
043736 494
043744 310
043752 925
043760 245
043768 134
045829 767
045837 817
045845 797
045853 422
045861 967
045869 976
045877 378
045885 348
045893 875
045901 976
045909 564
045917 193
045925 16
045933 757
045941 195
045949 838
045957 373
045965 297
045973 212
045981 271
045989 96
045997 571
046005 94
046013 406
046021 242
046029 956
046037 132
046045 666
046053 227
046061 767
046069 858
046077 139
044807 909
044815 727
044823 93
044831 690
044839 706
044847 323
044855 698
044863 398
044871 292
044879 833
044887 902
044895 270
044903 356
044911 933
044919 947
044927 452
044935 463
044943 907
044951 926
044959 90
044967 868
044975 99
044983 658
044991 831
044999 276
045007 868
045015 165
045023 597
045031 929
045039 292
045047 647
045055 448
045062 101
045070 519
045078 96
045086 737
045094 799
045102 608
045110 154
045118 162
045126 221
045134 311
045142 373
045150 816
045158 740
045166 878
045174 392
045182 651
045190 531
045198 754
045206 617
045214 698
045222 921
045230 194
045238 45
045246 264
045254 164
045262 312
045270 711
045278 142
045286 938
045294 789
045302 464
045310 95
045828 649
045836 891
045844 511
045852 638
045860 709
045868 796
045876 89
045884 849
045892 807
045900 52
045908 538
045916 844
045924 546
045932 595
045940 481
045948 399
045956 690
045964 643
045972 152
045980 600
045988 136
045996 599
046004 512
046012 800
046020 300
046028 436
046036 827
046044 455
046052 470
046060 702
046068 821
046076 561
044290 7
044298 322
044306 138
044314 93
044322 491
044330 302
044338 718
044346 332
044354 930
044362 2
044370 132
044378 436
044386 527
044394 638
044402 121
044410 871
044418 920
044426 785
044434 707
044442 577
044450 33
044458 938
044466 20
044474 609
044482 580
044490 959
044498 290
044506 48
044514 909
044522 478
044530 536
044538 454
044547 871
044555 738
044563 567
044571 977
044579 465
044587 115
044595 728
044603 586
044611 545
044619 697
044627 151
044635 630
044643 361
044651 947
044659 982
044667 627
044675 53
044683 833
044691 987
044699 638
044707 450
044715 870
044723 178
044731 450
044739 798
044747 661
044755 319
044763 112
044771 882
044779 268
044787 5
044795 106
044545 326
044553 949
044561 170
044569 262
044577 407
044585 16
044593 791
044601 751
044609 165
044617 819
044625 165
044633 271
044641 320
044649 905
044657 530
044665 33
044673 582
044681 381
044689 679
044697 91
044705 390
044713 283
044721 610
044729 740
044737 196
044745 408
044753 498
044761 139
044769 454
044777 493
044785 238
044793 224
043776 327
043784 832
043792 647
043800 651
043808 440
043816 44
043824 217
043832 341
043840 302
043848 864
043856 787
043864 379
043872 434
043880 23
043888 42
043896 350
043904 561
043912 835
043920 229
043928 108
043936 67
043944 986
043952 351
043960 18
043968 577
043976 557
043984 231
043992 260
044000 60
044008 506
044016 757
044024 845
046085 89
046093 20
046101 483
046109 236
046117 558
046125 823
046133 933
046141 644
046149 417
046157 768
046165 470
046173 806
046181 362
046189 362
046197 988
046205 917
046213 545
046221 163
046229 450
046237 144
046245 795
046253 132
046261 469
046269 431
046277 127
046285 333
046293 848
046301 532
046309 674
046317 592
046325 599
046333 738
045063 938
045071 494
045079 815
045087 789
045095 122
045103 959
045111 105
045119 923
045127 620
045135 544
045143 234
045151 771
045159 246
045167 686
045175 528
045183 556
045191 663
045199 408
045207 931
045215 409
045223 689
045231 627
045239 764
045247 314
045255 305
045263 506
045271 503
045279 208
045287 927
045295 678
045303 907
045311 211
045318 787
045326 784
045334 875
045342 676
045350 378
045358 476
045366 664
045374 550
045382 846
045390 756
045398 706
045406 132
045414 562
045422 75
045430 361
045438 971
045446 989
045454 103
045462 775
045470 882
045478 31
045486 166
045494 468
045502 967
045510 291
045518 70
045526 179
045534 607
045542 35
045550 244
045558 172
045566 310
046084 359
046092 243
046100 943
046108 55
046116 730
046124 608
046132 505
046140 498
046148 963
046156 133
046164 158
046172 353
046180 340
046188 650
046196 47
046204 516
046212 769
046220 403
046228 281
046236 317
046244 492
046252 442
046260 769
046268 256
046276 57
046284 954
046292 928
046300 514
046308 173
046316 610
046324 675
046332 686
044546 85
044554 71
044562 832
044570 299
044578 40
044586 6
044594 933
044602 161
044610 111
044618 511
044626 377
044634 378
044642 43
044650 22
044658 329
044666 230
044674 26
044682 286
044690 497
044698 535
044706 524
044714 855
044722 728
044730 53
044738 777
044746 746
044754 393
044762 524
044770 963
044778 621
044786 499
044794 268
044803 379
044811 269
044819 304
044827 777
044835 330
044843 967
044851 560
044859 41
044867 21
044875 143
044883 367
044891 469
044899 357
044907 351
044915 432
044923 976
044931 844
044939 206
044947 850
044955 710
044963 344
044971 280
044979 36
044987 149
044995 37
045003 345
045011 624
045019 660
045027 392
045035 226
045043 620
045051 243
044801 147
044809 120
044817 935
044825 396
044833 394
044841 679
044849 484
044857 418
044865 98
044873 116
044881 969
044889 701
044897 795
044905 385
044913 168
044921 43
044929 672
044937 792
044945 936
044953 431
044961 468
044969 431
044977 621
044985 723
044993 911
045001 842
045009 553
045017 715
045025 963
045033 260
045041 485
045049 31
044032 825
044040 209
044048 654
044056 743
044064 273
044072 444
044080 79
044088 759
044096 543
044104 346
044112 674
044120 381
044128 937
044136 558
044144 684
044152 137
044160 849
044168 444
044176 248
044184 475
044192 942
044200 915
044208 652
044216 52
044224 800
044232 988
044240 388
044248 987
044256 806
044264 614
044272 748
044280 856
046341 310
046349 509
046357 156
046365 608
046373 138
046381 304
046389 179
046397 887
046405 726
046413 622
046421 16
046429 746
046437 109
046445 886
046453 347
046461 292
046469 979
046477 310
046485 897
046493 679
046501 916
046509 630
046517 906
046525 130
046533 308
046541 953
046549 123
046557 97
046565 100
046573 427
046581 711
046589 408
045319 893
045327 63
045335 459
045343 997
045351 900
045359 694
045367 911
045375 405
045383 818
045391 619
045399 903
045407 423
045415 748
045423 500
045431 834
045439 772
045447 997
045455 26
045463 562
045471 475
045479 474
045487 678
045495 793
045503 608
045511 205
045519 282
045527 920
045535 612
045543 33
045551 74
045559 907
045567 206
045574 436
045582 466
045590 238
045598 414
045606 426
045614 511
045622 735
045630 694
045638 44
045646 335
045654 864
045662 855
045670 402
045678 928
045686 933
045694 16
045702 903
045710 669
045718 389
045726 608
045734 422
045742 211
045750 322
045758 374
045766 29
045774 896
045782 201
045790 510
045798 75
045806 106
045814 172
045822 486
046340 988
046348 243
046356 763
046364 623
046372 85
046380 716
046388 321
046396 254
046404 310
046412 599
046420 435
046428 857
046436 254
046444 516
046452 865
046460 820
046468 117
046476 132
046484 238
046492 156
046500 773
046508 806
046516 397
046524 236
046532 43
046540 337
046548 744
046556 584
046564 619
046572 731
046580 567
046588 936
044802 218
044810 877
044818 220
044826 807
044834 66
044842 515
044850 515
044858 167
044866 603
044874 804
044882 55
044890 223
044898 246
044906 567
044914 18
044922 378
044930 920
044938 731
044946 530
044954 824
044962 332
044970 201
044978 334
044986 289
044994 698
045002 473
045010 481
045018 296
045026 935
045034 790
045042 856
045050 900
045059 297
045067 769
045075 149
045083 750
045091 57
045099 541
045107 217
045115 124
045123 25
045131 299
045139 340
045147 255
045155 758
045163 337
045171 126
045179 770
045187 532
045195 124
045203 473
045211 903
045219 114
045227 409
045235 24
045243 375
045251 915
045259 608
045267 975
045275 468
045283 986
045291 688
045299 739
045307 802
045057 888
045065 169
045073 724
045081 279
045089 247
045097 847
045105 82
045113 942
045121 758
045129 178
045137 908
045145 270
045153 128
045161 756
045169 758
045177 575
045185 688
045193 228
045201 630
045209 980
045217 26
045225 724
045233 617
045241 808
045249 393
045257 808
045265 871
045273 430
045281 377
045289 723
045297 945
045305 544
044288 549
044296 943
044304 936
044312 804
044320 87
044328 172
044336 677
044344 692
044352 110
044360 646
044368 264
044376 364
044384 680
044392 333
044400 463
044408 369
044416 863
044424 358
044432 50
044440 349
044448 887
044456 389
044464 833
044472 94
044480 998
044488 333
044496 877
044504 303
044512 900
044520 741
044528 338
044536 838
046597 881
046605 215
046613 199
046621 730
046629 909
046637 998
046645 410
046653 257
046661 681
046669 757
046677 595
046685 459
046693 665
046701 306
046709 288
046717 526
046725 887
046733 718
046741 397
046749 176
046757 888
046765 9
046773 270
046781 286
046789 751
046797 116
046805 231
046813 617
046821 545
046829 819
046837 577
046845 1
045575 258
045583 358
045591 202
045599 711
045607 667
045615 151
045623 456
045631 979
045639 240
045647 73
045655 424
045663 696
045671 58
045679 942
045687 280
045695 252
045703 424
045711 811
045719 636
045727 479
045735 730
045743 670
045751 299
045759 286
045767 268
045775 593
045783 326
045791 30
045799 174
045807 325
045815 569
045823 512
045830 943
045838 475
045846 875
045854 235
045862 765
045870 769
045878 808
045886 854
045894 369
045902 439
045910 968
045918 941
045926 121
045934 172
045942 742
045950 66
045958 89
045966 650
045974 604
045982 553
045990 921
045998 545
046006 670
046014 885
046022 618
046030 921
046038 745
046046 519
046054 523
046062 570
046070 380
046078 37
046596 864
046604 263
046612 364
046620 432
046628 880
046636 20
046644 427
046652 397
046660 995
046668 42
046676 579
046684 677
046692 675
046700 812
046708 640
046716 430
046724 128
046732 151
046740 563
046748 311
046756 867
046764 160
046772 254
046780 49
046788 675
046796 195
046804 460
046812 243
046820 972
046828 169
046836 713
046844 445
045058 789
045066 187
045074 411
045082 466
045090 193
045098 920
045106 41
045114 466
045122 867
045130 620
045138 477
045146 934
045154 603
045162 295
045170 258
045178 542
045186 433
045194 863
045202 612
045210 547
045218 705
045226 518
045234 816
045242 981
045250 407
045258 29
045266 630
045274 830
045282 560
045290 564
045298 925
045306 464
045315 537
045323 510
045331 577
045339 928
045347 831
045355 415
045363 809
045371 865
045379 976
045387 354
045395 282
045403 943
045411 690
045419 28
045427 597
045435 280
045443 843
045451 985
045459 912
045467 600
045475 311
045483 405
045491 878
045499 934
045507 134
045515 523
045523 7
045531 647
045539 873
045547 660
045555 22
045563 879
045313 594
045321 423
045329 586
045337 818
045345 118
045353 480
045361 81
045369 274
045377 935
045385 399
045393 497
045401 830
045409 676
045417 748
045425 583
045433 403
045441 527
045449 732
045457 315
045465 670
045473 829
045481 955
045489 667
045497 385
045505 110
045513 392
045521 949
045529 78
045537 434
045545 510
045553 232
045561 34
044544 550
044552 212
044560 132
044568 102
044576 534
044584 692
044592 403
044600 806
044608 178
044616 767
044624 381
044632 919
044640 853
044648 932
044656 437
044664 874
044672 522
044680 452
044688 901
044696 561
044704 620
044712 38
044720 12
044728 50
044736 573
044744 457
044752 952
044760 501
044768 694
044776 531
044784 418
044792 319
046853 743
046861 723
046869 16
046877 718
046885 450
046893 912
046901 963
046909 797
046917 918
046925 459
046933 41
046941 89
046949 993
046957 683
046965 465
046973 784
046981 230
046989 135
046997 803
047005 411
047013 617
047021 362
047029 670
047037 606
047045 894
047053 200
047061 61
047069 4
047077 357
047085 29
047093 840
047101 979
045831 581
045839 189
045847 637
045855 68
045863 222
045871 448
045879 139
045887 800
045895 946
045903 711
045911 629
045919 717
045927 82
045935 243
045943 146
045951 149
045959 762
045967 964
045975 418
045983 715
045991 591
045999 624
046007 738
046015 402
046023 619
046031 390
046039 832
046047 464
046055 451
046063 739
046071 545
046079 308
046086 930
046094 300
046102 110
046110 853
046118 522
046126 400
046134 108
046142 450
046150 630
046158 5
046166 661
046174 291
046182 291
046190 779
046198 783
046206 528
046214 838
046222 895
046230 654
046238 193
046246 301
046254 229
046262 557
046270 155
046278 9
046286 862
046294 465
046302 11
046310 461
046318 444
046326 226
046334 863
046852 834
046860 804
046868 628
046876 647
046884 176
046892 102
046900 240
046908 328
046916 939
046924 258
046932 75
046940 337
046948 356
046956 569
046964 284
046972 870
046980 803
046988 783
046996 632
047004 340
047012 645
047020 78
047028 826
047036 956
047044 84
047052 735
047060 980
047068 21
047076 738
047084 221
047092 749
047100 89
045314 501
045322 629
045330 428
045338 210
045346 773
045354 405
045362 428
045370 746
045378 408
045386 792
045394 653
045402 662
045410 527
045418 487
045426 175
045434 8
045442 257
045450 570
045458 151
045466 225
045474 543
045482 887
045490 988
045498 511
045506 259
045514 602
045522 734
045530 788
045538 975
045546 344
045554 80
045562 309
045571 802
045579 90
045587 320
045595 408
045603 859
045611 493
045619 73
045627 830
045635 876
045643 233
045651 706
045659 11
045667 676
045675 696
045683 449
045691 34
045699 403
045707 192
045715 898
045723 779
045731 364
045739 801
045747 223
045755 92
045763 518
045771 781
045779 569
045787 673
045795 380
045803 374
045811 601
045819 328
045569 658
045577 194
045585 328
045593 934
045601 740
045609 817
045617 666
045625 456
045633 69
045641 245
045649 245
045657 784
045665 177
045673 648
045681 417
045689 699
045697 869
045705 480
045713 538
045721 922
045729 250
045737 105
045745 435
045753 53
045761 883
045769 139
045777 248
045785 967
045793 184
045801 281
045809 307
045817 438
044800 951
044808 676
044816 906
044824 773
044832 703
044840 324
044848 216
044856 721
044864 313
044872 883
044880 663
044888 510
044896 302
044904 777
044912 4
044920 797
044928 183
044936 776
044944 314
044952 887
044960 845
044968 434
044976 52
044984 340
044992 137
045000 395
045008 194
045016 382
045024 564
045032 343
045040 561
045048 954
047109 738
047117 804
047125 638
047133 554
047141 609
047149 619
047157 518
047165 515
047173 591
047181 170
047189 209
047197 671
047205 406
047213 894
047221 213
047229 930
047237 216
047245 445
047253 417
047261 16
047269 617
047277 93
047285 929
047293 826
047301 729
047309 835
047317 768
047325 479
047333 904
047341 99
047349 283
047357 38
046087 734
046095 788
046103 118
046111 821
046119 823
046127 338
046135 746
046143 453
046151 980
046159 152
046167 961
046175 449
046183 241
046191 35
046199 585
046207 200
046215 100
046223 315
046231 360
046239 449
046247 790
046255 346
046263 420
046271 360
046279 689
046287 314
046295 94
046303 738
046311 37
046319 846
046327 402
046335 93
046342 534
046350 267
046358 336
046366 636
046374 452
046382 730
046390 455
046398 638
046406 195
046414 76
046422 617
046430 693
046438 250
046446 144
046454 452
046462 0
046470 765
046478 90
046486 642
046494 90
046502 69
046510 172
046518 306
046526 584
046534 147
046542 316
046550 205
046558 630
046566 253
046574 43
046582 228
046590 447
047108 154
047116 191
047124 894
047132 866
047140 791
047148 41
047156 777
047164 57
047172 291
047180 418
047188 464
047196 646
047204 218
047212 453
047220 491
047228 510
047236 656
047244 707
047252 768
047260 641
047268 832
047276 937
047284 801
047292 847
047300 68
047308 564
047316 261
047324 554
047332 318
047340 147
047348 69
047356 909
045570 902
045578 630
045586 528
045594 797
045602 488
045610 908
045618 869
045626 896
045634 247
045642 915
045650 874
045658 904
045666 349
045674 744
045682 887
045690 240
045698 905
045706 217
045714 715
045722 871
045730 259
045738 383
045746 74
045754 606
045762 232
045770 213
045778 910
045786 384
045794 315
045802 273
045810 755
045818 417
045827 35
045835 125
045843 469
045851 224
045859 612
045867 582
045875 506
045883 293
045891 447
045899 99
045907 47
045915 687
045923 942
045931 857
045939 796
045947 572
045955 498
045963 944
045971 2
045979 936
045987 872
045995 631
046003 858
046011 764
046019 489
046027 219
046035 152
046043 329
046051 52
046059 987
046067 73
046075 967
045825 507
045833 998
045841 879
045849 586
045857 460
045865 206
045873 356
045881 185
045889 754
045897 680
045905 157
045913 49
045921 363
045929 525
045937 162
045945 455
045953 803
045961 747
045969 397
045977 326
045985 445
045993 468
046001 137
046009 806
046017 798
046025 353
046033 369
046041 343
046049 273
046057 783
046065 973
046073 492
045056 204
045064 706
045072 947
045080 249
045088 815
045096 195
045104 612
045112 248
045120 59
045128 26
045136 691
045144 137
045152 741
045160 295
045168 968
045176 852
045184 293
045192 488
045200 617
045208 35
045216 721
045224 256
045232 520
045240 803
045248 640
045256 123
045264 886
045272 789
045280 864
045288 432
045296 684
045304 17
047365 569
047373 546
047381 474
047389 402
047397 961
047405 688
047413 929
047421 745
047429 785
047437 456
047445 806
047453 360
047461 966
047469 117
047477 786
047485 209
047493 891
047501 991
047509 333
047517 965
047525 646
047533 151
047541 276
047549 190
047557 385
047565 286
047573 286
047581 981
047589 17
047597 10
047605 926
047613 640
046343 982
046351 353
046359 476
046367 607
046375 851
046383 143
046391 134
046399 452
046407 334
046415 386
046423 984
046431 865
046439 38
046447 218
046455 904
046463 998
046471 275
046479 514
046487 694
046495 183
046503 709
046511 330
046519 23
046527 252
046535 925
046543 252
046551 12
046559 175
046567 953
046575 201
046583 57
046591 616
046598 600
046606 616
046614 456
046622 18
046630 439
046638 843
046646 374
046654 202
046662 612
046670 290
046678 742
046686 262
046694 922
046702 611
046710 480
046718 759
046726 200
046734 879
046742 376
046750 210
046758 992
046766 224
046774 86
046782 567
046790 357
046798 16
046806 680
046814 164
046822 85
046830 327
046838 171
046846 921
047364 249
047372 123
047380 479
047388 800
047396 167
047404 891
047412 713
047420 837
047428 408
047436 763
047444 724
047452 613
047460 334
047468 54
047476 431
047484 782
047492 436
047500 880
047508 972
047516 378
047524 206
047532 748
047540 608
047548 855
047556 646
047564 540
047572 344
047580 682
047588 346
047596 726
047604 327
047612 18
045826 852
045834 661
045842 811
045850 967
045858 508
045866 420
045874 750
045882 996
045890 654
045898 364
045906 963
045914 391
045922 883
045930 375
045938 553
045946 762
045954 647
045962 675
045970 153
045978 398
045986 281
045994 368
046002 23
046010 107
046018 822
046026 845
046034 229
046042 944
046050 808
046058 638
046066 440
046074 291
046083 264
046091 786
046099 574
046107 417
046115 445
046123 991
046131 166
046139 810
046147 84
046155 585
046163 33
046171 534
046179 651
046187 964
046195 956
046203 366
046211 217
046219 637
046227 971
046235 686
046243 373
046251 910
046259 136
046267 253
046275 667
046283 300
046291 245
046299 245
046307 316
046315 610
046323 619
046331 643
046081 711
046089 725
046097 504
046105 462
046113 747
046121 896
046129 723
046137 150
046145 964
046153 225
046161 547
046169 382
046177 397
046185 698
046193 350
046201 673
046209 386
046217 277
046225 258
046233 922
046241 825
046249 880
046257 509
046265 672
046273 271
046281 322
046289 549
046297 816
046305 32
046313 728
046321 949
046329 898
045312 331
045320 29
045328 468
045336 867
045344 44
045352 291
045360 754
045368 20
045376 663
045384 304
045392 173
045400 101
045408 619
045416 748
045424 72
045432 358
045440 205
045448 229
045456 4
045464 360
045472 549
045480 932
045488 311
045496 781
045504 519
045512 518
045520 273
045528 688
045536 775
045544 948
045552 594
045560 77
047621 73
047629 40
047637 526
047645 978
047653 370
047661 647
047669 801
047677 534
047685 439
047693 736
047701 840
047709 673
047717 521
047725 261
047733 72
047741 576
047749 961
047757 225
047765 462
047773 385
047781 439
047789 6
047797 876
047805 544
047813 247
047821 49
047829 380
047837 242
047845 400
047853 901
047861 104
047869 247
046599 381
046607 35
046615 884
046623 781
046631 722
046639 494
046647 787
046655 410
046663 998
046671 326
046679 954
046687 898
046695 483
046703 971
046711 537
046719 985
046727 766
046735 704
046743 804
046751 513
046759 329
046767 46
046775 188
046783 418
046791 965
046799 793
046807 750
046815 197
046823 461
046831 137
046839 250
046847 891
046854 157
046862 822
046870 316
046878 923
046886 530
046894 931
046902 397
046910 100
046918 28
046926 459
046934 969
046942 234
046950 870
046958 148
046966 644
046974 607
046982 399
046990 233
046998 73
047006 525
047014 877
047022 931
047030 858
047038 69
047046 5
047054 303
047062 910
047070 81
047078 771
047086 952
047094 32
047102 807
047620 204
047628 756
047636 759
047644 453
047652 701
047660 420
047668 827
047676 750
047684 105
047692 8
047700 360
047708 679
047716 143
047724 384
047732 117
047740 479
047748 290
047756 634
047764 303
047772 169
047780 140
047788 811
047796 750
047804 610
047812 492
047820 959
047828 14
047836 57
047844 644
047852 833
047860 334
047868 754
046082 548
046090 592
046098 195
046106 268
046114 186
046122 506
046130 999
046138 27
046146 595
046154 56
046162 200
046170 541
046178 492
046186 24
046194 978
046202 302
046210 624
046218 956
046226 306
046234 248
046242 29
046250 152
046258 826
046266 722
046274 731
046282 534
046290 422
046298 503
046306 324
046314 828
046322 110
046330 247
046337 556
046345 266
046353 990
046361 632
046369 174
046377 203
046385 940
046393 509
046401 33
046409 805
046417 432
046425 762
046433 999
046441 763
046449 67
046457 763
046465 545
046473 271
046481 710
046489 553
046497 661
046505 792
046513 426
046521 873
046529 696
046537 153
046545 472
046553 45
046561 351
046569 865
046577 541
046585 792
046339 486
046347 606
046355 320
046363 67
046371 137
046379 673
046387 86
046395 908
046403 778
046411 761
046419 724
046427 362
046435 643
046443 191
046451 45
046459 606
046467 808
046475 544
046483 334
046491 646
046499 837
046507 389
046515 210
046523 646
046531 987
046539 869
046547 931
046555 259
046563 23
046571 279
046579 798
046587 993
045568 449
045576 668
045584 793
045592 383
045600 355
045608 258
045616 674
045624 338
045632 744
045640 506
045648 736
045656 569
045664 356
045672 463
045680 172
045688 80
045696 298
045704 264
045712 63
045720 957
045728 199
045736 920
045744 210
045752 118
045760 765
045768 477
045776 759
045784 821
045792 272
045800 748
045808 902
045816 100
047877 79
047885 628
047893 528
047901 806
047909 908
047917 805
047925 704
047933 640
047941 920
047949 260
047957 84
047965 870
047973 821
047981 229
047989 589
047997 801
048005 516
048013 201
048021 514
048029 651
048037 628
048045 330
048053 387
048061 878
048069 636
048077 852
048085 860
048093 998
048101 633
048109 393
048117 803
048125 258
046855 42
046863 828
046871 609
046879 584
046887 130
046895 144
046903 236
046911 956
046919 152
046927 722
046935 43
046943 538
046951 523
046959 692
046967 407
046975 829
046983 327
046991 413
046999 404
047007 813
047015 175
047023 543
047031 97
047039 779
047047 556
047055 121
047063 397
047071 250
047079 121
047087 551
047095 982
047103 575
047110 906
047118 179
047126 95
047134 220
047142 179
047150 732
047158 346
047166 123
047174 7
047182 902
047190 43
047198 674
047206 44
047214 517
047222 187
047230 647
047238 613
047246 587
047254 951
047262 70
047270 7
047278 768
047286 995
047294 955
047302 219
047310 198
047318 274
047326 548
047334 237
047342 120
047350 116
047358 115
047876 896
047884 167
047892 41
047900 428
047908 369
047916 221
047924 183
047932 570
047940 37
047948 630
047956 55
047964 853
047972 486
047980 192
047988 321
047996 812
048004 88
048012 155
048020 747
048028 586
048036 154
048044 716
048052 872
048060 129
048068 747
048076 156
048084 310
048092 127
048100 344
048108 143
048116 875
048124 177
046593 434
046601 53
046609 171
046617 933
046625 500
046633 796
046641 776
046649 108
046657 470
046665 377
046673 517
046681 344
046689 408
046697 766
046705 178
046713 963
046721 780
046729 746
046737 878
046745 454
046753 207
046761 193
046769 681
046777 706
046785 879
046793 838
046801 502
046809 700
046817 532
046825 383
046833 633
046841 299
046338 585
046346 594
046354 153
046362 334
046370 599
046378 444
046386 285
046394 618
046402 503
046410 594
046418 232
046426 480
046434 659
046442 701
046450 785
046458 8
046466 84
046474 444
046482 518
046490 424
046498 60
046506 781
046514 261
046522 650
046530 147
046538 269
046546 219
046554 445
046562 274
046570 464
046578 795
046586 798
046595 210
046603 283
046611 78
046619 221
046627 348
046635 305
046643 831
046651 438
046659 540
046667 849
046675 919
046683 290
046691 227
046699 78
046707 728
046715 555
046723 355
046731 761
046739 619
046747 342
046755 694
046763 335
046771 610
046779 290
046787 170
046795 979
046803 820
046811 912
046819 816
046827 163
046835 817
046843 289
045824 224
045832 254
045840 357
045848 524
045856 602
045864 152
045872 937
045880 202
045888 914
045896 484
045904 604
045912 318
045920 842
045928 797
045936 643
045944 729
045952 777
045960 234
045968 263
045976 441
045984 703
045992 809
046000 610
046008 305
046016 665
046024 457
046032 73
046040 295
046048 709
046056 933
046064 249
046072 115
048133 318
048141 598
048149 637
048157 558
048165 551
048173 700
048181 834
048189 19
048197 84
048205 924
048213 545
048221 188
048229 279
048237 570
048245 547
048253 153
048261 465
048269 499
048277 658
048285 832
048293 199
048301 9
048309 670
048317 780
048325 311
048333 189
048341 921
048349 684
048357 172
048365 867
048373 166
048381 296
047111 683
047119 906
047127 889
047135 724
047143 301
047151 397
047159 33
047167 155
047175 680
047183 208
047191 481
047199 596
047207 519
047215 960
047223 907
047231 4
047239 805
047247 92
047255 658
047263 28
047271 37
047279 642
047287 463
047295 478
047303 220
047311 859
047319 183
047327 326
047335 261
047343 433
047351 499
047359 426
047366 227
047374 613
047382 570
047390 522
047398 813
047406 478
047414 865
047422 453
047430 826
047438 897
047446 653
047454 988
047462 394
047470 571
047478 505
047486 292
047494 824
047502 836
047510 387
047518 427
047526 768
047534 315
047542 60
047550 555
047558 735
047566 567
047574 582
047582 953
047590 887
047598 874
047606 281
047614 917
048132 77
048140 586
048148 349
048156 156
048164 944
048172 391
048180 994
048188 719
048196 127
048204 2
048212 570
048220 68
048228 392
048236 206
048244 342
048252 417
048260 458
048268 354
048276 620
048284 121
048292 497
048300 989
048308 121
048316 979
048324 753
048332 16
048340 210
048348 2
048356 67
048364 659
048372 797
048380 619
046849 988
046857 685
046865 105
046873 653
046881 429
046889 565
046897 511
046905 393
046913 119
046921 568
046929 990
046937 733
046945 691
046953 264
046961 35
046969 815
046977 549
046985 859
046993 112
047001 464
047009 961
047017 689
047025 372
047033 964
047041 740
047049 838
047057 529
047065 950
047073 50
047081 479
047089 964
047097 242
046594 773
046602 930
046610 510
046618 836
046626 374
046634 297
046642 675
046650 877
046658 702
046666 37
046674 957
046682 980
046690 726
046698 661
046706 8
046714 336
046722 527
046730 77
046738 621
046746 676
046754 556
046762 566
046770 955
046778 678
046786 968
046794 545
046802 846
046810 993
046818 692
046826 945
046834 408
046842 326
046851 935
046859 0
046867 545
046875 802
046883 699
046891 310
046899 543
046907 308
046915 182
046923 634
046931 198
046939 345
046947 813
046955 933
046963 478
046971 587
046979 209
046987 589
046995 839
047003 518
047011 439
047019 870
047027 57
047035 260
047043 293
047051 451
047059 943
047067 224
047075 450
047083 825
047091 86
047099 252
046080 34
046088 953
046096 640
046104 867
046112 157
046120 861
046128 348
046136 568
046144 729
046152 352
046160 841
046168 527
046176 556
046184 78
046192 775
046200 262
046208 386
046216 773
046224 796
046232 780
046240 676
046248 243
046256 438
046264 409
046272 835
046280 659
046288 618
046296 504
046304 321
046312 47
046320 227
046328 611
048389 521
048397 788
048405 611
048413 670
048421 772
048429 68
048437 919
048445 463
048453 378
048461 24
048469 650
048477 521
048485 987
048493 432
048501 139
048509 734
048517 89
048525 315
048533 37
048541 238
048549 345
048557 272
048565 251
048573 304
048581 472
048589 93
048597 106
048605 386
048613 390
048621 953
048629 76
048637 497
047622 861
047630 107
047638 884
047646 427
047654 27
047662 361
047670 578
047678 21
047686 493
047694 538
047702 944
047710 596
047718 340
047726 902
047734 369
047742 729
047750 629
047758 465
047766 634
047774 917
047782 270
047790 676
047798 762
047806 126
047814 604
047822 761
047830 621
047838 42
047846 923
047854 725
047862 818
047870 897
047367 993
047375 891
047383 149
047391 569
047399 505
047407 165
047415 93
047423 362
047431 706
047439 176
047447 40
047455 852
047463 419
047471 407
047479 380
047487 406
047495 625
047503 480
047511 219
047519 49
047527 248
047535 399
047543 50
047551 480
047559 294
047567 457
047575 703
047583 231
047591 930
047599 984
047607 493
047615 955
048388 183
048396 240
048404 780
048412 835
048420 536
048428 346
048436 677
048444 481
048452 945
048460 27
048468 706
048476 62
048484 194
048492 185
048500 117
048508 515
048516 4
048524 620
048532 332
048540 776
048548 421
048556 107
048564 712
048572 665
048580 787
048588 590
048596 89
048604 209
048612 804
048620 303
048628 458
048636 718
047105 520
047113 848
047121 347
047129 986
047137 979
047145 674
047153 803
047161 969
047169 700
047177 696
047185 722
047193 411
047201 488
047209 354
047217 729
047225 895
047233 614
047241 862
047249 262
047257 270
047265 262
047273 365
047281 230
047289 619
047297 714
047305 460
047313 274
047321 614
047329 614
047337 651
047345 840
047353 221
047107 160
047115 32
047123 309
047131 706
047139 391
047147 790
047155 78
047163 122
047171 121
047179 555
047187 735
047195 303
047203 943
047211 870
047219 819
047227 741
047235 152
047243 292
047251 880
047259 694
047267 747
047275 513
047283 136
047291 939
047299 578
047307 411
047315 438
047323 641
047331 745
047339 246
047347 944
047355 194
046850 656
046858 465
046866 366
046874 465
046882 897
046890 726
046898 392
046906 346
046914 123
046922 967
046930 859
046938 919
046946 695
046954 640
046962 485
046970 407
046978 204
046986 143
046994 327
047002 270
047010 644
047018 658
047026 0
047034 613
047042 375
047050 392
047058 158
047066 139
047074 840
047082 170
047090 218
047098 809
046336 58
046344 321
046352 838
046360 952
046368 978
046376 618
046384 976
046392 5
046400 785
046408 539
046416 863
046424 926
046432 706
046440 760
046448 990
046456 611
046464 495
046472 582
046480 33
046488 205
046496 334
046504 325
046512 851
046520 444
046528 366
046536 849
046544 346
046552 766
046560 579
046568 234
046576 427
046584 499
048645 561
048653 600
048661 189
048669 488
048677 664
048685 750
048693 814
048701 83
048709 796
048717 22
048725 348
048733 981
048741 145
048749 428
048757 381
048765 782
048773 507
048781 359
048789 550
048797 840
048805 26
048813 909
048821 141
048829 541
048837 987
048845 843
048853 395
048861 206
048869 414
048877 417
048885 671
048893 633
047878 205
047886 599
047894 394
047902 173
047910 711
047918 347
047926 914
047934 54
047942 545
047950 258
047958 873
047966 123
047974 458
047982 440
047990 732
047998 655
048006 522
048014 978
048022 268
048030 291
048038 297
048046 733
048054 884
048062 776
048070 494
048078 891
048086 939
048094 7
048102 304
048110 437
048118 609
048126 620
047623 705
047631 114
047639 278
047647 179
047655 38
047663 988
047671 875
047679 435
047687 421
047695 275
047703 426
047711 348
047719 921
047727 680
047735 935
047743 722
047751 268
047759 596
047767 456
047775 660
047783 154
047791 377
047799 852
047807 652
047815 128
047823 595
047831 986
047839 791
047847 618
047855 899
047863 990
047871 532
048644 399
048652 814
048660 207
048668 492
048676 775
048684 162
048692 993
048700 584
048708 828
048716 476
048724 750
048732 776
048740 292
048748 937
048756 291
048764 338
048772 312
048780 935
048788 24
048796 252
048804 233
048812 271
048820 576
048828 342
048836 382
048844 524
048852 176
048860 11
048868 373
048876 519
048884 650
048892 500
047361 72
047369 86
047377 865
047385 458
047393 412
047401 309
047409 458
047417 663
047425 827
047433 268
047441 377
047449 66
047457 740
047465 802
047473 728
047481 694
047489 625
047497 580
047505 42
047513 754
047521 391
047529 798
047537 440
047545 901
047553 290
047561 683
047569 190
047577 877
047585 675
047593 734
047601 183
047609 396
047363 924
047371 657
047379 761
047387 148
047395 904
047403 182
047411 113
047419 328
047427 37
047435 741
047443 314
047451 402
047459 272
047467 15
047475 909
047483 640
047491 833
047499 546
047507 315
047515 625
047523 551
047531 141
047539 625
047547 65
047555 621
047563 415
047571 796
047579 80
047587 361
047595 618
047603 748
047611 70
047106 670
047114 993
047122 704
047130 384
047138 17
047146 667
047154 402
047162 651
047170 379
047178 676
047186 251
047194 589
047202 464
047210 777
047218 766
047226 302
047234 953
047242 549
047250 282
047258 45
047266 84
047274 974
047282 102
047290 379
047298 447
047306 527
047314 986
047322 270
047330 921
047338 454
047346 724
047354 708
046592 929
046600 235
046608 949
046616 665
046624 808
046632 448
046640 908
046648 250
046656 495
046664 786
046672 401
046680 889
046688 628
046696 230
046704 31
046712 655
046720 31
046728 746
046736 441
046744 46
046752 150
046760 804
046768 968
046776 400
046784 840
046792 908
046800 351
046808 102
046816 428
046824 47
046832 215
046840 320
048901 320
048909 418
048917 639
048925 723
048933 393
048941 95
048949 513
048957 287
048965 538
048973 898
048981 301
048989 617
048997 15
049005 845
049013 750
049021 34
049029 31
049037 944
049045 295
049053 884
049061 645
049069 659
049077 193
049085 262
049093 824
049101 361
049109 532
049117 789
049125 602
049133 939
049141 427
049149 352
048134 914
048142 193
048150 257
048158 474
048166 157
048174 487
048182 757
048190 672
048198 417
048206 548
048214 374
048222 218
048230 480
048238 116
048246 527
048254 633
048262 840
048270 919
048278 528
048286 547
048294 905
048302 487
048310 604
048318 578
048326 227
048334 341
048342 150
048350 77
048358 737
048366 112
048374 4
048382 113
047879 558
047887 853
047895 98
047903 755
047911 257
047919 834
047927 139
047935 585
047943 827
047951 830
047959 346
047967 334
047975 434
047983 385
047991 374
047999 462
048007 373
048015 819
048023 289
048031 962
048039 583
048047 746
048055 183
048063 328
048071 886
048079 106
048087 51
048095 91
048103 12
048111 842
048119 545
048127 340
048900 183
048908 659
048916 709
048924 692
048932 512
048940 771
048948 119
048956 335
048964 209
048972 919
048980 457
048988 849
048996 581
049004 557
049012 743
049020 177
049028 379
049036 920
049044 796
049052 278
049060 293
049068 799
049076 219
049084 539
049092 251
049100 756
049108 805
049116 864
049124 580
049132 741
049140 484
049148 268
047617 389
047625 647
047633 754
047641 53
047649 255
047657 25
047665 845
047673 715
047681 802
047689 808
047697 875
047705 211
047713 672
047721 446
047729 228
047737 374
047745 556
047753 937
047761 424
047769 564
047777 963
047785 15
047793 425
047801 8
047809 322
047817 847
047825 486
047833 399
047841 755
047849 954
047857 206
047865 727
047619 161
047627 451
047635 955
047643 491
047651 441
047659 8
047667 566
047675 359
047683 146
047691 90
047699 407
047707 612
047715 211
047723 972
047731 512
047739 669
047747 609
047755 461
047763 504
047771 642
047779 649
047787 612
047795 580
047803 66
047811 710
047819 213
047827 98
047835 566
047843 334
047851 479
047859 56
047867 780
047362 133
047370 214
047378 238
047386 246
047394 94
047402 141
047410 445
047418 664
047426 563
047434 225
047442 631
047450 879
047458 770
047466 311
047474 738
047482 948
047490 317
047498 690
047506 810
047514 586
047522 190
047530 191
047538 385
047546 247
047554 307
047562 603
047570 259
047578 205
047586 950
047594 567
047602 370
047610 204
049157 748
049165 346
049173 432
049181 639
049189 542
049197 339
049205 646
049213 75
049221 624
049229 984
049237 5
049245 176
049253 386
049261 759
049269 747
049277 998
049285 210
049293 924
049301 253
049309 282
049317 816
049325 936
049333 414
049341 25
049349 889
049357 854
049365 980
049373 989
049381 323
049389 387
049397 805
049405 594
046848 529
046856 122
046864 386
046872 903
046880 296
046888 572
046896 456
046904 181
046912 456
046920 12
046928 815
046936 881
046944 651
046952 352
046960 331
046968 880
046976 990
046984 348
046992 949
047000 299
047008 187
047016 898
047024 47
047032 411
047040 602
047048 351
047056 780
047064 35
047072 301
047080 578
047088 385
047096 913
048390 709
048398 865
048406 54
048414 695
048422 877
048430 116
048438 566
048446 321
048454 519
048462 811
048470 663
048478 232
048486 650
048494 310
048502 634
048510 883
048518 366
048526 826
048534 945
048542 299
048550 721
048558 73
048566 642
048574 535
048582 317
048590 470
048598 224
048606 441
048614 480
048622 882
048630 824
048638 286
048135 48
048143 186
048151 337
048159 941
048167 201
048175 112
048183 455
048191 405
048199 413
048207 862
048215 128
048223 282
048231 847
048239 799
048247 793
048255 569
048263 278
048271 58
048279 655
048287 984
048295 235
048303 914
048311 926
048319 526
048327 919
048335 335
048343 549
048351 256
048359 154
048367 97
048375 190
048383 473
049156 304
049164 564
049172 669
049180 268
049188 717
049196 961
049204 240
049212 711
049220 512
049228 303
049236 780
049244 161
049252 381
049260 665
049268 426
049276 456
049284 256
049292 252
049300 514
049308 894
049316 187
049324 714
049332 562
049340 239
049348 559
049356 995
049364 444
049372 995
049380 311
049388 758
049396 942
049404 164
047873 435
047881 15
047889 177
047897 189
047905 675
047913 209
047921 311
047929 111
047937 999
047945 870
047953 556
047961 538
047969 914
047977 368
047985 25
047993 531
048001 542
048009 29
048017 767
048025 925
048033 984
048041 678
048049 201
048057 906
048065 736
048073 715
048081 177
048089 598
048097 924
048105 899
048113 142
048121 803
047875 768
047883 827
047891 941
047899 422
047907 914
047915 899
047923 832
047931 97
047939 662
047947 742
047955 795
047963 327
047971 968
047979 913
047987 408
047995 751
048003 79
048011 554
048019 379
048027 627
048035 196
048043 47
048051 420
048059 594
048067 886
048075 394
048083 690
048091 234
048099 870
048107 641
048115 405
048123 890
047618 865
047626 715
047634 838
047642 712
047650 666
047658 962
047666 803
047674 444
047682 291
047690 832
047698 522
047706 973
047714 851
047722 948
047730 305
047738 137
047746 252
047754 55
047762 9
047770 102
047778 586
047786 182
047794 911
047802 301
047810 871
047818 73
047826 420
047834 49
047842 388
047850 143
047858 742
047866 557
049413 719
049421 545
049429 540
049437 540
049445 360
049453 79
049461 451
049469 4
049477 442
049485 164
049493 562
049501 38
049509 570
049517 304
049525 920
049533 764
049541 203
049549 142
049557 929
049565 266
049573 427
049581 455
049589 489
049597 382
049605 501
049613 40
049621 274
049629 345
049637 803
049645 254
049653 299
049661 117
047104 106
047112 692
047120 62
047128 843
047136 3
047144 876
047152 853
047160 672
047168 573
047176 661
047184 682
047192 466
047200 400
047208 791
047216 478
047224 831
047232 265
047240 264
047248 202
047256 315
047264 611
047272 359
047280 473
047288 979
047296 396
047304 167
047312 134
047320 826
047328 190
047336 34
047344 565
047352 516
048646 604
048654 123
048662 881
048670 412
048678 196
048686 945
048694 140
048702 306
048710 905
048718 508
048726 554
048734 710
048742 705
048750 320
048758 454
048766 409
048774 423
048782 567
048790 438
048798 234
048806 164
048814 807
048822 300
048830 152
048838 336
048846 859
048854 416
048862 107
048870 794
048878 659
048886 486
048894 397
048391 137
048399 546
048407 736
048415 72
048423 92
048431 376
048439 437
048447 578
048455 23
048463 198
048471 781
048479 507
048487 9
048495 544
048503 881
048511 780
048519 525
048527 14
048535 737
048543 754
048551 683
048559 439
048567 604
048575 974
048583 846
048591 165
048599 613
048607 605
048615 161
048623 544
048631 457
048639 192
049412 296
049420 369
049428 667
049436 678
049444 839
049452 103
049460 856
049468 941
049476 365
049484 656
049492 524
049500 608
049508 343
049516 916
049524 762
049532 784
049540 636
049548 261
049556 710
049564 53
049572 35
049580 96
049588 774
049596 353
049604 895
049612 412
049620 828
049628 752
049636 361
049644 227
049652 841
049660 882
048129 363
048137 821
048145 659
048153 2
048161 802
048169 20
048177 937
048185 564
048193 993
048201 780
048209 684
048217 961
048225 677
048233 982
048241 359
048249 152
048257 263
048265 467
048273 419
048281 515
048289 691
048297 940
048305 621
048313 74
048321 831
048329 475
048337 701
048345 536
048353 214
048361 404
048369 125
048377 105
048131 762
048139 5
048147 997
048155 414
048163 696
048171 504
048179 122
048187 809
048195 90
048203 551
048211 173
048219 475
048227 251
048235 581
048243 742
048251 461
048259 382
048267 981
048275 657
048283 107
048291 608
048299 559
048307 756
048315 920
048323 497
048331 548
048339 57
048347 528
048355 747
048363 375
048371 106
048379 6
047874 218
047882 944
047890 18
047898 164
047906 775
047914 838
047922 67
047930 798
047938 836
047946 930
047954 932
047962 959
047970 138
047978 375
047986 852
047994 555
048002 581
048010 519
048018 726
048026 329
048034 212
048042 43
048050 498
048058 889
048066 571
048074 893
048082 382
048090 949
048098 423
048106 432
048114 689
048122 483
049669 822
049677 529
049685 319
049693 388
049701 311
049709 890
049717 309
049725 701
049733 577
049741 407
049749 150
049757 733
049765 709
049773 59
049781 823
049789 957
049797 457
049805 362
049813 55
049821 8
049829 438
049837 741
049845 762
049853 877
049861 998
049869 875
049877 624
049885 789
049893 75
049901 695
049909 381
049917 813
047360 196
047368 577
047376 169
047384 801
047392 144
047400 871
047408 639
047416 160
047424 437
047432 550
047440 632
047448 679
047456 54
047464 259
047472 124
047480 304
047488 639
047496 128
047504 862
047512 643
047520 490
047528 65
047536 597
047544 301
047552 579
047560 770
047568 337
047576 687
047584 933
047592 80
047600 213
047608 672
048902 46
048910 898
048918 257
048926 724
048934 245
048942 731
048950 105
048958 873
048966 149
048974 336
048982 27
048990 931
048998 334
049006 766
049014 376
049022 126
049030 628
049038 891
049046 829
049054 843
049062 451
049070 547
049078 122
049086 152
049094 436
049102 479
049110 736
049118 699
049126 441
049134 807
049142 46
049150 168
048647 300
048655 837
048663 102
048671 646
048679 568
048687 466
048695 478
048703 857
048711 982
048719 701
048727 898
048735 240
048743 694
048751 690
048759 597
048767 158
048775 78
048783 332
048791 306
048799 143
048807 930
048815 662
048823 658
048831 842
048839 241
048847 957
048855 150
048863 264
048871 124
048879 550
048887 724
048895 416
049668 519
049676 335
049684 968
049692 113
049700 527
049708 379
049716 688
049724 637
049732 32
049740 601
049748 379
049756 399
049764 810
049772 128
049780 624
049788 100
049796 598
049804 797
049812 750
049820 971
049828 591
049836 928
049844 739
049852 390
049860 921
049868 882
049876 51
049884 227
049892 124
049900 534
049908 898
049916 674
048385 261
048393 469
048401 490
048409 516
048417 581
048425 122
048433 243
048441 803
048449 251
048457 613
048465 730
048473 861
048481 692
048489 797
048497 825
048505 152
048513 406
048521 505
048529 149
048537 250
048545 529
048553 826
048561 691
048569 112
048577 969
048585 181
048593 397
048601 77
048609 720
048617 575
048625 774
048633 56
048387 13
048395 829
048403 423
048411 768
048419 902
048427 33
048435 627
048443 350
048451 682
048459 599
048467 942
048475 350
048483 487
048491 923
048499 898
048507 582
048515 717
048523 851
048531 226
048539 742
048547 256
048555 846
048563 363
048571 529
048579 689
048587 682
048595 739
048603 930
048611 655
048619 248
048627 870
048635 745
048130 525
048138 758
048146 745
048154 152
048162 606
048170 969
048178 385
048186 763
048194 786
048202 154
048210 300
048218 739
048226 503
048234 426
048242 319
048250 293
048258 439
048266 373
048274 66
048282 438
048290 79
048298 967
048306 188
048314 166
048322 573
048330 874
048338 683
048346 850
048354 848
048362 952
048370 78
048378 918
049925 195
049933 681
049941 152
049949 718
049957 694
049965 37
049973 762
049981 917
049989 436
049997 565
050005 433
050013 622
050021 302
050029 234
050037 967
050045 415
050053 192
050061 582
050069 415
050077 520
050085 246
050093 415
050101 61
050109 957
050117 838
050125 559
050133 17
050141 97
050149 803
050157 696
050165 108
050173 753
047616 605
047624 534
047632 667
047640 307
047648 430
047656 138
047664 758
047672 621
047680 885
047688 193
047696 535
047704 996
047712 93
047720 913
047728 170
047736 756
047744 215
047752 391
047760 212
047768 225
047776 965
047784 658
047792 602
047800 104
047808 199
047816 777
047824 907
047832 240
047840 988
047848 471
047856 668
047864 930
049924 847
049932 765
049940 368
049948 206
049956 219
049964 459
049972 267
049980 343
049988 100
049996 972
050004 514
050012 858
050020 97
050028 708
050036 945
050044 931
050052 86
050060 894
050068 944
050076 458
050084 955
050092 864
050100 496
050108 179
050116 314
050124 322
050132 833
050140 549
050148 519
050156 54
050164 865
050172 246
048903 6
048911 923
048919 24
048927 581
048935 136
048943 816
048951 601
048959 580
048967 625
048975 86
048983 820
048991 787
048999 199
049007 849
049015 546
049023 681
049031 317
049039 361
049047 574
049055 223
049063 629
049071 642
049079 698
049087 433
049095 17
049103 367
049111 538
049119 520
049127 117
049135 510
049143 82
049151 235
049158 131
049166 664
049174 726
049182 315
049190 648
049198 447
049206 276
049214 996
049222 839
049230 540
049238 826
049246 456
049254 450
049262 342
049270 723
049278 35
049286 198
049294 107
049302 921
049310 184
049318 580
049326 110
049334 90
049342 507
049350 49
049358 140
049366 922
049374 294
049382 812
049390 425
049398 637
049406 283
048641 291
048649 862
048657 299
048665 147
048673 896
048681 617
048689 377
048697 899
048705 537
048713 349
048721 244
048729 509
048737 155
048745 480
048753 331
048761 539
048769 883
048777 983
048785 209
048793 152
048801 672
048809 924
048817 8
048825 447
048833 246
048841 464
048849 205
048857 313
048865 258
048873 654
048881 104
048889 81
048643 572
048651 351
048659 312
048667 146
048675 215
048683 167
048691 706
048699 110
048707 345
048715 886
048723 227
048731 688
048739 477
048747 565
048755 21
048763 253
048771 380
048779 707
048787 182
048795 677
048803 499
048811 750
048819 254
048827 203
048835 836
048843 817
048851 695
048859 854
048867 730
048875 392
048883 159
048891 616
048386 414
048394 475
048402 536
048410 487
048418 862
048426 168
048434 589
048442 314
048450 150
048458 859
048466 691
048474 968
048482 371
048490 110
048498 285
048506 996
048514 378
048522 517
048530 793
048538 911
048546 477
048554 432
048562 131
048570 178
048578 873
048586 745
048594 4
048602 590
048610 911
048618 791
048626 238
048634 371
047872 725
047880 529
047888 203
047896 483
047904 143
047912 912
047920 780
047928 213
047936 237
047944 150
047952 869
047960 754
047968 847
047976 992
047984 374
047992 883
048000 21
048008 647
048016 649
048024 571
048032 521
048040 868
048048 456
048056 6
048064 333
048072 212
048080 736
048088 92
048096 72
048104 225
048112 986
048120 357
049159 846
049167 50
049175 390
049183 49
049191 816
049199 359
049207 1
049215 809
049223 275
049231 863
049239 171
049247 463
049255 223
049263 350
049271 799
049279 685
049287 723
049295 477
049303 850
049311 777
049319 445
049327 244
049335 408
049343 976
049351 967
049359 364
049367 553
049375 589
049383 564
049391 510
049399 792
049407 645
049414 694
049422 749
049430 449
049438 497
049446 221
049454 325
049462 584
049470 570
049478 250
049486 543
049494 268
049502 506
049510 183
049518 11
049526 991
049534 565
049542 62
049550 46
049558 984
049566 420
049574 549
049582 698
049590 741
049598 854
049606 613
049614 223
049622 326
049630 894
049638 190
049646 568
049654 172
049662 98
048897 951
048905 191
048913 788
048921 370
048929 223
048937 814
048945 214
048953 462
048961 136
048969 476
048977 231
048985 639
048993 951
049001 342
049009 973
049017 142
049025 965
049033 187
049041 642
049049 544
049057 511
049065 301
049073 523
049081 970
049089 864
049097 524
049105 570
049113 30
049121 947
049129 452
049137 987
049145 155
048642 360
048650 701
048658 76
048666 312
048674 4
048682 178
048690 347
048698 638
048706 250
048714 39
048722 482
048730 428
048738 309
048746 916
048754 582
048762 366
048770 193
048778 604
048786 854
048794 651
048802 566
048810 711
048818 412
048826 377
048834 698
048842 994
048850 574
048858 755
048866 534
048874 943
048882 201
048890 778
048899 856
048907 889
048915 496
048923 963
048931 415
048939 473
048947 608
048955 520
048963 358
048971 626
048979 207
048987 635
048995 563
049003 205
049011 743
049019 332
049027 781
049035 266
049043 838
049051 498
049059 878
049067 493
049075 700
049083 728
049091 93
049099 598
049107 509
049115 917
049123 770
049131 318
049139 578
049147 760
048128 174
048136 911
048144 773
048152 722
048160 165
048168 600
048176 510
048184 591
048192 906
048200 352
048208 759
048216 306
048224 318
048232 377
048240 116
048248 252
048256 668
048264 687
048272 979
048280 422
048288 759
048296 431
048304 908
048312 448
048320 204
048328 417
048336 394
048344 496
048352 854
048360 37
048368 436
048376 457
049415 402
049423 352
049431 796
049439 479
049447 495
049455 613
049463 328
049471 334
049479 550
049487 294
049495 687
049503 622
049511 108
049519 406
049527 569
049535 575
049543 365
049551 965
049559 256
049567 491
049575 63
049583 952
049591 609
049599 842
049607 651
049615 933
049623 737
049631 280
049639 207
049647 701
049655 433
049663 103
049670 687
049678 686
049686 158
049694 671
049702 218
049710 293
049718 245
049726 364
049734 730
049742 373
049750 668
049758 466
049766 908
049774 162
049782 761
049790 242
049798 526
049806 194
049814 254
049822 940
049830 995
049838 813
049846 215
049854 154
049862 267
049870 522
049878 598
049886 773
049894 235
049902 505
049910 405
049918 98
049153 56
049161 481
049169 274
049177 431
049185 994
049193 453
049201 759
049209 965
049217 25
049225 528
049233 895
049241 557
049249 984
049257 206
049265 922
049273 97
049281 609
049289 487
049297 926
049305 815
049313 133
049321 875
049329 912
049337 8
049345 224
049353 939
049361 244
049369 938
049377 589
049385 549
049393 523
049401 178
048898 921
048906 501
048914 213
048922 871
048930 848
048938 442
048946 739
048954 460
048962 193
048970 496
048978 489
048986 559
048994 737
049002 12
049010 132
049018 571
049026 985
049034 585
049042 298
049050 839
049058 135
049066 886
049074 873
049082 320
049090 749
049098 602
049106 402
049114 626
049122 895
049130 961
049138 713
049146 179
049155 174
049163 679
049171 265
049179 714
049187 277
049195 309
049203 926
049211 581
049219 261
049227 199
049235 48
049243 256
049251 568
049259 389
049267 369
049275 961
049283 904
049291 213
049299 670
049307 942
049315 212
049323 293
049331 516
049339 500
049347 573
049355 169
049363 83
049371 349
049379 303
049387 565
049395 150
049403 797
048384 10
048392 601
048400 334
048408 330
048416 112
048424 968
048432 368
048440 849
048448 670
048456 394
048464 834
048472 22
048480 11
048488 730
048496 125
048504 175
048512 688
048520 5
048528 874
048536 390
048544 285
048552 214
048560 300
048568 307
048576 187
048584 987
048592 146
048600 828
048608 77
048616 688
048624 65
048632 483
049671 663
049679 42
049687 859
049695 627
049703 952
049711 36
049719 727
049727 295
049735 680
049743 987
049751 15
049759 510
049767 857
049775 992
049783 990
049791 867
049799 829
049807 572
049815 247
049823 457
049831 442
049839 865
049847 346
049855 928
049863 612
049871 340
049879 30
049887 84
049895 954
049903 472
049911 608
049919 815
049926 441
049934 189
049942 140
049950 388
049958 438
049966 690
049974 683
049982 394
049990 185
049998 145
050006 243
050014 951
050022 76
050030 233
050038 327
050046 573
050054 378
050062 989
050070 562
050078 546
050086 316
050094 352
050102 847
050110 8
050118 794
050126 730
050134 788
050142 244
050150 167
050158 978
050166 447
050174 646
049409 271
049417 967
049425 566
049433 317
049441 931
049449 728
049457 209
049465 225
049473 553
049481 453
049489 804
049497 299
049505 583
049513 262
049521 920
049529 528
049537 948
049545 224
049553 636
049561 525
049569 91
049577 383
049585 600
049593 17
049601 882
049609 161
049617 21
049625 873
049633 972
049641 765
049649 178
049657 440
049154 568
049162 531
049170 501
049178 302
049186 377
049194 204
049202 149
049210 219
049218 967
049226 310
049234 124
049242 342
049250 867
049258 429
049266 648
049274 375
049282 71
049290 519
049298 428
049306 20
049314 904
049322 716
049330 841
049338 661
049346 82
049354 654
049362 9
049370 844
049378 718
049386 997
049394 809
049402 206
049411 678
049419 53
049427 473
049435 914
049443 583
049451 973
049459 261
049467 909
049475 743
049483 242
049491 718
049499 464
049507 608
049515 799
049523 139
049531 508
049539 641
049547 522
049555 195
049563 202
049571 563
049579 959
049587 339
049595 145
049603 205
049611 12
049619 259
049627 605
049635 990
049643 204
049651 718
049659 915
048640 740
048648 81
048656 401
048664 515
048672 77
048680 968
048688 787
048696 911
048704 316
048712 587
048720 544
048728 478
048736 750
048744 745
048752 361
048760 332
048768 199
048776 779
048784 340
048792 84
048800 100
048808 357
048816 389
048824 905
048832 43
048840 174
048848 842
048856 717
048864 233
048872 726
048880 914
048888 199
049927 612
049935 195
049943 503
049951 909
049959 117
049967 647
049975 458
049983 742
049991 505
049999 669
050007 622
050015 5
050023 187
050031 183
050039 777
050047 612
050055 971
050063 825
050071 49
050079 756
050087 232
050095 765
050103 558
050111 374
050119 246
050127 164
050135 383
050143 383
050151 698
050159 226
050167 718
050175 69
049665 895
049673 742
049681 154
049689 215
049697 891
049705 122
049713 778
049721 382
049729 405
049737 78
049745 274
049753 488
049761 309
049769 937
049777 154
049785 119
049793 389
049801 239
049809 389
049817 228
049825 153
049833 573
049841 851
049849 253
049857 54
049865 132
049873 994
049881 365
049889 494
049897 659
049905 128
049913 163
049410 929
049418 877
049426 299
049434 779
049442 645
049450 300
049458 150
049466 54
049474 196
049482 958
049490 881
049498 63
049506 990
049514 378
049522 60
049530 449
049538 296
049546 846
049554 933
049562 101
049570 942
049578 477
049586 261
049594 140
049602 142
049610 133
049618 602
049626 483
049634 571
049642 761
049650 253
049658 794
049667 889
049675 253
049683 449
049691 732
049699 737
049707 970
049715 101
049723 63
049731 535
049739 809
049747 722
049755 888
049763 754
049771 300
049779 972
049787 781
049795 494
049803 166
049811 945
049819 736
049827 730
049835 826
049843 278
049851 834
049859 183
049867 508
049875 805
049883 468
049891 525
049899 421
049907 374
049915 986
048896 947
048904 646
048912 562
048920 541
048928 688
048936 964
048944 736
048952 309
048960 101
048968 34
048976 562
048984 885
048992 776
049000 538
049008 881
049016 298
049024 776
049032 323
049040 300
049048 736
049056 427
049064 797
049072 624
049080 416
049088 975
049096 165
049104 976
049112 749
049120 841
049128 359
049136 361
049144 722
049921 759
049929 310
049937 58
049945 883
049953 531
049961 190
049969 77
049977 344
049985 761
049993 754
050001 701
050009 101
050017 799
050025 89
050033 924
050041 678
050049 354
050057 378
050065 637
050073 456
050081 422
050089 177
050097 831
050105 12
050113 431
050121 708
050129 139
050137 203
050145 346
050153 132
050161 941
050169 209
049666 521
049674 941
049682 882
049690 250
049698 580
049706 32
049714 661
049722 80
049730 645
049738 615
049746 496
049754 907
049762 738
049770 101
049778 487
049786 904
049794 339
049802 619
049810 885
049818 467
049826 667
049834 105
049842 728
049850 944
049858 461
049866 77
049874 158
049882 687
049890 42
049898 840
049906 899
049914 670
049923 828
049931 104
049939 45
049947 13
049955 610
049963 610
049971 799
049979 574
049987 523
049995 678
050003 231
050011 94
050019 725
050027 318
050035 766
050043 768
050051 346
050059 844
050067 491
050075 11
050083 224
050091 394
050099 840
050107 126
050115 221
050123 528
050131 573
050139 679
050147 577
050155 971
050163 855
050171 387
049152 556
049160 201
049168 179
049176 755
049184 742
049192 693
049200 135
049208 886
049216 694
049224 907
049232 375
049240 647
049248 965
049256 406
049264 576
049272 435
049280 242
049288 641
049296 476
049304 587
049312 356
049320 942
049328 765
049336 807
049344 542
049352 905
049360 616
049368 967
049376 362
049384 503
049392 619
049400 951
049922 824
049930 955
049938 943
049946 684
049954 971
049962 527
049970 666
049978 452
049986 49
049994 77
050002 397
050010 505
050018 370
050026 815
050034 832
050042 996
050050 300
050058 510
050066 146
050074 677
050082 236
050090 737
050098 165
050106 439
050114 481
050122 972
050130 658
050138 799
050146 412
050154 705
050162 649
050170 738
049408 505
049416 400
049424 488
049432 993
049440 930
049448 107
049456 908
049464 707
049472 934
049480 734
049488 590
049496 126
049504 313
049512 27
049520 595
049528 87
049536 742
049544 586
049552 531
049560 699
049568 690
049576 360
049584 701
049592 230
049600 953
049608 364
049616 268
049624 459
049632 960
049640 35
049648 532
049656 802
049664 24
049672 890
049680 924
049688 572
049696 46
049704 128
049712 269
049720 294
049728 20
049736 547
049744 542
049752 49
049760 811
049768 574
049776 225
049784 238
049792 55
049800 758
049808 926
049816 936
049824 908
049832 849
049840 490
049848 310
049856 587
049864 489
049872 545
049880 77
049888 594
049896 981
049904 720
049912 361
049920 76
049928 390
049936 293
049944 879
049952 430
049960 498
049968 826
049976 861
049984 986
049992 584
050000 402
050008 169
050016 62
050024 559
050032 60
050040 256
050048 356
050056 319
050064 936
050072 172
050080 930
050088 915
050096 662
050104 127
050112 609
050120 386
050128 285
050136 93
050144 738
050152 519
050160 921
050168 863
